nome_municipio,setor_cnae,nome_profissao,total_trabalhadores_nao_clt,salario_medio
Itu,,Professor Da  Educação De Jovens E Adultos Do Ensino Fundamental (Primeira A Quarta Série),1283,4531.36
Araçatuba,,Professor Da  Educação De Jovens E Adultos Do Ensino Fundamental (Primeira A Quarta Série),910,4004.42
Americana,,Alimentador De Linha De Produção,867,1629.64
Itapetininga,,Auxiliar De Desenvolvimento Infantil,757,1268.3
Itapetininga,,Faxineiro,532,1428.03
Itupeva,,Dirigente Do Serviço Público Municipal,522,5734
Itapetininga,,Auxiliar De Escritório,512,1302.54
Itapeva,,Auxiliar De Escritório,502,1330.32
Itu,,Recreador,412,1235.26
Itu,,Assistente Administrativo,409,3230.74
Itu,,Faxineiro,373,1773.06
Araçatuba,,Auxiliar De Escritório,365,2413.64
Araçatuba,,Trabalhador Da Manutenção De Edificações,353,2112.86
Americana,,Auxiliar De Escritório,350,1051.33
Porto Feliz,,Babá,325,1897.43
Itapetininga,,Professor De Nível Superior Do Ensino Fundamental (Primeira A Quarta Série),316,5483.89
Itu,,Auxiliar De Escritório,315,1520.2
Ibiúna,,Trabalhador De Serviços De Limpeza E Conservação De Áreas Públicas,307,1734.45
Araçatuba,,Assistente Administrativo,284,2221.95
Itapeva,,Auxiliar De Desenvolvimento Infantil,280,3811.37
Ibiúna,,Professor Da  Educação De Jovens E Adultos Do Ensino Fundamental (Primeira A Quarta Série),271,3754.25
Americana,,Assistente Administrativo,257,3422.11
Araçariguama,,Faxineiro,256,1210.87
Itapeva,,Professor De Nível Médio No Ensino Fundamental,250,3694.86
Itu,,Guarda-Civil Municipal,246,4028.68
Cerquilho,,Professor De Nível Superior Do Ensino Fundamental (Primeira A Quarta Série),244,3311.32
Boituva,,Auxiliar De Desenvolvimento Infantil,223,1629.99
Itapeva,,Trabalhador Da Manutenção De Edificações,223,1579.46
Itupeva,,Trabalhador De Serviços De Limpeza E Conservação De Áreas Públicas,222,3000.17
Itupeva,,Auxiliar De Escritório,220,1732.38
Itapetininga,,Professor De Nível Superior Na Educação Infantil (Quatro A Seis Anos),219,3522.37
Boituva,,Professor Da  Educação De Jovens E Adultos Do Ensino Fundamental (Primeira A Quarta Série),218,4473.64
Itupeva,,Auxiliar De Desenvolvimento Infantil,209,3252.24
Itapeva,,Faxineiro,205,1281.11
Araçatuba,,Guarda-Civil Municipal,205,2985.62
Porto Feliz,,Trabalhador De Serviços De Limpeza E Conservação De Áreas Públicas,198,2093.84
Boituva,,Faxineiro,198,1923.61
Itapetininga,,Alimentador De Linha De Produção,194,1185.06
Cerquilho,,Auxiliar De Escritório,193,1633.68
Porto Feliz,,Professor De Nível Médio Na Educação Infantil,192,4677.05
Itupeva,,Alimentador De Linha De Produção,191,1477.43
Porto Feliz,,Auxiliar De Escritório,187,2323.15
Itapeva,,Cozinheiro Geral,185,1249.16
Americana,,Supervisor Administrativo,180,5368.09
Itu,,Alimentador De Linha De Produção,175,1580.49
Itupeva,,Professor Da  Educação De Jovens E Adultos Do Ensino Fundamental (Primeira A Quarta Série),174,5114.68
Americana,,Faxineiro,167,1559.52
Americana,,Técnico De Enfermagem,162,3304.42
Itu,,Técnico De Enfermagem,162,2714.49
Cerquilho,,Professor De Nível Superior Na Educação Infantil (Zero A Três Anos),161,3425.91
Piedade,,Trabalhador De Serviços De Limpeza E Conservação De Áreas Públicas,158,1319.52
Piedade,,Professor De Nível Médio No Ensino Fundamental,156,3357.63
Araçoiaba da Serra,,Trabalhador De Serviços De Limpeza E Conservação De Áreas Públicas,155,1586.8
Ibiúna,,Professor De Nível Superior Na Educação Infantil (Quatro A Seis Anos),148,3622.95
Itapeva,,Técnico De Enfermagem,145,2166.25
Araçatuba,,Motorista De Carro De Passeio,144,3111.13
Pindamonhangaba,,Auxiliar De Escritório,141,1154.18
Piedade,,Babá,139,1316.47
Porto Feliz,,Professor De Nível Superior Do Ensino Fundamental (Primeira A Quarta Série),137,4335.56
Araçariguama,,Professor De Nível Médio No Ensino Fundamental,137,3622.56
Boituva,,Auxiliar De Escritório,135,2260.37
Itapeva,,Professor Da  Educação De Jovens E Adultos Do Ensino Fundamental (Primeira A Quarta Série),133,3764.4
Itu,,Inspetor De Alunos De Escola Pública,131,1522.11
Ibiúna,,Auxiliar De Escritório,129,2143.74
Araçariguama,,Professor De Nível Médio Na Educação Infantil,127,3450.14
Americana,,Professor De Nível Médio Na Educação Infantil,123,3415.91
Americana,,Servente De Obras,121,2088.43
Araçatuba,,Inspetor De Alunos De Escola Pública,121,1526.57
Porto Feliz,,Professor Da  Educação De Jovens E Adultos Do Ensino Fundamental (Primeira A Quarta Série),119,4468.45
Araçoiaba da Serra,,Auxiliar De Desenvolvimento Infantil,119,1853.07
Americana,,Vendedor De Comércio Varejista,115,1470.25
Charqueada,,Professor De Nível Médio No Ensino Fundamental,114,3090.78
Araçatuba,,Dirigente Do Serviço Público Municipal,113,7301.58
Ibiúna,,Auxiliar De Desenvolvimento Infantil,113,2528.49
Itapetininga,,Motorista De Carro De Passeio,113,1998.47
Araçoiaba da Serra,,Professor De Nível Médio No Ensino Fundamental,111,3234.01
Araçatuba,,"Recepcionista, Em Geral",111,2127.47
Itapetininga,,Professor De Nível Médio No Ensino Fundamental,111,4428.02
Boituva,,Dirigente Do Serviço Público Municipal,110,5018.85
Piedade,,Supervisor Administrativo,110,2617.23
Itapeva,,Inspetor De Alunos De Escola Pública,109,1329.65
Itu,,Médico Veterinário,109,8327.95
Araçatuba,,Recreador,108,1930.57
Araçatuba,,Técnico De Enfermagem,108,2712.33
Itapetininga,,Agente Comunitário De Saúde,106,1934.93
Itapeva,,Agente Comunitário De Saúde,106,2061.37
Araçatuba,,Auxiliar De Enfermagem,105,2305.93
Boituva,,Professor De Nível Superior Na Educação Infantil (Quatro A Seis Anos),104,4090.8
Cabreúva,,Alimentador De Linha De Produção,103,1717.5
Itupeva,,Motorista De Caminhão (Rotas Regionais E Internacionais),102,1767.93
Macatuba,,Professor De Nível Médio No Ensino Fundamental,100,4086.37
Ibiúna,,Guarda-Civil Municipal,99,4544.78
Araçatuba,,Alimentador De Linha De Produção,97,1042.43
Itapetininga,,Auxiliar Nos Serviços De Alimentação,95,1385.6
Itapetininga,,Vigilante,94,1895.99
Cabreúva,,Auxiliar De Escritório,94,2318.45
Araçariguama,,Supervisor Administrativo,93,1717.7
Itu,,Agente De Saúde Pública,93,3014.54
Itu,,Motorista De Carro De Passeio,93,2823.5
Araçatuba,,Vendedor De Comércio Varejista,89,1163.8
Itapetininga,,Repositor De Mercadorias,89,817.78
Boituva,,Alimentador De Linha De Produção,88,1104.6
Americana,,"Tecelão De Malhas, A  Máquina",87,1174.75
Itapeva,,Guarda-Civil Municipal,87,4074.44
Cerquilho,,Auxiliar Geral De Conservação De Vias Permanentes (Exceto Trilhos),87,1989.73
Ibiúna,,Atendente De Enfermagem,87,2222.11
Pindamonhangaba,,Vendedor De Comércio Varejista,85,1485.65
Itapetininga,,Assistente Administrativo,84,3029.1
Ibiúna,,Supervisor Administrativo,83,2809.95
Americana,,"Mecânico De Manutenção De Máquinas, Em Geral",82,1351.16
Itapetininga,,Dirigente Do Serviço Público Municipal,82,4049.86
Piedade,,Professor De Nível Médio Na Educação Infantil,81,3138.15
Itupeva,,Cozinheiro Geral,80,2935.76
Americana,,Trabalhador Volante Da Agricultura,80,2013.72
Porto Feliz,,Cozinheiro Geral,79,1504.77
Americana,,Atendente De Lojas E Mercados,78,1195.07
Itupeva,,Operador De Caixa,78,1138.06
Araçoiaba da Serra,,Assistente Administrativo,78,2841.26
Itapeva,,Motorista De Caminhão (Rotas Regionais E Internacionais),77,2218.25
Americana,,Cozinheiro Geral,77,2069.97
Ibiúna,,Assistente Administrativo,77,9514.22
Americana,,"Embalador, A Mão",77,990.32
Itupeva,,Vendedor De Comércio Varejista,76,2228.89
Pindamonhangaba,,Alimentador De Linha De Produção,74,1432.14
Araçoiaba da Serra,,Professor De Nível Médio Na Educação Infantil,73,2957.81
Porto Feliz,,Guarda-Civil Municipal,73,5163.33
Araçatuba,,Enfermeiro,72,4402.24
Araçatuba,,Magarefe,72,746.77
Americana,,Operador De Caixa,72,1433.41
Pindamonhangaba,,Apontador De Produção,72,1348.36
Araçatuba,,Faxineiro,70,2354.77
Macatuba,,Trabalhador De Serviços De Limpeza E Conservação De Áreas Públicas,70,1723.84
Itu,,Enfermeiro,70,5341.23
Boituva,,Guarda-Civil Municipal,70,6265.15
Itupeva,,Professor De Nível Médio Na Educação Infantil,70,5348.3
Americana,,Auxiliar De Logistica,69,1664
Itapetininga,,Técnico De Enfermagem,69,1804.96
Americana,,Guarda-Civil Municipal,69,7484.69
Itapeva,,Babá,68,1712.58
Ibiúna,,Motorista De Caminhão (Rotas Regionais E Internacionais),67,2984.65
Itapetininga,,Coletor De Lixo Domiciliar,67,1730.44
Itapeva,,Vigia,66,2583.51
Araçatuba,,Estivador,66,1145.77
Itapetininga,,Enfermeiro,65,3413.42
Itu,,Operador De Empilhadeira,65,2055.42
Itapetininga,,Vendedor De Comércio Varejista,65,1762.97
Americana,,Assistente De Vendas,65,1270.65
Araçatuba,,Gerente De Instituição Educacional Da Área Privada,64,6266.59
Americana,,Almoxarife,64,1478.45
Itu,,Motorista De Caminhão (Rotas Regionais E Internacionais),64,2049.38
Araçatuba,,Motorista De Caminhão (Rotas Regionais E Internacionais),63,2607.8
Araçatuba,,Cobrador Interno,62,910.72
Araçariguama,,Auxiliar De Escritório,61,1603.85
Piedade,,Operador De Linha De Montagem (Aparelhos Eletrônicos),61,1906.6
Itu,,Pedreiro,60,3112.73
Itu,,Assistente Social,59,4419.51
Itapeva,,Coordenador Pedagógico,59,5832.82
Itapetininga,,Técnico De Enfermagem Da Estratégia De Saúde Da Família,59,1771.08
Itu,,Babá,59,2043.16
Macatuba,,Auxiliar De Escritório,58,1102.06
Itupeva,,Assistente Administrativo,57,1344.63
Itu,,Almoxarife,57,1929.05
Americana,,Motorista De Caminhão (Rotas Regionais E Internacionais),57,3060.57
Itapetininga,,Diretor De Instituição Educacional Pública,56,5683.27
Araçoiaba da Serra,,Motorista De Ônibus Urbano,56,2244.11
Itu,,Cozinheiro Geral,55,1425.94
Itu,,Repositor De Mercadorias,55,1064.43
Itapetininga,,Guarda-Civil Municipal,55,2177.07
Itapetininga,,Trabalhador Agropecuário Em Geral,54,1190.7
Araçatuba,,Repositor De Mercadorias,54,1121
Itapeva,,Enfermeiro,53,6379.75
Boituva,,Professor De Ciências Exatas E Naturais Do Ensino Fundamental,53,3607.76
Itu,,Vendedor De Comércio Varejista,53,1616.52
Itupeva,,Guarda-Civil Municipal,53,8719.08
Boituva,,"Recepcionista, Em Geral",53,2840.64
Cerquilho,,Guarda-Civil Municipal,52,3829.24
Itapetininga,,Fiscal De Tributos Municipal,52,1943
Araçatuba,,Assistente Social,52,3524.05
Americana,,Diretor Administrativo,52,7196.4
Piedade,,Auxiliar De Escritório,52,1229.44
Americana,,Soldador,51,2000.6
Cerquilho,,Motorista De Furgão Ou Veículo Similar,51,3096.08
Americana,,Estoquista,51,1095.82
Porto Feliz,,Atleta Profissional De Futebol,51,1928.95
Araçatuba,,Professor De Ensino Superior Na Área De Pesquisa Educacional,51,23855.67
Americana,,Repositor De Mercadorias,50,851.64
Itapeva,,Professor De Língua Portuguesa Do Ensino Fundamental,50,3152.51
Araçariguama,,Assistente Administrativo,49,2375.42
Macatuba,,Assistente Administrativo,49,3518.32
Araçatuba,,Operador De Caixa,49,1305.1
Porto Feliz,,Motorista De Carro De Passeio,49,4046.65
Itu,,Médico Clínico,49,10282.61
Boituva,,Abatedor,49,1345.09
Itu,,Técnico Químico,49,2323.05
Araçariguama,,Alimentador De Linha De Produção,48,1757.02
Boituva,,Inspetor De Alunos De Escola Pública,48,2129.39
Araçatuba,,Agente De Combate Às Endemias,48,2015.72
Araçoiaba da Serra,,Auxiliar De Enfermagem,47,2295.99
Itu,,Auxiliar De Logistica,47,1219.7
Cerquilho,,Vendedor De Comércio Varejista,46,1280.47
Americana,,Enfermeiro,46,4972.38
Pindamonhangaba,,Assistente Administrativo,46,1188.4
Cerquilho,,Servente De Obras,46,1768.84
Itu,,Carregador (Armazém),46,1388.94
Macatuba,,Motorista De Carro De Passeio,46,2755.22
Boituva,,Vendedor De Comércio Varejista,45,1358.53
Itapeva,,Professor De Matemática Do Ensino Fundamental,45,3587.33
Itu,,"Montador De Máquinas, Motores E Acessórios (Montagem Em Série)",45,1813.32
Piedade,,Professor De Nível Superior Do Ensino Fundamental (Primeira A Quarta Série),45,2495.08
Pindamonhangaba,,Repositor De Mercadorias,45,906.27
Itu,,Auxiliar De Enfermagem,45,3183.9
Ibiúna,,"Recepcionista, Em Geral",44,2427.61
Boituva,,Motorista De Carro De Passeio,44,3055.02
Itupeva,,Prensista (Operador De Prensa),44,0
Ibiúna,,Cozinheiro Geral,43,1889.29
Charqueada,,Motorista De Furgão Ou Veículo Similar,43,2134.12
Itu,,Atleta Profissional De Futebol,43,3971.09
Dourado,,Auxiliar De Escritório,43,1021.53
Cerquilho,,Cozinheiro Geral,43,1644.5
Itapeva,,Varredor De Rua,43,1638.76
Americana,,Operador De Conicaleira,43,1441.73
Itapetininga,,Médico Clínico,43,9007.85
Itapetininga,,Professor De Educação Física Do Ensino Fundamental,43,4498.52
Itu,,Fiscal De Tributos Municipal,43,5592.03
Boituva,,Auxiliar De Enfermagem,43,3216.36
Araçoiaba da Serra,,Guarda-Civil Municipal,42,3222.83
Americana,,Moldador De Plástico Por Injeção,42,1507.27
Porto Feliz,,Assistente Administrativo,41,2466.39
Araçatuba,,Psicólogo Do Esporte,41,3706.65
Itapetininga,,Auxiliar De Enfermagem,41,1945.59
Cerquilho,,Professor De Nível Superior Na Educação Infantil (Quatro A Seis Anos),41,2411.6
Ibiúna,,Cobrador Interno,41,1053.5
Ibiúna,,Agente Comunitário De Saúde,40,1816.2
Itapeva,,Diretor De Instituição Educacional Pública,40,6937.28
Araçariguama,,Servente De Obras,40,1495.06
Itapeva,,Professor De Educação Física Do Ensino Fundamental,40,3467.36
Itapetininga,,Agente De Saúde Pública,40,2166.2
Boituva,,Professor De Língua Portuguesa Do Ensino Fundamental,39,4987.48
Araçatuba,,Armazenista,39,1919.87
Cerquilho,,Agente Comunitário De Saúde,39,1905.27
Boituva,,Motorista De Caminhão (Rotas Regionais E Internacionais),39,2417.76
Itapeva,,Assistente Administrativo,39,2628.95
Itapetininga,,Trabalhador Volante Da Agricultura,38,1236.88
Americana,,Ajustador De Instrumentos De Precisão,38,546.42
Araçatuba,,Parteira Leiga,38,1911.95
Itapetininga,,Eletrotécnico,38,1054.15
Itupeva,,Diretor Administrativo,38,8038.66
Itu,,Cirurgião Dentista - Clínico Geral,38,7371.65
Ibiúna,,Vigilante,37,1940.18
Araçatuba,,Cirurgião Dentista - Clínico Geral,37,10344.58
Itapetininga,,Psicólogo Social,37,3155.54
Charqueada,,Auxiliar De Escritório,37,1555.29
Itu,,Auxiliar Em Saúde Bucal,37,2682.86
Itapeva,,Dirigente Do Serviço Público Estadual E Distrital,37,4801.63
Araçatuba,,Agente Comunitário De Saúde,37,2121.89
Araçariguama,,Técnico De Enfermagem,36,1925.63
Itu,,Operador De Torno Com Comando Numérico,36,2436.47
Boituva,,Agente De Segurança,36,3291.27
Americana,,Auxiliar Nos Serviços De Alimentação,36,1182.34
Itapeva,,Dirigente Do Serviço Público Municipal,36,5900.66
Araçoiaba da Serra,,Enfermeiro,36,3646.19
Americana,,Operador De Linha De Montagem (Aparelhos Eletrônicos),36,1643.53
Americana,,Eletricista De Instalações,36,2975.29
Itu,,Dirigente Do Serviço Público Municipal,36,5222.5
Araçatuba,,"Embalador, A Mão",36,652.97
Piedade,,Auxiliar De Enfermagem,36,2269.41
Charqueada,,Faxineiro,35,1197.19
Americana,,Professor Da  Educação De Jovens E Adultos Do Ensino Fundamental (Primeira A Quarta Série),35,3322.37
Ibiúna,,Professor De Nível Superior Do Ensino Fundamental (Primeira A Quarta Série),35,2742.06
Americana,,"Recepcionista, Em Geral",35,1797.77
Itapeva,,Coletor De Lixo Domiciliar,35,1799.6
Pindamonhangaba,,Operador De Caixa,34,1528.39
Boituva,,Professor De Educação Física Do Ensino Fundamental,34,4779.72
Boituva,,Varredor De Rua,34,2754.38
Itu,,"Recepcionista, Em Geral",34,1969.91
Americana,,Instalador De Tubulações,34,3536.38
Araçatuba,,Agente De Saúde Pública,34,7757.31
Americana,,Operador De Estação De Tratamento De Água E Efluentes,34,5922.33
Itu,,Operador De Caixa,34,1287.63
Itupeva,,Recreador,33,1068.07
Itu,,Telefonista,33,2415.28
Boituva,,Professor De Nível Superior Na Educação Infantil (Zero A Três Anos),33,3529.02
Charqueada,,Servente De Obras,33,1541.91
Porto Feliz,,Supervisor Administrativo,33,4745.94
Itapeva,,Trabalhador No Cultivo De Árvores Frutíferas,33,1110.15
Itu,,Vigia,33,2835.1
Americana,,Eletricista De Manutenção Eletroeletrônica,33,900.47
Porto Feliz,,Inspetor De Alunos De Escola Pública,32,1713.35
Boituva,,Servente De Obras,32,2082.58
Itapetininga,,Professor De Nível Médio Na Educação Infantil,32,3755.66
Piedade,,Vigia,32,2981.48
Pindamonhangaba,,Atendente De Lojas E Mercados,32,1376.74
Araçariguama,,Carregador (Armazém),32,359.06
Itu,,Carregador (Veículos De Transportes Terrestres),32,1434.14
Americana,,"Operador De Máquinas Fixas, Em Geral",32,1969.83
Itapetininga,,Assistente Social,31,3382.8
Itupeva,,Inspetor De Alunos De Escola Pública,31,2795.55
Araçatuba,,Servente De Obras,31,1771.42
Itupeva,,Supervisor Administrativo,31,7794.66
Itupeva,,Bombeiro Civil,31,3810.28
Porto Feliz,,Diretor De Instituição Educacional Pública,31,4794.47
Itu,,Ajudante De Motorista,31,1521.18
Itu,,Psicólogo Clínico,30,3796.53
Americana,,Assistente Social,30,4720.08
Itapeva,,Assistente Social,30,3591.02
Americana,,Inspetor De Alunos De Escola Pública,30,1973.48
Itapetininga,,Agente De Ação Social,30,1394.8
Piedade,,Agente Comunitário De Saúde,30,1984.42
Itu,,"Mecânico De Manutenção De Máquinas, Em Geral",30,1210.64
Itapeva,,Professor De Educação Artística Do Ensino Fundamental,30,3027.19
Porto Feliz,,Educador Social,30,1657.49
Itupeva,,Investigador De Polícia,30,486.09
Itapeva,,Auxiliar De Biblioteca,29,1616.82
Boituva,,Professor De Matemática Do Ensino Fundamental,29,4904.44
Americana,,Inspetor De Qualidade,29,2092.01
Macatuba,,Professor De Nível Superior Na Educação Infantil (Quatro A Seis Anos),29,3487.42
Boituva,,Coordenador Pedagógico,29,5786.04
Araçoiaba da Serra,,Inspetor De Alunos De Escola Pública,29,1837.55
Porto Feliz,,Alimentador De Linha De Produção,29,1476.91
Itapeva,,Vendedor De Comércio Varejista,29,3395.56
Cerquilho,,"Recepcionista, Em Geral",28,1490.77
Americana,,Vigia,28,2370.22
Itapeva,,Cirurgião Dentista - Clínico Geral,28,6017.88
Itapeva,,Educador Social,28,1801.67
Itapeva,,Trabalhador Agropecuário Em Geral,28,1436.67
Americana,,Operador Polivalente Da Indústria Têxtil,28,1662.32
Ibiúna,,Enfermeiro,28,4248.74
Boituva,,Professor De Educação Artística Do Ensino Fundamental,28,4452.74
Itapetininga,,Recepcionista De Consultório Médico Ou Dentário,28,1450.33
Americana,,Dirigente Do Serviço Público Municipal,28,10787.61
Itu,,Assessor De Imprensa,28,3049.04
Cabreúva,,"Mecânico De Manutenção De Máquinas, Em Geral",28,1196.88
Araçatuba,,"Operador De Máquinas De Fabricação De Doces, Salgados E Massas Alimentícias",28,2309.72
Ibiúna,,Diretor De Instituição Educacional Pública,28,6147.14
Itupeva,,"Mecânico De Manutenção De Máquinas, Em Geral",28,1127.41
Macatuba,,Ajudante De Confecção,28,795.58
Araçatuba,,Operador De Telemarketing Ativo E Receptivo,28,897.74
Araçoiaba da Serra,,Alimentador De Linha De Produção,28,1735.23
Americana,,Técnico De Planejamento De Produção,28,1401.54
Itapetininga,,Atendente De Lojas E Mercados,27,1076.88
Itu,,Motorista De Furgão Ou Veículo Similar,27,3220.63
Itapeva,,Repositor De Mercadorias,27,655.3
Itapetininga,,Operador De Caixa,27,1230.51
Americana,,Açougueiro,26,1606.11
Itu,,"Operador De Pavimentadora (Asfalto, Concreto E Materiais Similares)",26,2607.5
Americana,,Porteiro De Edifícios,26,1738.49
Boituva,,Demolidor De Edificações,26,7566.33
Itu,,Costureiro Na Confecção Em Série,26,1157.68
Itapeva,,Professor De Ciências Exatas E Naturais Do Ensino Fundamental,26,2952.08
Americana,,Farmacêutico,26,4240.23
Boituva,,Repositor De Mercadorias,26,1113.96
Americana,,Montador De Instrumentos De Precisão,26,2558.46
Itu,,Atendente De Lojas E Mercados,26,1165.52
Americana,,Pedreiro,26,2332.03
Itapetininga,,Cirurgião Dentista - Clínico Geral,25,5112.4
Americana,,Pintor De Obras,25,1907.42
Itapetininga,,Enfermeiro Da Estratégia De Saúde Da Família,25,4125.54
Itapetininga,,Pedreiro De Edificações,25,1912.77
Pindamonhangaba,,Soldador,25,2728.58
Itu,,Agente Comunitário De Saúde,25,2914.56
Araçoiaba da Serra,,Professor Leigo No Ensino Fundamental,25,3097.41
Araçoiaba da Serra,,Diretor De Instituição Educacional Pública,25,4521.72
Boituva,,Enfermeiro,24,5743.1
Araçatuba,,Encanador,24,3550.04
Itupeva,,Faxineiro,24,938.07
Itapeva,,Motorista De Carro De Passeio,24,3623.14
Macatuba,,Inspetor De Alunos De Escola Pública,24,1608.93
Pindamonhangaba,,Servente De Obras,24,1724.42
Itapetininga,,Servente De Obras,24,1500.93
Ibiúna,,Repositor De Mercadorias,24,633.65
Araçatuba,,Desenvolvedor De Sistemas De Tecnologia Da Informação (Técnico),24,3078.81
Cerquilho,,Alimentador De Linha De Produção,24,1515.74
Araçatuba,,Atendente De Lojas E Mercados,24,1248.07
Itapetininga,,Técnico Em Farmácia,24,1662.55
Araçariguama,,Cozinheiro Geral,24,1347.04
Itapetininga,,Trabalhador Da Exploração De Resinas,23,1461.5
Macatuba,,Cozinheiro Geral,23,1471.47
Ibiúna,,Auxiliar Nos Serviços De Alimentação,23,1619.44
Itu,,Fisioterapeuta Geral,23,3991.1
Araçatuba,,Médico Clínico,23,7543.12
Charqueada,,Inspetor De Alunos De Escola Pública,23,1346.67
Araçatuba,,Técnico De Apoio Em Pesquisa E Desenvolvimento (Exceto Agropecuário E Florestal),23,6758.33
Itu,,Técnico De Desporto Individual E Coletivo (Exceto Futebol),23,6312.5
Cerquilho,,Assistente Administrativo,23,2197.59
Itu,,Assistente De Vendas,23,2105.67
Itupeva,,Enfermeiro,23,5782.97
Boituva,,Agente De Combate Às Endemias,23,2178.81
Piedade,,Diretor De Instituição Educacional Pública,23,5684.59
Araçatuba,,Atendente De Farmácia - Balconista,22,1754.44
Araçatuba,,Professor De Ensino Superior Na Área De Orientação Educacional,22,17583.95
Macatuba,,"Mecânico De Manutenção De Máquinas, Em Geral",22,497.83
Piedade,,Motorista De Furgão Ou Veículo Similar,22,2888.34
Americana,,Montador De Máquinas,22,2519.59
Itupeva,,Almoxarife,22,1204.93
Piedade,,Motorista De Ônibus Rodoviário,22,2046.67
Americana,,Operador De Empilhadeira,22,1738.45
Boituva,,Fiscal De Tributos Municipal,22,3479.23
Itupeva,,Professor De Educação Física Do Ensino Fundamental,22,4828.7
Araçatuba,,Cozinheiro Geral,21,1911.56
Americana,,Técnico De Suporte Ao Usuário De Tecnologia Da Informação,21,1683.75
Itapeva,,Professor De Geografia Do Ensino Fundamental,21,3083.51
Itu,,Técnico Em Administração,21,3738.22
Boituva,,Professores De Cursos Livres,21,2539.19
Itu,,Vendedor Em Domicílio,21,1626.59
Piedade,,Monitor De Transporte Escolar,21,1206.78
Itupeva,,Armazenista,21,1736.8
Itapeva,,Médico Clínico,20,12658.37
Itapeva,,Professor De Língua Estrangeira Moderna Do Ensino Fundamental,20,3042.28
Araçariguama,,Inspetor De Alunos De Escola Pública,20,1473.54
Itupeva,,Assistente De Vendas,20,1427.75
Americana,,Pedagogo,20,7094.66
Ibiúna,,Assistente Social,20,3689.66
Araçatuba,,Técnico De Desporto Individual E Coletivo (Exceto Futebol),20,3467.08
Americana,,Técnico Em Segurança Do Trabalho,20,3146.46
Araçoiaba da Serra,,Médico Clínico,20,8171.39
Americana,,Armazenista,20,1456.94
Cabreúva,,Assistente Administrativo,20,1824.56
Cabreúva,,Eletricista De Manutenção Eletroeletrônica,20,1356.12
Macatuba,,Trabalhador Da Cultura De Cana-De-Açúcar,20,1669.01
Cerquilho,,"Operador De Máquinas Fixas, Em Geral",19,1560.04
Americana,,Ajudante De Confecção,19,1079.62
Boituva,,Atendente De Lojas E Mercados,19,1192.94
Itapeva,,Auxiliar Em Saúde Bucal,19,2064.62
Americana,,Leiturista,19,3508.19
Itu,,Armazenista,19,1066.78
Araçoiaba da Serra,,Professor De Língua Portuguesa Do Ensino Fundamental,19,3017.04
Itapeva,,Professor De História Do Ensino Fundamental,19,3312.25
Cerquilho,,Cuidador Em Saúde,19,1703.74
Ibiúna,,Operador De Pá Carregadeira,19,3674.33
Araçatuba,,Frentista,19,1456.89
Itu,,Instrutor De Aprendizagem E Treinamento Industrial,19,3794.2
Pindamonhangaba,,Açougueiro,19,1504.98
Boituva,,Agente De Trânsito,19,4241.54
Itapeva,,Psicólogo Clínico,19,2918.67
Araçatuba,,Leiturista,19,2980.39
Boituva,,Operador De Caixa,19,1336.09
Araçatuba,,Farmacêutico,19,3908.03
Itapetininga,,Tratorista Agrícola,19,1496.64
Araçoiaba da Serra,,Agente Comunitário De Saúde,19,1871.54
Cabreúva,,"Embalador, A Mão",19,889.22
Araçatuba,,Técnico Mecânico Na Manutenção De Ferramentas,18,5540.99
Araçariguama,,Professor De Língua Portuguesa Do Ensino Fundamental,18,4413.26
Itapetininga,,Médico Generalista,18,10527.42
Araçoiaba da Serra,,Coordenador Pedagógico,18,3893.74
Itupeva,,Auxiliar De Logistica,18,976.75
Cerquilho,,Operador De Máquina De Dobrar Chapas,18,1998.27
Ibiúna,,Diretor Administrativo,18,6945.06
Itupeva,,Cirurgião Dentista - Clínico Geral,18,9647.66
Porto Feliz,,Operador De Máquinas-Ferramenta Convencionais,18,1383.49
Pindamonhangaba,,Eletricista De Instalações,18,2600.27
Macatuba,,Faxineiro,18,1641.51
Araçariguama,,Guarda-Civil Municipal,18,3672.33
Itapetininga,,Médico Da Estratégia De Saúde Da Família,18,9874.11
Americana,,"Costureiro, A  Máquina  Na Confecção Em Série",18,1161.94
Araçoiaba da Serra,,Professor De Matemática Do Ensino Fundamental,18,3007.49
Pindamonhangaba,,Operador De Laminador,18,1745.55
Boituva,,Operador De Máquina De Abrir Valas,18,3619.47
Itupeva,,Salva-Vidas,18,1501.4
Araçatuba,,Professor De Nível Médio No Ensino Profissionalizante,18,5784.43
Cabreúva,,Operador De Empilhadeira,18,2409.95
Boituva,,Professor De Língua Estrangeira Moderna Do Ensino Fundamental,18,4980.18
Itu,,Varredor De Rua,18,2320.87
Americana,,Costureiro Na Confecção Em Série,18,1529.57
Americana,,Revisor De Tecidos Acabados,18,915.5
Americana,,Motorista De Carro De Passeio,18,3509.05
Itupeva,,Técnico De Enfermagem,18,3021.84
Araçoiaba da Serra,,Professor De Educação Física Do Ensino Fundamental,18,3095.37
Boituva,,Assistente Social,18,4410.39
Piedade,,Repositor De Mercadorias,17,758.39
Ibiúna,,Técnico De Enfermagem,17,2702.43
Itapetininga,,Auxiliar Geral De Conservação De Vias Permanentes (Exceto Trilhos),17,1757.22
Porto Feliz,,Músico Arranjador,17,2775.94
Charqueada,,Guarda-Civil Municipal,17,2612.24
Araçariguama,,Professor De Educação Física Do Ensino Fundamental,17,4152.7
Americana,,Operador De Máquinas-Ferramenta Convencionais,17,1304.77
Itu,,Pintor De Obras,17,3101.38
Boituva,,Pedreiro,17,2728.21
Macatuba,,Soldador,17,2280.46
Itupeva,,Operador De Empilhadeira,17,1140.01
Itapeva,,Servente De Obras,17,1605.76
Ibiúna,,Fiscal De Tributos Municipal,17,2636.67
Americana,,Procurador Do Município,17,20774.35
Boituva,,Diretor De Instituição Educacional Pública,17,9755.67
Macatuba,,Agente Comunitário De Saúde,17,1885.47
Ibiúna,,Garçom,17,1586.43
Itu,,Montador De Máquinas,17,1502.37
Araçatuba,,Sepultador,16,1989.74
Itapetininga,,Professor De Música No Ensino Superior,16,2753.63
Itapeva,,Cuidador Em Saúde,16,1091.91
Itapeva,,Fiscal De Tributos Municipal,16,5251.64
Americana,,Gerente De Loja E Supermercado,16,2297.93
Itupeva,,Auxiliar De Enfermagem,16,5997.21
Araçariguama,,Cumim,16,1054.46
Araçariguama,,Dirigente Do Serviço Público Federal,16,3602.15
Boituva,,Professor De História Do Ensino Fundamental,16,4859.16
Boituva,,Bombeiro Civil,16,5158.24
Boituva,,Cirurgião Dentista - Clínico Geral,16,7835.34
Americana,,Coletor De Lixo Domiciliar,16,1201.13
Macatuba,,Caldeireiro (Chapas De Ferro E Aço),16,2267.69
Itupeva,,Trabalhador Da Manutenção De Edificações,16,781.26
Itu,,Técnico De Contabilidade,16,6705.12
Araçatuba,,"Mecânico De Manutenção De Máquinas, Em Geral",16,838.91
Araçatuba,,Almoxarife,16,1265.95
Boituva,,Trabalhador Da Cultura De Cana-De-Açúcar,16,0
Itupeva,,Atendente De Lanchonete,16,879.55
Itapetininga,,Atendente De Farmácia - Balconista,16,1009.83
Itupeva,,Psicólogo Clínico,16,6333.99
Ibiúna,,Fisioterapeuta Geral,16,4336.51
Itupeva,,Repositor De Mercadorias,16,871.41
Itupeva,,Auxiliar Em Saúde Bucal,16,4768.08
Porto Feliz,,Agente De Trânsito,16,3622.29
Piedade,,Professor De Educação Artística Do Ensino Fundamental,16,2777.08
Itu,,Engenheiro Civil,16,5917.11
Piedade,,Médico Clínico,16,10700.06
Araçatuba,,Cumim,16,1771.29
Itupeva,,Vigilante,15,928.32
Araçariguama,,Enfermeiro,15,5312.13
Americana,,Professor De Ensino Superior Na Área De Prática De Ensino,15,4249.09
Itapeva,,Farmacêutico,15,3333.81
Porto Feliz,,Assistente Social,15,4482.19
Porto Feliz,,Servente De Obras,15,2434.03
Pindamonhangaba,,Preparador De Sucata E Aparas,15,1309.54
Americana,,Atendente De Lanchonete,15,1142.98
Pindamonhangaba,,Carregador (Armazém),15,1775.1
Araçatuba,,Porteiro De Edifícios,15,1614.43
Araçariguama,,Professor De Matemática Do Ensino Fundamental,15,4468.98
Americana,,Sepultador,15,2608.08
Araçatuba,,Soldador,15,2821.83
Itapetininga,,Operador De Máquinas-Ferramenta Convencionais,15,2369.85
Piedade,,Professor De Educação Física Do Ensino Fundamental,15,3092.87
Porto Feliz,,Coordenador Pedagógico,15,4482.17
Americana,,Tecelão (Tear Automático),15,2394.55
Itu,,Cuidador De Idosos,15,1591.34
Dourado,,Trabalhador Agropecuário Em Geral,15,1380.3
Cerquilho,,Operador De Estação De Tratamento De Água E Efluentes,14,4558.96
Itu,,Frentista,14,1397.99
Araçatuba,,Técnico Em Saúde Bucal,14,3135.68
Charqueada,,Professor De Educação Física No Ensino Médio,14,2119.66
Araçatuba,,"Revestidor De Interiores (Papel, Material Plástico E Emborrachados)",14,3028.27
Boituva,,Agente Comunitário De Saúde,14,2215.74
Itupeva,,Atendente De Lojas E Mercados,14,1041.35
Boituva,,Professor De Geografia Do Ensino Fundamental,14,5041.09
Araçariguama,,Motorista De Caminhão (Rotas Regionais E Internacionais),14,2379.07
Araçatuba,,Operador De Empilhadeira,14,1791.58
Americana,,Operador De Máquinas Operatrizes,14,1859.61
Piedade,,Operador De Motoniveladora,14,2611.29
Araçariguama,,Dirigente Do Serviço Público Municipal,14,4019.28
Itu,,Cobrador De Transportes Coletivos (Exceto Trem),14,3191.03
Americana,,Professores De Cursos Livres,14,3556.91
Americana,,Professor De Nível Superior Do Ensino Fundamental (Primeira A Quarta Série),14,4207.76
Araçatuba,,Eletricista De Manutenção Eletroeletrônica,14,3706
Itu,,Atendente De Farmácia - Balconista,14,1382.67
Americana,,Operador De Centro De Usinagem Com Comando Numérico,14,2572.08
Boituva,,Psicólogo Clínico,14,4494.61
Piedade,,Motorista De Caminhão (Rotas Regionais E Internacionais),14,2184.55
Itu,,Trabalhador De Fabricação De Tintas,13,2634.89
Ibiúna,,Secretária(O) Executiva(O),13,2588.52
Araçatuba,,Engenheiro Civil,13,8474.6
Americana,,Fisioterapeuta Geral,13,5343.71
Porto Feliz,,Bombeiro Civil,13,4309.15
Itu,,Zelador De Edifício,13,2191.92
Itapetininga,,Farmacêutico,13,3562.6
Americana,,Frentista,13,1703.65
Itu,,Visitador Sanitário,13,3617.71
Itupeva,,Ajudante De Motorista,13,1058.06
Itu,,Jardineiro,13,2733.03
Americana,,Carregador (Veículos De Transportes Terrestres),13,1577.46
Araçariguama,,Diretor De Instituição Educacional Pública,13,2602.32
Itupeva,,Estoquista,13,1355.77
Cabreúva,,Dirigente Do Serviço Público Municipal,13,6717.5
Araçariguama,,Professor De Ciências Exatas E Naturais Do Ensino Fundamental,13,4715.25
Itapeva,,Soldador,13,2485.4
Araçatuba,,Operador De Pá Carregadeira,13,3544.84
Itupeva,,Secretária(O) Executiva(O),13,4552.2
Porto Feliz,,Preparador Físico,13,2688.29
Itapetininga,,Cirurgião-Dentista Da Estratégia De Saúde Da Família,13,5898.38
Porto Feliz,,"Operador De Máquinas Fixas, Em Geral",13,4230.67
Porto Feliz,,Vendedor De Comércio Varejista,13,1165.86
Porto Feliz,,"Mecânico De Manutenção De Máquinas, Em Geral",13,1113.95
Americana,,Desenhista Técnico (Eletricidade E Eletrônica),13,2232.46
Americana,,Agente Comunitário De Saúde,13,2422.08
Porto Feliz,,Preparador De Máquinas-Ferramenta,13,977.87
Americana,,Auxiliar De Contabilidade,13,1415.11
Cerquilho,,"Operador De Pavimentadora (Asfalto, Concreto E Materiais Similares)",13,3723.86
Americana,,Serralheiro,13,1407.94
Araçatuba,,Procurador Do Município,13,9457.1
Pindamonhangaba,,"Mecânico De Manutenção De Máquinas, Em Geral",13,664.85
Ibiúna,,Vendedor De Comércio Varejista,13,656.82
Cerquilho,,Técnico De Enfermagem,13,2242.86
Cerquilho,,Costureiro Na Confecção Em Série,13,1623.15
Pindamonhangaba,,Motorista De Caminhão (Rotas Regionais E Internacionais),13,2128.53
Pindamonhangaba,,Ajustador Mecânico Em Bancada,12,1500.65
Itupeva,,Operador De Pá Carregadeira,12,7213.92
Itapetininga,,Músico Regente,12,1948.75
Itapetininga,,Fonoaudiólogo Geral,12,3262.4
Araçatuba,,Socorrista (Exceto Médicos E Enfermeiros),12,3175.89
Cerquilho,,Almoxarife,12,2548.68
Ibiúna,,Masseiro (Massas Alimentícias),12,1240.74
Araçariguama,,Motorista De Furgão Ou Veículo Similar,12,1880.13
Itapetininga,,Nutricionista,12,3271.65
Araçatuba,,Técnico De Tributos Estadual,12,10157.67
Itu,,Fonoaudiólogo Geral,12,4316.77
Americana,,Educador Social,12,2273.6
Pindamonhangaba,,Ajustador Mecânico,12,2454.53
Araçatuba,,Operador De Mensagens De Telecomunicações (Correios),12,4026.74
Itapeva,,Operador De Máquinas De Construção Civil E Mineração,12,3450.95
Americana,,Vendedor Em Comércio Atacadista,12,2134.6
Araçariguama,,Repositor De Mercadorias,12,1048.06
Cerquilho,,Ajudante De Confecção,12,1106.19
Itu,,Expedidor De Mercadorias,12,1868.4
Itu,,Farmacêutico,12,4858.03
Itapeva,,"Embalador, A Mão",12,849.92
Itapetininga,,Pedreiro,12,1453.55
Itapetininga,,Fisioterapeuta Geral,12,2874.8
Americana,,Promotor De Vendas,12,1124.4
Araçoiaba da Serra,,Mãe Social,12,2055.7
Americana,,Atendente De Farmácia - Balconista,12,2235.32
Americana,,Auxiliar De Farmácia De Manipulação,12,1912.73
Itu,,Operador De Telemarketing Ativo E Receptivo,12,433.61
Araçoiaba da Serra,,Coletor De Lixo Domiciliar,12,2279.57
Itapeva,,Agente De Combate Às Endemias,12,2009.39
Americana,,Montador De Estruturas Metálicas,12,1957.24
Porto Feliz,,Auxiliar De Manutenção Predial,12,1780.06
Araçoiaba da Serra,,Condutor De Ambulância,11,3306.45
Itu,,Eletricista De Instalações,11,4003.71
Pindamonhangaba,,Trabalhador Da Pecuária (Bovinos Corte),11,1066.89
Araçatuba,,Açougueiro,11,1360.93
Charqueada,,Técnico De Enfermagem Do Trabalho,11,1850.3
Itu,,"Embalador, A Mão",11,873.6
Itapeva,,Técnico De Desporto Individual E Coletivo (Exceto Futebol),11,2871.08
Araçariguama,,Pedreiro,11,2444.32
Cerquilho,,Cirurgião Dentista - Clínico Geral,11,8499.26
Itu,,Auxiliar Nos Serviços De Alimentação,11,1311.66
Araçatuba,,Trabalhador Agropecuário Em Geral,11,4144.11
Ibiúna,,Agente De Defesa Ambiental,11,2198.14
Pindamonhangaba,,Faxineiro,11,1333.17
Araçatuba,,Auxiliar Em Saúde Bucal,11,5971.88
Itapeva,,Pedagogo,11,5328.58
Americana,,"Montador De Máquinas, Motores E Acessórios (Montagem Em Série)",11,1940.8
Americana,,Técnico Químico,11,3697.87
Porto Feliz,,Leiturista,11,4589.05
Itapetininga,,Técnico Em Saúde Bucal,11,1819.4
Araçatuba,,Agente De Segurança,11,4821.76
Charqueada,,Coordenador Pedagógico,11,3731.92
Piedade,,Enfermeiro,11,5399.65
Ibiúna,,Alimentador De Linha De Produção,11,1139.6
Piedade,,Pedreiro,11,2072.6
Americana,,Mecânico De Manutenção De Máquinas Têxteis,11,1137.5
Itu,,Auxiliar Geral De Conservação De Vias Permanentes (Exceto Trilhos),11,1529.33
Itu,,Assistente De Laboratório Industrial,11,2168.95
Itu,,Técnico Em Segurança Do Trabalho,11,3180.47
Araçatuba,,Técnico Em Farmácia,11,2293.73
Araçatuba,,Vigilante,11,3701.65
Cerquilho,,Faxineiro,11,1361.47
Ibiúna,,Psicólogo Clínico,11,4363.84
Americana,,Ajustador Mecânico,11,3688.34
Piedade,,Guarda-Civil Municipal,11,2779.03
Cabreúva,,Auxiliar De Logistica,11,1414.27
Araçariguama,,"Recepcionista, Em Geral",11,1248.78
Araçoiaba da Serra,,Pedreiro,11,2579.46
Boituva,,Açougueiro,11,1298.03
Itapetininga,,Almoxarife,11,1297.76
Americana,,Operador De Inspeção De Qualidade,11,1361.57
Araçatuba,,Vendedor Em Comércio Atacadista,10,2030.13
Itupeva,,Montador De Equipamentos Eletrônicos,10,1462.22
Americana,,Conferente De Carga E Descarga,10,1211.21
Araçatuba,,Supervisor De Ensino,10,8390.99
Itu,,"Operador De Máquinas Fixas, Em Geral",10,2321.01
Itu,,Açougueiro,10,1640.57
Itu,,Costureira De Reparação De Roupas,10,1512.85
Ibiúna,,Professor De Alunos Com Deficiência Múltipla,10,5283.77
Itapetininga,,Trabalhador De Serviços De Limpeza E Conservação De Áreas Públicas,10,1943.34
Itapetininga,,Motorista De Caminhão (Rotas Regionais E Internacionais),10,2244.74
Ibiúna,,Monitor De Transporte Escolar,10,1419.14
Macatuba,,Pedreiro,10,2540.74
Americana,,Mecânico De Manutenção De Máquinas-Ferramentas (Usinagem De Metais),10,591.77
Boituva,,Médico Endocrinologista E Metabologista,10,5716.21
Araçatuba,,Auxiliar De Laboratório De Análises Físico-Químicas,10,1534.26
Itapeva,,Técnico De Obras Civis,10,1704.57
Itu,,Operador De Máquina De Dobrar Chapas,10,1871.63
Araçoiaba da Serra,,Psicólogo Clínico,10,2922.27
Pindamonhangaba,,Caldeireiro (Chapas De Ferro E Aço),10,2825.36
Araçariguama,,Professor De Língua Estrangeira Moderna Do Ensino Fundamental,10,4368.83
Araçariguama,,Frentista,10,1859.55
Americana,,Desenvolvedor De Sistemas De Tecnologia Da Informação (Técnico),10,2322.08
Cerquilho,,Trabalhador Da Manutenção De Edificações,10,2072.7
Araçariguama,,Auxiliar Nos Serviços De Alimentação,10,1339.7
Cerquilho,,Diretor De Instituição Educacional Pública,10,4686.16
Itapeva,,Técnico De Suporte Ao Usuário De Tecnologia Da Informação,10,1588.52
Americana,,Telefonista,10,4229.75
Itu,,Oficial De Justiça,10,3645.65
Pindamonhangaba,,Auxiliar Nos Serviços De Alimentação,10,1191.22
Araçoiaba da Serra,,Técnico Em Radiologia E Imagenologia,10,2715.78
Araçatuba,,Pedreiro (Chaminés Industriais),10,2454.54
Itapeva,,Visitador Sanitário,10,2410.58
Americana,,Médico Clínico,10,11438.43
Itapetininga,,Terapeuta Ocupacional,10,3638.9
Porto Feliz,,Agente De Portaria,10,1429.71
Charqueada,,Professor De Língua Portuguesa Do Ensino Fundamental,10,1998.59
Cerquilho,,Auxiliar De Enfermagem,10,2521.87
Itu,,"Operador De Estação De Captação, Tratamento E Distribuição De Água",10,3103.86
Macatuba,,Gerente Administrativo,10,7881.23
Porto Feliz,,Técnico Em Secretariado,10,3344.27
Itu,,Administrador,10,3465.15
Itu,,Arquiteto De Edificações,10,5660.93
Araçariguama,,Professores De Cursos Livres,10,3876.84
Itu,,Trabalhador Agropecuário Em Geral,9,832.54
Itapeva,,Auxiliar De Manutenção Predial,9,2706.21
Araçatuba,,Professor De Nível Superior Na Educação Infantil (Quatro A Seis Anos),9,2615.98
Araçatuba,,Operador De Computador,9,7638.36
Porto Feliz,,Professor De Alunos Com Deficiência Mental,9,4366.6
Itapeva,,"Trabalhador De Extração Florestal, Em Geral",9,1349.26
Cerquilho,,Motorista De Caminhão (Rotas Regionais E Internacionais),9,2627.58
Araçoiaba da Serra,,Professor De Língua Estrangeira Moderna Do Ensino Fundamental,9,2937.53
Macatuba,,Atendente De Lojas E Mercados,9,1148.32
Cerquilho,,Assistente Social,9,5711.78
Americana,,"Operador De Utilidade (Produção E Distribuição De Vapor, Gás, Óleo, Combustível, Energia, Oxigênio)",9,1340.69
Cabreúva,,Faxineiro,9,1137.21
Itu,,Operador De Escavadeira,9,3277.02
Araçatuba,,Operador De Máquinas-Ferramenta Convencionais,9,1683.61
Itapetininga,,Pintor De Obras,9,1600.65
Araçoiaba da Serra,,Professor De Educação Artística Do Ensino Fundamental,9,3076.95
Itupeva,,Trabalhador Da Elaboração De Pré-Fabricados (Concreto Armado),9,1233.99
Araçatuba,,Operador De Estação De Tratamento De Água E Efluentes,9,3855.84
Araçoiaba da Serra,,Professor De Ciências Exatas E Naturais Do Ensino Fundamental,9,2856.3
Americana,,Psicólogo Social,9,4025.71
Porto Feliz,,Operador De Estação De Tratamento De Água E Efluentes,9,4752.91
Araçoiaba da Serra,,Técnico Em Manutenção De Equipamentos De Informática,9,3407.27
Araçoiaba da Serra,,Professor De Nível Superior Na Educação Infantil (Quatro A Seis Anos),9,1227.83
Americana,,"Técnico De Utilidade (Produção E Distribuição De Vapor, Gases, Óleos, Combustíveis, Energia)",9,8036.42
Porto Feliz,,Faxineiro,9,1587.15
Araçatuba,,Arquiteto De Edificações,9,6695.74
Araçatuba,,Técnico De Contabilidade,9,5485.42
Araçoiaba da Serra,,Assistente Social,9,3512.09
Itu,,Estoquista,9,1366.13
Itapeva,,Pedreiro,9,2052.28
Americana,,Auxiliar De Faturamento,9,2657.55
Itu,,Consultor Jurídico,9,10531.27
Boituva,,Farmacêutico,9,6260.36
Americana,,Auxiliar Geral De Conservação De Vias Permanentes (Exceto Trilhos),9,1151.34
Itu,,Técnico Em Radiologia E Imagenologia,9,3971.9
Americana,,Cirurgião Dentista - Clínico Geral,9,5473.16
Itupeva,,Fisioterapeuta Geral,9,6118.43
Ibiúna,,Visitador Sanitário,9,3965.6
Ibiúna,,Médico Clínico,9,10926.22
Araçariguama,,Vigilante,9,1540.62
Porto Feliz,,Porteiro De Edifícios,9,2797.37
Araçariguama,,Auxiliar De Pessoal,9,1515.73
Charqueada,,Diretor De Instituição Educacional Pública,9,4401.18
Pindamonhangaba,,Pedreiro,9,1957.1
Americana,,Motorista De Ônibus Rodoviário,9,1758.73
Americana,,"Mecânico De Manutenção De Automóveis, Motocicletas E Veículos Similares",9,2541.58
Itapetininga,,"Mecânico De Manutenção De Máquinas, Em Geral",9,1907.35
Cerquilho,,Educador Social,9,1523.94
Itupeva,,Professor De Língua Inglesa,9,4858.96
Itapeva,,Motorista De Ônibus Urbano,9,1615.53
Americana,,Vendedor Em Domicílio,9,939.38
Araçatuba,,Atendente De Lanchonete,9,1113.33
Itu,,Gerente De Instituição Educacional Da Área Privada,9,3465.88
Araçatuba,,Professor De Economia,9,1747.36
Piedade,,Vendedor De Comércio Varejista,8,1739.68
Pindamonhangaba,,Eletricista De Manutenção Eletroeletrônica,8,1216.2
Ibiúna,,Cirurgião Dentista - Auditor,8,4074.11
Americana,,Ajudante De Motorista,8,1366.29
Americana,,Trabalhador De Serviços De Limpeza E Conservação De Áreas Públicas,8,1347.77
Americana,,Expedidor De Mercadorias,8,1576.61
Itapetininga,,Jardineiro,8,2182.74
Itu,,Técnico De Laboratório De Análises Físico-Químicas (Materiais De Construção),8,2618.13
Itapetininga,,Mestre (Construção Civil),8,2720.4
Itapetininga,,Técnico De Desporto Individual E Coletivo (Exceto Futebol),8,3396.55
Itapetininga,,Auxiliar De Manutenção Predial,8,2279.62
Itu,,Operador De Máquinas-Ferramenta Convencionais,8,2611.32
Itupeva,,Assistente Social,8,5576.48
Itapeva,,Supervisor De Ensino,8,7581.51
Porto Feliz,,Repositor De Mercadorias,8,997.84
Itapetininga,,Motorista De Ônibus Rodoviário,8,1663.19
Americana,,Técnico De Manutenção Eletrônica,8,841.19
Porto Feliz,,Operador De Caixa,8,1351.56
Araçatuba,,Analista De Desenvolvimento De Sistemas,8,4997.18
Ibiúna,,Sepultador,8,2248.75
Araçoiaba da Serra,,Professor De Geografia Do Ensino Fundamental,8,1939.32
Araçariguama,,Psicólogo Clínico,8,4935.84
Itupeva,,Inspetor De Qualidade,8,1019.43
Itu,,Desenvolvedor De Sistemas De Tecnologia Da Informação (Técnico),8,3441.47
Araçoiaba da Serra,,Fiscal De Tributos Municipal,8,2685.41
Porto Feliz,,Agente De Saúde Pública,8,4146.16
Araçoiaba da Serra,,Professor De História Do Ensino Fundamental,8,2467.52
Itupeva,,Operador De Câmaras Frias,8,2308.19
Itu,,Contador,8,5391.74
Itu,,Contínuo,8,1938.49
Boituva,,"Embalador, A Mão",8,886.34
Itu,,Eletricista De Manutenção Eletroeletrônica,8,1360.59
Itupeva,,Ajustador Mecânico,8,1178.9
Itapeva,,Técnico Em Radiologia E Imagenologia,8,2858.82
Itapeva,,Agente De Trânsito,8,1500
Americana,,Auxiliar De Laboratório De Análises Físico-Químicas,8,2201.32
Pindamonhangaba,,"Recepcionista, Em Geral",8,1156.57
Itapetininga,,Professor Instrutor De Ensino E Aprendizagem Em Serviços,8,2530.42
Itapeva,,Atendente De Lojas E Mercados,8,968.03
Itupeva,,Médico Pediatra,8,9509.33
Itupeva,,Técnico De Desporto Individual E Coletivo (Exceto Futebol),8,8934.31
Cabreúva,,Operador De Máquina De Lavar Fios E Tecidos,8,1057.53
Itu,,Secretária(O) Executiva(O),8,1983.92
Araçoiaba da Serra,,Auxiliar De Escritório,8,1817.43
Boituva,,Pesquisador Em Psicologia,8,4005.83
Araçariguama,,Atendente De Lanchonete,8,833.9
Macatuba,,Médico Clínico,8,7462.44
Araçariguama,,Supervisor De Controle Patrimonial,8,1268.53
Araçoiaba da Serra,,Professor De Alunos Com Deficiência Múltipla,8,2735.02
Itu,,Pedagogo,8,6657.6
Porto Feliz,,Secretária(O) Executiva(O),8,4731.21
Ibiúna,,Arquivista,8,2437.07
Itapetininga,,"Embalador, A Mão",8,1144.17
Charqueada,,Professor De Educação Artística Do Ensino Fundamental,8,2028.88
Macatuba,,Assistente Social,8,6044.58
Itapetininga,,Mecânico De Veículos Automotores A Diesel (Exceto Tratores),7,2484.29
Charqueada,,Assistente Social,7,2279.3
Itapetininga,,Médico Pediatra,7,8131.81
Araçatuba,,"Mecânico De Manutenção De Automóveis, Motocicletas E Veículos Similares",7,2958.17
Araçariguama,,Professor De História Do Ensino Fundamental,7,5515.96
Itu,,Trabalhador Da Manutenção De Edificações,7,1274.67
Americana,,Aplicador De Asfalto Impermeabilizante (Coberturas),7,3118.1
Itu,,Galvanizador,7,1471.57
Cerquilho,,Atendente De Lanchonete,7,1229.54
Cerquilho,,Monitor De Transporte Escolar,7,976.65
Piedade,,Assistente Social,7,4229.99
Americana,,Fonoaudiólogo Geral,7,4136.03
Araçatuba,,Orientador Educacional,7,2187.78
Piedade,,Coletor De Lixo Domiciliar,7,1802.09
Americana,,Analista De Recursos Humanos,7,2835.98
Araçatuba,,Analista De Redes E De Comunicação De Dados,7,10955.75
Cabreúva,,Almoxarife,7,1428.44
Araçariguama,,Professor De Geografia Do Ensino Fundamental,7,4964.22
Cerquilho,,Expedidor De Mercadorias,7,979.08
Araçatuba,,Assistente De Vendas,7,2014.04
Itapetininga,,Fiscal De Transportes Coletivos (Exceto Trem),7,1329.32
Americana,,Pintor De Estruturas Metálicas,7,1467.39
Piedade,,Auxiliar De Desenvolvimento Infantil,7,2881.98
Boituva,,"Operador De Máquinas Fixas, Em Geral",7,2376.24
Americana,,Biólogo,7,4989.5
Cerquilho,,"Embalador, A Mão",7,1175.1
Americana,,Zelador De Edifício,7,2588.12
Cabreúva,,Operador De Máquinas-Ferramenta Convencionais,7,1713.03
Itu,,Professor De Educação Física No Ensino Médio,7,4522.9
Araçatuba,,Fisioterapeuta Geral,7,2998.42
Americana,,Atendente De Enfermagem,7,1724.77
Araçariguama,,Técnico De Planejamento De Produção,7,2021.03
Americana,,Técnico De Telecomunicações (Telefonia),7,1513.72
Itu,,Nutricionista,7,5502.11
Boituva,,Auxiliar Em Saúde Bucal,7,2547.44
Cerquilho,,Encanador,7,3950.61
Cerquilho,,Marmorista (Construção),7,2293.2
Charqueada,,Cozinheiro Geral,7,1311.15
Itapetininga,,Vendedor Em Domicílio,7,1381
Itapeva,,Trabalhador Volante Da Agricultura,7,1094.74
Macatuba,,Cirurgião Dentista - Clínico Geral,7,7609.87
Itapetininga,,"Recepcionista, Em Geral",7,1250.67
Itapetininga,,Eletricista De Manutenção Eletroeletrônica,7,2202.99
Pindamonhangaba,,Almoxarife,7,1827.81
Itapetininga,,Professor De Língua Portuguesa Do Ensino Fundamental,7,2648.4
Ibiúna,,Auxiliar Técnico Em Laboratório De Farmácia,7,2492.96
Macatuba,,Psicólogo Clínico,7,5181.43
Itapeva,,Médico Veterinário,7,3972.68
Ibiúna,,Recreador,7,3332.59
Itu,,Biólogo,7,6920.82
Itapetininga,,Inspetor De Qualidade,7,885.24
Araçatuba,,Estoquista,7,1106.15
Itu,,Operador De Estação De Bombeamento,7,3091.18
Macatuba,,Preparador De Estruturas Metálicas,7,1126.98
Piedade,,Assistente Administrativo,7,2689.96
Araçatuba,,Administrador,7,10792.17
Americana,,Operador De Processo De Tratamento De Imagem,7,1025.26
Americana,,Agente De Saúde Pública,7,5926.94
Araçatuba,,,7,3608.25
Americana,,Contínuo,7,1043.48
Piedade,,Fiscal De Tributos Municipal,7,4782.89
Itapeva,,Agente De Saúde Pública,7,2998.25
Itupeva,,Pintor De Obras,7,2705.33
Araçatuba,,Analista De Suporte Computacional,7,2859.23
Charqueada,,Secretária(O) Executiva(O),7,3134.97
Itapetininga,,Operador De Trator Florestal,7,1218.63
Porto Feliz,,Pedreiro,7,3859.74
Itu,,Técnico Em Saúde Bucal,7,3656.63
Pindamonhangaba,,Pintor De Estruturas Metálicas,7,1116.35
Americana,,Montador De Equipamentos Elétricos (Instrumentos De Medição),7,1520.83
Americana,,Nutricionista,7,4068.23
Americana,,Comprador,7,3475.4
Araçatuba,,Topógrafo,7,2915.42
Americana,,Escrevente,6,11665.15
Araçatuba,,Gerente De Loja E Supermercado,6,4783.31
Araçatuba,,Auxiliar De Contabilidade,6,2101.8
Araçoiaba da Serra,,Procurador Do Município,6,5409.15
Cerquilho,,Psicólogo Clínico,6,4384.26
Pindamonhangaba,,Padeiro,6,1938.76
Dourado,,Orientador Educacional,6,5121.47
Ibiúna,,Mãe Social,6,2115.91
Macatuba,,Técnico De Enfermagem,6,1925.07
Itapetininga,,Supervisor De Ensino,6,6292.49
Pindamonhangaba,,Gerente De Loja E Supermercado,6,5109.2
Itu,,Inspetor De Qualidade,6,2963.94
Itapeva,,Procurador Do Município,6,13516.29
Dourado,,Auxiliar Nos Serviços De Alimentação,6,1407.76
Itupeva,,Pedreiro,6,3328.72
Cerquilho,,Enfermeiro Da Estratégia De Saúde Da Família,6,3737.11
Americana,,Fundidor De Metais,6,2025.74
Itapetininga,,Monitor De Dependente Químico,6,1354.02
Itapetininga,,Carregador (Veículos De Transportes Terrestres),6,1757.23
Cerquilho,,Soldador,6,2903.85
Ibiúna,,Auxiliar De Enfermagem,6,3080.36
Araçoiaba da Serra,,Técnico De Imobilização Ortopédica,6,2513.84
Itu,,Analista De Recursos Humanos,6,2701.18
Pindamonhangaba,,Porteiro De Edifícios,6,991
Itupeva,,Conferente De Carga E Descarga,6,1689.28
Americana,,Carpinteiro,6,2375.24
Itu,,Servente De Obras,6,1582.49
Macatuba,,Vigia,6,1867.62
Porto Feliz,,Instalador De Tubulações,6,3942.12
Pindamonhangaba,,Controlador De Entrada E Saída,6,720.87
Itapetininga,,Avaliador Físico,6,3258
Americana,,Lubrificador Industrial,6,1053.3
Piedade,,Secretária(O) Executiva(O),6,5436.69
Charqueada,,Professor De Língua Inglesa,6,2120.75
Araçariguama,,Visitador Sanitário,6,1491.29
Itupeva,,Motorista De Carro De Passeio,6,4705.46
Ibiúna,,Trabalhador Volante Da Agricultura,6,902.88
Porto Feliz,,Fiscal De Tributos Municipal,6,4243.66
Porto Feliz,,Jardineiro,6,1720.73
Araçariguama,,Fisioterapeuta Geral,6,4946.68
Itupeva,,Professor De Filosofia No Ensino Médio,6,4668.29
Itu,,Vendedor Em Comércio Atacadista,6,1172.76
Piedade,,Sepultador,6,1338.63
Itapetininga,,Médico Ginecologista E Obstetra,6,9712.36
Itapeva,,Operador De Motoniveladora,6,2814.18
Dourado,,Supervisor Administrativo,6,2004.61
Itu,,Porteiro De Edifícios,6,1093.62
Araçatuba,,Diretor Geral De Empresa E Organizações (Exceto De Interesse Público),6,6386.94
Americana,,Trabalhador Da Manutenção De Edificações,6,1097.58
Americana,,Controlador De Entrada E Saída,6,1328.71
Araçatuba,,Pedreiro,6,2151.82
Itu,,Dirigente De Entidade De Trabalhadores,6,5062.71
Itupeva,,Gerente De Produção E Operações Da Construção Civil E Obras Públicas,6,5098.39
Araçatuba,,Auxiliar Nos Serviços De Alimentação,6,1000.27
Araçatuba,,Telefonista,6,4401.53
Americana,,Técnico De Desporto Individual E Coletivo (Exceto Futebol),6,1353.45
Itapeva,,Técnico Em Nutrição E Dietética,6,1572.77
Itupeva,,Médico Ginecologista E Obstetra,6,11752.01
Cerquilho,,Operador De Estação De Bombeamento,6,4104.55
Itupeva,,Médico Clínico,6,10396.77
Americana,,Operador De Retorcedeira,6,1181.27
Pindamonhangaba,,Fiscal De Loja,6,1142.8
Itu,,Atendente De Enfermagem,6,2852.71
Americana,,Operador De Escavadeira,6,4151.85
Cerquilho,,Carpinteiro (Esquadrias),6,3140.44
Araçoiaba da Serra,,Operador De Trator De Lâmina,6,4305.2
Itu,,Operador De Rádio-Chamada,6,2375.93
Charqueada,,Professor De Matemática Do Ensino Fundamental,6,2110.63
Araçatuba,,Auxiliar De Faturamento,6,1341.04
Cerquilho,,Fisioterapeuta Geral,6,7547.36
Araçariguama,,Cirurgião Dentista - Odontologista Legal,6,4971.79
Piedade,,Coordenador Pedagógico,6,4675.36
Porto Feliz,,Psicólogo Educacional,6,3031.74
Americana,,Secretária(O) Executiva(O),6,2590.49
Ibiúna,,Pedreiro,6,2521.25
Araçatuba,,Nutricionista,6,3952.92
Ibiúna,,Dirigente Do Serviço Público Municipal,6,10340.2
Americana,,Analista De Suporte Computacional,6,1779.73
Cerquilho,,Farmacêutico,6,6196.78
Itapetininga,,Técnico Em Saúde Bucal Da Estratégia De Saúde Da Família,6,2017.33
Porto Feliz,,Consultor Jurídico,6,4429.3
Itupeva,,Montador De Equipamentos Elétricos,6,2655.57
Itu,,Gerente De Logística (Armazenagem E Distribuição),6,3617.95
Itapeva,,"Recepcionista, Em Geral",6,1319.14
Itapetininga,,Gerente De Loja E Supermercado,6,4059.75
Itapeva,,Operador De Caixa,6,1059.93
Itapetininga,,Telefonista,6,1946.73
Araçatuba,,Perfumista,6,1587.67
Porto Feliz,,Ajudante De Confecção,6,1171.76
Araçoiaba da Serra,,Telefonista,6,1807.76
Americana,,Gerente De Suprimentos,6,1560.43
Itupeva,,Analista De Recursos Humanos,6,4953.08
Itapeva,,Carpinteiro,6,2054.59
Itupeva,,Engenheiro Civil,6,7177.89
Itu,,Operador De Estação De Tratamento De Água E Efluentes,6,1547.8
Araçoiaba da Serra,,Agente De Trânsito,6,2417.27
Americana,,Mestre (Construção Civil),6,3658.7
Americana,,Operador De Máquina Perfuratriz,6,3430.96
Boituva,,Médico Clínico,6,4461.37
Americana,,Operador De Máquinas De Construção Civil E Mineração,6,2435.02
Charqueada,,Alimentador De Linha De Produção,6,1465.81
Cerquilho,,Operador De Caixa,6,1767.57
Araçariguama,,Agente De Trânsito,6,2213.17
Boituva,,Mantenedor De Sistemas Eletroeletrônicos De Segurança,5,1713.56
Araçariguama,,Professor Prático No Ensino Profissionalizante,5,4280.47
Araçoiaba da Serra,,Vigia,5,2388.44
Piedade,,Cirurgião Dentista - Clínico Geral,5,4967.08
Cabreúva,,Armazenista,5,1555.32
Itapeva,,Almoxarife,5,2069.9
Itapeva,,Alimentador De Linha De Produção,5,1360.34
Araçariguama,,Assistente Social,5,4812.68
Itapetininga,,Advogado,5,6382.73
Americana,,Técnico Em Acupuntura,5,4205.79
Cabreúva,,Operador De Transporte Multimodal,5,2100.33
Pindamonhangaba,,Contínuo,5,981
Macatuba,,Visitador Sanitário,5,2870.43
Itapeva,,Atendente De Lanchonete,5,1471.8
Pindamonhangaba,,Diretor Geral De Empresa E Organizações (Exceto De Interesse Público),5,17313.83
Cerquilho,,"Tecelão De Malhas, A  Máquina",5,2010.49
Ibiúna,,Inspetor De Alunos De Escola Pública,5,1814.2
Charqueada,,Pedreiro,5,2369.65
Ibiúna,,Jardineiro,5,1624.03
Americana,,Administrador,5,2136.74
Araçariguama,,Professor De Educação Artística Do Ensino Fundamental,5,4438.12
Cerquilho,,Supervisor Administrativo,5,3391.84
Itapetininga,,Médico Psiquiatra,5,10218.82
Cerquilho,,Auxiliar De Contabilidade,5,2242.13
Cerquilho,,Montador De Estruturas Metálicas,5,1697.78
Boituva,,Atendente De Farmácia - Balconista,5,1529.05
Americana,,Gerente Comercial,5,3529.7
Macatuba,,Motorista De Caminhão (Rotas Regionais E Internacionais),5,3293.07
Araçariguama,,Advogado,5,6971.06
Macatuba,,Pintor De Obras,5,2510.03
Itupeva,,Auxiliar Nos Serviços De Alimentação,5,867.79
Pindamonhangaba,,Trabalhador Da Avicultura De Postura,5,1326.83
Araçatuba,,Controlador De Entrada E Saída,5,1385.33
Americana,,Selecionador De Material Reciclável,5,883.29
Itapeva,,Auxiliar De Enfermagem,5,3972.76
Americana,,"Operador De Estação De Captação, Tratamento E Distribuição De Água",5,4518.36
Americana,,Gerente Administrativo,5,4114.03
Piedade,,"Embalador, A Mão",5,704.57
Cabreúva,,Eletricista De Instalações,5,824.59
Macatuba,,Vendedor De Comércio Varejista,5,1047.45
Porto Feliz,,Mecânico De Manutenção De Máquinas-Ferramentas (Usinagem De Metais),5,651.5
Americana,,Auxiliar De Lavanderia,5,1014.43
Araçoiaba da Serra,,Repositor De Mercadorias,5,1302.1
Itapeva,,Bombeiro Civil,5,3012.86
Itu,,Ajustador Mecânico,5,937.15
Americana,,"Operador De Processo (Química, Petroquímica E Afins)",5,2082.41
Itupeva,,Garçom,5,934.05
Araçatuba,,Conferente De Carga E Descarga,5,1646.6
Itapetininga,,Açougueiro,5,1612.2
Pindamonhangaba,,Administrador,5,2449.13
Itupeva,,Eletricista De Manutenção Eletroeletrônica,5,1918.06
Araçariguama,,Vendedor De Comércio Varejista,5,1797.59
Americana,,Encanador,5,2119.65
Itu,,Auxiliar De Manutenção Predial,5,1934.31
Araçatuba,,Mecânico De Manutenção De Máquinas-Ferramentas (Usinagem De Metais),5,947.29
Boituva,,Terapeuta Ocupacional,5,2961.47
Itu,,Controlador De Entrada E Saída,5,1808.82
Araçatuba,,Técnico De Sistemas Audiovisuais,5,8562.78
Itapetininga,,Mecânico De Manutenção De Máquinas Agrícolas,5,5608.29
Itupeva,,Frentista,5,1044.9
Itupeva,,Tecnólogo Em Logística De Transporte,5,1974.36
Americana,,Contramestre De Tecelagem (Indústria Têxtil),5,4929.65
Ibiúna,,Farmacêutico,5,2896.24
Americana,,Recepcionista De Consultório Médico Ou Dentário,5,975.52
Itu,,Gerente De Loja E Supermercado,5,4730.88
Pindamonhangaba,,Trabalhador De Serviços De Limpeza E Conservação De Áreas Públicas,5,1159.41
Porto Feliz,,Almoxarife,5,3109.23
Charqueada,,Operador De Pá Carregadeira,5,2779.89
Porto Feliz,,"Recepcionista, Em Geral",5,1997.04
Charqueada,,Professor De História Do Ensino Fundamental,5,2185.53
Porto Feliz,,Visitador Sanitário,5,1887.27
Araçatuba,,Instrutor De Aprendizagem E Treinamento Industrial,5,4126.09
Porto Feliz,,"Mecânico De Manutenção De Automóveis, Motocicletas E Veículos Similares",5,3811.42
Americana,,Técnico Em Eletromecânica,5,929.69
Americana,,Auxiliar De Pessoal,5,847.58
Araçatuba,,Médico Veterinário,5,4543.62
Araçoiaba da Serra,,Gerente De Serviços Educacionais Da Área Pública,5,4270.77
Itapeva,,Telefonista,5,1903.64
Itu,,Auxiliar De Laboratório De Análises Físico-Químicas,5,3883.72
Itu,,Técnico De Planejamento De Produção,5,2302.17
Porto Feliz,,Atendente De Farmácia - Balconista,5,1764.28
Porto Feliz,,Atendente De Lojas E Mercados,5,1415.41
Itu,,Conferente Mercadoria (Exceto Carga E Descarga),5,1670.3
Itupeva,,Cronoanalista,5,1118.08
Porto Feliz,,Impressor Tipográfico,5,10917.39
Itupeva,,Gerente Administrativo,5,9028.55
Itupeva,,Procurador Do Município,5,27222.21
Pindamonhangaba,,"Embalador, A Mão",5,975.03
Americana,,Varredor De Rua,5,1384.31
Itupeva,,Telefonista,5,6081.29
Itu,,Arquivista De Documentos,5,1059.22
Piedade,,Psicólogo Clínico,5,4862.74
Piedade,,Procurador Do Município,5,8068.88
Cabreúva,,Vendedor De Comércio Varejista,5,1997.31
Itu,,Cumim,5,657.76
Boituva,,Médico Veterinário,5,5924.36
Araçariguama,,Guincheiro (Construção Civil),5,1656.4
Araçariguama,,Coletor De Lixo Domiciliar,5,1013.36
Cerquilho,,Dirigente Do Serviço Público Municipal,5,3969.48
Itu,,Preparador Físico,5,5391.42
Itapetininga,,Topógrafo,5,2128.43
Araçoiaba da Serra,,Arquiteto Urbanista,5,5745.25
Itu,,Jornalista,5,7094.51
Itapeva,,Operador De Trator De Lâmina,5,2009.55
Itupeva,,Administrador,5,3729.81
Cerquilho,,Supervisor De Vendas Comercial,5,4767.97
Charqueada,,Vendedor De Comércio Varejista,5,706.95
Cerquilho,,Repositor De Mercadorias,5,1282.3
Americana,,Armador De Estrutura De Concreto,5,1996.32
Boituva,,Sepultador,5,1831.57
Cerquilho,,Garçom,5,1624.75
Itupeva,,Gerente De Restaurante,5,2788.92
Itupeva,,Técnico Em Radiologia E Imagenologia,5,8951.22
Cabreúva,,Repositor De Mercadorias,5,831.87
Piedade,,Engenheiro Civil,5,6209.68
Itu,,Técnico Mecânico,4,5574.56
Charqueada,,Agente Comunitário De Saúde,4,1483.21
Cerquilho,,Operador De Empilhadeira,4,1917.09
Itupeva,,Técnico De Planejamento De Produção,4,1967.51
Itapeva,,"Mecânico De Manutenção De Máquinas, Em Geral",4,2571.25
Americana,,Mestre De Trefilação De Metais,4,4336.3
Ibiúna,,Educador Social,4,1933.11
Araçatuba,,Psicólogo Clínico,4,2731.2
Itupeva,,Professor De Alunos Com Deficiência Múltipla,4,5358.84
Itu,,Operador De Telemarketing Técnico,4,2060.96
Americana,,Operador De Máquina Misturadeira (Tratamentos Químicos E Afins),4,3584.66
Boituva,,Tratador De Animais,4,2285.01
Cerquilho,,Visitador Sanitário,4,1667.29
Porto Feliz,,Trabalhador Volante Da Agricultura,4,933.64
Americana,,Condutor De Processos Robotizados De Pintura,4,1956.17
Itu,,Aplicador De Asfalto Impermeabilizante (Coberturas),4,2416.94
Cerquilho,,Leiturista,4,3856.19
Pindamonhangaba,,Trabalhador Agropecuário Em Geral,4,742.31
Itu,,Técnico Em Patologia Clínica,4,2680.08
Pindamonhangaba,,Auxiliar De Logistica,4,961.12
Americana,,Cuidador De Idosos,4,1401.09
Cabreúva,,Assistente De Vendas,4,1572.52
Itu,,Recepcionista De Hotel,4,1733.72
Cerquilho,,Supervisor De Vigilantes,4,7771.66
Itupeva,,Motorista De Furgão Ou Veículo Similar,4,1811.23
Itu,,Serrador De Madeira,4,1221.72
Americana,,Tecelão (Tear Jacquard),4,0
Itapeva,,Auxiliar De Faturamento,4,1086.67
Itu,,Tecnólogo Em Logística De Transporte,4,2254.61
Itapetininga,,Ajudante De Motorista,4,1196.91
Porto Feliz,,Nutricionista,4,3154.9
Itupeva,,"Pintor, A  Pistola (Exceto Obras E Estruturas Metálicas)",4,3028.9
Itu,,Analista De Desenvolvimento De Sistemas,4,2975.97
Itupeva,,Monitor De Sistemas Eletrônicos De Segurança Interno,4,1080.54
Macatuba,,Inspetor De Terraplenagem,4,3305.51
Araçatuba,,Carpinteiro,4,2063.43
Itu,,Técnico Em Instalação De Equipamentos De Áudio,4,2730.64
Itapeva,,Advogado (Direito Público),4,5604.87
Itapeva,,Operador De Motosserra,4,1166.82
Araçatuba,,Bibliotecário,4,12044.51
Ibiúna,,Atendente De Farmácia - Balconista,4,1275.84
Itapeva,,Psicopedagogo,4,3538.03
Araçoiaba da Serra,,Auxiliar Nos Serviços De Alimentação,4,1289.6
Itu,,Inspetor De Terraplenagem,4,2856.87
Americana,,Técnico Eletrônico,4,2492.06
Araçoiaba da Serra,,Atendente De Lojas E Mercados,4,1583.45
Itapetininga,,Engenheiro Civil,4,3285.56
Americana,,Demonstrador De Mercadorias,4,1323.13
Itapeva,,Carvoeiro,4,1526.53
Itapeva,,Técnico De Contabilidade,4,2593.94
Porto Feliz,,Dirigente Do Serviço Público Municipal,4,7236.44
Itu,,Operador De Telemarketing Receptivo,4,1936.72
Porto Feliz,,"Operador De Estação De Captação, Tratamento E Distribuição De Água",4,3582.72
Porto Feliz,,Operador Eletromecânico,4,3217.01
Boituva,,Fonoaudiólogo Geral,4,3756.61
Araçatuba,,Jornalista,4,4290.83
Americana,,Técnico De Vendas,4,1017.19
Porto Feliz,,Tratador De Animais,4,2676.6
Itu,,Chefe De Serviço De Transporte Rodoviário (Passageiros E Cargas),4,3795.67
Araçoiaba da Serra,,Faxineiro,4,1465.58
Araçatuba,,Técnico Em Segurança Do Trabalho,4,3322.91
Americana,,Técnico Em Radiologia E Imagenologia,4,4082
Itapetininga,,Comprador,4,2537.11
Porto Feliz,,Magarefe,4,3767.97
Porto Feliz,,Contador,4,5878.56
Ibiúna,,Auxiliar Em Saúde Bucal,4,1513.22
Araçatuba,,Serralheiro,4,2309.29
Araçatuba,,Motorista De Furgão Ou Veículo Similar,4,2099.09
Itu,,Encanador,4,2605.62
Macatuba,,Auxiliar Em Saúde Bucal,4,2065.22
Araçariguama,,"Embalador, A Mão",4,906.46
Ibiúna,,Almoxarife,4,1471.88
Araçatuba,,Editor De Texto E Imagem,4,1497.56
Itapeva,,Supervisor Administrativo,4,3230.02
Itu,,Canteiro,4,2477.28
Porto Feliz,,Recreador,4,1726.97
Araçatuba,,Técnico Em Manutenção De Hidrômetros,4,3184.56
Cerquilho,,Diretor De Serviços Culturais,4,3993.61
Araçatuba,,Gerente Comercial,4,4353.93
Ibiúna,,Recepcionista De Consultório Médico Ou Dentário,4,10642.14
Araçatuba,,Diretor Administrativo,4,5466.25
Charqueada,,Professor De Geografia Do Ensino Fundamental,4,1819.85
Itapetininga,,Técnico Em Nutrição E Dietética,4,1400.7
Porto Feliz,,Frentista,4,2201.75
Itupeva,,Agente De Saúde Pública,4,4789.39
Araçatuba,,Supervisor Administrativo,4,6606.27
Itapetininga,,Professor De Matemática Do Ensino Fundamental,4,3014.02
Araçatuba,,Agente Funerário,4,1678.58
Araçatuba,,Gerente Administrativo,4,4798.81
Charqueada,,Vigilante,4,2427.07
Araçatuba,,Diretor Administrativo E Financeiro,4,15685.62
Itupeva,,Zelador De Edifício,4,2616.76
Araçatuba,,Trabalhador De Serviços De Limpeza E Conservação De Áreas Públicas,4,6502.47
Itupeva,,Farmacêutico,4,4946.84
Americana,,Dirigente De Entidade De Trabalhadores,4,4820.21
Itupeva,,Operador De Telemarketing Receptivo,4,805.67
Araçariguama,,Auxiliar De Manutenção Predial,4,1615.95
Charqueada,,Enfermeiro,4,4197.33
Itu,,Salva-Vidas,4,2089.74
Cerquilho,,Vigia,4,1374.55
Cerquilho,,Atendente De Lojas E Mercados,4,1955.15
Araçoiaba da Serra,,Cirurgião Dentista - Clínico Geral,4,2256.24
Itupeva,,Preparador De Máquinas-Ferramenta,4,0
Itupeva,,Vendedor Em Comércio Atacadista,4,2216.17
Americana,,Cozinhador (Conservação De Alimentos),4,1585.15
Dourado,,Auxiliar De Manutenção Predial,4,1818.28
Cerquilho,,Supervisor De Tesouraria,4,6691.76
Itu,,Auxiliar De Contabilidade,4,2114.33
Itupeva,,"Recepcionista, Em Geral",4,2361.07
Itapeva,,Terapeuta Ocupacional,4,3941.22
Porto Feliz,,Pintor De Obras,4,1681.3
Cerquilho,,Tecelão De Meias (Máquina Circular),4,1344.71
Araçoiaba da Serra,,Engenheiro Civil,4,5567.82
Itapetininga,,Contador,4,3992.34
Itu,,Soldador,4,2516.31
Porto Feliz,,Técnico De Obras Civis,4,3293.11
Cerquilho,,Assistente De Vendas,4,2071.42
Macatuba,,Operador De Caixa,4,1451.85
Americana,,Copeiro De Hospital,4,1068.21
Macatuba,,Carregador (Armazém),4,1453.71
Porto Feliz,,Instrutor De Cursos Livres,4,2484.01
Boituva,,Agente De Ação Social,4,2461.06
Itupeva,,"Operador De Máquinas Fixas, Em Geral",4,2422.49
Araçariguama,,Motorista De Carro De Passeio,4,1783.21
Pindamonhangaba,,Contador,4,1608.69
Itupeva,,Carregador (Armazém),4,1367.23
Piedade,,Tratorista Agrícola,4,2083.54
Araçariguama,,Médico Clínico,4,5322.28
Pindamonhangaba,,Operador De Empilhadeira,4,2999.79
Americana,,Prensista (Operador De Prensa),4,2185.88
Araçoiaba da Serra,,Técnico De Desporto Individual E Coletivo (Exceto Futebol),4,2288.97
Boituva,,Almoxarife,4,1778.68
Araçatuba,,Ajudante De Motorista,4,1711.18
Americana,,Operador De Abertura (Fiação),4,1528.96
Araçariguama,,Operador De Carregadeira,4,2731.07
Araçariguama,,Diretor De Serviços De Saúde,4,3614.97
Americana,,Agente De Vendas De Serviços,4,1601.38
Piedade,,Operador De Máquinas Operatrizes,4,1643.55
Araçariguama,,Operador De Caixa,4,1792.81
Boituva,,Assistente Administrativo,4,1906.29
Araçatuba,,Repórter De Mídias Audiovisuais,4,6633.31
Cerquilho,,Fonoaudiólogo Geral,4,5111.72
Araçoiaba da Serra,,Agente De Saúde Pública,4,2443.54
Charqueada,,Visitador Sanitário,4,2121.56
Itapetininga,,Vigia,4,1137.14
Americana,,Agente Funerário,4,1418.07
Araçatuba,,Montador De Estruturas Metálicas De Embarcações,4,2401.2
Cerquilho,,Gerente De Vendas,4,15775
Charqueada,,Tratorista Agrícola,4,2417.68
Charqueada,,Cirurgião Dentista - Clínico Geral,4,5438.1
Ibiúna,,Médico Anestesiologista,4,13738.96
Araçariguama,,Professor De Língua Espanhola,4,4049.75
Cerquilho,,Pedreiro,4,3324.72
Cabreúva,,Gerente De Compras,3,9040.76
Itapetininga,,Carpinteiro,3,1898.53
Boituva,,Armazenista,3,1084.33
Boituva,,Porteiro De Edifícios,3,2490.41
Araçatuba,,Desenhista Técnico,3,4546.56
Americana,,Assistente De Laboratório Industrial,3,4696.09
Boituva,,"Eletricista De Instalações (Veículos Automotores E Máquinas Operatrizes, Exceto Aeronaves E Embarcações)",3,2931.39
Cerquilho,,Orientador Educacional,3,3588.52
Cerquilho,,Açougueiro,3,1264.67
Dourado,,Diretor Geral De Empresa E Organizações (Exceto De Interesse Público),3,3590.16
Cerquilho,,Professor De História Do Ensino Fundamental,3,1222.83
Cerquilho,,Técnico De Obras Civis,3,6185.77
Araçatuba,,Ortoptista,3,5594.15
Araçariguama,,Promotor De Vendas,3,1326.4
Charqueada,,Farmacêutico,3,2613.16
Americana,,Auxiliar Em Saúde Bucal,3,2398.97
Itapetininga,,Armazenista,3,1057.64
Charqueada,,Professor De Ciências Exatas E Naturais Do Ensino Fundamental,3,2222.21
Cerquilho,,Gerente De Produção E Operações,3,4084.94
Boituva,,Auxiliar Nos Serviços De Alimentação,3,988.9
Pindamonhangaba,,Técnico Eletrônico,3,448.23
Cerquilho,,Professor De Matemática Do Ensino Fundamental,3,1189.33
Boituva,,Vigia,3,1270.03
Macatuba,,Enfermeiro,3,7163.3
Boituva,,Técnico Agrícola,3,6769.04
Boituva,,Advogado,3,4373.73
Araçatuba,,Técnico De Garantia Da Qualidade,3,2493.49
Araçatuba,,Auxiliar Geral De Conservação De Vias Permanentes (Exceto Trilhos),3,1243.09
Americana,,Assistente Comercial De Seguros,3,1691.76
Americana,,Marceneiro,3,1603.7
Araçatuba,,Motofretista,3,1258.04
Araçariguama,,Garçom,3,3005.2
Pindamonhangaba,,Motorista De Furgão Ou Veículo Similar,3,1625.1
Piedade,,Farmacêutico,3,4269.44
Itupeva,,Médico Veterinário,3,8523.57
Ibiúna,,Farmacêutico Analista Clínico,3,1632.99
Piedade,,Professor De Educação Física No Ensino Médio,3,2664.28
Americana,,Técnico De Rede (Telecomunicações),3,2274.7
Araçariguama,,Professor De Filosofia No Ensino Médio,3,3534.3
Itu,,Médico Em Radiologia E Diagnóstico Por Imagem,3,11689.74
Americana,,Auxiliar De Manutenção Predial,3,2244.89
Itupeva,,Contador,3,10155.81
Piedade,,Comerciante Varejista,3,959.69
Americana,,Caldeireiro (Chapas De Ferro E Aço),3,527.76
Americana,,Mecânico De Veículos Automotores A Diesel (Exceto Tratores),3,2353.6
Cabreúva,,Apontador De Produção,3,1515.91
Piedade,,Dirigente Do Serviço Público Municipal,3,3977.94
Boituva,,Engenheiro Civil,3,7837.77
Cabreúva,,Ajudante De Motorista,3,1074.2
Ibiúna,,Terapeuta Ocupacional,3,4576.65
Araçatuba,,Contínuo,3,1457.5
Boituva,,Supervisor Administrativo,3,3474.14
Americana,,Auxiliar De Cartório,3,550
Ibiúna,,Nutricionista,3,3254.66
Itapetininga,,Médico Veterinário,3,3419.76
Araçatuba,,Desenhista Industrial Gráfico (Designer Gráfico),3,1902.67
Cerquilho,,Auxiliar Em Saúde Bucal,3,1842.38
Araçatuba,,Mecânico De Manutenção De Máquinas De Construção E Terraplenagem,3,2224.09
Itu,,Lavador De Veículos,3,1355.02
Piedade,,Varredor De Rua,3,1683.85
Itu,,Gerente Administrativo,3,7524.12
Cerquilho,,Serralheiro,3,1868.54
Porto Feliz,,Trabalhador De Fabricação De Tintas,3,6503.07
Itupeva,,Diretor Geral De Empresa E Organizações (Exceto De Interesse Público),3,27229.67
Itapeva,,Nutricionista,3,2656.84
Americana,,Técnico De Garantia Da Qualidade,3,1906.16
Itapetininga,,Digitador,3,2805.92
Americana,,Cozinheiro Industrial,3,1679.07
Pindamonhangaba,,Estoquista,3,963.87
Americana,,Operador De Time De Montagem,3,2295.88
Macatuba,,Repositor De Mercadorias,3,1356.25
Porto Feliz,,Psicólogo Clínico,3,3811.82
Piedade,,Técnico De Enfermagem,3,2764.31
Araçatuba,,Desenhista Projetista De Construção Civil,3,3047.54
Itu,,Preparador De Máquinas-Ferramenta,3,1679.12
Macatuba,,Alimentador De Linha De Produção,3,1758.31
Americana,,Laminador De Plástico,3,1645.26
Itu,,Marceneiro,3,1563.89
Macatuba,,Tratorista Agrícola,3,2798.03
Americana,,Cortador De Roupas,3,1931.36
Araçatuba,,Lavador De Veículos,3,1731.83
Porto Feliz,,Assistente De Vendas,3,2022.71
Cabreúva,,Servente De Obras,3,2312.76
Araçatuba,,Dirigente De Entidade De Trabalhadores,3,4332.81
Ibiúna,,Médico Veterinário,3,9324.5
Americana,,Instalador-Reparador De Redes Telefônicas E De Comunicação De Dados,3,1113.63
Araçatuba,,Operador De Escavadeira,3,3657.24
Americana,,Analista De Desenvolvimento De Sistemas,3,2197.64
Pindamonhangaba,,Comerciante Varejista,3,0
Araçatuba,,Mestre (Construção Civil),3,3324.67
Araçatuba,,Fonoaudiólogo Geral,3,3364.83
Itu,,Desenhista Detalhista,3,1910.18
Araçatuba,,Terapeuta Ocupacional,3,4284.54
Araçatuba,,Recepcionista De Consultório Médico Ou Dentário,3,1064.49
Itapeva,,Médico Ginecologista E Obstetra,3,11614.65
Cabreúva,,Atendente De Farmácia - Balconista,3,1484.8
Araçariguama,,Atendente De Lojas E Mercados,3,1591.43
Americana,,Fiscal De Loja,3,1781.85
Itapetininga,,Assistente De Vendas,3,1253.79
Itapetininga,,Atendente De Lanchonete,3,1182.77
Ibiúna,,Faxineiro,3,1245.74
Itapetininga,,Técnico Em Segurança Do Trabalho,3,2373.89
Cerquilho,,Auxiliar Nos Serviços De Alimentação,3,1488.1
Cerquilho,,Revisor De Tecidos Acabados,3,1474.86
Itu,,Tecnólogo Em Meio Ambiente,3,4459.6
Itu,,Engenheiro Agrônomo,3,8372.16
Cabreúva,,Atendente De Lojas E Mercados,3,998.82
Itapetininga,,Recreador,3,2029.57
Dourado,,Alimentador De Linha De Produção,3,1551.55
Itu,,Supervisor De Telefonistas,3,3406.83
Itupeva,,Agente Comunitário De Saúde,3,2663.16
Ibiúna,,Técnico Em Administração,3,967.85
Araçatuba,,Auxiliar De Lavanderia,3,885.29
Ibiúna,,Telefonista,3,3246.71
Cerquilho,,Cortador De Roupas,3,2104.94
Americana,,Vendedor Pracista,3,1608.72
Cerquilho,,Professor De Química No Ensino Médio,3,1144.09
Itu,,Técnico Em Turismo,3,3129.29
Itapetininga,,Soldador,3,2027.92
Itapeva,,Trabalhador Da Elaboração De Pré-Fabricados (Concreto Armado),3,1551
Americana,,Médico Pediatra,3,16773.03
Itu,,Mecânico De Manutenção De Máquinas-Ferramentas (Usinagem De Metais),3,1362.02
Araçatuba,,Técnico Em Radiologia E Imagenologia,3,3816.4
Dourado,,Assistente Administrativo,3,2015.58
Ibiúna,,Engenheiro Civil,3,6204.36
Porto Feliz,,Expedidor De Mercadorias,3,1700.99
Pindamonhangaba,,Cozinheiro Geral,3,1508.58
Itu,,Desenhista Técnico,3,4933.21
Americana,,Apontador De Produção,3,2868.98
Araçatuba,,Enfermeiro Obstétrico,3,3951.01
Itapeva,,Mecânico De Manutenção De Máquinas Agrícolas,3,5425.72
Itapetininga,,Marceneiro,3,1606.53
Porto Feliz,,Técnico Em Segurança Do Trabalho,3,2339.7
Araçoiaba da Serra,,Operador De Caixa,3,1216.09
Itapeva,,Médico Pediatra,3,11438.84
Ibiúna,,Técnico De Imobilização Ortopédica,3,2254.08
Itu,,Agente De Portaria,3,4059.26
Itapeva,,Técnico Agrícola,3,1602.31
Itu,,Gerente De Marketing,3,2284.72
Itupeva,,Vendedor Em Domicílio,3,557.07
Itu,,Biomédico,3,3223.13
Ibiúna,,Contador,3,2561.49
Pindamonhangaba,,Técnico De Manutenção Elétrica,3,3824.22
Americana,,Operador De Urdideira,3,1557.85
Ibiúna,,Motorista De Ônibus Urbano,3,2549.49
Porto Feliz,,Copeiro,3,2586.78
Cerquilho,,Operador De Colheitadeira,3,3219.16
Boituva,,Nutricionista,3,4793.61
Boituva,,Motorista De Furgão Ou Veículo Similar,3,4716.52
Porto Feliz,,Mestre (Construção Civil),3,3298.45
Itapeva,,Operador De Colheitadeira,3,1466.67
Itupeva,,Gerente De Loja E Supermercado,3,4834.09
Porto Feliz,,Vendedor Em Comércio Atacadista,3,4417.34
Ibiúna,,"Embalador, A Mão",3,841.16
Itapeva,,Assessor De Imprensa,3,3463.62
Pindamonhangaba,,Inspetor De Qualidade,3,5106.36
Itapetininga,,Frentista,3,1865.11
Americana,,Operador Eletromecânico,3,537.77
Itapetininga,,Garçom,3,1572.95
Itapetininga,,"Mecânico De Manutenção De Automóveis, Motocicletas E Veículos Similares",3,1779.8
Ibiúna,,Pintor De Obras,3,2683.11
Porto Feliz,,Trabalhador Agropecuário Em Geral,3,1640.29
Boituva,,Administrador,3,2476.17
Americana,,Médico Ortopedista E Traumatologista,3,12704.15
Itapetininga,,Comerciante Varejista,3,1582.19
Americana,,Médico Cirurgião Geral,3,14155.27
Boituva,,Telefonista,3,3156.68
Araçariguama,,Controlador De Entrada E Saída,3,791.67
Pindamonhangaba,,Assistente De Vendas,3,1359.2
Araçatuba,,Marceneiro,3,2897.2
Boituva,,Operador De Torno Com Comando Numérico,3,3070.37
Itapetininga,,Motofretista,3,942.23
Macatuba,,Encanador,3,2497.73
Itupeva,,Auxiliar De Manutenção Predial,3,1002.54
Itu,,Cuidador Em Saúde,3,2401.08
Boituva,,Ajudante De Confecção,3,1313.87
Macatuba,,Auxiliar De Enfermagem,3,3856.41
Itupeva,,Promotor De Vendas Especializado,3,753.4
Pindamonhangaba,,Técnico De Obras Civis,3,1853.57
Porto Feliz,,Motorista De Furgão Ou Veículo Similar,3,3344.24
Porto Feliz,,"Embalador, A Mão",3,1333.21
Itu,,Técnico Em Agrimensura,3,3748.65
Itu,,Técnico Em Secretariado,3,1121.21
Pindamonhangaba,,Gerente Comercial,3,3120.47
Ibiúna,,Servente De Obras,3,1460.94
Itupeva,,Fonoaudiólogo Geral,3,8095.05
Itu,,Bibliotecário,3,3466.2
Itu,,Terapeuta Ocupacional,3,3008.42
Itu,,Porteiro (Hotel),3,3147.06
Pindamonhangaba,,Conferente De Carga E Descarga,3,1669.26
Itu,,"Operador De Produção (Química, Petroquímica E Afins)",3,1739.81
Ibiúna,,Consultor Jurídico,3,5824.96
Porto Feliz,,Motorista De Caminhão (Rotas Regionais E Internacionais),3,2571.12
Macatuba,,Operador De Máquinas De Construção Civil E Mineração,3,2159.31
Itupeva,,Vigia,3,4109.25
Pindamonhangaba,,Serralheiro,3,2331.47
Piedade,,Agente De Saúde Pública,3,2362.68
Itupeva,,Eletricista De Instalações,3,3617.16
Itupeva,,Auditor (Contadores E Afins),3,9097
Itapetininga,,Tecnólogo Em Logística De Transporte,3,1342.66
Itapetininga,,Economista Agroindustrial,3,3327.67
Itupeva,,Técnico De Garantia Da Qualidade,3,2840.2
Araçariguama,,Nutricionista,3,5503.63
Itapeva,,"Mecânico De Manutenção De Automóveis, Motocicletas E Veículos Similares",3,3736.47
Porto Feliz,,Eletricista De Instalações,3,2056.34
Itu,,Motorista De Ônibus Rodoviário,3,1945.58
Araçoiaba da Serra,,"Recepcionista, Em Geral",3,456.85
Americana,,Tratorista Agrícola,3,2057.44
Itapetininga,,Diretor Administrativo,3,5668.43
Boituva,,Fisioterapeuta Geral,3,4860.28
Cerquilho,,Médico Clínico,3,9614.1
Porto Feliz,,Administrador,3,1250.09
Charqueada,,Advogado,3,5346.27
Itupeva,,Auxiliar De Contabilidade,3,3241.15
Itu,,Secretária Trilíngüe,3,5188.97
Araçariguama,,Montador De Estruturas Metálicas,3,1269.75
Cerquilho,,Técnico Em Patologia Clínica,3,5454.87
Charqueada,,Psicólogo Clínico,3,2823.55
Cerquilho,,Eletricista De Manutenção Eletroeletrônica,3,3941.58
Cabreúva,,Operador Eletromecânico,3,4264.75
Cerquilho,,"Mecânico De Manutenção De Automóveis, Motocicletas E Veículos Similares",3,2713.51
Cabreúva,,Contador,3,4833.67
Cabreúva,,Tecnólogo Em Logística De Transporte,3,2206.71
Americana,,Publicitário,3,1245.79
Americana,,Supervisor De Vendas Comercial,3,3219.38
Itapeva,,Secretário  Bilíngüe,3,8015.32
Itapetininga,,Supervisor Administrativo,3,7908.3
Americana,,Tratador De Animais,3,2869.66
Americana,,Contador,3,2622.41
Araçariguama,,Auxiliar De Desenvolvimento Infantil,3,3825.9
Cerquilho,,Fiscal De Atividades Urbanas,3,4267.54
Cerquilho,,Sepultador,3,1402.91
Boituva,,Auxiliar Geral De Conservação De Vias Permanentes (Exceto Trilhos),3,2949.25
Araçoiaba da Serra,,Fisioterapeuta Geral,3,3285.9
Itupeva,,Técnico Em Laboratório De Farmácia,3,4664.15
Itu,,Agente De Trânsito,3,2684.77
Americana,,Carregador (Armazém),3,1328.61
Cerquilho,,Motofretista,3,1128.21
Araçatuba,,Técnico Em Nutrição E Dietética,3,4558.81
Cabreúva,,Ajustador Mecânico (Usinagem Em Bancada E Em Máquinas-Ferramentas),3,1273.28
Cerquilho,,Cartazeiro,3,1463.17
Araçoiaba da Serra,,Farmacêutico,3,3963.03
Araçoiaba da Serra,,Técnico Em Segurança Do Trabalho,3,2350.92
Americana,,Engenheiro Civil,3,7472.85
Araçoiaba da Serra,,Motorista De Caminhão (Rotas Regionais E Internacionais),3,1816.14
Ibiúna,,Frentista,3,1512.16
Itupeva,,Técnico Em Eletromecânica,2,0
Itapeva,,Jardineiro,2,2621.23
Itupeva,,Arquiteto De Edificações,2,7642.98
Itu,,Operador De Máquina Misturadeira (Tratamentos Químicos E Afins),2,1813.56
Porto Feliz,,Gerente De Produção E Operações,2,22185.24
Itu,,Técnico De Controle De Meio Ambiente,2,3740.47
Porto Feliz,,Gerente Administrativo,2,1690
Itupeva,,Técnico Em Agrimensura,2,4878.38
Itu,,Agente Funerário,2,3990.23
Porto Feliz,,Açougueiro,2,856.51
Itu,,Técnico Em Gravação De Áudio,2,4808.97
Itu,,Motofretista,2,1886.6
Itu,,Calceteiro,2,2887.97
Porto Feliz,,Borracheiro,2,2024.98
Itu,,Técnico De Enfermagem Do Trabalho,2,3893.08
Porto Feliz,,"Operador De Calandra (Química, Petroquímica E Afins)",2,2192.46
Itu,,Auxiliar De Judiciário,2,4795.61
Itu,,,2,1307.09
Itupeva,,Operador De Máquinas De Construção Civil E Mineração,2,2997.33
Itupeva,,Operador De Centro De Usinagem Com Comando Numérico,2,3727.99
Itu,,Tecnólogo Em Construção Civil,2,2610
Itupeva,,Auxiliar De Pessoal,2,1471.09
Itupeva,,Desenhista Projetista Mecânico,2,2291.8
Americana,,Gerente De Vendas,2,9000
Itu,,Mestre (Construção Civil),2,1484.32
Americana,,Médico Em Radiologia E Diagnóstico Por Imagem,2,10873.93
Americana,,Auxiliar De Corte (Preparação Da Confecção De Roupas),2,1003.66
Itupeva,,Servente De Obras,2,1828.47
Itupeva,,Operador De Torno Automático (Usinagem De Madeira),2,2915.61
Itu,,"Mecânico De Manutenção De Automóveis, Motocicletas E Veículos Similares",2,2500.99
Itu,,Apontador De Mão-De-Obra,2,2067.43
Itu,,Leiturista,2,1587.09
Itu,,Topógrafo,2,3153.27
Itu,,Coletor De Lixo Domiciliar,2,1783.18
Itupeva,,Trabalhador Agropecuário Em Geral,2,1455
Americana,,Operador De Computador,2,1040.57
Americana,,Ferramenteiro,2,2462.05
Itupeva,,,2,1313.5
Itu,,Operador De Ceifadeira Na Conservação De Vias Permanentes,2,729.23
Itu,,Auxiliar De Pessoal,2,1569.09
Itu,,Comerciante Varejista,2,1600
Itupeva,,"Embalador, A Mão",2,904.49
Americana,,Supervisor De Produção Da Indústria Alimentícia,2,1572.41
Itu,,Médico Ginecologista E Obstetra,2,6445.39
Itupeva,,Montador De Máquinas,2,2754.86
Americana,,Operador De Espuladeira,2,1468.5
Itu,,Magarefe,2,1887
Itupeva,,Tecnólogo Em Gestão Da Tecnologia Da Informação,2,5457.69
Araçariguama,,Mecânico Montador De Turboalimentadores,2,1137.5
Itu,,Ajustador Mecânico (Usinagem Em Bancada E Em Máquinas-Ferramentas),2,755.3
Itu,,Fotógrafo,2,5651.43
Itu,,Técnico Eletricista,2,580.54
Itu,,Supervisor De Carga E Descarga,2,2013.06
Itu,,Fiscal De Loja,2,1008.51
Itu,,Apontador De Produção,2,1512.58
Araçariguama,,Vigia,2,1654.38
Americana,,Auxiliar De Desenvolvimento Infantil,2,1342.21
Americana,,,2,1992.07
Itu,,Médico Cardiologista,2,11305.2
Itupeva,,Médico Endocrinologista E Metabologista,2,10903.59
Itu,,Médico Otorrinolaringologista,2,6006.7
Americana,,Diretor De Mídia (Publicidade),2,3962.37
Cerquilho,,Diretor De Operações De Obras Pública E Civil,2,4690.81
Americana,,Alvejador (Tecidos),2,1882.26
Dourado,,Diretor Financeiro,2,4566.2
Porto Feliz,,Controlador De Entrada E Saída,2,8193.03
Cerquilho,,Engenheiro Civil (Rodovias),2,3910.97
Cerquilho,,Gerente De Produção E Operações Da Construção Civil E Obras Públicas,2,2853.48
Cerquilho,,Agente De Saúde Pública,2,2332.16
Itupeva,,Tecnólogo Em Telecomunicações,2,1582.27
Itupeva,,Ferramenteiro,2,0
Charqueada,,Auxiliar De Serviços Jurídicos,2,3114.27
Americana,,Motorista De Furgão Ou Veículo Similar,2,2732.04
Itu,,Supervisor De Vendas Comercial,2,9459.42
Americana,,Condutor Maquinista Motorista Fluvial,2,3273.48
Dourado,,Controlador De Serviços De Máquinas E Veículos,2,2616.36
Porto Feliz,,Forneiro De Fundição (Forno De Redução),2,1798.82
Itu,,Diretor Geral De Empresa E Organizações (Exceto De Interesse Público),2,9149.02
Dourado,,Almoxarife,2,1917.11
Itu,,Garçom,2,826.37
Cerquilho,,Professor De Biologia No Ensino Médio,2,1566.86
Cerquilho,,Auxiliar De Farmácia De Manipulação,2,1434.98
Araçariguama,,Médico Pediatra,2,4839.85
Piedade,,Médico Psiquiatra,2,10946.3
Porto Feliz,,Armazenista,2,1666.21
Pindamonhangaba,,Engenheiro Metalurgista,2,4933.33
Pindamonhangaba,,Analista De Recursos Humanos,2,4787.74
Dourado,,Secretário - Executivo,2,4852.16
Pindamonhangaba,,Biomédico,2,2873.19
Piedade,,Técnico Em Secretariado,2,2065.61
Pindamonhangaba,,Auxiliar De Faturamento,2,1806.42
Pindamonhangaba,,Montador De Máquinas,2,2426.55
Pindamonhangaba,,Operador De Máquinas-Ferramenta Convencionais,2,2106.09
Porto Feliz,,Desenhista Projetista Mecânico,2,3869.84
Pindamonhangaba,,Técnico De Garantia Da Qualidade,2,2603.52
Piedade,,Cozinheiro Geral,2,1375.28
Dourado,,Advogado,2,7181.11
Pindamonhangaba,,Vigia,2,1525.49
Pindamonhangaba,,Mecânico De Veículos Automotores A Diesel (Exceto Tratores),2,1313.14
Piedade,,Atendente De Farmácia - Balconista,2,1224.55
Cerquilho,,Engenheiro Agrônomo,2,3710.6
Piedade,,Trabalhador Agropecuário Em Geral,2,1760.7
Pindamonhangaba,,Atendente De Farmácia - Balconista,2,1372.28
Itapetininga,,Gerente Administrativo,2,8879.02
Ibiúna,,Mecânico De Veículos Automotores A Diesel (Exceto Tratores),2,1189.31
Itapetininga,,Cuidador Em Saúde,2,1279.2
Porto Feliz,,Engenheiro Civil,2,2769.44
Porto Feliz,,Operador De Máquina De Abrir Valas,2,5053.15
Araçoiaba da Serra,,Médico Ginecologista E Obstetra,2,6532.57
Araçoiaba da Serra,,Técnico De Contabilidade,2,6286.03
Araçoiaba da Serra,,Contador,2,4769
Dourado,,Diretor De Serviços De Saúde,2,3773.69
Araçoiaba da Serra,,Médico Veterinário,2,4955.34
Americana,,Moldador De Plástico Por Compressão,2,1154.33
Itapetininga,,Professor De Disciplinas Pedagógicas No Ensino Médio,2,1473.66
Itapeva,,Operador De Trator Florestal,2,2695.91
Araçatuba,,Técnico De Imobilização Ortopédica,2,2814.08
Itapeva,,Funileiro Industrial,2,3110.22
Araçatuba,,Documentalista,2,2832.55
Cerquilho,,Forneiro De Fundição (Forno De Redução),2,2010.35
Araçatuba,,Professor De Nível Médio No Ensino Fundamental,2,2135.93
Araçoiaba da Serra,,Sepultador,2,2144.3
Araçatuba,,Ajustador Mecânico,2,1814.47
Itapetininga,,Técnico De Vendas,2,2686.71
Itapeva,,Mecânico De Veículos Automotores A Diesel (Exceto Tratores),2,824.55
Ibiúna,,Tradutor,2,3046.44
Cerquilho,,Metrologista,2,2772.3
Americana,,Técnico De Manutenção Elétrica,2,3178.47
Itapeva,,"Eletricista De Instalações (Veículos Automotores E Máquinas Operatrizes, Exceto Aeronaves E Embarcações)",2,2847.3
Americana,,Confeiteiro,2,1192.49
Itapetininga,,Gerente De Comunicação,2,3318.25
Dourado,,Técnico De Suporte Ao Usuário De Tecnologia Da Informação,2,2131.82
Cerquilho,,Recepcionista De Consultório Médico Ou Dentário,2,1466.79
Cerquilho,,Professor De Física No Ensino Médio,2,1552.12
Itapeva,,Analista De Recursos Humanos,2,6148.51
Cerquilho,,Pintor De Estruturas Metálicas,2,1633.26
Cerquilho,,Inspetor De Qualidade,2,1567.16
Araçatuba,,Técnico Agrícola,2,1783.7
Araçatuba,,Técnico De Laboratório Industrial,2,2084.63
Araçatuba,,Auxiliar De Manutenção Predial,2,1102.69
Ibiúna,,Psicopedagogo,2,3880.55
Itapetininga,,Professor De Língua Estrangeira Moderna Do Ensino Fundamental,2,3253.37
Americana,,Inspetor De Alunos De Escola Privada,2,1103.78
Ibiúna,,Médico Psiquiatra,2,9401.17
Pindamonhangaba,,Economista Industrial,2,4373.33
Araçatuba,,Eletrotécnico,2,542.66
Piedade,,Nutricionista,2,4395.06
Piedade,,Professor De Terapia Ocupacional,2,4548.02
Cabreúva,,Técnico De Garantia Da Qualidade,2,2875.09
Americana,,Operador De Acabamento (Indústria Gráfica),2,1494.75
Piedade,,Administrador,2,1857.13
Araçatuba,,Consultor Jurídico,2,31805.32
Cabreúva,,Agente De Portaria,2,1663.18
Cabreúva,,Motorista De Carro De Passeio,2,2041.16
Pindamonhangaba,,,2,1943.75
Araçoiaba da Serra,,Arquivista De Documentos,2,550
Macatuba,,Fisioterapeuta Geral,2,5068.5
Macatuba,,Contador,2,6485.95
Pindamonhangaba,,Pedreiro (Material Refratário),2,2323.36
Americana,,Operador De Sistemas De Prova (Analógico E Digital),2,2132.09
Macatuba,,Eletricista De Manutenção Eletroeletrônica,2,2479.86
Americana,,Operador De Telemarketing Receptivo,2,1330.93
Macatuba,,Almoxarife,2,3453.49
Macatuba,,"Mecânico De Manutenção De Automóveis, Motocicletas E Veículos Similares",2,3286.9
Macatuba,,Técnico Em Segurança Do Trabalho,2,2771.32
Macatuba,,"Recepcionista, Em Geral",2,2076.04
Pindamonhangaba,,Operador De Ponte Rolante,2,3317.16
Araçariguama,,Limpador De Vidros,2,1373.72
Boituva,,Auxiliar De Farmácia De Manipulação,2,3521.74
Araçariguama,,Auxiliar Em Saúde Bucal,2,1567.03
Boituva,,Arquiteto De Edificações,2,7386.67
Macatuba,,Açougueiro,2,1353.78
Boituva,,"Mecânico De Manutenção De Máquinas, Em Geral",2,1238.59
Araçatuba,,Secretária(O) Executiva(O),2,2498.22
Araçatuba,,Preparador Físico,2,848.3
Araçatuba,,Contador,2,7083.48
Araçatuba,,Jornaleiro (Em Banca De Jornal),2,803.17
Cabreúva,,Nutricionista,2,7040.42
Cabreúva,,Ferramenteiro,2,3773.37
Pindamonhangaba,,"Eletrotécnico Na Fabricação, Montagem E Instalação De Máquinas E Equipamentos",2,2762.68
Araçatuba,,Varredor De Rua,2,1669.33
Cabreúva,,Controlador De Entrada E Saída,2,355.09
Araçariguama,,Técnico De Imobilização Ortopédica,2,2127.23
Itapeva,,Professor De Disciplinas Pedagógicas No Ensino Médio,2,0
Pindamonhangaba,,Supervisor De Produção Da Indústria Alimentícia,2,1827.31
Itapetininga,,Professor De Ciências Exatas E Naturais Do Ensino Fundamental,2,2419.97
Ibiúna,,Chefe De Cozinha,2,3844.32
Araçoiaba da Serra,,Professor De Alunos Com Deficiência Auditiva E Surdos,2,1677.18
Araçatuba,,Cartazeiro,2,2549.63
Araçoiaba da Serra,,Comprador,2,3515.3
Araçariguama,,Soldador,2,2999.33
Ibiúna,,Gerente De Vendas,2,3064.99
Araçatuba,,Zelador De Edifício,2,2550.57
Araçoiaba da Serra,,Topógrafo,2,2441.56
Araçatuba,,Tratorista Agrícola,2,3570.72
Ibiúna,,Coordenador Pedagógico,2,2049.72
Araçoiaba da Serra,,Terapeuta Ocupacional,2,3840.49
Itapeva,,Fonoaudiólogo Geral,2,1527.69
Araçatuba,,Biotecnologista,2,7866.2
Pindamonhangaba,,Trabalhador Da Manutenção De Edificações,2,1593.95
Itapetininga,,Promotor De Vendas,2,1384.28
Itapetininga,,Operador De Filatório,2,1132.29
Pindamonhangaba,,Auxiliar De Manutenção Predial,2,901.09
Pindamonhangaba,,Atendente De Lanchonete,2,1085.47
Pindamonhangaba,,Auxiliar De Pessoal,2,1514.5
Pindamonhangaba,,Técnico De Enfermagem,2,1094.88
Americana,,Auxiliar De Enfermagem,2,3225.31
Piedade,,Trabalhador Da Manutenção De Edificações,2,1616.13
Pindamonhangaba,,Técnico De Suporte Ao Usuário De Tecnologia Da Informação,2,2581.6
Americana,,Forneiro E Operador (Forno Elétrico),2,3173.76
Itapetininga,,Magarefe,2,746.6
Pindamonhangaba,,Auxiliar De Contabilidade,2,1305.83
Araçariguama,,Diretor De Operações De Obras Pública E Civil,2,3947.88
Itapetininga,,Estoquista,2,895.75
Piedade,,Pintor De Obras,2,1670.66
Araçariguama,,Diretor De Pesquisa E Desenvolvimento (P&D),2,3595.03
Pindamonhangaba,,Guincheiro (Construção Civil),2,1225.94
Araçariguama,,Diretor Administrativo,2,4737.64
Pindamonhangaba,,Técnico Em Manutenção De Máquinas,2,2264.74
Itapetininga,,Desossador,2,941.45
Itapeva,,Diretor Comercial,2,8948.93
Piedade,,Diretor Administrativo,2,2978.75
Americana,,Técnico Em Laboratório De Farmácia,2,5059.4
Itapetininga,,Supervisor De Vendas Comercial,2,11406.14
Piedade,,Diretor De Serviços De Saúde,2,5273.8
Piedade,,Consultor Jurídico,2,5160.72
Araçariguama,,Agente De Defesa Ambiental,2,5460.96
Piedade,,Caldeireiro (Chapas De Ferro E Aço),2,2436.57
Charqueada,,Caldeireiro (Chapas De Ferro E Aço),2,550
Cerquilho,,Professor De Língua Portuguesa Do Ensino Fundamental,2,871.47
Cerquilho,,Contador,2,9174.92
Cerquilho,,Médico Veterinário,2,8984.19
Americana,,Arquiteto De Edificações,2,6951.74
Itapeva,,Gerente De Almoxarifado,2,2353.39
Cerquilho,,Frentista,2,1445.09
Americana,,Gerente De Produtos Bancários,2,4685.76
Charqueada,,Auxiliar Em Saúde Bucal,2,1514.5
Americana,,Montador De Andaimes (Edificações),2,1500
Dourado,,Motorista De Caminhão (Rotas Regionais E Internacionais),2,2659.13
Cerquilho,,Auxiliar De Laboratório De Análises Clínicas,2,1716.48
Americana,,Técnico Em Administração,2,2687.7
Americana,,"Supervisor De Operação De Fluidos (Distribuição, Captação, Tratamento De Água, Gases, Vapor)",2,2325.78
Americana,,"Supervisor Da Confecção De Artefatos De Tecidos, Couros E Afins",2,3471.36
Araçariguama,,Administrador,2,3777.47
Cerquilho,,Professor De Ciências Exatas E Naturais Do Ensino Fundamental,2,1664.18
Araçariguama,,Analista De Desenvolvimento De Sistemas,2,2651.16
Americana,,Técnico De Controle De Meio Ambiente,2,2487.3
Americana,,Recepcionista De Hotel,2,2744.8
Itapetininga,,Banhista De Animais Domésticos,2,505.63
Americana,,Motofretista,2,2086.05
Americana,,Gesseiro,2,1793.96
Araçoiaba da Serra,,Secretário - Executivo,2,3126.9
Araçatuba,,Analista De Recursos Humanos,2,3470.6
Dourado,,Técnico De Enfermagem,2,1567.43
Araçariguama,,Supervisor De Almoxarifado,2,2982.2
Americana,,Revisor De Fios (Produção Têxtil),2,1404.18
Americana,,Cumim,2,1650.65
Araçoiaba da Serra,,Vendedor De Comércio Varejista,2,3193.82
Araçatuba,,Instalador De Tubulações,2,3772.69
Araçariguama,,Açougueiro,2,1476.38
Dourado,,Coordenador Pedagógico,2,5776.42
Araçariguama,,Apontador De Produção,2,1183.77
Americana,,"Bordador, À Máquina",2,1677.43
Araçatuba,,"Eletricista De Instalações (Veículos Automotores E Máquinas Operatrizes, Exceto Aeronaves E Embarcações)",2,3404.51
Cerquilho,,Médico Ginecologista E Obstetra,2,5513.56
Americana,,Cobrador Interno,2,513.37
Cerquilho,,Diretor Geral De Empresa E Organizações (Exceto De Interesse Público),2,0
Araçatuba,,Operador De Projetor Cinematográfico,2,1958.98
Itupeva,,Operador De Estação De Tratamento De Água E Efluentes,2,1312.47
Araçatuba,,Operador De Máquinas De Construção Civil E Mineração,2,2063.51
Itupeva,,Técnico De Laboratório Industrial,2,423.43
Itu,,Técnico De Manutenção Elétrica,2,1357.67
Itupeva,,Coletor De Resíduos Sólidos De Serviços De Saúde,2,1776.08
Itupeva,,Gerente Comercial,2,1737.09
Itu,,Recepcionista De Consultório Médico Ou Dentário,2,1216.04
Itupeva,,Churrasqueiro,2,911.11
Araçatuba,,Biomédico,2,2069.45
Itu,,Criador De Bovinos (Leite),2,2341.15
Porto Feliz,,Supervisor De Vendas Comercial,2,8830.31
Itapeva,,Classificador De Madeira,2,1326.08
Porto Feliz,,Médico Veterinário,2,6966.9
Itapeva,,Trabalhador Da Elaboração De Pré-Fabricados (Cimento Amianto),2,1732.68
Ibiúna,,Gerente De Loja E Supermercado,2,3592.78
Itu,,Auxiliar De Faturamento,2,1866.99
Porto Feliz,,Supervisor De Vigilantes,2,4077.49
Porto Feliz,,Técnico De Apoio Em Pesquisa E Desenvolvimento (Exceto Agropecuário E Florestal),2,6479.27
Porto Feliz,,Analista De Planejamento De Manutenção,2,2514.09
Itupeva,,Soldador,2,1934.04
Porto Feliz,,Biólogo,2,3653.7
Araçatuba,,Copeiro,2,1403.93
Porto Feliz,,Professor De Artes Do Espetáculo No Ensino Superior,2,2849.41
Itupeva,,Analista De Pesquisa De Mercado,2,2710.97
Itu,,Analista De Suporte Computacional,2,2695.9
Itu,,"Macheiro, A  Máquina",2,2805.52
Araçatuba,,Trabalhador No Cultivo De Flores Em Vaso,2,1358.87
Porto Feliz,,Operador De Máquinas De Beneficiamento De Produtos Agrícolas,2,2047.7
Araçatuba,,Operador De Atendimento Aeroviário,2,943.34
Itu,,Médico Endocrinologista E Metabologista,2,3362.5
Araçatuba,,Mecânico De Veículos Automotores A Diesel (Exceto Tratores),2,1620.48
Araçatuba,,Operador De Colhedor Florestal,2,1215.82
Itapetininga,,Encanador,2,1585.9
Itupeva,,Técnico De Obras Civis,2,3474.16
Araçatuba,,Engenheiro Eletricista,2,11476.99
Macatuba,,Consultor Jurídico,2,6660.72
Itu,,Mestre (Indústria De Automotores E Material De Transportes),2,2942.9
Itu,,Médico Pediatra,2,5764.35
Porto Feliz,,Cumim,2,1686.83
Itapetininga,,Confeccionador De Pneumáticos,2,1508.63
Itu,,Supervisor De Tesouraria,2,4540.7
Itu,,Costureira De Peças Sob Encomenda,2,1497.55
Itupeva,,Médico Ortopedista E Traumatologista,2,8305.47
Itu,,Agente De Segurança,2,5519.18
Itapetininga,,Operador De Draga,2,2141.62
Itu,,Médico Oftalmologista,2,5379.77
Macatuba,,Supervisor De Exploração Agrícola,2,6056.2
Itu,,Técnico Agrícola,2,4770.7
Macatuba,,Técnico Em Farmácia,2,2779.68
Itupeva,,Açougueiro,2,1629.12
Itupeva,,Médico Do Trabalho,2,8388.15
Macatuba,,Assentador De Canalização (Edificações),2,1570.68
Itu,,Carpinteiro,2,2211.03
Itu,,Analista De Logistica,2,3665.03
Itu,,Psicólogo Educacional,2,3874.61
Itupeva,,Sepultador,2,3142.69
Ibiúna,,Marceneiro,2,2084.1
Itu,,Agente De Defesa Ambiental,2,3055.1
Itupeva,,Professor De Serviço Social Do Ensino Superior,2,6675.74
Itu,,Serralheiro,2,2689.13
Itupeva,,Operador Eletromecânico,2,4426.18
Itupeva,,Médico Oftalmologista,2,8888.33
Itupeva,,Balanceiro,2,2261.53
Itu,,Diretor De Tecnologia Da Informação,2,43424.04
Boituva,,Eletricista De Instalações,2,4844.98
Boituva,,Dirigente Do Serviço Público Federal,2,5471.47
Boituva,,Gerente Administrativo,2,3401
Itu,,Analista De Redes E De Comunicação De Dados,2,2272.85
Itupeva,,Cumim,2,1838.25
Itupeva,,Analista Financeiro (Instituições Financeiras),2,2275.51
Ibiúna,,Lavador De Veículos,2,2402.78
Porto Feliz,,Técnico Em Manutenção De Equipamentos De Informática,2,2312.93
Ibiúna,,Assessor De Imprensa,2,3132.64
Porto Feliz,,Operador De Acabamento De Peças Fundidas,2,2003.68
Itupeva,,Mecânico De Manutenção E Instalação De Aparelhos De Climatização E  Refrigeração,2,818.67
Itapetininga,,Analista De Recursos Humanos,2,5256.82
Porto Feliz,,Operador De Máquina De Moldar Automatizada,2,2960.74
Porto Feliz,,Gerente De Projetos E Serviços De Manutenção,2,5228.81
Itupeva,,Desenhista Projetista De Eletricidade,2,1769.28
Porto Feliz,,Advogado,2,5012.65
Itu,,Atendente De Lanchonete,2,1089.7
Boituva,,Assistente De Laboratório Industrial,2,2902.89
Boituva,,Operador De Centro De Usinagem Com Comando Numérico,2,3262.62
Porto Feliz,,Gerente De Recursos Humanos,2,6952.1
Itapetininga,,Cirurgião Dentista - Endodontista,2,3577
Ibiúna,,Agente De Segurança,2,3335.8
Itu,,Supervisor Administrativo,2,2414.51
Itu,,Padeiro,2,1052.78
Itu,,Gerente Comercial,2,4615.34
Americana,,Diretor Administrativo E Financeiro,2,13150.46
Americana,,Padeiro,2,1178.4
Itupeva,,Tingidor De Roupas,2,513.34
Boituva,,Comprador,2,1262.84
Americana,,Técnico Mecânico Na Fabricação De Ferramentas,2,550
Itu,,Diretor Administrativo E Financeiro,2,12657.6
Itu,,Procurador Do Município,2,9183.81
Americana,,Estampador De Tecido,2,1765.21
Americana,,Acabador De Embalagens (Flexíveis E Cartotécnicas),2,1087.39
Ibiúna,,Diretor De Serviços De Saúde,2,5537.16
Araçariguama,,Almoxarife,2,1197.56
Americana,,Auxiliar De Prótese Dentária,2,1491.41
Americana,,Técnico Em Nutrição E Dietética,2,1273.2
Americana,,Operador De Telemarketing Ativo E Receptivo,2,1197.6
Araçariguama,,Tecnólogo Em Logística De Transporte,2,1816.39
Cerquilho,,Gerente De Departamento Pessoal,2,5780.13
Cerquilho,,Enfermeiro,2,6864.67
Cerquilho,,Nutricionista,2,4581.82
Cerquilho,,Técnico De Saneamento,2,3484.23
Cabreúva,,Pintor De Obras,2,1773
Charqueada,,Agente De Trânsito,2,2532.69
Cerquilho,,Gerente De Restaurante,2,2338.18
Cerquilho,,Técnico Químico,2,4783.06
Americana,,Economista Financeiro,2,1787.27
Americana,,Técnico Em Manutenção De Equipamentos De Informática,2,2082.26
Cabreúva,,Auditor (Contadores E Afins),2,7863.8
Cerquilho,,Telefonista,2,1838.36
Cerquilho,,Auxiliar De Pessoal,2,2780.64
Cabreúva,,"Operador De Extrusora (Química, Petroquímica E Afins)",2,2213.24
Cerquilho,,Operador De Computador,2,3109.58
Cerquilho,,Moldador De Plástico Por Injeção,2,1723.64
Cerquilho,,Chefe De Cozinha,2,2408.78
Americana,,Técnico De Laboratório Industrial,2,2636.99
Boituva,,Arquivista De Documentos,2,900
Cabreúva,,Estoquista,2,1610.59
Cerquilho,,Professor De Língua Portuguesa,2,2289.26
Boituva,,Magarefe,2,1470.28
Charqueada,,Zelador De Edifício,2,1834.67
Cerquilho,,Terapeuta Ocupacional,2,3132.78
Cerquilho,,Atendente De Agência,2,1633.11
Cabreúva,,Operador De Caixa,2,1477.49
Americana,,Gerente De Projetos E Serviços De Manutenção,2,3785.34
Cerquilho,,Operador De Máquina De Costura De Acabamento,2,1151.33
Charqueada,,Operador De Máquinas Florestais Estáticas,2,1361.34
Cerquilho,,Professor De Geografia Do Ensino Fundamental,2,1360.48
Cerquilho,,Gerente Administrativo,2,3323.59
Americana,,Operador De Forno De Tratamento Térmico De Metais,2,2487.71
Boituva,,Mestre (Construção Civil),2,1641.07
Boituva,,Frentista,2,1899.72
Cabreúva,,Auxiliar Geral De Conservação De Vias Permanentes (Exceto Trilhos),2,457.86
Piedade,,Médico Ortopedista E Traumatologista,2,9029.48
Pindamonhangaba,,Instrutor De Aprendizagem E Treinamento Industrial,2,6193.95
Piedade,,Contador,2,7665.6
Araçariguama,,Fiscal De Tributos Municipal,2,3533.91
Araçariguama,,Diretor De Suprimentos No Serviço Público,2,3544.9
Piedade,,Visitador Sanitário,2,2422.65
Piedade,,Eletricista De Instalações (Edifícios),2,2357.71
Piedade,,Agente De Trânsito,2,2000.07
Pindamonhangaba,,Farmacêutico,2,2774.16
Ibiúna,,Médico Cirurgião Do Aparelho Digestivo,2,10932.72
Pindamonhangaba,,Técnico Mecânico,2,1711.67
Pindamonhangaba,,Trabalhador Da Elaboração De Pré-Fabricados (Concreto Armado),2,1957.36
Piedade,,Jardineiro,2,1314.61
Boituva,,Contínuo,2,3642.46
Pindamonhangaba,,Frentista,2,1856.81
Pindamonhangaba,,Tratorista Agrícola,2,1453.93
Piedade,,Alimentador De Linha De Produção,2,762.2
Boituva,,Técnico Em Segurança Do Trabalho,2,3728.36
Araçariguama,,Médico Veterinário,2,7124.68
Boituva,,Desenhista Projetista De Eletricidade,2,3932.44
Ibiúna,,Mecânico De Manutenção De Máquinas De Construção E Terraplenagem,2,6206.73
Boituva,,"Mecânico De Manutenção De Automóveis, Motocicletas E Veículos Similares",2,4028.6
Araçariguama,,Socorrista (Exceto Médicos E Enfermeiros),2,0
Pindamonhangaba,,Técnico Em Segurança Do Trabalho,2,2096.14
Pindamonhangaba,,Auxiliar Geral De Conservação De Vias Permanentes (Exceto Trilhos),2,448.1
Araçoiaba da Serra,,Médico Pediatra,2,7412.11
Araçoiaba da Serra,,Mecânico De Veículos Automotores A Diesel (Exceto Tratores),2,4247.81
Araçatuba,,Gerente De Vendas,2,6226.61
Itapeva,,Diretor Financeiro,2,9004.62
Ibiúna,,Operador De Caixa,2,1087.47
Araçoiaba da Serra,,Encanador,2,1401.14
Ibiúna,,Tratorista Agrícola,2,3567.78
Itapetininga,,Procurador Do Município,2,4196.06
Itapeva,,Auxiliar De Laboratório De Análises Clínicas,2,317.45
Araçatuba,,Técnico De Planejamento De Produção,2,3604.01
Itapetininga,,Trabalhador Da Manutenção De Edificações,2,1023.99
Itapetininga,,Técnico Florestal,2,1860.48
Itapeva,,Zelador De Edifício,2,2643.65
Araçatuba,,Operador De Negócios,2,1581.37
Araçoiaba da Serra,,Atendente De Farmácia - Balconista,2,1680.35
Araçatuba,,Fiscal De Loja,2,1773.94
Araçatuba,,Técnico De Vendas,2,2700.47
Ibiúna,,Auxiliar De Biblioteca,2,1815.69
Itapeva,,Fisioterapeuta Geral,2,2958.24
Itapeva,,Classificador De Toras,2,1652.84
Araçatuba,,Borracheiro,2,2722.31
Itapetininga,,Agente De Segurança,2,4886.11
Macatuba,,Engenheiro Civil,2,4360.88
Itapetininga,,Operador De Compactadora De Solos,2,1462.24
Araçatuba,,Cobrador Externo,2,1467.91
Ibiúna,,Motofretista,2,1943.28
Itapeva,,Frentista,2,1892.97
Itapeva,,Contador,2,3979.16
Itapeva,,Operador De Máquina Cortadora (Minas E Pedreiras),2,1716.72
Itapetininga,,Assessor De Imprensa,2,4529.39
Itapetininga,,Técnico Agrícola,2,1910.4
Itapeva,,Mestre (Construção Civil),2,2435.98
Araçariguama,,Professor De Nível Superior Do Ensino Fundamental (Primeira A Quarta Série),2,3148.44
Itupeva,,Analista De Planejamento De Manutenção,1,3454.32
Itu,,Operador De Centro De Controle (Ferrovia E Metrô),1,5353.52
Araçatuba,,Editor De Mídia Eletrônica,1,11807.39
Itapeva,,Desossador,1,2334.09
Itapeva,,Motorista De Ônibus Rodoviário,1,1755.05
Ibiúna,,Técnico Em Radiologia E Imagenologia,1,3181.37
Araçatuba,,Trabalhador Polivalente Do Curtimento De Couros E Peles,1,966.98
Itapeva,,Forneiro E Operador (Alto-Forno),1,3191.2
Itapetininga,,Motorista Operacional De Guincho,1,2777.42
Ibiúna,,Operador De Empilhadeira,1,2594.17
Itapetininga,,Lavador De Veículos,1,1673
Itapeva,,Diretor De Serviços Sociais,1,2372.66
Ibiúna,,Tratador De Animais,1,1392.56
Itapeva,,Desenhista Projetista De Construção Civil,1,2538.91
Itapetininga,,Analista De Logistica,1,2200
Itapeva,,Operador De Escavadeira,1,2697.14
Araçatuba,,Instalador-Reparador De Redes Telefônicas E De Comunicação De Dados,1,1475.62
Itapeva,,Cobrador Interno,1,1440.61
Itapetininga,,Trabalhador De Preparação De Pescados (Limpeza),1,1779.14
Itapeva,,Estoquista,1,1774.8
Araçatuba,,Gerente De Produção E Operações,1,36611.74
Araçatuba,,Auxiliar De Veterinário,1,1616.07
Araçatuba,,Agente De Vendas De Serviços,1,1008.32
Macatuba,,"Operador De Produção (Química, Petroquímica E Afins)",1,0
Araçatuba,,Administrador De Sistemas Operacionais,1,1183.35
Ibiúna,,Operador De Guindaste (Fixo),1,2048.32
Macatuba,,Contramestre De Acabamento (Indústria Têxtil),1,4866.66
Itapetininga,,Serralheiro,1,1856
Macatuba,,Operador De Colheitadeira,1,3461.04
Itapetininga,,Cirurgião Dentista - Odontopediatra,1,3066
Itapetininga,,"Trabalhador Na Olericultura (Talos, Folhas E Flores)",1,1341.54
Macatuba,,Encarregado De Manutenção Mecânica De Sistemas Operacionais,1,2745.26
Itapeva,,Ajudante De Motorista,1,1172.47
Araçoiaba da Serra,,Professor De Alunos Com Deficiência Visual,1,1682.16
Araçatuba,,Copeiro De Hospital,1,948.34
Araçatuba,,Trabalhador Da Pecuária (Bovinos Corte),1,1231.21
Araçatuba,,Afretador,1,2226.44
Araçatuba,,Armador De Estrutura De Concreto Armado,1,1497.83
Itapetininga,,Instrutor De Cursos Livres,1,2497.42
Ibiúna,,Psicólogo Hospitalar,1,2584.48
Araçatuba,,Demonstrador De Mercadorias,1,1956.26
Itapetininga,,Conferente De Carga E Descarga,1,2867.95
Araçatuba,,Profissional De Relações Institucionais E Governamentais,1,1851.2
Araçatuba,,Auxiliar De Pessoal,1,1856.57
Ibiúna,,Motorista De Ônibus Rodoviário,1,1255.5
Itapetininga,,Gerente De Logística (Armazenagem E Distribuição),1,2804.69
Ibiúna,,Ajudante De Motorista,1,1226.01
Itapeva,,Secretária(O) Executiva(O),1,2490.17
Araçoiaba da Serra,,Motorista De Carro De Passeio,1,1431.49
Itapetininga,,Auxiliar De Produção Farmacêutica,1,1283.9
Itapeva,,Gerente De Compras,1,4647.29
Ibiúna,,Promotor De Vendas,1,1560
Araçatuba,,Dirigente Do Serviço Público Federal,1,1645.22
Ibiúna,,Diretor De Serviços Sociais,1,2783.49
Macatuba,,Revisor De Tecidos Acabados,1,1416.86
Araçatuba,,Montador De Estruturas Metálicas,1,2547.37
Araçatuba,,"Salsicheiro (Fabricação De Lingüiça, Salsicha E Produtos Similares)",1,2003.72
Araçatuba,,Sinaleiro (Ponte-Rolante),1,1913.33
Ibiúna,,Gerente De Almoxarifado,1,3959.47
Itapetininga,,Gerente Comercial,1,739.47
Macatuba,,"Embalador, A Mão",1,765.13
Araçoiaba da Serra,,Psicopedagogo,1,2881.53
Ibiúna,,Técnico De Contabilidade,1,4976.56
Itapeva,,Magarefe,1,806.72
Itapeva,,"Diretor De Produção E Operações Da Indústria De Transformação, Extração Mineral E Utilidades",1,68004.09
Itapetininga,,Médico Pneumologista,1,12268.63
Itapetininga,,Auditor (Contadores E Afins),1,4369
Araçatuba,,Tecnólogo Em Construção Civil,1,3699.18
Araçatuba,,Comprador,1,3547.41
Itapeva,,Fiscal De Atividades Urbanas,1,4323.98
Boituva,,Biólogo,1,8468.08
Araçoiaba da Serra,,Engenheiro Agrônomo,1,3283.87
Itapetininga,,Escrevente,1,9414.9
Araçatuba,,Médico Infectologista,1,4028.68
Araçoiaba da Serra,,Biomédico,1,3538.7
Araçatuba,,Gerente De Restaurante,1,4091.22
Itapeva,,Supervisor De Vendas Comercial,1,12798.62
Araçatuba,,Pedagogo,1,4331.92
Araçatuba,,Enfermeiro Do Trabalho,1,3710.3
Araçatuba,,Ferramenteiro,1,5095.08
Araçoiaba da Serra,,Médico Psiquiatra,1,5676.13
Araçatuba,,Auxiliar De Estatística,1,6467.97
Boituva,,Médico Cirurgião Geral,1,6312.27
Araçatuba,,Operador De Quadro De Distribuição De Energia Elétrica,1,3015.14
Araçoiaba da Serra,,Servente De Obras,1,1539.9
Araçatuba,,Diretor Comercial,1,0
Itapeva,,Técnico Em Mecatrônica - Robótica,1,537.16
Ibiúna,,Contínuo,1,512.54
Boituva,,Médico Ortopedista E Traumatologista,1,5862.31
Itapeva,,Calceteiro,1,3280.94
Itapeva,,Promotor De Vendas,1,485.11
Itapeva,,Mestre (Indústria De Máquinas E Outros Equipamentos Mecânicos),1,5759.15
Americana,,Orientador Educacional,1,0
Americana,,Técnico De Imobilização Ortopédica,1,0
Americana,,Guardador De Veículos,1,0
Piedade,,Especialista Em Pesquisa Operacional,1,9854.35
Americana,,Empregado  Doméstico  Nos Serviços Gerais,1,0
Araçariguama,,Mestre (Construção Civil),1,4356.97
Piedade,,Almoxarife,1,567.2
Araçariguama,,Técnico De Manutenção Eletrônica,1,0
Americana,,Advogado (Direito Público),1,8576.82
Americana,,Professor De Nível Médio No Ensino Fundamental,1,4691.5
Americana,,Médico Oftalmologista,1,7330.74
Itapetininga,,Médico Em Cirurgia Vascular,1,6780.57
Boituva,,Funileiro De Veículos (Reparação),1,2809.08
Pindamonhangaba,,Abatedor,1,1374.72
Pindamonhangaba,,Instalador De Som E Acessórios De Veículos,1,1221.3
Piedade,,"Mecânico De Manutenção De Automóveis, Motocicletas E Veículos Similares",1,1524.72
Boituva,,Operador De Máquinas De Beneficiamento De Produtos Agrícolas,1,3204.72
Piedade,,Faxineiro,1,992.68
Itapetininga,,Médico Hematologista,1,6391.24
Piedade,,Vidraceiro,1,1407.92
Pindamonhangaba,,Ajudante De Motorista,1,1442.87
Pindamonhangaba,,"Mecânico De Manutenção De Automóveis, Motocicletas E Veículos Similares",1,1255
Boituva,,Jardineiro,1,2907.61
Araçariguama,,Médico Ginecologista E Obstetra,1,4919.16
Araçariguama,,Médico Otorrinolaringologista,1,5136.93
Araçariguama,,Fonoaudiólogo Em Linguagem,1,5069.91
Pindamonhangaba,,Secretária(O) Executiva(O),1,1215.1
Itapetininga,,Consultor Jurídico,1,8532.3
Ibiúna,,Gerente De Compras,1,9480.03
Pindamonhangaba,,Atendente Comercial (Agência Postal),1,1209.84
Pindamonhangaba,,Expedidor De Mercadorias,1,1067.18
Itapetininga,,Ajustador Mecânico,1,900
Americana,,Analista De Pesquisa De Mercado,1,3463.25
Americana,,Mestre (Indústria De Borracha E Plástico),1,5159.41
Araçariguama,,Contador,1,4363.8
Araçariguama,,Diretor Geral De Empresa E Organizações (Exceto De Interesse Público),1,3681.96
Piedade,,"Mecânico De Manutenção De Máquinas Cortadoras De Grama, Roçadeiras, Motosserras E Similares",1,2075.4
Boituva,,Motofretista,1,2092.59
Boituva,,"Encarregado De Manutenção De Instrumentos De Controle, Medição E Similares",1,2847.84
Araçariguama,,Técnico De Controle De Meio Ambiente,1,3714.68
Piedade,,Desenhista Projetista De Construção Civil,1,3054.16
Boituva,,Diretor Geral De Empresa E Organizações (Exceto De Interesse Público),1,2413.62
Ibiúna,,Auxiliar Geral De Conservação De Vias Permanentes (Exceto Trilhos),1,0
Piedade,,Supervisor De Controle Patrimonial,1,3128.79
Araçariguama,,Professor De Sociologia No Ensino Médio,1,4375.09
Piedade,,Técnico Em Segurança Do Trabalho,1,2439.15
Pindamonhangaba,,Supervisor De Vendas Comercial,1,3102.8
Itapetininga,,Médico Neurologista,1,0
Americana,,Eletrotécnico,1,2459.26
Pindamonhangaba,,Motofretista,1,2599.04
Pindamonhangaba,,"Supervisor De Manutenção Eletromecânica Industrial, Comercial E Predial",1,3044.63
Pindamonhangaba,,Mestre (Construção Civil),1,2995.65
Piedade,,Gerente De Turismo,1,5084.69
Piedade,,Diretor De Operações De Serviços De Transporte,1,6007.05
Itapetininga,,Médico Oftalmologista,1,7027.55
Piedade,,Médico Veterinário,1,6462.39
Piedade,,Arquiteto Urbanista,1,7098.05
Itapeva,,Técnico Em Patologia Clínica,1,0
Itapeva,,Professor De Língua Espanhola,1,0
Pindamonhangaba,,Armador De Estrutura De Concreto,1,0
Americana,,Operador De Usinagem Convencional Por Abrasão,1,2394.83
Pindamonhangaba,,Cartazeiro,1,1837.97
Americana,,Advogado,1,2793.13
Charqueada,,Repositor De Mercadorias,1,453
Araçariguama,,Diretor De Operações De Serviços De Transporte,1,2596.27
Americana,,Técnico De Ortopedia,1,2925.7
Americana,,Técnico Têxtil,1,2332.72
Boituva,,Armador De Estrutura De Concreto,1,2046.61
Cerquilho,,Operador De Torno Com Comando Numérico,1,9872.84
Cerquilho,,Químico,1,13689.6
Americana,,Motorista Operacional De Guincho,1,2732.3
Americana,,Redator De Publicidade,1,2366.66
Cabreúva,,Diretor Geral De Empresa E Organizações (Exceto De Interesse Público),1,140310.2
Americana,,Gerente De Logística (Armazenagem E Distribuição),1,2916.66
Americana,,Instalador De Tubulações (Aeronaves),1,2962.97
Araçariguama,,Motofretista,1,2388.62
Americana,,Gerente De Operações De Serviços De Assistência Técnica,1,2258.06
Boituva,,Agente De Recrutamento E Seleção,1,1400
Cabreúva,,Diretor Financeiro,1,59960.62
Cerquilho,,Agente De Vendas De Serviços,1,1609
Cerquilho,,"Costureiro, A  Máquina  Na Confecção Em Série",1,1184.25
Cerquilho,,Auxiliar De Corte (Preparação Da Confecção De Roupas),1,1193.78
Boituva,,Vidraceiro,1,1269.97
Boituva,,Expedidor De Mercadorias,1,1529.44
Americana,,Operador De Máquina De Dobrar Chapas,1,2388.97
Cabreúva,,Carregador (Armazém),1,782.98
Cabreúva,,Cartazeiro,1,1231.89
Cabreúva,,Operador De Cortadeira De Papel,1,1646.45
Cabreúva,,"Operador De Máquina De Fabricação De Produtos De Higiene E Limpeza (Sabão, Sabonete, Detergente, Absorvente, Fraldas Cotonetes E Outros)",1,1536
Cabreúva,,Supervisor De Logística,1,1173.33
Cerquilho,,Administrador,1,1170
Americana,,Operador De Máquina De Lavar Fios E Tecidos,1,2796.81
Boituva,,Gerente De Pesquisa E Desenvolvimento (P&D),1,11925.92
Charqueada,,Trabalhador Em Criatórios De Animais Produtores De Veneno,1,1696.93
Americana,,Contramestre De Fiação (Indústria Têxtil),1,2803.16
Cerquilho,,Operador De Jato Abrasivo,1,1630.66
Boituva,,Técnico Em Mecatrônica - Robótica,1,550
Araçariguama,,Eletricista De Instalações (Edifícios),1,1753.44
Cabreúva,,Frentista,1,1375.7
Cabreúva,,Técnico Em Segurança Do Trabalho,1,2925
Araçariguama,,Sepultador,1,1922.43
Araçariguama,,"Mecânico De Manutenção De Automóveis, Motocicletas E Veículos Similares",1,2156.52
Cabreúva,,Gerente De Loja E Supermercado,1,9292.89
Cabreúva,,Supervisor De Manutenção Eletromecânica,1,4327.59
Americana,,Sushiman,1,1100.81
Americana,,Limpador De Piscinas,1,1800
Americana,,Impressor De Corte E Vinco,1,1359.25
Americana,,Preparador De Sucata E Aparas,1,1622.51
Cerquilho,,Borracheiro,1,3213.43
Cabreúva,,Técnico Em Manutenção De Equipamentos De Informática,1,2635.75
Cabreúva,,Analista De Logistica,1,2400
Americana,,Lavador De Veículos,1,1820.08
Dourado,,Chefe De Serviço De Transporte Rodoviário (Passageiros E Cargas),1,2356.39
Cabreúva,,Caldeireiro (Chapas De Ferro E Aço),1,1773.13
Cabreúva,,Operador Polivalente Da Indústria Têxtil,1,1552.17
Americana,,Pintor A Pincel E Rolo (Exceto Obras E Estruturas Metálicas),1,2036.94
Cerquilho,,Topógrafo,1,3042.03
Araçariguama,,Eletricista De Manutenção Eletroeletrônica,1,1807.08
Americana,,Desenhista Projetista Eletrônico,1,1678.03
Charqueada,,Recreador,1,3227.46
Dourado,,Encarregado De Manutenção Mecânica De Sistemas Operacionais,1,2576.48
Charqueada,,Dirigente Do Serviço Público Municipal,1,2554.53
Charqueada,,Fisioterapeuta Geral,1,2939.93
Charqueada,,Técnico Em Segurança Do Trabalho,1,2615.41
Cerquilho,,Coordenador Pedagógico,1,2975.3
Charqueada,,Gerente De Almoxarifado,1,4312.41
Cabreúva,,Técnico Eletricista,1,4515.67
Cabreúva,,Técnico De Manutenção Eletrônica (Circuitos De Máquinas Com Comando Numérico),1,9660.68
Boituva,,Técnico De Enfermagem,1,764.75
Cerquilho,,Engenheiro Civil (Saneamento),1,4435.46
Cabreúva,,Diretor Administrativo,1,11489.57
Araçariguama,,Operador De Empilhadeira,1,1628.35
Dourado,,Supervisor De Ensino,1,5211.96
Charqueada,,Pesquisador Em Ciências Agronômicas,1,10245.6
Cerquilho,,Analista De Desenvolvimento De Sistemas,1,9963.49
Cerquilho,,Diretor De Relações De Trabalho,1,9069.58
Americana,,Trabalhador De Tratamento Do Leite E Fabricação De Laticínios E Afins,1,1765.91
Araçariguama,,Gerente De Compras,1,1473.38
Araçariguama,,Auxiliar De Laboratório De Análises Clínicas,1,1112.64
Americana,,"Operador De Máquina De Usinagem Madeira, Em Geral",1,1137.59
Boituva,,Montador De Estruturas Metálicas,1,834.45
Itapeva,,Gerente De Recursos Humanos,1,5172.97
Ibiúna,,Procurador Do Município,1,9583.66
Itupeva,,Agenciador De Propaganda,1,550
Araçariguama,,Expedidor De Mercadorias,1,1190.56
Araçariguama,,Zelador De Edifício,1,1621.37
Itapeva,,Gerente De Loja E Supermercado,1,10133.31
Itapetininga,,Arquiteto De Edificações,1,4743.79
Boituva,,Comerciante Varejista,1,733.65
Americana,,Operador De Binadeira,1,989.71
Itu,,Advogado,1,13497.14
Boituva,,Supervisor De Crédito E Cobrança,1,1455.9
Araçariguama,,"Operador De Máquinas Fixas, Em Geral",1,1292.28
Americana,,Condutor De Ambulância,1,3896.2
Americana,,Auxiliar De Seguros,1,1244.92
Ibiúna,,Auditor (Contadores E Afins),1,4685.25
Americana,,Médico Anestesiologista,1,16349.57
Ibiúna,,Técnico Agrícola,1,5489.39
Itapeva,,Desenvolvedor De Sistemas De Tecnologia Da Informação (Técnico),1,4317.46
Boituva,,Auxiliar De Contabilidade,1,1364.16
Ibiúna,,Maître,1,4372.03
Ibiúna,,Engenheiro Agrícola,1,4307.58
Porto Feliz,,Diretor Administrativo,1,8608.23
Itapeva,,Secretário - Executivo,1,4285
Porto Feliz,,Gerente De Loja E Supermercado,1,9243.24
Porto Feliz,,Técnico Mecânico (Máquinas),1,7430.88
Porto Feliz,,Professor De Alunos Com Deficiência Física,1,4670.67
Porto Feliz,,Diretor De Serviços De Saúde,1,7102.07
Itapetininga,,Médico Urologista,1,3665.4
Porto Feliz,,Supervisor De Transportes,1,5849.86
Boituva,,Desenhista Projetista De Arquitetura,1,1426.34
Itupeva,,Operador De Serras No Desdobramento De Madeira,1,1059.18
Itu,,Técnico Em Manutenção De Equipamentos De Informática,1,798.68
Porto Feliz,,"Operador De Pavimentadora (Asfalto, Concreto E Materiais Similares)",1,6022.74
Itupeva,,Contínuo,1,488.73
Boituva,,Montador De Equipamentos Elétricos,1,1443.55
Itapeva,,Mestre De Usinagem,1,3745.24
Itu,,Auxiliar De Cartório,1,775
Porto Feliz,,Assessor De Imprensa,1,4607.19
Porto Feliz,,Marceneiro,1,5051.93
Itu,,Técnico De Laboratório Industrial,1,585.86
Itupeva,,Polidor De Metais,1,683.33
Porto Feliz,,Condutor De Ambulância,1,7817.18
Itapeva,,Técnico De Mineração,1,4540.51
Itu,,Operador De Máquina De Lavar Fios E Tecidos,1,1544.16
Itu,,Operador Polivalente Da Indústria Têxtil,1,1253.53
Porto Feliz,,Advogado (Direito Público),1,4263.57
Itapeva,,Zootecnista,1,2751.73
Itapeva,,Analista De Planejamento E Orçamento - Apo,1,3097.26
Porto Feliz,,Técnico Em Turismo,1,1765.91
Itu,,Conferente De Carga E Descarga,1,1040
Porto Feliz,,Lavador De Veículos,1,2744.08
Itu,,Preparador De Sucata E Aparas,1,1484.94
Porto Feliz,,Técnico Agrícola,1,3044.59
Porto Feliz,,Soldador,1,3219.27
Boituva,,Impressor De Ofsete (Plano E Rotativo),1,1905.95
Itapetininga,,Diretor De Tecnologia Da Informação,1,2817
Ibiúna,,Diretor De Operações De Obras Pública E Civil,1,3242.15
Itapeva,,Operador De Compactadora De Solos,1,2242.17
Porto Feliz,,Atendente De Lanchonete,1,1509.97
Porto Feliz,,Atendente De Lavanderia,1,1663.57
Itu,,Organizador De Evento,1,1250
Itapeva,,Diretor Administrativo,1,2491.64
Itupeva,,Operador De Telemarketing Técnico,1,1151.71
Itupeva,,Mantenedor De Sistemas Eletroeletrônicos De Segurança,1,1627.11
Porto Feliz,,Lubrificador De Veículos Automotores (Exceto Embarcações),1,1743.22
Porto Feliz,,Padeiro,1,1402.57
Porto Feliz,,Técnico De Suporte Ao Usuário De Tecnologia Da Informação,1,1065.11
Itu,,Supervisor De Recepcionistas,1,1200.01
Porto Feliz,,Gerente De Produção E Operações  Florestais,1,16474.59
Itupeva,,Promotor De Vendas,1,1948.87
Itupeva,,"Mecânico De Manutenção De Máquinas Cortadoras De Grama, Roçadeiras, Motosserras E Similares",1,1381.75
Porto Feliz,,Diretor Administrativo E Financeiro,1,12487.87
Itupeva,,Ajustador Ferramenteiro,1,0
Itu,,Mecânico De Manutenção De Motocicletas,1,1416.04
Itupeva,,Operador De Usinagem Convencional Por Abrasão,1,0
Itupeva,,Motofretista,1,1546.67
Itapetininga,,Desenhista Técnico,1,2870.3
Itapetininga,,Engenheiro Agrônomo,1,2817
Itupeva,,Operador De Máquina Misturadeira (Tratamentos Químicos E Afins),1,1821.24
Itupeva,,Operador De Máquina Extrusora De Varetas E Tubos De Vidro,1,2100
Itu,,Colchoeiro (Confecção De Colchões),1,1826.05
Itu,,Analista De Pesquisa De Mercado,1,1515.96
Boituva,,Bibliotecário,1,4871.73
Itupeva,,Analista De Redes E De Comunicação De Dados,1,0
Itupeva,,Analista De Planejamento E Orçamento - Apo,1,0
Itu,,Confeccionador De Pneumáticos,1,0
Itupeva,,Auxiliar De Laboratório De Análises Clínicas,1,1391.27
Itupeva,,Desenhista Projetista De Construção Civil,1,1910
Boituva,,Trabalhador Da Pecuária (Bovinos Corte),1,0
Itupeva,,Analista De Planejamento De Materias,1,2318.09
Itu,,Oleiro (Fabricação De Tijolos),1,2411.37
Itupeva,,Médico Alergista E Imunologista,1,9759.34
Itu,,Operador De Compactadora De Solos,1,2449.81
Itupeva,,Médico Neurologista,1,7777.1
Itupeva,,Gerente De Operações De Transportes,1,2758.16
Itu,,Gerente De Projetos E Serviços De Manutenção,1,2628.9
Itupeva,,Consultor Jurídico,1,8749.73
Ibiúna,,Soldador,1,2252.27
Itapetininga,,Operador De Caldeira,1,1873.94
Itapetininga,,Operador De Máquinas De Construção Civil E Mineração,1,2226.8
Itupeva,,Médico Pneumologista,1,8677.82
Itu,,Encarregado De Manutenção Mecânica De Sistemas Operacionais,1,6837.6
Itu,,Pesquisador De Engenharia E Tecnologia (Outras Áreas Da Engenharia),1,7656.72
Itupeva,,Engenheiro Agrícola,1,7730.83
Itapeva,,Operador De Acabamento De Peças Fundidas,1,2446.62
Itapeva,,Pintor A Pincel E Rolo (Exceto Obras E Estruturas Metálicas),1,1954.7
Boituva,,Médico Cardiologista,1,1622.91
Itu,,Técnico Agropecuário,1,5170.96
Itapeva,,Agente De Defesa Ambiental,1,2146.4
Itu,,Técnico De Imobilização Ortopédica,1,2364.44
Itupeva,,Técnico Em Nutrição E Dietética,1,7748.78
Itupeva,,Mestre (Indústria De Máquinas E Outros Equipamentos Mecânicos),1,2593.5
Macatuba,,Procurador Do Município,1,23173.02
Itupeva,,Supervisor De Montagem E Instalação Eletroeletrônica,1,5408.41
Itu,,Operador De Carregadeira,1,2390.02
Itu,,Pesquisador Em Biologia Ambiental,1,4662.32
Itu,,Diretor De Manutenção,1,7418.41
Itupeva,,Funileiro De Veículos (Reparação),1,3222.88
Itu,,Médico Hematologista,1,3583.97
Macatuba,,Costureiro Na Confecção Em Série,1,752.35
Macatuba,,Motorista Operacional De Guincho,1,2906.34
Ibiúna,,Coordenador De Operações De Combate À Poluição No Meio Aquaviário,1,2006.36
Itu,,"Supervisor De Manutenção De Bombas, Motores, Compressores E Equipamentos De Transmissão",1,5208.84
Itu,,Pesquisador De Engenharia Química,1,5070.79
Itu,,Ajustador Ferramenteiro,1,5061.55
Itu,,Diretor De Arte,1,3638.65
Macatuba,,Carpinteiro,1,2002.1
Itupeva,,Técnico De Controle De Meio Ambiente,1,4559.91
Itu,,Supervisor De Manutenção Eletromecânica (Utilidades),1,6000
Macatuba,,Serralheiro,1,4399.83
Itupeva,,Auxiliar De Biblioteca,1,7417.55
Itupeva,,Arquivista De Documentos,1,4957.1
Itu,,Diretor Administrativo,1,7338.21
Itu,,Médico Pneumologista,1,3961.84
Itupeva,,Biólogo,1,6526.24
Itapeva,,Técnico Em Borracha,1,1669.54
Itapeva,,Ajustador Mecânico,1,1700.18
Itupeva,,Médico Otorrinolaringologista,1,7886.93
Itu,,Médico Homeopata,1,6150.4
Itapeva,,Padeiro,1,2053.76
Itupeva,,Administrador De Redes,1,1586.89
Itupeva,,"Mecânico De Manutenção De Automóveis, Motocicletas E Veículos Similares",1,0
Itupeva,,Desenhista Industrial Gráfico (Designer Gráfico),1,0
Itu,,Médico Nefrologista,1,3967.71
Porto Feliz,,Engenheiro Mecânico,1,13101.86
Porto Feliz,,"Mestre (Indústria De Celulose, Papel E Papelão)",1,19303.38
Itupeva,,Professor De Biblioteconomia Do Ensino Superior,1,5118.81
Itu,,Engenheiro Ambiental,1,4685.85
Itu,,Psicólogo Do Trabalho,1,3885.32
Itu,,Supervisor De Compras,1,5353.52
Porto Feliz,,Arquivista De Documentos,1,988.05
Macatuba,,Supervisor Administrativo,1,4926.49
Itu,,Procurador Autárquico,1,3207.39
Porto Feliz,,Ajudante De Motorista,1,1450.3
Itapetininga,,Operador De Telemarketing Receptivo,1,1590.44
Ibiúna,,Empregado  Doméstico  Nos Serviços Gerais,1,1600
Itu,,Médico Reumatologista,1,3692.46
Itu,,Forneiro De Fundição (Forno De Redução),1,3481.46
Macatuba,,Médico Oftalmologista,1,5568.41
Itu,,Vendedor Pracista,1,2310.55
Itu,,Engenheiro Eletricista,1,3853.71
Porto Feliz,,Vidraceiro,1,1847.35
Araçatuba,,Supervisor De Orçamento,1,12335.12
Itu,,Operador De Caldeira,1,2654.96
Araçatuba,,Empregado Doméstico Diarista,1,612
Itu,,Psicopedagogo,1,3143.74
Araçatuba,,Gerente De Marketing,1,645.87
Itupeva,,Carpinteiro,1,3123.37
Porto Feliz,,Técnico Mecânico,1,2427.19
Porto Feliz,,Operador De Máquinas Operatrizes,1,2265.19
Porto Feliz,,Forneiro E Operador (Alto-Forno),1,2358.31
Araçatuba,,Produtor De Flores Em Vaso,1,1418.79
Itupeva,,Economista Do Setor Público,1,2936.02
Araçoiaba da Serra,,"Produtor Agropecuário, Em Geral",1,860
Porto Feliz,,Auxiliar De Biblioteca,1,2939.02
Itu,,"Eletricista De Instalações (Veículos Automotores E Máquinas Operatrizes, Exceto Aeronaves E Embarcações)",1,2957.36
Araçatuba,,Pintor De Estruturas Metálicas,1,1840.29
Porto Feliz,,Ouvidor,1,3299.08
Araçatuba,,Montador De Instrumentos De Óptica,1,1461.01
Itapetininga,,Porteiro De Edifícios,1,1450.7
Itapeva,,Assistente De Vendas,1,1484.07
Ibiúna,,Assistente De Vendas,1,1488.28
Itupeva,,Vidraceiro (Vitrais),1,1749.71
Araçoiaba da Serra,,Monitor De Transporte Escolar,1,1216.75
Itupeva,,Técnico De Matéria-Prima E Material,1,2650.22
Porto Feliz,,Engenheiro De Segurança Do Trabalho,1,3440.08
Porto Feliz,,Técnico Em Sonorização,1,4178.44
Porto Feliz,,Técnico Em Administração,1,4109.31
Porto Feliz,,Eletricista De Manutenção Eletroeletrônica,1,3809.08
Itu,,Trabalhador De Serviços De Limpeza E Conservação De Áreas Públicas,1,1965.74
Porto Feliz,,Técnico De Controle De Meio Ambiente,1,5145.78
Porto Feliz,,Gerente De Pesquisa E Desenvolvimento (P&D),1,4894.83
Porto Feliz,,Supervisor De Controle Patrimonial,1,5125.88
Porto Feliz,,"Supervisor De Operação De Fluidos (Distribuição, Captação, Tratamento De Água, Gases, Vapor)",1,4834.09
Araçatuba,,Técnico Em Secretariado,1,954.88
Itapetininga,,Chapeador,1,879.89
Itapetininga,,Confeiteiro,1,1523
Araçoiaba da Serra,,Farmacêutico Hospitalar E Clínico,1,1400
Porto Feliz,,Diretor Geral De Empresa E Organizações (Exceto De Interesse Público),1,9116.12
Porto Feliz,,"Supervisor De Manutenção Eletromecânica Industrial, Comercial E Predial",1,6328.95
Porto Feliz,,Recepcionista De Hotel,1,0
Itu,,Técnico De Transmissão (Telecomunicações),1,1059.93
Araçoiaba da Serra,,Auxiliar Em Saúde Bucal,1,1460.56
Itu,,Avaliador De Bens Móveis,1,1691.49
Itupeva,,Desenvolvedor De Sistemas De Tecnologia Da Informação (Técnico),1,1682.72
Itu,,Operador De Acabamento (Indústria Gráfica),1,1175.56
Itupeva,,Operador De Inspeção De Qualidade,1,1105.28
Itupeva,,Supervisor De Recepcionistas,1,1476.16
Araçatuba,,Trabalhador De Pecuária Polivalente,1,2100
Araçatuba,,Conferente Mercadoria (Exceto Carga E Descarga),1,1888.11
Itu,,Copeiro,1,1260.01
Araçoiaba da Serra,,Assistente De Vendas,1,1538.02
Itupeva,,Costureira De Peças Sob Encomenda,1,1510
Americana,,Administrador De Redes,1,15477.2
Americana,,Diretor Geral De Empresa E Organizações (Exceto De Interesse Público),1,14390.79
Itupeva,,Serralheiro,1,1200
Araçoiaba da Serra,,Técnico De Obras Civis,1,1474.28
Itu,,Oxicortador A Mão E A  Máquina,1,1578.64
Itapeva,,Motorista Operacional De Guincho,1,1084.22
Itupeva,,Caldeireiro (Chapas De Ferro E Aço),1,1433.47
Araçoiaba da Serra,,Serralheiro,1,1542.83
Araçatuba,,Vigia,1,1631.14
Itupeva,,Diretor De Planejamento Estratégico,1,17281.43
Itupeva,,Cirurgião Dentista - Odontopediatra,1,14778.1
Itu,,Médico Urologista,1,11011.32
Itu,,Médico Psiquiatra,1,11843.12
Cerquilho,,Polidor De Metais,1,0
Araçatuba,,Professor De Língua Inglesa,1,1687.17
Cerquilho,,Diretor Financeiro,1,8824.46
Cerquilho,,Operador De Escavadeira,1,5533.96
Araçatuba,,Montador De Máquinas,1,2895.28
Cerquilho,,Gerente De Compras,1,6998.4
Americana,,Operador De Prensa De Material Reciclável,1,1064.55
Cerquilho,,Supervisor De Logística,1,7500
Cerquilho,,Diretor De Suprimentos No Serviço Público,1,4626.55
Itapeva,,Caldeireiro (Chapas De Ferro E Aço),1,960
Itapetininga,,Mecânico De Manutenção De Tratores,1,890.96
Americana,,"Operador De Instalação De Extração, Processamento, Envasamento E Distribuição De Gases",1,1199
Araçariguama,,Auxiliar De Laboratório De Análises Físico-Químicas,1,1403.53
Itapetininga,,Técnico De Telecomunicações (Telefonia),1,25114.55
Araçoiaba da Serra,,Motorista Operacional De Guincho,1,2420.15
Cerquilho,,Técnico Em Biblioteconomia,1,5383.55
Cerquilho,,Biólogo,1,3500.77
Charqueada,,Diretor De Planejamento Estratégico,1,1933.25
Charqueada,,Diretor De Operações De Obras Pública E Civil,1,3946.25
Itapetininga,,Médico Endocrinologista E Metabologista,1,13275.1
Americana,,Garagista,1,1511.63
Araçatuba,,Cozinheiro Industrial,1,1816.45
Americana,,Garçom,1,1595.06
Araçatuba,,Impressor Tipográfico,1,1837.16
Charqueada,,Tesoureiro De Banco,1,3502.09
Charqueada,,Consultor Jurídico,1,4255.24
Charqueada,,Diretor Administrativo,1,3529.03
Cerquilho,,Tecnólogo Em Logística De Transporte,1,3539.59
Araçatuba,,Professores De Cursos Livres,1,1867.79
Cerquilho,,Estoquista,1,2335.06
Cerquilho,,Secretária(O) Executiva(O),1,2963.01
Charqueada,,Diretor De Serviços De Saúde,1,2782.52
Charqueada,,Gerente De Produção E Operações  Aqüícolas,1,2404.26
Cerquilho,,Gerente De Almoxarifado,1,2300.22
Americana,,Remetedor De Fios,1,2145
Americana,,Tecelão (Tear Manual),1,2095.39
Americana,,Tingidor De Roupas,1,2027.78
Americana,,Operador De Calandras (Tecidos),1,1595.81
Americana,,Desenhista Copista,1,1712.96
Araçariguama,,Técnico Químico,1,1878.86
Araçariguama,,"Operador De Aparelho De Reação E Conversão (Produtos Químicos, Exceto Petróleo)",1,2178.36
Araçatuba,,Psicopedagogo,1,3035.38
Americana,,Redeiro (Pesca),1,1688.89
Araçoiaba da Serra,,Consultor Jurídico,1,2713.6
Charqueada,,Agente De Saúde Pública,1,3079.84
Araçariguama,,Auxiliar De Contabilidade,1,1678
Americana,,Mecânico De Manutenção De Bicicletas E Veículos Similares,1,1681.64
Araçariguama,,Comerciante Varejista,1,2200
Cerquilho,,Programador De Máquinas - Ferramenta Com Comando Numérico,1,2369.23
Ibiúna,,Trabalhador Da Manutenção De Edificações,1,464.19
Araçatuba,,Engenheiro De Pesca,1,5202.53
Americana,,Designer De Interiores,1,1847.52
Cerquilho,,Vendedor Em Comércio Atacadista,1,2429.58
Americana,,Tecnólogo Em Logística De Transporte,1,1754.37
Cerquilho,,Cobrador Interno,1,2633.51
Cerquilho,,Ajudante De Motorista,1,1788.25
Charqueada,,Rebarbador De Metal,1,1544
Cerquilho,,Operador De Retorcedeira,1,2031.18
Dourado,,Supervisor De Telemarketing E Atendimento,1,3090.97
Cerquilho,,Jardineiro,1,1890.76
Americana,,Recreador,1,1664.05
Americana,,Desenhista Industrial De Produto De Moda (Designer De Moda),1,2367.47
Cerquilho,,Zelador De Edifício,1,1629.11
Americana,,Desenhista Industrial Gráfico (Designer Gráfico),1,2273.2
Araçatuba,,Educador Social,1,4480.19
Araçatuba,,Engenheiro Florestal,1,6639.9
Araçariguama,,Eletricista De Instalações,1,2596.4
Araçariguama,,Mecânico De Manutenção De Máquinas-Ferramentas (Usinagem De Metais),1,1820.41
Cerquilho,,"Cenotécnico (Cinema, Vídeo, Televisão, Teatro E Espetáculos)",1,1442.26
Charqueada,,Assistente De Vendas,1,1683.36
Cerquilho,,Professor De Língua Espanhola,1,1210.3
Americana,,Desenhista Projetista De Construção Civil,1,2277.02
Americana,,Montador De Móveis E Artefatos De Madeira,1,2642.3
Araçatuba,,Supervisor De Compras,1,7650.62
Araçoiaba da Serra,,Médico Dermatologista,1,7627.83
Araçatuba,,Relações Públicas,1,7959.66
Americana,,Retalhador De Carne,1,3228.32
Americana,,Funileiro De Veículos (Reparação),1,2288
Piedade,,Médico Cardiologista,1,12144.1
Dourado,,Controlador De Pragas,1,1304.82
Pindamonhangaba,,Diretor De Suprimentos,1,50579.56
Pindamonhangaba,,Gerente De Comunicação,1,51895.06
Americana,,Analista Financeiro (Instituições Financeiras),1,1848
Americana,,Gerente De Almoxarifado,1,1730.39
Americana,,Jardineiro,1,2738.72
Americana,,Técnico De Planejamento E Programação Da Manutenção,1,0
Americana,,Desenhista Projetista De Máquinas,1,3345
Araçariguama,,Comprador,1,2786.92
Cerquilho,,Desenhista Industrial Gráfico (Designer Gráfico),1,1227.88
Cerquilho,,Professor De Educação Artística Do Ensino Fundamental,1,832.19
Araçariguama,,Professor De Alunos Com Deficiência Auditiva E Surdos,1,2856.42
Cerquilho,,Professor De Sociologia No Ensino Médio,1,963.89
Americana,,Instrutor De Auto-Escola,1,2279.29
Americana,,Soldador Elétrico,1,2701.32
Araçariguama,,Serralheiro,1,0
Americana,,"Encarregado De Manutenção De Instrumentos De Controle, Medição E Similares",1,3372.6
Americana,,Procurador Autárquico,1,8127
Dourado,,Gerente Administrativo,1,1107.47
Cerquilho,,Professor De Educação Física No Ensino Médio,1,429.68
Araçariguama,,Chefe De Contabilidade (Técnico),1,3958.1
Americana,,Professor De Nível Superior Na Educação Infantil (Quatro A Seis Anos),1,4512.29
Cerquilho,,Publicitário,1,1109.57
Araçariguama,,Médico Dermatologista,1,5706.24
Araçariguama,,Médico Pneumologista,1,5706.23
Americana,,Engenheiro Eletricista,1,6224.94
Araçariguama,,Mestre De Alto-Forno,1,6570.77
Americana,,"Operador De Sala De Controle De Instalações Químicas, Petroquímicas E Afins",1,4858.21
Araçariguama,,Desenhista Projetista De Arquitetura,1,4349.18
Pindamonhangaba,,Professor Leigo No Ensino Fundamental,1,0
Americana,,Médico Veterinário,1,4403.5
Araçariguama,,Agente Funerário,1,3845.6
Piedade,,Escrevente,1,0
Araçariguama,,Professor De Alunos Com Deficiência Mental,1,4386.7
Araçariguama,,Médico Infectologista,1,4919.16
Araçariguama,,Técnico Em Eletromecânica,1,6283.33
Pindamonhangaba,,Mecânico De Manutenção De Máquinas-Ferramentas (Usinagem De Metais),1,577.52
Americana,,Técnico Em Atendimento E Vendas,1,3700
Americana,,Engenheiro Mecânico,1,6170.58
Araçariguama,,Gerente De Restaurante,1,6769.22
Americana,,Ouvidor,1,7882.77
Araçariguama,,Bibliotecário,1,8593.5
Americana,,Fiscal De Tributos Municipal,1,9873.25
Americana,,Professor De Língua Portuguesa Do Ensino Fundamental,1,8004.4
Pindamonhangaba,,Trabalhador Da Pecuária (Bovinos Leite),1,0
Piedade,,Médico Oftalmologista,1,8961.75
Araçariguama,,Procurador Do Município,1,4500.17
Araçariguama,,Médico Oftalmologista,1,5115.93
Piedade,,Gerente De Loja E Supermercado,1,4521.4
Itapeva,,Técnico Mecânico,1,2017.94
Pindamonhangaba,,Gerente De Produção E Operações Da Construção Civil E Obras Públicas,1,4350.65
Pindamonhangaba,,Operador De Estação De Tratamento De Água E Efluentes,1,2771.27
Araçariguama,,Agente De Saúde Pública,1,4443.89
Pindamonhangaba,,Supervisor Administrativo,1,2854.58
Pindamonhangaba,,Professor De Nível Médio Na Educação Infantil,1,3102.76
Piedade,,Cerimonialista,1,3121.79
Piedade,,Músico Regente,1,2401.49
Americana,,Encarregado De Acabamento De Chapas E Metais  (Têmpera),1,3447.93
Piedade,,Soldador,1,2714.43
Ibiúna,,Médico Do Trabalho,1,8744.25
Piedade,,Técnico De Imobilização Ortopédica,1,2757.76
Pindamonhangaba,,Economista Do Setor Público,1,2768.8
Araçariguama,,Diretor De  Produção E Operações De Turismo,1,3637.33
Itapeva,,Trabalhador Na Operação De Sistema De Irrigação Por Aspersão (Pivô Central),1,890.72
Pindamonhangaba,,Operador De Bomba De Concreto,1,2710.78
Pindamonhangaba,,Operador De Máquina De Fabricar Papel  (Fase Úmida),1,2252
Araçariguama,,Gerente De Operações De Serviços De Assistência Técnica,1,3763.78
Itapetininga,,Abatedor,1,626.43
Piedade,,Serralheiro,1,2511.83
Piedade,,Auxiliar Em Saúde Bucal,1,1772.21
Araçariguama,,Assessor De Imprensa,1,3733.2
Pindamonhangaba,,Carpinteiro,1,2280.47
Araçariguama,,Diretor De Serviços Culturais,1,3944.46
Pindamonhangaba,,Professor De Disciplinas Pedagógicas No Ensino Médio,1,709.71
Americana,,Operador De Projetor Cinematográfico,1,4065.31
Piedade,,Mecânico De Manutenção De Motocicletas,1,1481.53
Itapeva,,Comerciante Varejista,1,757.76
Pindamonhangaba,,Pintor De Obras,1,2036.65
Americana,,Contramestre De Acabamento (Indústria Têxtil),1,3623.79
Itapetininga,,Cumim,1,844.95
Pindamonhangaba,,Impressor Digital,1,1337.38
Pindamonhangaba,,Impressor De Corte E Vinco,1,1466.08
Pindamonhangaba,,Técnico Mecânico Na Fabricação De Ferramentas,1,1126.15
Pindamonhangaba,,Auxiliar Técnico Em Laboratório De Farmácia,1,1204.31
Pindamonhangaba,,Técnico Químico,1,1407.01
Americana,,"Operador De Produção (Química, Petroquímica E Afins)",1,2277.14
Americana,,Moleiro (Tratamentos Químicos E Afins),1,2298.53
Pindamonhangaba,,Diretor De Marketing,1,40230
Itapetininga,,Operador De Máquinas De Beneficiamento De Produtos Agrícolas,1,1235.57
Americana,,Instalador De Linhas Elétricas De Alta E Baixa - Tensão (Rede Aérea E Subterrânea),1,2669.35
Itapeva,,Operador De Pá Carregadeira,1,1202.84
Pindamonhangaba,,Diretor Administrativo E Financeiro,1,15583.36
Americana,,Chefe De Serviço De Transporte Rodoviário (Passageiros E Cargas),1,2177.78
Araçatuba,,Diretor Financeiro,1,5293.75
Pindamonhangaba,,Topógrafo,1,1335.11
Araçatuba,,Gerente De Pesquisa E Desenvolvimento (P&D),1,8444.29
Araçatuba,,Engenheiro De Segurança Do Trabalho,1,6267.68
Araçatuba,,Analista De Informações (Pesquisador De Informações De Rede),1,5656.28
Americana,,Operador De Betoneira,1,2322.53
Araçatuba,,Visitador Sanitário,1,5153.96
Araçoiaba da Serra,,Médico Do Trabalho,1,4533.33
Itapetininga,,Auxiliar De Laboratório De Análises Clínicas,1,1298.87
Itapetininga,,Mecânico De Manutenção De Máquinas Têxteis,1,1016.63
Araçoiaba da Serra,,Pesquisador Em Medicina Veterinária,1,4009.81
Araçatuba,,"Operador De Máquinas Fixas, Em Geral",1,4029.77
Ibiúna,,Porteiro (Hotel),1,1438.89
Pindamonhangaba,,Técnico De Planejamento De Produção,1,1466.49
Araçatuba,,Biólogo,1,4223.47
Araçoiaba da Serra,,Nutricionista,1,4302.39
Araçoiaba da Serra,,Gerente Administrativo,1,3511.73
Araçatuba,,Professor De Ciências Exatas E Naturais Do Ensino Fundamental,1,2225.2
Americana,,Copeiro,1,2512.35
Araçatuba,,Intérprete De Língua De Sinais,1,2827.01
Araçatuba,,Atendente De Judiciário,1,2452.6
Pindamonhangaba,,Operador De Centro De Usinagem Com Comando Numérico,1,1538.24
Araçoiaba da Serra,,Fonoaudiólogo Geral,1,2940.95
Araçoiaba da Serra,,Bibliotecário,1,2873.19
Ibiúna,,Gerente Administrativo,1,1384.67
Americana,,Forneiro De Fundição (Forno De Redução),1,2411.39
Americana,,Desenhista Projetista Mecânico,1,2800
Itapetininga,,Mecânico De Manutenção De Motores Diesel (Exceto De Veículos Automotores),1,1765.42
Itapetininga,,Carregador (Armazém),1,1568.95
Itapeva,,Analista De Crédito (Instituições Financeiras),1,2597.83
Itapeva,,Mecânico De Manutenção De Máquinas-Ferramentas (Usinagem De Metais),1,2503.15
Araçariguama,,Tecnólogo Em Automação Industrial,1,1967.68
Itapeva,,Gerente Administrativo,1,2500
Araçatuba,,Motorista De Ônibus Rodoviário,1,1830.13
Araçoiaba da Serra,,Armador De Estrutura De Concreto Armado,1,2554.08
Araçoiaba da Serra,,Apontador De Produção,1,2567
Americana,,Operador De Caldeira,1,2975.7
Araçoiaba da Serra,,"Eletrotécnico Na Fabricação, Montagem E Instalação De Máquinas E Equipamentos",1,1629.46
Araçatuba,,Operador De Mídia Audiovisual,1,1932.3
Araçatuba,,Administrador De Redes,1,1814.81
Itapeva,,Técnico Em Gravação De Áudio,1,5017.38
Araçatuba,,Passador De Roupas Em Geral,1,1697.36
Araçatuba,,Expedidor De Mercadorias,1,1624.68
Ibiúna,,Topógrafo,1,2799.37
Itapeva,,Eletricista De Instalações,1,2550.89
Araçatuba,,Promotor De Vendas,1,1771.38
Americana,,"Embalador, A Máquina",1,1862.52
Itapetininga,,Gerente De Serviços De Saúde,1,3053.8
Araçatuba,,Polidor De Metais,1,1673.06
Itapetininga,,Cirurgião Dentista - Estomatologista,1,3066
Itapetininga,,Instrutor De Auto-Escola,1,1583.71
Itapeva,,Professor De Nível Superior Do Ensino Fundamental (Primeira A Quarta Série),1,2775.43
Araçoiaba da Serra,,Cuidador Em Saúde,1,1414.18
Araçatuba,,Cozinheiro De Hospital,1,1278.62
Pindamonhangaba,,Telefonista,1,810.17
Araçariguama,,Pintor De Obras,1,1863.13
Pindamonhangaba,,Operador De Negócios,1,1612.33
Itapetininga,,Repórter De Mídias Audiovisuais,1,4146.72
Itapeva,,Diretor De Suprimentos,1,3852.16
Ibiúna,,Bibliotecário,1,3188.8
Itapetininga,,Técnico Em Sonorização,1,3305.32
Itapetininga,,Enfermeiro Auditor,1,3763
Araçatuba,,Inspetor De Sinistros,1,1604.69
Itapetininga,,Cirurgião Dentista - Radiologista,1,3577
Itapeva,,Jornalista,1,4961.92
Itapetininga,,Médico Ortopedista E Traumatologista,1,7707.53
Itapetininga,,Médico Cirurgião Geral,1,8325.51
Itapetininga,,Engenheiro De Segurança Do Trabalho,1,7167.25
Itapeva,,Supervisor De Vendas De Serviços,1,9311.66
Itapeva,,Professor De Artes No Ensino Médio,1,0
Piedade,,Foguista (Locomotivas A Vapor),1,2055.12
Pindamonhangaba,,Vigilante,1,1803.37
Cabreúva,,Gerente De Vendas,1,11733.33
Araçoiaba da Serra,,Açougueiro,1,1512.14
Cabreúva,,Motorista De Caminhão (Rotas Regionais E Internacionais),1,879.72
Cabreúva,,Comprador,1,973.73
Cabreúva,,Cuidador Em Saúde,1,813.01
Americana,,Técnico Em Agrimensura,1,1710.83
Cabreúva,,Operador De Computador,1,1928.7
Cabreúva,,Mecânico De Manutenção De Máquinas-Ferramentas (Usinagem De Metais),1,1763.51
Cabreúva,,Fiscal De Loja,1,1727.33
Cabreúva,,Auxiliar De Pessoal,1,1849.86
Americana,,"Pintor, A  Pistola (Exceto Obras E Estruturas Metálicas)",1,2030.19
Cabreúva,,Moldador De Plástico Por Injeção,1,2289.49
Cabreúva,,Analista De Desenvolvimento De Sistemas,1,1950
Cabreúva,,Auxiliar De Contabilidade,1,3680
Cabreúva,,Montador De Equipamentos Elétricos (Centrais Elétricas),1,3563.99
Pindamonhangaba,,Comprador,1,1632.87
Cabreúva,,Técnico De Planejamento De Produção,1,4805.39
Cabreúva,,Técnico De Vendas,1,7185.41
Americana,,Impressor Flexográfico,1,2063.93
Boituva,,Instalador De Sistemas Eletroeletrônicos De Segurança,1,1434.52
Pindamonhangaba,,Armador De Estrutura De Concreto Armado,1,2315.99
Araçatuba,,"Mestre (Indústria De Celulose, Papel E Papelão)",1,23443.97
Boituva,,Montador De Equipamentos Elétricos (Transformadores),1,1050.32
Americana,,Tecelão (Tear Mecânico De Maquineta),1,1520.31
Pindamonhangaba,,Temperador De Metais E De Compósitos,1,2095.91
Macatuba,,Terapeuta Ocupacional,1,4870.79
Macatuba,,Bibliotecário,1,4080.82
Macatuba,,Fonoaudiólogo Geral,1,3391
Boituva,,Recepcionista De Consultório Médico Ou Dentário,1,658.24
Americana,,Promotor De Vendas Especializado,1,996.32
Boituva,,Operador De Máquinas-Ferramenta Convencionais,1,1230.8
Boituva,,"Pintor, A  Pistola (Exceto Obras E Estruturas Metálicas)",1,1180.13
Boituva,,Cozinheiro Geral,1,1655.85
Macatuba,,Afiador De Serras,1,2534.71
Macatuba,,Técnico Químico,1,1770.83
Boituva,,Pintor De Estruturas Metálicas,1,1664.99
Piedade,,Arquivista,1,1999.46
Macatuba,,Nutricionista,1,8828.19
Boituva,,Operador De Acabamento (Indústria Gráfica),1,1674.2
Macatuba,,Técnico Eletrônico,1,509.49
Boituva,,Consultor Jurídico,1,0
Boituva,,Encanador,1,1763.33
Boituva,,Engenheiro Agrícola,1,8021.47
Boituva,,Gerente De Loja E Supermercado,1,10924.28
Boituva,,Auditor (Contadores E Afins),1,6534.33
Boituva,,Médico Hematologista,1,5862.31
Boituva,,Médico Dermatologista,1,6025.35
Boituva,,Agente De Defesa Ambiental,1,5738.5
Boituva,,Analista De Recursos Humanos,1,4000
Boituva,,Desenhista Projetista Mecânico,1,3562.89
Boituva,,Psicopedagogo,1,4217.94
Boituva,,Prensista (Operador De Prensa),1,2323.13
Boituva,,Mestre De Usinagem,1,6153.44
Boituva,,Assessor De Imprensa,1,3916.01
Piedade,,Auxiliar De Pessoal,1,2004.63
Boituva,,Agente De Saúde Pública,1,4362.3
Boituva,,Médico Psiquiatra,1,6254.05
Boituva,,Comerciante Atacadista,1,0
Americana,,Supervisor Das Artes Gráficas  (Indústria Editorial E Gráfica),1,1226.57
Boituva,,Trabalhador Da Manutenção De Edificações,1,2450
Boituva,,Assistente De Vendas,1,1126.66
Boituva,,Auxiliar De Manutenção Predial,1,1501.8
Boituva,,Serralheiro,1,1407.28
Boituva,,Atendente De Lanchonete,1,1173.9
Boituva,,Padeiro,1,1170.87
Boituva,,Auxiliar De Lavanderia,1,1195.77
Piedade,,Trançador De Cabos De Aço,1,2261.42
Cabreúva,,Analista De Pcp (Programação E Controle Da Produção),1,4103.25
Americana,,Camareiro  De Hotel,1,1238.9
Cabreúva,,Visual Merchandiser,1,2275
Macatuba,,Frentista,1,2102.81
Cabreúva,,Analista De Recursos Humanos,1,2883.1
Cabreúva,,"Moldador, A  Máquina",1,2802.51
Macatuba,,Analista De Planejamento De Manutenção,1,2929
Piedade,,Analista De Exportação E Importação,1,2831.39
Americana,,Auxiliar De Serviços Jurídicos,1,1659.03
Macatuba,,Secretária(O) Executiva(O),1,2789.41
Piedade,,Controlador De Entrada E Saída,1,2326.7
Macatuba,,Fiscal De Tributos Municipal,1,3850.9
Americana,,Conferente Mercadoria (Exceto Carga E Descarga),1,1229.32
Pindamonhangaba,,"Salsicheiro (Fabricação De Lingüiça, Salsicha E Produtos Similares)",1,2696.23
Macatuba,,Médico Veterinário,1,4870.79
Macatuba,,Economista,1,5513.14
Macatuba,,Farmacêutico,1,8800.33
Americana,,Analista De Transporte Em Comércio Exterior,1,1567.5
Cabreúva,,Inspetor De Qualidade,1,2783.97
Cabreúva,,Vigia,1,2299.96
Araçoiaba da Serra,,Ajudante De Motorista,1,465.38
Americana,,Montador De Equipamentos Eletrônicos (Máquinas Industriais),1,1370.71
Pindamonhangaba,,Analista De Folha De Pagamento,1,2124.82
Cabreúva,,Pedreiro,1,1667.73
Piedade,,Fonoaudiólogo Geral,1,2371.03
Pindamonhangaba,,Operador De Jato Abrasivo,1,3767.53
Araçatuba,,Cerimonialista,1,20810.91
Cabreúva,,Carregador (Veículos De Transportes Terrestres),1,1546.15
Pindamonhangaba,,Coordenador Pedagógico,1,3033.33
Itapeva,,Professor De Língua Inglesa,1,0
Itapetininga,,Médico Em Radiologia E Diagnóstico Por Imagem,1,8073.77
Itapetininga,,Analista De Desenvolvimento De Sistemas,1,9527.96
Pindamonhangaba,,Analista De Desenvolvimento De Sistemas,1,5017.1
Piedade,,Bibliotecário,1,4507.66
Itapeva,,Podólogo,1,10904.2
Itapetininga,,Supervisor De Vendas De Serviços,1,6916
Itapetininga,,Operador De Motoniveladora,1,4181.96
Itapeva,,Cirurgião Dentista - Auditor,1,5348.86
Itapetininga,,Enfermeiro Do Trabalho,1,4873.4
Ibiúna,,Técnico De Manutenção Elétrica,1,5277.62
Pindamonhangaba,,Operador De Pá Carregadeira,1,0
Araçatuba,,Operador De Bomba De Concreto,1,1030.7
Ibiúna,,Supervisor De Orçamento,1,3793.8
Itapetininga,,Professor De História Do Ensino Fundamental,1,2667.92
Itapeva,,Diretor De Tecnologia Da Informação,1,4333.55
Ibiúna,,Motorista De Carro De Passeio,1,3793.8
Itapeva,,Engenheiro Agrônomo,1,3503.56
Araçatuba,,Professor De Língua Estrangeira Moderna No Ensino Médio,1,689.58
Piedade,,Operador De Jato Abrasivo,1,1570.37
Itapetininga,,Gerente De Restaurante,1,3963.44
Araçatuba,,Curtidor (Couros E Peles),1,1360.64
Araçatuba,,"Lavadeiro, Em Geral",1,1364.46
Piedade,,Borracheiro,1,890.61
Araçatuba,,Técnico De Obras Civis,1,1103.08
Charqueada,,Açougueiro,1,719.79
Itapetininga,,Analista De Crédito (Instituições Financeiras),1,2880.01
Itapetininga,,Técnico Químico,1,3517.87
Cerquilho,,Professor De Língua Inglesa,1,1296.01
Araçoiaba da Serra,,Publicitário,1,1347.06
Itapetininga,,Coordenador Pedagógico,1,2874.78
Itapetininga,,Jornalista,1,2817
Araçatuba,,Desenhista Detalhista,1,1121.16
Araçatuba,,Supervisor De Manutenção Eletromecânica,1,1383.29
Araçatuba,,Operador De Centro De Controle (Ferrovia E Metrô),1,1347
Araçatuba,,Organizador De Evento,1,1600
Dourado,,Marceneiro,1,1470.5
Ibiúna,,Técnico Em Agrimensura,1,2407.95
Itapetininga,,Bibliotecário,1,2817
Cerquilho,,Impressor Flexográfico,1,1743.62
Dourado,,Assistente De Vendas,1,1695.5
Itapetininga,,Cirurgião Dentista - Periodontista,1,3066
Americana,,Diretor De Manutenção,1,12118.03
Araçatuba,,Costureiro Na Confecção Em Série,1,1206.41
Cerquilho,,"Mecânico De Manutenção De Máquinas, Em Geral",1,1918.08
Itapetininga,,Apontador De Mão-De-Obra,1,2251.97
Araçoiaba da Serra,,Expedidor De Mercadorias,1,1670.98
Araçoiaba da Serra,,Carregador (Armazém),1,1567.96
Dourado,,Assessor De Imprensa,1,1493.8
Araçatuba,,Guardador De Veículos,1,1660.66
Araçatuba,,Operador De Laminador,1,1657.51
Itapetininga,,Encarregado De Equipe De Conservação De Vias Permanentes (Exceto Trilhos),1,2560.35
Itapetininga,,Agente De Vendas De Serviços,1,1715.26
Cerquilho,,Porteiro De Edifícios,1,1879.01
Ibiúna,,Instrumentador Cirúrgico,1,2059.13
Cerquilho,,Carregador (Veículos De Transportes Terrestres),1,2192.91
Ibiúna,,Agente De Microcrédito,1,1713.12
Araçatuba,,Operador De Inspeção De Qualidade,1,2007.8
Araçatuba,,Trabalhador De Tratamento Do Leite E Fabricação De Laticínios E Afins,1,2847.82
Araçatuba,,Caldeireiro (Chapas De Ferro E Aço),1,2501.36
Araçatuba,,Montador De Máquinas De Terraplenagem,1,3088.53
Araçatuba,,Supervisor De Exploração Agrícola,1,2500
Araçoiaba da Serra,,Frentista,1,2114.95
Cerquilho,,Auxiliar De Faturamento,1,1919.17
Itapeva,,Operador De Máquinas-Ferramenta Convencionais,1,1369.87
Itapetininga,,Auxiliar De Pessoal,1,1705.96
Itapetininga,,Armador De Estrutura De Concreto Armado,1,1510.31
Cerquilho,,Promotor De Vendas Especializado,1,2337.1
Cerquilho,,Agente De Portaria,1,1876.98
Araçoiaba da Serra,,Técnico Em Patologia Clínica,1,2527.63
Araçoiaba da Serra,,Funileiro De Veículos (Reparação),1,4017.38
Charqueada,,Gerente De Serviços Educacionais Da Área Pública,1,3158.55
Araçatuba,,Técnico Em Manutenção De Equipamentos De Informática,1,3547.53
Cerquilho,,Motorista De Carro De Passeio,1,2482.31
Americana,,Mecânico De Manutenção De Bomba Injetora (Exceto De Veículos Automotores),1,548.62
Itapetininga,,Técnico De Enfermagem Do Trabalho,1,1600.8
Ibiúna,,Técnico Em Secretariado,1,1180.25
Araçatuba,,"Operador De Utilidade (Produção E Distribuição De Vapor, Gás, Óleo, Combustível, Energia, Oxigênio)",1,2779.88
Araçatuba,,Farmacêutico Analista Clínico,1,2373.64
Araçatuba,,Economista Financeiro,1,3421.32
Charqueada,,Jornalista,1,3114.28
Porto Feliz,,Supervisor De Tesouraria,1,5473.92
Itapeva,,Atendente De Farmácia - Balconista,1,1493.77
Araçatuba,,Analista De Pesquisa De Mercado,1,6447.12
Araçatuba,,Diretor De Operações De Obras Pública E Civil,1,6433.57
Araçoiaba da Serra,,Secretária(O) Executiva(O),1,7657.97
Porto Feliz,,Analista De Recursos Humanos,1,4508.98
Araçoiaba da Serra,,Eletricista De Manutenção Eletroeletrônica,1,2695.15
Araçatuba,,Agente De Defesa Ambiental,1,7117.02
Araçatuba,,Perito Contábil,1,6571.29
Araçoiaba da Serra,,Médico Ortopedista E Traumatologista,1,7596.01
Araçoiaba da Serra,,"Eletricista De Manutenção De Linhas Elétricas, Telefônicas E De Comunicação De Dados",1,1161.93
Araçatuba,,Psicólogo Educacional,1,3295.07
Itapetininga,,Borracheiro,1,1409.2
Porto Feliz,,Técnico Em Agrimensura,1,4189.83
Ibiúna,,Vigia,1,1330.63
Porto Feliz,,Funileiro Industrial,1,2850.08
Ibiúna,,"Mecânico De Manutenção De Máquinas, Em Geral",1,1532.79
Itapetininga,,Fiscal De Loja,1,1501.51
Itapetininga,,"Costureiro, A  Máquina  Na Confecção Em Série",1,1380.02
Itapeva,,Trabalhador No Cultivo De Mudas,1,1243.32
Itapeva,,Carregador (Veículos De Transportes Terrestres),1,1134
Itapeva,,Promotor De Vendas Especializado,1,596
Itapetininga,,Ajudante De Confecção,1,1047.2
Porto Feliz,,Operador De Caldeira,1,3957.77
Porto Feliz,,Auxiliar De Enfermagem,1,2311.56
Itapeva,,Diretor De Recursos Humanos,1,12504.34
Itapetininga,,Médico Infectologista,1,13507.69
Itapetininga,,Médico Mastologista,1,12439.19
Porto Feliz,,Desenhista Técnico,1,2649.87
Itapetininga,,Escrivão Extra - Judicial,1,9892.08
Porto Feliz,,Vigia,1,2928.75
Dourado,,Consultor Jurídico,1,2408.25
Americana,,Gerente De Comunicação,1,8460.13
Charqueada,,Mãe Social,1,2554.53
Piedade,,Servente De Obras,1,1627.11
Americana,,Supervisor De Almoxarifado,1,7950.72
Piedade,,Copeiro,1,1639.01
Piedade,,Encanador,1,1602.63
Dourado,,Diretor De Serviços Culturais,1,3351.83
Pindamonhangaba,,Recepcionista De Consultório Médico Ou Dentário,1,1199.3
Americana,,Gerente De Contas - Pessoa Física E Jurídica,1,6655.51
Charqueada,,Técnico Da Receita Federal,1,4428.29
Porto Feliz,,Encanador,1,2625.81
Charqueada,,Fonoaudiólogo Geral,1,3226.74
Pindamonhangaba,,Conferente Mercadoria (Exceto Carga E Descarga),1,1817.56
Porto Feliz,,Auxiliar Nos Serviços De Alimentação,1,1239
Americana,,Diretor Comercial,1,6433.57
Araçariguama,,Analista De Transporte Em Comércio Exterior,1,5173.26
Piedade,,Motorista De Carro De Passeio,1,2177.55
Americana,,Supervisor De Carga E Descarga,1,5669.44
Pindamonhangaba,,Professor De Matemática No Ensino Médio,1,2028.39
Pindamonhangaba,,Assistente Social,1,1874.68
Piedade,,Analista De Suporte Computacional,1,3074.26
Pindamonhangaba,,Operador De Draga,1,2592.3
Pindamonhangaba,,Instalador De Tubulações,1,2774.12
Pindamonhangaba,,Encanador,1,2419.23
Pindamonhangaba,,Desenhista Técnico,1,2251.73
Piedade,,Protético Dentário,1,2800.3
Charqueada,,Nutricionista,1,3034.43
Dourado,,Diretor De Planejamento Estratégico,1,4090.91
Pindamonhangaba,,Carpinteiro De Obras,1,3339.27
Americana,,Topógrafo,1,7346.69
Piedade,,Encarregado De Manutenção Mecânica De Sistemas Operacionais,1,3187.25
Araçariguama,,Arquiteto De Edificações,1,5157.99
Americana,,Gerontólogo,1,5359.14
Pindamonhangaba,,Oxicortador A Mão E A  Máquina,1,3688.4
Pindamonhangaba,,Caldeireiro (Chapas De Cobre),1,3083.33
Cerquilho,,Procurador Autárquico,1,4435.46
Piedade,,Diretor De Tecnologia Da Informação,1,4884.41
Pindamonhangaba,,Professor De Ensino Superior Na Área De Pesquisa Educacional,1,5304.64
Cerquilho,,Engenheiro Civil,1,4657.23
Piedade,,Engenheiro Agrônomo,1,7630.59
Piedade,,Diretor De Recursos Humanos,1,6061.66
Pindamonhangaba,,Engenheiro De Produção,1,9023.01
Piedade,,Médico Urologista,1,9154.42
Cerquilho,,Diretor De  Produção E Operações De Alimentação,1,4755.06
Piedade,,Pintor De Estruturas Metálicas,1,1785.11
Pindamonhangaba,,Médico Urologista,1,0
Pindamonhangaba,,Operador De Preservação E Controle Térmico,1,0
Piedade,,Poceiro (Edificações),1,2220.54
Araçariguama,,Auxiliar De Serviços Jurídicos,1,3871.46
Cerquilho,,Gerente Comercial,1,687.5
Dourado,,Advogado (Direito Público),1,5504.74
Americana,,Bombeiro Civil,1,2881.83
Americana,,Gerente De Produção E Operações,1,4300
Americana,,Pesquisador Em Biologia Vegetal,1,4757.28
Charqueada,,"Embalador, A Mão",1,696.08
Americana,,Jornalista,1,4039.74
Araçariguama,,Trabalhador De Serviços De Limpeza E Conservação De Áreas Públicas,1,3576.76
Araçariguama,,Supervisor De Ensino,1,3450.15
Araçariguama,,Diretor De Compliance,1,3681.96
Araçariguama,,Supervisor De Tesouraria,1,3269.1
Americana,,Técnico Em Manutenção De Máquinas,1,4026.48
Americana,,Analista De Negócios,1,3858.88
Americana,,Técnico De Manutenção Elétrica De Máquina,1,2983.98
Cerquilho,,Diretor De Tecnologia Da Informação,1,4883.58
Araçariguama,,Analista De Recursos Humanos,1,3230
Dourado,,Cumim,1,1509.17
Dourado,,Zelador De Edifício,1,1542.79
Americana,,Modelador De Metais (Fundição),1,2625.65
Dourado,,Procurador Do Município,1,5759.95
Dourado,,Tratorista Agrícola,1,2059.97
Itupeva,,Controlador De Entrada E Saída,1,484.01
Cerquilho,,Operador Polivalente Da Indústria Têxtil,1,1601.01
Americana,,Caminhoneiro Autônomo (Rotas Regionais E Internacionais),1,2187.08
Americana,,Professor De Alunos Com Deficiência Mental,1,2503.91
Dourado,,Operador De Empilhadeira,1,1786.04
Cerquilho,,Auxiliar De Manutenção Predial,1,2114.12
Cerquilho,,Eletrotécnico,1,1473.73
Dourado,,Operador De Caixa,1,1339.86
Cerquilho,,Gerente De Projetos E Serviços De Manutenção,1,1691.01
Dourado,,Recepcionista De Hotel,1,1883.86
Americana,,Supervisor De Cobrança,1,1791
Americana,,Vigilante,1,2243.23
Americana,,Gerente De Restaurante,1,2241.63
Cerquilho,,Padeiro,1,1750.84
Cerquilho,,Auxiliar Técnico Em Laboratório De Farmácia,1,1668.42
Americana,,"Eletrotécnico Na Fabricação, Montagem E Instalação De Máquinas E Equipamentos",1,3089.25
Itu,,Professor De História Do Ensino Superior,1,13941.02
Dourado,,Recreador,1,1925.02
Dourado,,Técnico Em Segurança Do Trabalho,1,2545.35
Itu,,Treinador Profissional De Futebol,1,10000
Cerquilho,,Modelador De Madeira,1,2713.77
Americana,,Supervisor De Vendas De Serviços,1,2440.31
Itupeva,,Médico Em Radiologia E Diagnóstico Por Imagem,1,18813.08
Itupeva,,Apontador De Produção,1,0
Cerquilho,,Técnico Em Turismo,1,2300.22
Itupeva,,Monitor De Sistemas Eletrônicos De Segurança Externo,1,0
Americana,,Armador De Estrutura De Concreto Armado,1,2757.13
Charqueada,,Agente Fiscal De Qualidade,1,2413.06
Americana,,Técnico Em Instrumentação,1,3190.42
Dourado,,Ouvidor,1,2703.69
Cerquilho,,Supervisor De Transportes,1,2645.27
Americana,,Operador De Jato Abrasivo,1,1509.39
Charqueada,,Gerente De Serviços Culturais,1,2404.26
Charqueada,,Professor De Alunos Com Deficiência Múltipla,1,3106.88
Itu,,Analista De Planejamento De Materias,1,6826.66
Dourado,,Faxineiro,1,3285.04
Itu,,"Mecânico De Manutenção De Máquinas Cortadoras De Grama, Roçadeiras, Motosserras E Similares",1,809.93
Charqueada,,Encarregado De Manutenção Mecânica De Sistemas Operacionais,1,3575.83
Dourado,,Contador,1,4405.9
Charqueada,,Engenheiro Civil,1,3100.14
Americana,,Operador De Engomadeira De Urdume,1,2226.32
Charqueada,,Diretor De Recursos Humanos,1,3737.91
Itu,,Supervisor De Logística,1,5825.87
Charqueada,,Motorista De Carro De Passeio,1,2964.75
Dourado,,Diretor De Serviços Sociais,1,4363.46
Cerquilho,,Carpinteiro,1,3635.39
Charqueada,,Diretor De Tecnologia Da Informação,1,3539.32
Charqueada,,Professor Da  Educação De Jovens E Adultos Do Ensino Fundamental (Primeira A Quarta Série),1,4247.24
Itupeva,,"Eletrotécnico Na Fabricação, Montagem E Instalação De Máquinas E Equipamentos",1,9104.48
Itupeva,,Nutricionista,1,6763.21
Americana,,"Tecelão (Tear Mecânico, Exceto Jacquard)",1,2303.48
Cerquilho,,Procurador Do Município,1,4435.46
Charqueada,,Supervisor De Ensino,1,4425.8
Cerquilho,,Supervisor De Exploração Agrícola,1,4772.78
Cerquilho,,Gerente De Loja E Supermercado,1,8175.15
Americana,,Coordenador Pedagógico,1,1823.11
Cerquilho,,Diretor De Serviços De Saúde,1,7571.95
Cerquilho,,Consultor Jurídico,1,7549.81
Cerquilho,,Diretor Administrativo,1,9069.58
Cerquilho,,Professor De Nível Médio Na Educação Infantil,1,4582.35
Cerquilho,,Lavador De Veículos,1,1985.55
Araçariguama,,Demolidor De Edificações,1,1678.24
Americana,,Operador De Torno Com Comando Numérico,1,2067.39
Americana,,Desenhista Projetista De Arquitetura,1,1697.99
Itu,,Médico Infectologista,1,3694.24
Itupeva,,Jornalista,1,7116.98
Americana,,Operador De Câmaras Frias,1,1909.46
Americana,,Classificador De Fibras Têxteis,1,1532.45
Americana,,Chefe De Contabilidade (Técnico),1,1189.53
Araçariguama,,Montador De Andaimes (Edificações),1,1453.11
Americana,,Inspetor De Estamparia (Produção Têxtil),1,1329.43
Itupeva,,Médico Gastroenterologista,1,7621.4
Americana,,Impressor (Serigrafia),1,1899.26
Itu,,Médico Coloproctologista,1,14639.38
Americana,,Esteticista,1,1380
Americana,,Lavador De Roupas  A Maquina,1,1543.13
Americana,,Técnico Em Saúde Bucal,1,1382.35
Itu,,Mecânico De Manutenção De Máquinas De Construção E Terraplenagem,1,4332.21
Itu,,Diretor Comercial Em Operações De Intermediação Financeira,1,7318.16
Americana,,Cuidador Em Saúde,1,1114.45
Itupeva,,Cirurgião Dentista - Traumatologista Bucomaxilofacial,1,18386.19
Itu,,Operador De Máquinas Operatrizes,1,4750.38
Itupeva,,Técnico Em Mecatrônica - Automação Da Manufatura,1,5647.13
Araçariguama,,Recepcionista De Consultório Médico Ou Dentário,1,1500.76
Araçariguama,,Carregador (Veículos De Transportes Terrestres),1,1167
Americana,,Impressor De Rotativa,1,1487.76
Itu,,Selecionador De Material Reciclável,1,954.29
Itupeva,,Pedagogo,1,4134.94
Itu,,Técnico Em Eletromecânica,1,1074
Itu,,Engenheiro De Segurança Do Trabalho,1,4964.29
Americana,,"Operador De Máquinas De Fabricação De Doces, Salgados E Massas Alimentícias",1,1276.91
Itu,,Programador De Máquinas - Ferramenta Com Comando Numérico,1,990.59
Araçariguama,,Promotor De Vendas Especializado,1,1169.71
Americana,,Entregador De Publicações,1,1548.5
Itu,,"Supervisor De Manutenção Eletromecânica Industrial, Comercial E Predial",1,5353.52
Itu,,Dirigente E Administrador De Organização Religiosa,1,1100
Americana,,Operador De Máquina De Costura De Acabamento,1,1546.66
Itu,,Técnico Em Sonorização,1,3818.25
Itu,,Guia De Turismo,1,2836.14
Itupeva,,Desenhista Projetista De Arquitetura,1,3599.41
Itu,,Gerente De Operações De Transportes,1,3986.66
Americana,,Auxiliar De Enfermagem Do Trabalho,1,2235.4
Itu,,Supervisor De Vigilantes,1,3500
Itupeva,,Operador De Transporte Multimodal,1,1508.8
Itu,,Analista Financeiro (Instituições Financeiras),1,3500
Itu,,Turismólogo,1,1153.05
Itu,,Operador De Negócios,1,939.91
Itu,,Auxiliar De Veterinário,1,1483.89
Itu,,Produtor Cultural,1,1919.11
Itu,,Temperador De Metais E De Compósitos,1,1327.22
Itupeva,,Porteiro De Edifícios,1,1459.03
Araçariguama,,Confeiteiro,1,909.33
Itupeva,,Técnico De Enfermagem De Terapia Intensiva,1,748.03
Itu,,Técnico De Apoio Em Pesquisa E Desenvolvimento (Exceto Agropecuário E Florestal),1,1058.22
Americana,,Desenhista Técnico Mecânico,1,732.14
Itupeva,,Operador De Máquinas-Ferramenta Convencionais,1,1787.54
Itu,,Auxiliar De Laboratório De Análises Clínicas,1,2444.36
Itu,,Desenhista Copista,1,2263.32
Itu,,Professor De Educação Artística Do Ensino Fundamental,1,2802.3
Itu,,Mecânico De Manutenção E Instalação De Aparelhos De Climatização E  Refrigeração,1,2360.59
Araçariguama,,Auxiliar De Logistica,1,1056
Itu,,Forneiro E Operador De Forno De Redução Direta,1,1144.49
Itupeva,,Administrador De Sistemas Operacionais,1,2507.72
Itupeva,,Gerente De Marketing,1,1334.29
Araçariguama,,Engenheiro Agrônomo,1,11881.73
Itu,,Economista,1,2875.7
Porto Feliz,,Desenhista Técnico (Instalações Hidrossanitárias),1,9636.03
Porto Feliz,,Gerente Financeiro,1,7077.57
Porto Feliz,,Gerente De Comunicação,1,4793.38
Porto Feliz,,Chefe De Contabilidade (Técnico),1,7132.95
Itu,,Técnico Em Acupuntura,1,2048.64
Porto Feliz,,Professor De Alunos Com Deficiência Auditiva E Surdos,1,3435.09
Itu,,Trabalhador Da Pecuária (Bovinos Corte),1,2649.28
Itupeva,,Lagareiro,1,2689.81
Itupeva,,Operador De Processos Químicos E Petroquímicos,1,2196.41
Itu,,Promotor De Vendas,1,1405.16
Itu,,Desenhista Projetista De Eletricidade,1,2156.23
Porto Feliz,,Analista De Desenvolvimento De Sistemas,1,4607.05
Itu,,Supervisor De Usina De Concreto,1,2520.83
Itu,,Caminhoneiro Autônomo (Rotas Regionais E Internacionais),1,1707.42
Itu,,Operador Eletromecânico,1,1750.01
Itupeva,,Operador De Betoneira,1,2010.48
Itu,,Marinheiro De Esporte E Recreio,1,3250
Itupeva,,Supervisor De Contas A Pagar,1,3153.26
Itu,,Analista De Negócios,1,2253.07
Itu,,Modelador De Metais (Fundição),1,2760.5
Itu,,Técnico Mecânico (Motores),1,2620.56
Porto Feliz,,Técnico Químico,1,3928.42
Porto Feliz,,Gravador De Matriz Para Flexografia (Clicherista),1,4354.11
Itu,,Arquivista,1,2973.53
Porto Feliz,,Técnico Em Eletromecânica,1,3683.54
Porto Feliz,,Técnico De Enfermagem,1,2282.77
Itupeva,,Desenhista Técnico (Construção Civil),1,1969.61
Porto Feliz,,Bibliotecário,1,3156.21
Porto Feliz,,Telefonista,1,2410.8
Porto Feliz,,Modelador De Metais (Fundição),1,2048.16
Itu,,Mestre De Produção Química,1,2538.12
Itu,,Engenheiro Civil (Transportes E Trânsito),1,3356.35
Porto Feliz,,Auxiliar De Contabilidade,1,1961.9
Itu,,Trabalhador Volante Da Agricultura,1,2820.07
Itupeva,,Agente De Vendas De Serviços,1,2788.71
Itupeva,,Encarregado De Acabamento De Chapas E Metais  (Têmpera),1,4127.11
Porto Feliz,,Coletor De Lixo Domiciliar,1,1692.67
Itupeva,,Técnico Químico,1,2826.22
Itu,,Chefe De Cozinha,1,3827.74
Porto Feliz,,"Costureiro, A  Máquina  Na Confecção Em Série",1,1357.27
Itupeva,,Técnico Em Saúde Bucal,1,1590.27
Porto Feliz,,Comerciante Varejista,1,763.5
Itupeva,,Apontador De Mão-De-Obra,1,1811.44
Itu,,Médico Do Trabalho,1,3414.07
Itupeva,,Fundidor De Metais,1,2009.09
Itu,,Químico,1,5353.52
Itu,,Operador De Motoniveladora,1,2839.05
Itu,,Técnico Em Manutenção De Máquinas,1,3691.19
Itu,,Supervisor De Almoxarifado,1,5069.58
Itu,,Lubrificador Industrial,1,4350.48
Itupeva,,Técnico De Vendas,1,1706.14
Itu,,Montador De Equipamentos Eletrônicos,1,1686.36
Porto Feliz,,Técnico Eletrônico,1,14385.66
Itu,,Técnico Em Atendimento E Vendas,1,2181.88
Itupeva,,Técnico Em Secretariado,1,4456.32
Itupeva,,Analista De Pcp (Programação E Controle Da Produção),1,5522.22
Itu,,Gerente De Contas - Pessoa Física E Jurídica,1,4161.9
Itu,,Gerente De Departamento Pessoal,1,7209.59
Itupeva,,Demonstrador De Mercadorias,1,2194.38
Itupeva,,Chefe De Serviço De Transporte Rodoviário (Passageiros E Cargas),1,6134.18
Itupeva,,"Operador De Produção (Química, Petroquímica E Afins)",1,7221.67
Itu,,Gerente De Comunicação,1,7318.16
Itupeva,,Médico Reumatologista,1,7340.7
Itu,,Diretor Comercial,1,33906.64
Piedade,,Desenvolvedor De Sistemas De Tecnologia Da Informação (Técnico),1,4136.97
