nome_municipio,nome_profissao,total_trabalhadores,salario_medio
Americana,Alimentador De Linha De Produção,3183,2047.14
Americana,Vendedor De Comércio Varejista,3027,2275.91
Americana,Assistente Administrativo,3008,2268.75
Araçatuba,Auxiliar De Escritório,2947,1858.96
Americana,Auxiliar De Escritório,2783,1856.06
Itu,Alimentador De Linha De Produção,2648,2120.27
Araçatuba,Vendedor De Comércio Varejista,2588,2267.63
Itupeva,Alimentador De Linha De Produção,2582,1987.19
Itupeva,Motorista De Caminhão (Rotas Regionais E Internacionais),2096,2537.85
Itu,Assistente Administrativo,2052,2565.43
Itapetininga,Vendedor De Comércio Varejista,2049,1970.55
Itapetininga,Alimentador De Linha De Produção,2015,1639.33
Boituva,Abatedor,2008,1696.96
Itu,Auxiliar De Escritório,1957,1899.95
Americana,Faxineiro,1905,1548.73
Itu,Vendedor De Comércio Varejista,1874,2732.92
Itapetininga,Auxiliar De Escritório,1831,1633.19
Araçatuba,Assistente Administrativo,1819,2120.69
Itu,Faxineiro,1711,1488.62
Americana,Motorista De Caminhão (Rotas Regionais E Internacionais),1618,3016
Araçatuba,Motorista De Caminhão (Rotas Regionais E Internacionais),1609,2777.63
Araçatuba,Faxineiro,1589,1462.84
Itu,Motorista De Caminhão (Rotas Regionais E Internacionais),1560,2772.92
Pindamonhangaba,Vendedor De Comércio Varejista,1532,1747.69
Araçatuba,Operador De Caixa,1487,1734.35
Araçatuba,Alimentador De Linha De Produção,1465,1604.3
Itu,Operador De Caixa,1329,1777.06
Ibiúna,Alimentador De Linha De Produção,1303,2096.05
Itu,Professor Da  Educação De Jovens E Adultos Do Ensino Fundamental (Primeira A Quarta Série),1293,4518.91
Pindamonhangaba,Alimentador De Linha De Produção,1275,2093.78
Cabreúva,Alimentador De Linha De Produção,1262,1960.3
Americana,Operador De Caixa,1244,1827.18
Araçatuba,Cobrador Interno,1244,1259.71
Itapeva,Auxiliar De Escritório,1219,1599.19
Itapeva,Vendedor De Comércio Varejista,1189,1921.6
Itapetininga,Faxineiro,1172,1378.43
Boituva,Alimentador De Linha De Produção,1126,1908.54
Itapeva,Motorista De Caminhão (Rotas Regionais E Internacionais),1121,2643.68
Itupeva,Vendedor De Comércio Varejista,1115,2885.09
Itapetininga,Motorista De Caminhão (Rotas Regionais E Internacionais),1090,2489.19
Itapeva,Trabalhador Da Exploração De Resinas,1053,1416.79
Americana,Supervisor Administrativo,1043,4552.06
Porto Feliz,Alimentador De Linha De Produção,1014,2218.81
Pindamonhangaba,Assistente Administrativo,1011,2577
Pindamonhangaba,Auxiliar De Escritório,987,1759.22
Itu,Operador De Telemarketing Receptivo,980,1168.52
Cabreúva,"Embalador, A Mão",977,1850.86
Itu,Operador De Telemarketing Ativo E Receptivo,969,969.35
Itapetininga,"Trabalhador De Extração Florestal, Em Geral",961,1278.56
Americana,Atendente De Lojas E Mercados,951,1678.34
Araçatuba,Professor Da  Educação De Jovens E Adultos Do Ensino Fundamental (Primeira A Quarta Série),950,3936.21
Itupeva,Auxiliar De Escritório,949,1712.96
Americana,Técnico De Enfermagem,936,2993.99
Araçariguama,Alimentador De Linha De Produção,935,2168.87
Americana,"Recepcionista, Em Geral",914,1688.3
Americana,Cuidador Em Saúde,889,509.06
Itapetininga,Operador De Caixa,886,1666.16
Araçatuba,"Recepcionista, Em Geral",885,1676.13
Araçatuba,Porteiro De Edifícios,865,2055.64
Boituva,Faxineiro,861,1415.86
Pindamonhangaba,Operador De Laminador,848,5188.21
Ibiúna,Vendedor De Comércio Varejista,843,1661.34
Boituva,Motorista De Caminhão (Rotas Regionais E Internacionais),833,2897.19
Itapetininga,Trabalhador Agropecuário Em Geral,831,1608.83
Itapetininga,Assistente Administrativo,827,2350.61
Araçatuba,Auxiliar De Enfermagem,826,2100.79
Americana,Cozinheiro Geral,825,1986.76
Americana,Borracheiro,816,4104.42
Americana,Almoxarife,814,2160.34
Americana,Servente De Obras,802,1867.21
Araçatuba,Técnico De Enfermagem,800,2431.49
Americana,Porteiro De Edifícios,792,1966.74
Araçatuba,Repositor De Mercadorias,786,1571.79
Itapetininga,Auxiliar De Desenvolvimento Infantil,780,1268.06
Itu,Almoxarife,769,2437.19
Itupeva,Assistente Administrativo,767,2493.04
Americana,Auxiliar Nos Serviços De Alimentação,761,1558.65
Itapeva,Trabalhador Agropecuário Em Geral,751,1393.73
Boituva,Vendedor De Comércio Varejista,738,2503.49
Pindamonhangaba,Operador De Caixa,729,1644.28
Americana,Costureiro Na Confecção Em Série,716,1578.66
Araçatuba,Atendente De Lojas E Mercados,706,1582.38
Pindamonhangaba,Faxineiro,690,1342.41
Americana,Tecelão (Tear Automático),689,2639.63
Itu,Atendente De Lojas E Mercados,684,1603.24
Americana,Conferente De Carga E Descarga,681,1927.09
Itu,Repositor De Mercadorias,660,1642.29
Araçatuba,Servente De Obras,654,1363.55
Itu,Operador De Linha De Montagem (Aparelhos Eletrônicos),652,2146.05
Porto Feliz,Auxiliar De Escritório,635,2048.12
Boituva,Auxiliar De Escritório,635,1931.53
Itapetininga,Cozinheiro Geral,622,1409.82
Cerquilho,Auxiliar De Escritório,622,1843.84
Pindamonhangaba,Professor De Nível Médio No Ensino Fundamental,620,4155.6
Piedade,Trabalhador Agropecuário Em Geral,609,1380.31
Araçariguama,Faxineiro,606,1241.18
Americana,Repositor De Mercadorias,606,1608.51
Ibiúna,Trabalhador Na Olericultura (Legumes),604,1493.42
Itapetininga,Operador De Máquina Misturadeira (Tratamentos Químicos E Afins),601,3382.27
Itupeva,Operador De Caixa,597,1538.65
Cerquilho,Alimentador De Linha De Produção,591,1666.61
Itapetininga,Atendente De Lojas E Mercados,588,1426.46
Americana,Assistente De Vendas,587,2388.52
Cabreúva,Armazenista,583,2456.28
Piedade,Vendedor De Comércio Varejista,581,1946.49
Americana,Confeccionador De Pneumáticos,579,5886.53
Pindamonhangaba,Atendente De Lojas E Mercados,572,1420.75
Itapetininga,Tratorista Agrícola,569,2110.16
Ibiúna,Auxiliar De Escritório,562,1838.06
Itu,Assistente De Vendas,562,3845.87
Americana,"Mecânico De Manutenção De Máquinas, Em Geral",559,3732.02
Itupeva,Dirigente Do Serviço Público Municipal,543,5783.37
Itapetininga,Frentista,542,1883.74
Itapeva,Faxineiro,541,1308.29
Americana,Soldador,537,3074.3
Porto Feliz,Vendedor De Comércio Varejista,532,2067.68
Pindamonhangaba,Trabalhador De Serviços De Limpeza E Conservação De Áreas Públicas,527,1740.38
Itapetininga,Técnico De Enfermagem,527,2357.61
Pindamonhangaba,Motorista De Caminhão (Rotas Regionais E Internacionais),526,2383.76
Araçatuba,Enfermeiro,526,4227.25
Ibiúna,Promotor De Vendas,517,1310.74
Itupeva,Almoxarife,516,2406.82
Itapetininga,Trabalhador Da Avicultura De Postura,516,1875.14
Cabreúva,Faxineiro,514,1490.54
Araçatuba,Atendente De Lanchonete,512,1428.48
Americana,Auxiliar De Contabilidade,509,2459.83
Itu,Porteiro De Edifícios,506,1977.87
Itapetininga,Repositor De Mercadorias,505,1431.01
Ibiúna,Motorista De Caminhão (Rotas Regionais E Internacionais),501,2237.22
Itapeva,Operador De Caixa,501,1599.37
Itupeva,Faxineiro,498,1528.34
Araçoiaba da Serra,Alimentador De Linha De Produção,490,2248.71
Porto Feliz,Ajudante De Confecção,486,1300.22
Itu,Cozinheiro Geral,485,1747.24
Americana,Professor De Nível Médio Na Educação Infantil,485,4833.81
Araçatuba,Trabalhador Da Manutenção De Edificações,483,2070.84
Americana,Gerente Administrativo,482,5098.28
Araçatuba,Auxiliar Nos Serviços De Alimentação,480,1476.42
Itupeva,Operador De Empilhadeira,479,2444.41
Cerquilho,Vendedor De Comércio Varejista,479,1680.47
Araçatuba,Açougueiro,477,1847.44
Cerquilho,Ajudante De Confecção,476,1291.15
Americana,Analista De Suporte Computacional,474,2714.9
Itu,Operador De Empilhadeira,468,2526.12
Itu,Recreador,464,1270.5
Araçariguama,Carregador (Armazém),463,1517.58
Cabreúva,Auxiliar De Escritório,459,2193.61
Boituva,Assistente Administrativo,459,2336.07
Itu,"Operador De Máquinas Fixas, Em Geral",455,3253.03
Itu,"Recepcionista, Em Geral",455,1669.49
Americana,Atendente De Lanchonete,454,1556.11
Pindamonhangaba,Servente De Obras,450,1951.46
Americana,Operador Polivalente Da Indústria Têxtil,444,1869.97
Araçatuba,Analista De Desenvolvimento De Sistemas,444,4241.83
Cerquilho,Laminador De Plástico,434,2385.83
Americana,Expedidor De Mercadorias,432,1985.33
Pindamonhangaba,"Recepcionista, Em Geral",425,1575.9
Araçatuba,Gerente Administrativo,425,4290.18
Itapetininga,"Costureiro, A  Máquina  Na Confecção Em Série",423,1277.33
Americana,Açougueiro,422,2258.37
Itupeva,"Mecânico De Manutenção De Máquinas, Em Geral",421,4578.43
Itapeva,Trabalhador Volante Da Agricultura,419,1455.22
Cerquilho,Motorista De Caminhão (Rotas Regionais E Internacionais),418,2461.04
Pindamonhangaba,Professor De Nível Médio Na Educação Infantil,418,3396.49
Itu,Auxiliar Nos Serviços De Alimentação,416,1507
Itapeva,Assistente Administrativo,416,2046.01
Americana,"Embalador, A Mão",415,1352.53
Porto Feliz,Assistente Administrativo,414,2747.94
Itapetininga,"Operador De Máquinas Fixas, Em Geral",412,2574.79
Itu,Ajudante De Motorista,411,1563.38
Itu,Montador De Equipamentos Eletrônicos,411,1801.3
Boituva,Operador De Caixa,407,1791.65
Araçatuba,Almoxarife,406,1974.32
Itapeva,Técnico De Enfermagem,404,2376.94
Dourado,Alimentador De Linha De Produção,404,2183.92
Araçatuba,Cozinheiro Geral,401,1628.02
Itapetininga,Servente De Obras,400,1564.93
Itupeva,"Operador De Máquinas Fixas, Em Geral",399,2848.91
Pindamonhangaba,Técnico De Enfermagem,398,2326.81
Araçatuba,Pedreiro,396,1757.26
Americana,Frentista,395,2165.64
Ibiúna,Repositor De Mercadorias,395,1464.6
Itu,Atendente De Lanchonete,393,1536.85
Pindamonhangaba,"Mecânico De Manutenção De Máquinas, Em Geral",385,3597.4
Araçatuba,"Mecânico De Manutenção De Automóveis, Motocicletas E Veículos Similares",384,2389.33
Itapeva,Alimentador De Linha De Produção,382,1507.62
Pindamonhangaba,Porteiro De Edifícios,381,1708.51
Ibiúna,Trabalhador De Serviços De Limpeza E Conservação De Áreas Públicas,376,1697.14
Itapetininga,Professor De Nível Superior Do Ensino Fundamental (Primeira A Quarta Série),375,5103.45
Piedade,Motorista De Caminhão (Rotas Regionais E Internacionais),374,2225.07
Itu,Trabalhador De Serviços De Limpeza E Conservação De Áreas Públicas,369,1864.23
Itu,Vigia,367,2359.33
Itupeva,Inspetor De Qualidade,366,3486.95
Itu,Trabalhador Agropecuário Em Geral,366,1671.26
Americana,Administrador,365,3666.97
Araçariguama,Auxiliar De Escritório,364,1782.6
Araçatuba,Auxiliar De Contabilidade,364,2208.36
Itapetininga,"Mecânico De Manutenção De Máquinas, Em Geral",361,2895.98
Americana,Ajudante De Motorista,360,1658.23
Itu,Supervisor Administrativo,357,4572.03
Pindamonhangaba,Soldador,356,3484.7
Itapeva,Serrador De Madeira,356,1470.39
Ibiúna,Operador De Caixa,356,1720.1
Itupeva,Operador De Máquinas-Ferramenta Convencionais,355,3175.39
Araçatuba,Ajudante De Motorista,349,1706.94
Americana,"Mecânico De Manutenção De Automóveis, Motocicletas E Veículos Similares",348,2485.07
Pindamonhangaba,Inspetor De Qualidade,345,5191.87
Pindamonhangaba,Repositor De Mercadorias,345,1534.85
Porto Feliz,Babá,344,1869.3
Pindamonhangaba,Auxiliar Nos Serviços De Alimentação,344,1366.26
Itapeva,Atendente De Lojas E Mercados,344,1450.48
Americana,Eletricista De Manutenção Eletroeletrônica,343,4976.76
Itu,Servente De Obras,342,1704.07
Americana,Contador,340,4885.23
Americana,Pedreiro,339,2095.21
Araçatuba,"Embalador, A Mão",338,1149.26
Itu,Operador De Máquina De Dobrar Chapas,338,2841.21
Itapetininga,"Recepcionista, Em Geral",335,1471.48
Itapeva,Trabalhador Da Manutenção De Edificações,333,1567.19
Americana,Ajudante De Confecção,332,1485.63
Itapeva,Cozinheiro Geral,332,1315.48
Americana,Atendente De Farmácia - Balconista,331,2390.28
Itapetininga,Açougueiro,331,1791.92
Itu,Inspetor De Qualidade,330,3607.86
Itupeva,Trabalhador De Serviços De Limpeza E Conservação De Áreas Públicas,328,2781.64
Pindamonhangaba,Trabalhador Agropecuário Em Geral,328,1497.9
Araçatuba,Motorista De Carro De Passeio,328,2561.94
Itupeva,Atendente De Lojas E Mercados,327,1647.02
Itapetininga,Auxiliar Nos Serviços De Alimentação,327,1377.21
Cabreúva,Operador De Empilhadeira,326,2963.65
Americana,Enfermeiro,326,4826.46
Porto Feliz,Faxineiro,325,1537.86
Americana,Auxiliar De Enfermagem,324,2714.85
Itu,Técnico De Enfermagem,323,2541.99
Piedade,Auxiliar De Escritório,322,1639.63
Araçatuba,Supervisor Administrativo,318,3602.98
Araçatuba,Armazenista,317,1787.17
Itu,Motorista De Ônibus Rodoviário,317,2850.4
Araçatuba,Vigia,316,1954.64
Americana,Desenvolvedor De Sistemas De Tecnologia Da Informação (Técnico),315,5792.42
Americana,Revisor De Tecidos Acabados,314,1729.34
Itu,Auxiliar De Contabilidade,313,2854.24
Pindamonhangaba,Operador De Acabamento De Peças Fundidas,312,4726.43
Americana,Professor De Ensino Superior Na Área De Prática De Ensino,311,3099.57
Cerquilho,Costureiro Na Confecção Em Série,309,1513.91
Pindamonhangaba,Frentista,309,2073.73
Itapetininga,Atendente De Lanchonete,308,1495.07
Americana,Motorista De Furgão Ou Veículo Similar,306,2448.73
Americana,Vendedor Em Comércio Atacadista,306,3510.17
Araçatuba,Frentista,306,1890.03
Americana,Trabalhador Da Manutenção De Edificações,306,1886.57
Piedade,Operador De Linha De Montagem (Aparelhos Eletrônicos),306,2235.52
Boituva,Soldador,304,3232.44
Porto Feliz,Motorista De Caminhão (Rotas Regionais E Internacionais),303,2295.91
Ibiúna,Trabalhador Na Produção De Mudas E Sementes,301,1281.49
Americana,Promotor De Vendas,300,1270.09
Pindamonhangaba,Pedreiro,299,2096.77
Araçatuba,Soldador,299,2703.94
Itapeva,Auxiliar De Desenvolvimento Infantil,299,3655.36
Americana,Guarda-Civil Municipal,297,8490.24
Cabreúva,"Mecânico De Manutenção De Máquinas, Em Geral",295,5721.3
Itu,Açougueiro,295,2124.42
Araçariguama,Assistente Administrativo,295,2737.11
Pindamonhangaba,Almoxarife,295,2805.52
Americana,Gerente De Loja E Supermercado,294,3975.37
Cerquilho,"Embalador, A Mão",294,1340.15
Cabreúva,Assistente Administrativo,291,2595.35
Itupeva,Auxiliar De Desenvolvimento Infantil,290,2797.56
Americana,"Costureiro, A  Máquina  Na Confecção Em Série",290,1578.19
Itu,Soldador,290,3261.25
Itu,Gerente Administrativo,289,5385.54
Pindamonhangaba,Auxiliar De Enfermagem,289,2194.06
Araçatuba,Promotor De Vendas Especializado,289,1801.78
Araçatuba,Recepcionista De Consultório Médico Ou Dentário,288,1474.47
Itapetininga,Pedreiro,288,1827.51
Itu,Contador,286,5849.06
Americana,Analista De Desenvolvimento De Sistemas,286,6433.16
Itu,Frentista,285,2047.67
Itupeva,Montador De Equipamentos Eletrônicos,282,1848.02
Cabreúva,Motorista De Caminhão (Rotas Regionais E Internacionais),281,2417.44
Itu,Administrador,281,4645.32
Americana,Armazenista,281,2354.08
Itu,"Operador De Produção (Química, Petroquímica E Afins)",280,2765.91
Araçariguama,Socorrista (Exceto Médicos E Enfermeiros),280,985.65
Americana,Moldador De Plástico Por Injeção,280,2502.53
Americana,Gerente Comercial,280,5284.06
Itapeva,Professor De Nível Médio No Ensino Fundamental,278,3458.8
Americana,Motofretista,277,2044.69
Cerquilho,Professor De Nível Superior Do Ensino Fundamental (Primeira A Quarta Série),275,3347.67
Itu,Pedreiro,275,2479.51
Cabreúva,"Operador De Máquinas Fixas, Em Geral",275,2754.76
Araçatuba,Escriturário De Banco,274,8789.29
Ibiúna,Assistente Administrativo,274,4315.16
Itu,Moldador De Plástico Por Injeção,273,2700.7
Porto Feliz,Trabalhador Agropecuário Em Geral,273,1616.89
Americana,Serralheiro,272,2450.11
Itu,"Mecânico De Manutenção De Máquinas, Em Geral",272,3536.53
Boituva,Professor Da  Educação De Jovens E Adultos Do Ensino Fundamental (Primeira A Quarta Série),272,4009.24
Americana,Escriturário De Banco,272,8557.26
Americana,Carregador (Veículos De Transportes Terrestres),271,1843.88
Ibiúna,Professor Da  Educação De Jovens E Adultos Do Ensino Fundamental (Primeira A Quarta Série),271,3754.25
Itapetininga,Gerente Administrativo,271,4594.53
Cabreúva,Almoxarife,270,2586.91
Boituva,Almoxarife,269,2306.51
Americana,Marceneiro,268,2485.77
Araçatuba,Trabalhador De Serviços De Limpeza E Conservação De Áreas Públicas,267,1700.73
Porto Feliz,Almoxarife,266,2165.58
Itapeva,"Recepcionista, Em Geral",266,1463.29
Cerquilho,Faxineiro,265,1268.37
Itapeva,Servente De Obras,265,1518.2
Itu,Marceneiro,265,2084.12
Araçatuba,Auxiliar Geral De Conservação De Vias Permanentes (Exceto Trilhos),264,1648.8
Araçatuba,Vendedor Em Comércio Atacadista,264,2772.71
Araçatuba,"Operador De Máquinas De Fabricação De Doces, Salgados E Massas Alimentícias",264,3039.72
Americana,Operador De Abertura (Fiação),264,1839.03
Itu,Ceramista,261,1812.73
Cerquilho,Assistente Administrativo,261,2194.73
Boituva,Auxiliar De Desenvolvimento Infantil,260,1599.53
Porto Feliz,Operador De Máquinas Operatrizes,260,2678.96
Araçatuba,Assistente De Vendas,259,2028.74
Macatuba,Motorista De Caminhão (Rotas Regionais E Internacionais),258,3176.9
Americana,Vigia,257,2126.47
Itapetininga,Professor De Nível Superior Na Educação Infantil (Quatro A Seis Anos),256,3304.59
Porto Feliz,Operador De Caixa,255,1882.39
Boituva,Inspetor De Qualidade,255,2435.52
Cabreúva,Vendedor De Comércio Varejista,255,2315.74
Americana,Professor Da  Educação De Jovens E Adultos Do Ensino Fundamental (Primeira A Quarta Série),253,5871.44
Piedade,Alimentador De Linha De Produção,250,1994.27
Americana,Professor De Nível Superior Do Ensino Fundamental (Primeira A Quarta Série),250,5273.11
Ibiúna,"Trabalhador Na Olericultura (Talos, Folhas E Flores)",249,1310.68
Araçatuba,Operador De Empilhadeira,248,2401.98
Americana,Analista De Recursos Humanos,248,3793.5
Cerquilho,Trabalhador Da Cultura De Cana-De-Açúcar,247,1739.36
Araçariguama,Motorista De Caminhão (Rotas Regionais E Internacionais),246,2767.34
Itu,Guarda-Civil Municipal,246,4028.68
Boituva,"Operador De Máquinas Fixas, Em Geral",245,2320.61
Itupeva,Auxiliar De Logistica,244,1923.44
Americana,Operador De Empilhadeira,244,2507.75
Americana,Apontador De Produção,243,3112.71
Itupeva,Operador De Máquinas Operatrizes,243,2848.4
Porto Feliz,Trabalhador De Serviços De Limpeza E Conservação De Áreas Públicas,243,1987.92
Itupeva,Supervisor Administrativo,243,5838.53
Itapeva,Pedreiro,243,1910.67
Americana,Auxiliar De Desenvolvimento Infantil,243,2445.8
Americana,Lavador De Veículos,240,1497.64
Americana,Recepcionista De Consultório Médico Ou Dentário,239,1663.09
Cabreúva,Professor Da  Educação De Jovens E Adultos Do Ensino Fundamental (Primeira A Quarta Série),238,4974.88
Americana,Auxiliar De Logistica,237,1787.49
Cabreúva,Oleiro (Fabricação De Tijolos),237,1528.42
Itupeva,Auxiliar Nos Serviços De Alimentação,237,1573.95
Itupeva,Operador De Inspeção De Qualidade,237,2445.68
Pindamonhangaba,Supervisor Administrativo,236,4387.51
Itapetininga,Trabalhador No Cultivo De Árvores Frutíferas,236,1693.16
Ibiúna,Faxineiro,235,1481.18
Araçatuba,Agente Comunitário De Saúde,234,1960.64
Itu,Motorista De Furgão Ou Veículo Similar,234,2333.31
Pindamonhangaba,Cozinheiro Geral,234,1547.95
Americana,"Operador De Máquinas Fixas, Em Geral",233,2376.81
Itupeva,Ajudante De Motorista,233,1606.26
Itupeva,Cozinheiro Geral,232,2260.86
Itu,Operador De Linha De Montagem (Aparelhos Elétricos),232,2664.37
Cerquilho,Operador De Caixa,230,1733.53
Boituva,Atendente De Lojas E Mercados,229,1492.89
Araçatuba,Atendente De Farmácia - Balconista,229,1851.02
Araçatuba,Vigilante,228,2507.94
Itu,Trabalhador Da Manutenção De Edificações,227,1961.12
Itupeva,"Montador De Máquinas, Motores E Acessórios (Montagem Em Série)",227,3990.05
Itu,"Mecânico De Manutenção De Automóveis, Motocicletas E Veículos Similares",226,2562.01
Boituva,Porteiro De Edifícios,225,1998.51
Americana,Gerente De Vendas,225,7132.64
Americana,Motorista De Carro De Passeio,224,2489.13
Itapeva,"Trabalhador De Extração Florestal, Em Geral",223,1392.09
Boituva,Promotor De Vendas,223,1664.9
Cerquilho,Tecelão De Meias (Máquina Circular),223,1556.37
Itu,Técnico De Planejamento De Produção,221,5152.94
Itapetininga,Almoxarife,220,1939.34
Araçoiaba da Serra,Assistente Administrativo,220,2541.41
Itu,Motorista De Carro De Passeio,220,2412.3
Araçatuba,Auxiliar De Pessoal,219,1671.3
Araçatuba,Gerente Comercial,219,4493.58
Itapetininga,Trabalhador Volante Da Agricultura,218,1535.85
Itu,Técnico De Garantia Da Qualidade,217,4697.74
Araçoiaba da Serra,Trabalhador Agropecuário Em Geral,217,1454.85
Itu,"Trefilador De Metais, À Máquina",216,3837.72
Americana,Supervisor De Vendas Comercial,216,3962.88
Cabreúva,"Montador De Máquinas, Motores E Acessórios (Montagem Em Série)",215,2358.29
Itu,Garçom,215,1786.72
Araçatuba,Farmacêutico,214,3775.1
Americana,Garçom,213,1749
Pindamonhangaba,Técnico De Manutenção Elétrica,212,8104.37
Itupeva,Atendente De Lanchonete,212,1436.97
Piedade,Trabalhador Volante Da Agricultura,212,1388.25
Porto Feliz,Trabalhador Da Avicultura De Postura,211,1680.77
Itu,Moldador De Borracha Por Compressão,210,2473.02
Americana,Eletricista De Instalações,210,2539.86
Boituva,Repositor De Mercadorias,210,1498.64
Ibiúna,Vigia,209,2210.51
Americana,Técnico Em Segurança Do Trabalho,209,4187.78
Americana,Mecânico De Manutenção De Máquinas Têxteis,209,3794.2
Ibiúna,Trabalhador No Cultivo De Flores E Folhagens De Corte,209,1427.48
Araçatuba,Trabalhador Agropecuário Em Geral,208,1957.03
Itapetininga,Vigia,208,1807.1
Cerquilho,Operador De Máquina De Costura De Acabamento,207,1450.72
Araçoiaba da Serra,Trabalhador De Serviços De Limpeza E Conservação De Áreas Públicas,206,1627.2
Itapetininga,Supervisor Administrativo,206,4510.21
Itapetininga,Ajudante De Confecção,206,1136.67
Itapetininga,Operador De Empilhadeira,206,2135.88
Itu,Operador De Torno Com Comando Numérico,206,3257.52
Araçatuba,Guarda-Civil Municipal,205,2985.62
Porto Feliz,Professor De Nível Médio Na Educação Infantil,205,4496.78
Itapetininga,Enfermeiro,204,4041.31
Americana,Inspetor De Qualidade,203,3187.12
Itapetininga,Inspetor De Qualidade,203,2155.5
Araçatuba,Motorista De Furgão Ou Veículo Similar,202,2176.85
Porto Feliz,Atendente De Lojas E Mercados,202,1619.51
Itu,Motofretista,202,1959.36
Piedade,Operador De Caixa,200,1787.68
Americana,Técnico De Planejamento De Produção,200,3842.24
Itapetininga,Ajudante De Motorista,200,1539.27
Boituva,"Mecânico De Manutenção De Máquinas, Em Geral",199,3608.83
Itapetininga,Trabalhador De Serviços De Limpeza E Conservação De Áreas Públicas,199,1395.54
Pindamonhangaba,Eletricista De Manutenção Eletroeletrônica,198,4739.36
Boituva,Preparador De Estruturas Metálicas,198,2255.29
Pindamonhangaba,Operador De Máquinas-Ferramenta Convencionais,198,4562.68
Americana,Operador De Máquinas-Ferramenta Convencionais,198,2739.06
Araçatuba,Tratorista Agrícola,197,2413.55
Araçatuba,"Mecânico De Manutenção De Máquinas, Em Geral",195,3316.29
Americana,Estoquista,195,1726.44
Araçariguama,"Recepcionista, Em Geral",194,1657.59
Itupeva,Professor Da  Educação De Jovens E Adultos Do Ensino Fundamental (Primeira A Quarta Série),194,4823.97
Itu,Atendente De Farmácia - Balconista,194,1887.55
Itu,Gerente De Loja E Supermercado,194,4059.45
Cabreúva,Inspetor De Qualidade,194,3755.4
Itu,Auxiliar De Logistica,194,1760.21
Araçatuba,Promotor De Vendas,193,1894.01
Itu,Motorista De Ônibus Urbano,192,2726.42
Itapetininga,Vigilante,192,2349.47
Itapeva,Auxiliar Nos Serviços De Alimentação,192,1333.76
Boituva,Operador De Máquina De Envasar Líquidos,191,3065.14
Itapeva,Operador De Motosserra,191,1381.56
Americana,Comprador,190,3571.28
Pindamonhangaba,Enfermeiro,190,4815.38
Araçatuba,Supervisor De Vendas Comercial,190,4049.58
Itupeva,Assistente De Vendas,190,2464.13
Americana,Montador De Instrumentos De Precisão,190,2511.68
Boituva,"Recepcionista, Em Geral",189,1845.64
Itu,Costureiro Na Confecção Em Série,189,1480.35
Itapeva,Tratorista Agrícola,189,2315.85
Boituva,Ajudante De Motorista,188,1772.31
Pindamonhangaba,"Operador De Máquinas Fixas, Em Geral",187,2035.84
Itu,Auxiliar Geral De Conservação De Vias Permanentes (Exceto Trilhos),187,1290
Macatuba,Tratorista Agrícola,186,3150.83
Itapeva,Enfermeiro,186,5857.58
Itapeva,Repositor De Mercadorias,186,1265.96
Itapetininga,Porteiro De Edifícios,185,1619.72
Americana,Farmacêutico,185,4380.91
Cabreúva,Operador De Caixa,184,1793.74
Ibiúna,"Operador De Máquinas De Fabricação De Doces, Salgados E Massas Alimentícias",183,3298.44
Cabreúva,Soldador Elétrico,183,2919.04
Cerquilho,Almoxarife,182,2120.99
Americana,Estampador De Tecido,182,2137.98
Pindamonhangaba,Atendente De Lanchonete,182,1350.72
Pindamonhangaba,Operador De Empilhadeira,182,3149.91
Itapetininga,Atendente De Farmácia - Balconista,182,1752.8
Araçariguama,Operador De Empilhadeira,182,2490.66
Pindamonhangaba,Operador De Torno Com Comando Numérico,181,6986.85
Itupeva,Técnico De Enfermagem,181,2206.12
Americana,Trabalhador Volante Da Agricultura,181,1858.45
Itapetininga,Operador De Trator Florestal,179,1972.63
Pindamonhangaba,Açougueiro,179,1957.73
Americana,Motorista De Ônibus Rodoviário,179,2848.62
Americana,Montador De Estruturas Metálicas,178,2469.18
Porto Feliz,Trabalhador No Cultivo De Árvores Frutíferas,178,1266.52
Porto Feliz,Porteiro De Edifícios,178,1888.05
Itapetininga,Auxiliar Geral De Conservação De Vias Permanentes (Exceto Trilhos),178,1576.82
Itu,Operador De Máquinas Operatrizes,178,2973.4
Itu,Armazenista,178,1718.64
Pindamonhangaba,Vigilante,177,2661.28
Araçatuba,Administrador,177,4867.12
Itapetininga,Motorista De Furgão Ou Veículo Similar,177,1967.9
Araçatuba,Motofretista,177,1837.67
Itapeva,Vigia,176,2129.22
Piedade,Trabalhador De Serviços De Limpeza E Conservação De Áreas Públicas,176,1344.58
Itu,Eletricista De Manutenção Eletroeletrônica,173,3782.32
Itu,Gerente De Vendas,173,9889.89
Porto Feliz,"Costureiro, A  Máquina  Na Confecção Em Série",173,1615.26
Cabreúva,Mãe Social,173,1375.42
Americana,Gerente De Contas - Pessoa Física E Jurídica,172,7107.02
Macatuba,Trabalhador Da Cultura De Cana-De-Açúcar,172,1807.79
Pindamonhangaba,Operador De Aciaria (Recebimento De Gusa),172,4697.94
Cerquilho,Professor De Nível Superior Na Educação Infantil (Zero A Três Anos),171,3313.17
Piedade,Atendente De Lojas E Mercados,170,1572.72
Americana,Cortador De Roupas,170,1968.46
Itu,"Embalador, A Mão",169,1605.7
Araçoiaba da Serra,Faxineiro,169,1559.1
Itupeva,Técnico De Planejamento De Produção,168,5189.85
Itu,Gerente Comercial,168,8144.15
Boituva,Atendente De Lanchonete,168,1484.13
Araçatuba,Mecânico De Veículos Automotores A Diesel (Exceto Tratores),168,2899.86
Pindamonhangaba,Caldeireiro (Chapas De Ferro E Aço),168,3798.94
Ibiúna,Atendente De Lojas E Mercados,167,1627.17
Araçatuba,Zelador De Edifício,166,2312.47
Pindamonhangaba,Técnico Mecânico,165,6667.58
Ibiúna,"Embalador, A Mão",165,1325.05
Araçoiaba da Serra,Vendedor De Comércio Varejista,165,1980.72
Pindamonhangaba,Agente Comunitário De Saúde,164,2309.46
Araçatuba,Operador De Máquinas-Ferramenta Convencionais,163,2892.72
Araçatuba,Inspetor De Alunos De Escola Pública,163,1876.87
Itapeva,Auxiliar De Enfermagem,163,1838.63
Pindamonhangaba,Gerente Administrativo,163,4463.41
Cerquilho,Tratorista Agrícola,162,2481.68
Itupeva,Apontador De Produção,162,3097.48
Americana,Gerente De Produção E Operações,162,10022.14
Itu,Trabalhador Da Suinocultura,162,1831.44
Itu,Vendedor Em Comércio Atacadista,161,2560.3
Itapetininga,Motorista De Carro De Passeio,161,2066.22
Americana,Auxiliar De Farmácia De Manipulação,161,1817.82
Ibiúna,"Recepcionista, Em Geral",160,1753.84
Itu,Comprador,160,4474.93
Cabreúva,Operador Polivalente Da Indústria Têxtil,160,1902.12
Pindamonhangaba,Técnico Em Manutenção De Máquinas,159,7488.31
Araçariguama,Supervisor Administrativo,159,3008.5
Piedade,Trabalhador Na Olericultura (Legumes),158,1632.33
Piedade,Professor De Nível Médio No Ensino Fundamental,158,3329.01
Porto Feliz,Cozinheiro Geral,158,1626.85
Americana,Técnico De Suporte Ao Usuário De Tecnologia Da Informação,158,2093.05
Itapetininga,Montador De Móveis E Artefatos De Madeira,157,1598.12
Itapeva,Gerente Administrativo,157,3911.33
Itupeva,Técnico De Garantia Da Qualidade,157,4727.51
Boituva,Operador De Empilhadeira,157,2479.21
Americana,Pintor De Estruturas Metálicas,156,2768.76
Ibiúna,Cozinheiro Geral,155,1755.91
Piedade,Faxineiro,155,1425.23
Americana,Auxiliar De Lavanderia,155,1345.07
Itupeva,Carregador (Armazém),155,1565.91
Americana,Operador De Urdideira,154,2318.35
Itupeva,Gerente De Loja E Supermercado,154,4955.08
Itapetininga,"Embalador, A Mão",154,1313.53
Americana,Auxiliar De Faturamento,154,2848.94
Itu,Supervisor De Vendas Comercial,153,5699.54
Pindamonhangaba,Ajudante De Motorista,153,1638.41
Itupeva,Repositor De Mercadorias,153,1593.93
Pindamonhangaba,Motorista De Carro De Passeio,153,3458.42
Itu,Analista De Recursos Humanos,152,3995.34
Itu,Carregador (Armazém),152,1575.19
Itupeva,Jardineiro,152,1613.18
Cabreúva,Assistente De Vendas,151,2783.82
Itu,Analista De Desenvolvimento De Sistemas,151,5610.63
Itupeva,Moldador De Plástico Por Injeção,151,2357.05
Itapetininga,Gerente De Loja E Supermercado,151,3534.39
Araçatuba,Contínuo,150,1525.07
Americana,Operador De Centro De Usinagem Com Comando Numérico,150,3236.04
Itu,Montador De Máquinas,150,3245.04
Cerquilho,Instalador-Reparador De Equipamentos De Comutação Em Telefonia,150,2643.02
Pindamonhangaba,Carregador (Veículos De Transportes Terrestres),150,4023.69
Itapetininga,"Mecânico De Manutenção De Automóveis, Motocicletas E Veículos Similares",149,2126.16
Itu,Tecnólogo Em Logística De Transporte,149,4031.36
Americana,Zelador De Edifício,149,2405.56
Americana,"Eletricista De Manutenção De Linhas Elétricas, Telefônicas E De Comunicação De Dados",149,3671.31
Araçariguama,Montador De Estruturas Metálicas,149,1934.53
Itapetininga,Operador De Filatório,148,2025.78
Piedade,Trabalhador No Cultivo De Flores Em Vaso,148,2255.5
Ibiúna,Professor De Nível Superior Na Educação Infantil (Quatro A Seis Anos),148,3622.95
Boituva,Administrador,148,4757.34
Boituva,"Montador De Máquinas, Motores E Acessórios (Montagem Em Série)",148,2353.37
Itu,Conferente De Carga E Descarga,148,2320.38
Araçatuba,Marceneiro,148,2029.31
Itu,Gerente De Produção E Operações,147,11295.68
Boituva,Montador De Equipamentos Eletrônicos,147,2416.4
Itapetininga,Desossador,146,1606.98
Ibiúna,Masseiro (Massas Alimentícias),146,2005.15
Araçatuba,Gerente De Loja E Supermercado,145,4347.73
Pindamonhangaba,Eletricista De Instalações,145,2601.61
Itupeva,Gerente De Produção E Operações,145,11986.68
Itapetininga,Comerciante Varejista,145,1781.84
Americana,Contramestre De Tecelagem (Indústria Têxtil),145,4464.38
Araçatuba,Garçom,145,1800.27
Dourado,Auxiliar De Escritório,145,1574.67
Cabreúva,Trabalhador Da Avicultura De Corte,145,2013.35
Araçoiaba da Serra,Cuidador Em Saúde,145,1298.01
Americana,"Tecelão De Malhas, A  Máquina",145,1546.16
Ibiúna,Ajudante De Motorista,144,1610.26
Boituva,Auxiliar Nos Serviços De Alimentação,144,1508.91
Dourado,Recreador,144,1536.2
Itupeva,Mecânico De Manutenção De Aparelhos De Levantamento,144,5082.72
Araçatuba,Analista De Suporte Computacional,143,3078.02
Piedade,Supervisor Administrativo,143,3012.73
Americana,Mestre (Construção Civil),143,3722.26
Itapeva,Professor Da  Educação De Jovens E Adultos Do Ensino Fundamental (Primeira A Quarta Série),143,3591.83
Pindamonhangaba,Vigia,143,1792.75
Piedade,Babá,143,1317.78
Pindamonhangaba,Apontador De Produção,143,2396.23
Americana,Varredor De Rua,143,1941.07
Araçatuba,Trabalhador Da Pecuária (Bovinos Corte),143,1742.71
Macatuba,Trabalhador Do Acabamento De Artefatos De Tecidos E Couros,142,1766.61
Araçariguama,Professor De Nível Médio No Ensino Fundamental,142,3559.12
Araçatuba,Desenvolvedor De Sistemas De Tecnologia Da Informação (Técnico),142,3436.32
Porto Feliz,Professor De Nível Superior Do Ensino Fundamental (Primeira A Quarta Série),142,4290.42
Boituva,Analista De Pesquisa De Mercado,142,4580.31
Itu,Montador De Estruturas Metálicas,142,2769.82
Cabreúva,"Operador De Extrusora (Química, Petroquímica E Afins)",142,3529.41
Itu,Apontador De Produção,142,3779.13
Itapeva,Açougueiro,141,1622.11
Itapeva,Frentista,141,1843.48
Itapetininga,Recepcionista De Consultório Médico Ou Dentário,141,1391.44
Araçatuba,Gerente De Vendas,141,7121.84
Itu,Inspetor De Alunos De Escola Pública,141,1531.8
Itapeva,Almoxarife,140,1840.69
Araçoiaba da Serra,Operador De Caixa,139,1717.31
Americana,Montador De Móveis E Artefatos De Madeira,139,2881.3
Araçoiaba da Serra,Auxiliar De Escritório,139,1859.94
Araçatuba,Recreador,139,2017.17
Pindamonhangaba,Técnico De Planejamento De Produção,139,5428.37
Araçatuba,Contador,139,5283.44
Porto Feliz,"Operador De Máquinas Fixas, Em Geral",138,2584.47
Itapeva,Atendente De Lanchonete,138,1379.34
Pindamonhangaba,Técnico De Garantia Da Qualidade,138,5713.35
Ibiúna,Supervisor Administrativo,137,3377.75
Porto Feliz,Tratorista Agrícola,137,2147.07
Itapetininga,Motorista De Ônibus Rodoviário,137,2531.39
Boituva,Professor De Nível Superior Na Educação Infantil (Quatro A Seis Anos),137,3724.43
Cabreúva,Motorista De Furgão Ou Veículo Similar,136,3500.6
Pindamonhangaba,Atendente De Farmácia - Balconista,136,1875.67
Ibiúna,Auxiliar Nos Serviços De Alimentação,136,1545.14
Americana,Técnico De Garantia Da Qualidade,136,4852.82
Itupeva,Contador,136,6942.56
Boituva,Vigia,135,1718.66
Itapetininga,Eletricista De Manutenção Eletroeletrônica,135,4677.54
Araçariguama,Vendedor De Comércio Varejista,135,2268.88
Porto Feliz,Operador De Empilhadeira,134,3072.22
Araçatuba,Sócioeducador,134,5226.03
Boituva,Tecnólogo Em Logística De Transporte,134,4214.57
Americana,Analista De Pesquisa De Mercado,134,3836.85
Itapetininga,Soldador,134,2428.13
Itu,Encarregado De Acabamento De Chapas E Metais  (Têmpera),134,4967.74
Cerquilho,Revisor De Tecidos Acabados,133,2140.16
Araçatuba,Auxiliar De Desenvolvimento Infantil,133,1353.25
Pindamonhangaba,Controlador De Entrada E Saída,133,2042.25
Cerquilho,"Operador De Máquinas Fixas, Em Geral",133,2584.72
Itu,Jardineiro,133,1798.78
Dourado,Trabalhador Agropecuário Em Geral,133,1739.58
Itupeva,Frentista,132,2091.94
Porto Feliz,Auxiliar Nos Serviços De Alimentação,132,1695.78
Itu,Farmacêutico,132,4122.64
Pindamonhangaba,Operador De Ponte Rolante,131,4648.22
Itu,Enfermeiro,131,4906.08
Cerquilho,Repositor De Mercadorias,131,1602.89
Charqueada,Auxiliar De Escritório,130,1597.73
Cabreúva,Conferente De Carga E Descarga,130,2631.15
Itu,Monitor De Transporte Escolar,130,1015.5
Americana,Operador De Filatório,130,1791.76
Americana,Pintor De Obras,130,1895.64
Ibiúna,Frentista,130,1957.82
Araçatuba,Agente De Combate Às Endemias,129,2018.84
Araçariguama,Professor De Nível Médio Na Educação Infantil,129,3465.82
Pindamonhangaba,Técnico Em Segurança Do Trabalho,129,4484.53
Pindamonhangaba,Motorista De Furgão Ou Veículo Similar,129,2001.76
Araçatuba,Estoquista,129,1738.73
Araçariguama,"Mecânico De Manutenção De Máquinas, Em Geral",128,3719.67
Macatuba,Assistente Administrativo,128,2795.44
Araçoiaba da Serra,Auxiliar De Desenvolvimento Infantil,128,1820.03
Piedade,Repositor De Mercadorias,128,1453.98
Araçariguama,Auxiliar De Logistica,127,1869.42
Araçatuba,Conferente De Carga E Descarga,127,2082.24
Americana,Ajustador Mecânico,127,3656.03
Piedade,"Mecânico De Manutenção De Máquinas, Em Geral",127,1263.33
Cabreúva,Carregador (Armazém),127,1713.75
Araçatuba,Gerente De Produção E Operações,127,5454.26
Porto Feliz,Vigia,127,2256.16
Itapeva,Trabalhador No Cultivo De Árvores Frutíferas,126,1325.84
Porto Feliz,Professor Da  Educação De Jovens E Adultos Do Ensino Fundamental (Primeira A Quarta Série),126,4315.56
Itu,Auxiliar De Manutenção Predial,126,1904.1
Itapetininga,Professor De Nível Médio No Ensino Fundamental,126,4063.58
Itu,Expedidor De Mercadorias,126,2654.93
Itu,Analista De Suporte Computacional,126,3972.73
Porto Feliz,Montador De Máquinas,125,4610.7
Itapetininga,Escriturário De Banco,125,7660.2
Macatuba,Ajudante De Confecção,125,1157.7
Ibiúna,Trabalhador Da Manutenção De Edificações,125,1788.58
Itu,Oleiro (Fabricação De Tijolos),125,1877.52
Araçatuba,Auxiliar De Manutenção Predial,124,1794.1
Itu,Vendedor Em Domicílio,124,2883.36
Porto Feliz,Preparador De Máquinas-Ferramenta,124,2953.43
Ibiúna,Cobrador Interno,124,1174
Boituva,Açougueiro,123,1908.91
Americana,Cuidador De Idosos,123,1684.78
Cerquilho,Motorista De Furgão Ou Veículo Similar,123,2482.92
Cerquilho,Cozinheiro Geral,122,1682.04
Itu,Recepcionista De Consultório Médico Ou Dentário,122,1465.14
Cabreúva,Vigia,122,2443.4
Araçatuba,Eletricista De Instalações,122,2283.54
Itu,Operador De Usinagem Convencional Por Abrasão,122,5693.15
Itupeva,"Recepcionista, Em Geral",122,1721.31
Pindamonhangaba,Padeiro,122,1756.3
Itu,Auxiliar De Enfermagem,122,2371.04
Americana,Trabalhador De Serviços De Limpeza E Conservação De Áreas Públicas,121,1463.56
Araçatuba,Eletricista De Manutenção Eletroeletrônica,121,4473.74
Araçariguama,Técnico Em Manutenção De Máquinas,121,6942.28
Itu,Operador De Máquinas-Ferramenta Convencionais,121,3137.63
Ibiúna,Porteiro De Edifícios,121,1926.59
Araçatuba,Professor De Nível Médio No Ensino Fundamental,121,3065.69
Piedade,Assistente Administrativo,121,2015.42
Itapeva,"Mecânico De Manutenção De Automóveis, Motocicletas E Veículos Similares",120,1972.01
Araçatuba,Auxiliar Em Saúde Bucal,120,2102.57
Pindamonhangaba,Montador De Estruturas Metálicas,120,1695.74
Itupeva,Motorista De Furgão Ou Veículo Similar,120,2252.31
Pindamonhangaba,Auxiliar De Contabilidade,120,2240.06
Itupeva,Porteiro De Edifícios,120,2130.74
Cerquilho,Trabalhador Volante Da Agricultura,120,1411.24
Cabreúva,Professor De Nível Médio Na Educação Infantil,120,4146.58
Boituva,Servente De Obras,119,2036.43
Macatuba,Vendedor De Comércio Varejista,119,1550.03
Araçatuba,Fisioterapeuta Geral,119,3133.11
Pindamonhangaba,Administrador,119,4742.4
Pindamonhangaba,Gerente De Loja E Supermercado,119,3813.41
Americana,Operador De Conicaleira,118,1480.85
Cerquilho,"Costureiro, A  Máquina  Na Confecção Em Série",118,1435.04
Itupeva,Gerente Administrativo,118,7549.44
Araçariguama,Operador De Caixa,117,1812.49
Araçariguama,Servente De Obras,117,1469.31
Ibiúna,Auxiliar De Desenvolvimento Infantil,117,2489.31
Americana,Operador De Retorcedeira,117,1677.01
Americana,Revisor De Tecidos Crus,117,2002.15
Itupeva,Conferente De Carga E Descarga,117,2089.51
Araçatuba,"Operador De Máquinas Fixas, Em Geral",116,2246.01
Araçariguama,Conferente De Carga E Descarga,116,2263.52
Macatuba,Operador De Equipamentos De Refinação De Açúcar (Processo Contínuo),116,2442.93
Cerquilho,Mecânico De Manutenção De Máquinas Têxteis,116,3056.49
Itupeva,Comprador,116,5058.09
Americana,Cozinheiro Industrial,116,1869.71
Americana,Operador De Linha De Montagem (Aparelhos Eletrônicos),116,1929.33
Pindamonhangaba,Técnico De Laboratório Industrial,116,5860.62
Ibiúna,Trabalhador Agropecuário Em Geral,116,1453.78
Itu,Médico Veterinário,116,8142.91
Itapetininga,Gerente Comercial,115,3682.96
Americana,Técnico Eletrônico,115,3385.67
Americana,Encanador,115,2718.13
Cabreúva,Cozinheiro Geral,115,1411.44
Itupeva,Enfermeiro,115,4462.89
Itu,Ferramenteiro,115,5593.29
Cabreúva,Trabalhador De Serviços De Limpeza E Conservação De Áreas Públicas,115,1654.84
Americana,Prensista (Operador De Prensa),115,3705.69
Americana,Montador De Máquinas,115,3158.41
Araçatuba,Supervisor De Cobrança,115,2247.23
Porto Feliz,Repositor De Mercadorias,114,1566.86
Itupeva,Armazenista,114,2142.19
Charqueada,Professor De Nível Médio No Ensino Fundamental,114,3090.78
Pindamonhangaba,Fundidor De Metais,114,5751.06
Cabreúva,Controlador De Entrada E Saída,114,1792.95
Porto Feliz,Operador De Máquina De Cortar E Dobrar Papelão,113,3141.69
Araçatuba,Dirigente Do Serviço Público Municipal,113,7301.58
Cerquilho,"Mecânico De Manutenção De Máquinas, Em Geral",113,2898.46
Itapetininga,Operador Polivalente Da Indústria Têxtil,112,2009.42
Itupeva,Analista De Recursos Humanos,112,4319.76
Americana,Recreador,112,1658
Pindamonhangaba,Professor De Ensino Superior Na Área De Pesquisa Educacional,112,2959.45
Americana,Vigilante,112,2525.65
Itu,Supervisor De Telemarketing E Atendimento,111,3425.45
Araçatuba,Mestre (Construção Civil),111,3139.05
Cabreúva,Supervisor Administrativo,111,4469.81
Cerquilho,"Recepcionista, Em Geral",111,1581.48
Araçariguama,Repositor De Mercadorias,111,1452.29
Araçatuba,Copeiro,111,1517.06
Ibiúna,Técnico De Enfermagem,111,2120.72
Itupeva,Tecnólogo Em Logística De Transporte,111,2883.63
Itapetininga,Garçom,111,1431.89
Araçoiaba da Serra,Professor De Nível Médio No Ensino Fundamental,111,3234.01
Americana,Técnico De Vendas,111,5778.63
Itapetininga,Padeiro,111,1780.49
Itu,Camareiro  De Hotel,110,1472.71
Itu,"Montador De Máquinas, Motores E Acessórios (Montagem Em Série)",110,2669.19
Boituva,Dirigente Do Serviço Público Municipal,110,5018.85
Itapeva,Inspetor De Alunos De Escola Pública,110,1347.29
Americana,Operador De Torno Com Comando Numérico,110,3402.74
Cerquilho,Ajudante De Motorista,110,1538.68
Araçatuba,Padeiro,110,2271.4
Americana,Operador De Máquina De Lavar Fios E Tecidos,109,2246.69
Araçariguama,Trabalhador Da Manutenção De Edificações,109,1692.05
Ibiúna,Trabalhador Volante Da Agricultura,109,1536.55
Itapetininga,Administrador,109,4135.73
Itapetininga,Serrador De Madeira,109,1566.47
Americana,Auxiliar De Pessoal,109,2223.26
Itu,Trabalhador Da Elaboração De Pré-Fabricados (Concreto Armado),109,2927.59
Americana,Tecnólogo Em Logística De Transporte,109,2691.68
Araçoiaba da Serra,Vigilante,109,2784.58
Ibiúna,Operador De Empilhadeira,108,3266.15
Pindamonhangaba,Assistente De Vendas,108,2132.63
Boituva,Operador De Máquina De Fabricação De Cosméticos,108,2050.26
Americana,Secretária(O) Executiva(O),108,3251.68
Pindamonhangaba,Trabalhador Da Manutenção De Edificações,108,1774.05
Cerquilho,Expedidor De Mercadorias,108,1621.84
Itapeva,Professor De Ensino Superior Na Área De Didática,108,2326.58
Itu,Escriturário De Banco,108,8862.4
Itu,Vigilante,107,2745.41
Americana,Coletor De Lixo Domiciliar,107,2117.2
Pindamonhangaba,Contador,107,7168.53
Pindamonhangaba,Gerente Comercial,107,6968.94
Itupeva,Estoquista,107,1931.96
Itapetininga,Supervisor Da Área Florestal,107,3398.82
Pindamonhangaba,Armazenista,107,2456.45
Americana,Auxiliar Geral De Conservação De Vias Permanentes (Exceto Trilhos),107,1409.63
Porto Feliz,Inspetor De Qualidade,106,3474.89
Itapetininga,Farmacêutico,106,3876.53
Itapetininga,Agente Comunitário De Saúde,106,1934.93
Itu,Auxiliar De Pessoal,106,2084.21
Pindamonhangaba,"Embalador, A Mão",106,1414.51
Itapeva,Agente Comunitário De Saúde,106,2061.37
Americana,Auxiliar De Manutenção Predial,106,1901.34
Itu,Técnico Em Segurança Do Trabalho,105,4432.8
Boituva,Cozinheiro Geral,105,1739.39
Itu,Controlador De Entrada E Saída,105,1922.13
Araçatuba,Coletor De Lixo Domiciliar,105,1769.85
Cerquilho,Galvanizador,105,5021.36
Piedade,Auxiliar De Enfermagem,105,1962.71
Americana,Gerente De Restaurante,105,3106.12
Itapetininga,Assistente De Vendas,105,1769.14
Americana,Padeiro,105,2257.92
Boituva,Supervisor De Vendas Comercial,105,5002.96
Dourado,Operador De Máquinas-Ferramenta Convencionais,105,3144.14
Itupeva,Vendedor Em Comércio Atacadista,105,3867.51
Dourado,Motorista De Caminhão (Rotas Regionais E Internacionais),104,2358.08
Araçariguama,Cozinheiro Geral,104,1870.55
Itupeva,Administrador,104,4552.86
Pindamonhangaba,Professor De Educação Física Do Ensino Fundamental,104,3586.44
Porto Feliz,Supervisor Administrativo,104,4518.03
Macatuba,Auxiliar De Escritório,104,1327.19
Araçatuba,Secretária(O) Executiva(O),104,2007.31
Itupeva,"Operador De Produção (Química, Petroquímica E Afins)",104,5456.63
Itupeva,Montador De Estruturas Metálicas,104,2284.61
Itapetininga,Ceramista,103,1815.37
Itu,Varredor De Rua,103,1588.7
Araçariguama,"Operador De Máquinas Fixas, Em Geral",103,2701.69
Americana,Auxiliar Em Saúde Bucal,103,1979.65
Americana,Analista Financeiro (Instituições Financeiras),103,3704.95
Itapeva,"Mecânico De Manutenção De Máquinas, Em Geral",102,2735.66
Americana,Fiscal De Loja,102,1959.11
Boituva,Gerente Administrativo,102,6634.88
Pindamonhangaba,Montador De Máquinas,102,2961.33
Pindamonhangaba,Supervisor De Vendas Comercial,102,4243.63
Cabreúva,Atendente De Lojas E Mercados,102,1658.15
Macatuba,Alimentador De Linha De Produção,102,1830.66
Americana,Assistente Social,102,4146.58
Itu,Analista De Pesquisa De Mercado,102,3322.42
Araçatuba,Professor De Nível Superior Do Ensino Fundamental (Primeira A Quarta Série),101,2787.62
Araçariguama,Cumim,101,1363.88
Cerquilho,Servente De Obras,101,1477.42
Itapetininga,Operador De Colhedor Florestal,101,4207.95
Itupeva,Ajustador Mecânico,100,5407.29
Itupeva,Soldador,100,2624.52
Americana,Jardineiro,100,1940.62
Ibiúna,Açougueiro,100,2124.02
Itu,Preparador De Sucata E Aparas,100,1794.72
Pindamonhangaba,Auxiliar De Desenvolvimento Infantil,100,1431.61
Cabreúva,Soldador,100,3063.76
Macatuba,Professor De Nível Médio No Ensino Fundamental,100,4086.37
Pindamonhangaba,Farmacêutico,100,3853.24
Araçariguama,Frentista,100,1948.03
Itupeva,Trabalhador Da Manutenção De Edificações,100,2062.25
Itapeva,Ajudante De Motorista,99,1531.78
Americana,Operador De Máquinas Operatrizes,99,2313.54
Americana,Vendedor Em Domicílio,99,2849.53
Araçatuba,Assistente Social,99,3603.85
Ibiúna,Guarda-Civil Municipal,99,4544.78
Itapeva,Supervisor Administrativo,99,3854.44
Macatuba,Costureiro Na Confecção Em Série,99,1406.99
Araçoiaba da Serra,Motorista De Caminhão (Rotas Regionais E Internacionais),99,2189.99
Americana,Desenhista Industrial Gráfico (Designer Gráfico),98,2926.56
Porto Feliz,"Montador De Máquinas, Motores E Acessórios (Montagem Em Série)",98,2212.58
Boituva,Analista De Recursos Humanos,98,5210.57
Charqueada,Motorista De Caminhão (Rotas Regionais E Internacionais),98,2641.72
Araçatuba,Técnico Em Secretariado,98,1768.98
Itu,Colchoeiro (Confecção De Colchões),98,2083.9
Piedade,Frentista,98,2034.09
Cerquilho,Operador De Empilhadeira,97,2280.75
Araçariguama,Almoxarife,97,2820.36
Charqueada,Alimentador De Linha De Produção,97,1780.91
Araçariguama,Ajudante De Motorista,97,2171.81
Itupeva,Operador De Centro De Usinagem Com Comando Numérico,97,6605.82
Itapeva,Atendente De Farmácia - Balconista,97,2108.54
Charqueada,Vendedor De Comércio Varejista,96,1662.3
Itupeva,Gerente De Vendas,96,11529.73
Itupeva,Controlador De Entrada E Saída,96,2394.56
Pindamonhangaba,Fiscal De Loja,96,1894.95
Boituva,Apontador De Produção,95,2686.13
Itu,Cableador,95,3231.59
Americana,Alvejador (Tecidos),95,2308.28
Americana,Operador De Máquina De Fundição,95,5170.86
Itapetininga,"Eletricista De Manutenção De Linhas Elétricas, Telefônicas E De Comunicação De Dados",94,3334.6
Itu,Técnico Em Atendimento E Vendas,94,5769.88
Boituva,Economista Do Setor Público,94,5171.9
Pindamonhangaba,"Mecânico De Manutenção De Automóveis, Motocicletas E Veículos Similares",94,2143.56
Itu,Agente De Saúde Pública,94,2998.73
Boituva,Frentista,94,2019.29
Araçatuba,Auxiliar De Faturamento,94,2177.8
Pindamonhangaba,Escriturário De Banco,93,7945.99
Araçatuba,Auxiliar De Serviços Jurídicos,93,1847.48
Piedade,"Embalador, A Mão",93,1320.64
Itapetininga,Vendedor Em Comércio Atacadista,93,2900.66
Itu,Preparador Físico,93,1573.66
Itapetininga,Apontador De Produção,93,3066.22
Ibiúna,Gerente Administrativo,93,4753.66
Itapetininga,Motofretista,93,1623.54
Americana,Instrutor De Aprendizagem E Treinamento Industrial,93,4621.26
Boituva,Assistente De Vendas,93,2038.78
Itu,Forneiro (Materiais De Construção),93,2347.22
Itu,Tratorista Agrícola,93,1906.7
Dourado,Marceneiro,93,2594.4
Americana,Escrevente,93,5684.41
Itapetininga,Motorista De Ônibus Urbano,92,2410.27
Itupeva,Professor De Nível Superior Do Ensino Fundamental (Primeira A Quarta Série),92,3311.44
Ibiúna,Conferente De Carga E Descarga,92,1989.9
Itapetininga,Eletrotécnico,92,2502.66
Araçatuba,Motorista De Ônibus Urbano,92,1485.75
Itu,Preparador De Máquinas-Ferramenta,92,3293.29
Itu,Carregador (Veículos De Transportes Terrestres),92,1565.05
Americana,Técnico Em Radiologia E Imagenologia,91,3648.83
Araçatuba,Gerente De Contas - Pessoa Física E Jurídica,91,6964.92
Araçatuba,Encanador,91,2293.1
Americana,Coordenador Pedagógico,91,4557.5
Pindamonhangaba,Guarda-Civil Municipal,91,4561.36
Americana,Operador De Máquinas De Construção Civil E Mineração,91,2653.11
Boituva,Operador De Máquinas Operatrizes,90,2723.88
Boituva,Auxiliar De Contabilidade,90,2324.67
Itu,Professor De Ensino Superior Na Área De Didática,90,6052.64
Porto Feliz,Auxiliar De Enfermagem,90,2690.53
Ibiúna,Atendente De Farmácia - Balconista,90,1839.66
Itapetininga,Contador,90,4101.32
Itu,Montador De Equipamentos Elétricos (Transformadores),90,2503.91
Itu,Desenvolvedor De Sistemas De Tecnologia Da Informação (Técnico),90,4173.58
Americana,Analista De Negócios,90,4292.81
Araçatuba,Técnico De Suporte Ao Usuário De Tecnologia Da Informação,90,2038.97
Itupeva,Açougueiro,90,2221.33
Americana,Operador De Máquina De Dobrar Chapas,90,2700.15
Americana,Promotor De Vendas Especializado,90,2530.56
Boituva,Trabalhador Agropecuário Em Geral,90,1692.23
Cerquilho,Passador De Roupas Em Geral,89,1487.13
Itu,Promotor De Vendas,89,1861.85
Ibiúna,Supervisor De Produção Da Indústria Alimentícia,89,5821.32
Itapeva,Coordenador Pedagógico,89,5220.63
Itu,Coletor De Lixo Domiciliar,89,1746.43
Macatuba,Faxineiro,89,1389.25
Americana,Ajustador De Instrumentos De Precisão,89,2099.43
Pindamonhangaba,Recepcionista De Consultório Médico Ou Dentário,89,1326.11
Boituva,"Embalador, A Mão",89,1382.67
Araçatuba,"Eletricista De Manutenção De Linhas Elétricas, Telefônicas E De Comunicação De Dados",89,3976.83
Araçariguama,Operador De Aciaria (Recebimento De Gusa),89,3503.97
Araçatuba,Caixa De Banco,89,2579.16
Boituva,Contador,89,6342.23
Cerquilho,Auxiliar Geral De Conservação De Vias Permanentes (Exceto Trilhos),88,1967.12
Araçoiaba da Serra,Repositor De Mercadorias,88,1614.71
Americana,Técnico Em Manutenção De Equipamentos De Informática,88,2418.33
Araçatuba,Professor De Engenharia,88,4610.6
Cabreúva,Apontador De Produção,88,3749.97
Cabreúva,Analista De Logistica,88,5241.09
Americana,Técnico De Laboratório Industrial,88,4007.61
Porto Feliz,"Embalador, A Mão",88,1936.97
Americana,Confeiteiro,88,1995.75
Araçariguama,Atendente De Lojas E Mercados,88,1588.58
Americana,Inspetor De Alunos De Escola Pública,88,2045.06
Cerquilho,Açougueiro,88,2223.22
Itu,Auxiliar De Faturamento,88,2739.78
Americana,Operador De Negócios,88,2450.35
Itapetininga,Trabalhador Da Exploração De Resinas,88,1689.32
Boituva,Supervisor Administrativo,87,3899.04
Ibiúna,Almoxarife,87,1918.08
Americana,Carteiro,87,4774.76
Americana,Analista De Redes E De Comunicação De Dados,87,3887.12
Cabreúva,Auxiliar Nos Serviços De Alimentação,87,1530.45
Piedade,Ajudante De Motorista,87,1574.92
Itapeva,Guarda-Civil Municipal,87,4074.44
Porto Feliz,"Mecânico De Manutenção De Máquinas, Em Geral",87,2948.21
Cerquilho,Atendente De Lanchonete,87,1587.04
Itu,Porteiro (Hotel),87,1965.13
Araçariguama,Atendente De Lanchonete,87,1669.9
Itupeva,Auxiliar De Contabilidade,87,3298.6
Ibiúna,Atendente De Enfermagem,87,2222.11
Itu,Padeiro,87,2205.02
Boituva,Eletricista De Manutenção Eletroeletrônica,87,5042.7
Boituva,Gerente De Vendas,86,15443.54
Itupeva,Supervisor De Vendas Comercial,86,5755.78
Cabreúva,Ferramenteiro,86,5610.45
Boituva,Moldador De Plástico Por Injeção,86,2717.99
Itu,Professor De Nível Superior Do Ensino Fundamental (Primeira A Quarta Série),85,2898.38
Cabreúva,Servente De Obras,85,1712.72
Pindamonhangaba,Médico Generalista,85,13714.35
Piedade,Professor De Nível Médio Na Educação Infantil,85,3051.24
Cabreúva,Operador De Máquinas-Ferramenta Convencionais,85,3452.06
Araçatuba,Professor De Medicina,85,3451.89
Itapetininga,Controlador De Entrada E Saída,85,1477.29
Itu,Analista Financeiro (Instituições Financeiras),85,4117.7
Porto Feliz,Gerente Administrativo,85,5758.51
Americana,Vidraceiro,85,2213.8
Araçariguama,Armazenista,85,1822.21
Itupeva,Eletricista De Manutenção Eletroeletrônica,85,4562.97
Cerquilho,Auxiliar Nos Serviços De Alimentação,84,1549.03
Cabreúva,Trabalhador Volante Da Agricultura,84,1352.23
Cabreúva,Repositor De Mercadorias,84,1646.28
Americana,Auxiliar De Corte (Preparação Da Confecção De Roupas),84,1640.51
Itupeva,Ferramenteiro,84,5682.63
Cerquilho,Atendente De Lojas E Mercados,84,1644.54
Itu,Analista De Folha De Pagamento,84,4095.99
Itapeva,Motorista De Carro De Passeio,84,2387.73
Araçatuba,Técnico Em Segurança Do Trabalho,84,3824.41
Americana,Cozinhador (Conservação De Alimentos),84,1712.99
Itu,Serralheiro,83,2648.1
Itapetininga,Promotor De Vendas,83,1619.36
Araçatuba,Serralheiro,83,2178.47
Itapetininga,Dirigente Do Serviço Público Municipal,83,4040.42
Itupeva,Prensista (Operador De Prensa),83,1058.52
Itapeva,Farmacêutico,83,3507.55
Boituva,Pedreiro,83,2300.46
Americana,Desenhista Técnico (Eletricidade E Eletrônica),83,2548.55
Pindamonhangaba,Auxiliar De Manutenção Predial,83,1708.99
Itu,Montador De Móveis E Artefatos De Madeira,82,2181.83
Itapetininga,Trabalhador Da Cultura De Cana-De-Açúcar,82,832.71
Itapetininga,"Operador De Máquina De Usinagem Madeira, Em Geral",82,2484.72
Porto Feliz,Pedreiro,82,1938.26
Itapetininga,Auxiliar De Contabilidade,82,2245.3
Dourado,Expedidor De Mercadorias,82,2205.05
Boituva,Controlador De Entrada E Saída,82,2405.63
Americana,Operador De Máquina De Costura De Acabamento,82,1991.84
Ibiúna,Operador De Guindaste (Fixo),82,2996.18
Itu,Fiscal De Loja,81,1805.49
Porto Feliz,Motorista De Furgão Ou Veículo Similar,81,2945.4
Porto Feliz,Apontador De Produção,81,5348.25
Araçatuba,Técnico Em Manutenção De Equipamentos De Informática,81,2578.25
Itapetininga,Mecânico De Manutenção De Máquinas Têxteis,81,2038.71
Pindamonhangaba,Instrutor De Auto-Escola,81,1672.14
Itu,Auxiliar Em Saúde Bucal,81,2099.92
Cabreúva,Técnico De Enfermagem,81,3316.58
Araçoiaba da Serra,Montador De Máquinas,81,2273.98
Pindamonhangaba,Preparador De Sucata E Aparas,81,2166.76
Americana,Motorista De Ônibus Urbano,81,2653.2
Itu,Professor De Nível Superior Na Educação Infantil (Quatro A Seis Anos),80,2683.07
Pindamonhangaba,Trabalhador Da Elaboração De Pré-Fabricados (Concreto Armado),80,2080.08
Itu,Estoquista,80,1864.47
Porto Feliz,"Recepcionista, Em Geral",80,1811.35
Boituva,Comprador,80,4209.68
Itupeva,Técnico Em Segurança Do Trabalho,80,4793.64
Americana,Marmorista (Construção),80,2984.13
Itu,Técnico Eletrônico,80,6508.34
Americana,Técnico Químico,80,3413.36
Araçatuba,Perfumista,80,1580.12
Americana,Diretor Administrativo,80,8081.91
Cabreúva,Contador,79,7603.62
Araçatuba,Professor De Nível Superior Na Educação Infantil (Quatro A Seis Anos),79,2497.52
Boituva,Gerente De Produção E Operações,79,8213.28
Itapetininga,Técnico Em Segurança Do Trabalho,79,3949.07
Itu,Inspetor De Alunos De Escola Privada,79,1460.77
Itu,Zelador De Edifício,79,2295.53
Itupeva,Gerente Comercial,79,11671.64
Porto Feliz,Técnico De Enfermagem,79,3074.39
Pindamonhangaba,Mestre (Construção Civil),79,3748.47
Porto Feliz,Operador De Máquina De Costura De Acabamento,79,1658.97
Cabreúva,Eletricista De Manutenção Eletroeletrônica,78,3796.62
Itapetininga,Auxiliar De Enfermagem,78,2006.99
Pindamonhangaba,Analista De Recursos Humanos,78,5233.65
Itupeva,Motorista De Ônibus Rodoviário,78,2588.19
Pindamonhangaba,Conferente De Carga E Descarga,78,2387.54
Porto Feliz,Auxiliar De Lavanderia,78,2180.62
Americana,Supervisor De Caixas E Bilheteiros (Exceto Caixa De Banco),78,2253.02
Americana,"Eletrotécnico Na Fabricação, Montagem E Instalação De Máquinas E Equipamentos",77,4116.69
Porto Feliz,Motorista De Carro De Passeio,77,3664.61
Araçatuba,Magarefe,77,847.14
Itupeva,Pedreiro,77,2565.07
Araçatuba,Técnico Em Radiologia E Imagenologia,77,3201.3
Araçatuba,Músico Intérprete Instrumentista,77,2355.39
Americana,Copeiro,77,1708.86
Porto Feliz,Açougueiro,76,2141.64
Americana,Operador De Caldeira,76,3209.89
Americana,Encarregado De Acabamento De Chapas E Metais  (Têmpera),76,4278.71
Araçatuba,Carteiro,76,3860.65
Americana,Professor De Nível Médio No Ensino Fundamental,76,3161.11
Itapetininga,Revisor De Fios (Produção Têxtil),76,1163.05
Americana,Técnico Mecânico,76,4071.48
Americana,Operador De Espuladeira,76,1471.56
Boituva,Motorista De Carro De Passeio,76,2710.03
Pindamonhangaba,Técnico De Suporte Ao Usuário De Tecnologia Da Informação,76,2164.77
Itu,Assistente Social,75,4091.04
Cerquilho,Porteiro De Edifícios,75,2263.38
Araçatuba,Operador De Negócios,75,1969.81
Araçatuba,Comprador,75,3772.61
Araçatuba,Confeiteiro,75,2117.27
Porto Feliz,Costureiro Na Confecção Em Série,75,1368.5
Pindamonhangaba,Forjador,75,5589.18
Itu,Mecânico De Veículos Automotores A Diesel (Exceto Tratores),74,3147.09
Dourado,Vendedor De Comércio Varejista,74,1824.41
Boituva,Analista De Desenvolvimento De Sistemas,74,8580.81
Dourado,Faxineiro,74,1909
Itupeva,Professor De Nível Médio Na Educação Infantil,74,5166.52
Pindamonhangaba,Auxiliar De Logistica,74,2125.1
Porto Feliz,Servente De Obras,74,1692.39
Araçoiaba da Serra,Servente De Obras,74,1429.29
Porto Feliz,Guarda-Civil Municipal,74,5171.02
Porto Feliz,Soldador,74,3073.2
Itapeva,Garçom,74,1315.35
Americana,Gerente Financeiro,74,5718.29
Macatuba,Trabalhador De Serviços De Limpeza E Conservação De Áreas Públicas,74,1724.1
Itupeva,"Embalador, A Mão",74,1725.78
Dourado,Assistente Administrativo,74,2507.13
Araçatuba,Costureiro Na Confecção Em Série,74,1490.79
Itu,Lavador De Veículos,74,1627.79
Porto Feliz,Operador De Máquina De Fabricar Papel E Papelão,74,4146.96
Araçariguama,Expedidor De Mercadorias,74,1599.79
Americana,Analista De Sistemas De Automação,74,4491.35
Araçariguama,Auxiliar Nos Serviços De Alimentação,73,1420.65
Itupeva,Vigia,73,2028.26
Americana,Encarregado De Costura Na Confecção Do Vestuário,73,2778.94
Araçoiaba da Serra,Professor De Nível Médio Na Educação Infantil,73,2957.81
Americana,Caixa De Banco,73,3348.54
Itu,Confeiteiro,73,1989.93
Boituva,Gerente De Loja E Supermercado,73,3789.9
Americana,Mecânico De Veículos Automotores A Diesel (Exceto Tratores),73,3279.18
Araçatuba,Camareiro  De Hotel,73,1526.68
Araçatuba,Vendedor Em Domicílio,73,2928.36
Itu,Prensista (Operador De Prensa),73,2773.34
Araçoiaba da Serra,Atendente De Lojas E Mercados,73,1676.21
Araçatuba,Pedreiro De Edificações,73,1435.35
Araçatuba,Coordenador Pedagógico,73,3979.67
Cabreúva,Pedreiro,73,2393.18
Itupeva,Salva-Vidas,73,1249.62
Araçatuba,Professor De Nível Médio Na Educação Infantil,73,2385.23
Cabreúva,Fiscal De Loja,72,1731.46
Itapeva,Escriturário De Banco,72,7957.03
Americana,Nutricionista,72,3730.08
Araçatuba,Lavador De Veículos,72,1563.9
Itupeva,Técnico Eletrônico,72,5250.2
Porto Feliz,Assistente De Vendas,72,3036.52
Cabreúva,Moldador De Plástico Por Injeção,72,2410.43
Itapetininga,Gerente De Vendas,72,4533.74
Itu,Preparador De Estruturas Metálicas,72,2941.58
Araçatuba,Estivador,72,1222.87
Araçatuba,"Eletricista De Instalações (Veículos Automotores E Máquinas Operatrizes, Exceto Aeronaves E Embarcações)",72,2494.93
Itu,Recepcionista De Hotel,72,1888.94
Itu,Eletricista De Instalações,71,2958.03
Americana,Contramestre De Acabamento (Indústria Têxtil),71,4081.56
Itupeva,Gerente De Restaurante,71,3540.34
Itupeva,Eletricista De Instalações,71,3257.85
Itu,Gerente De Contas - Pessoa Física E Jurídica,71,5927.08
Araçatuba,Operador De Telemarketing Ativo E Receptivo,71,2479.61
Porto Feliz,Atendente De Farmácia - Balconista,71,2043.33
Itapetininga,Carregador (Veículos De Transportes Terrestres),71,1477.53
Araçatuba,Mecânico De Manutenção De Máquinas Agrícolas,71,3284.09
Cabreúva,Operador De Máquina De Lavar Fios E Tecidos,71,1430.12
Ibiúna,Enfermeiro,71,3609.79
Araçatuba,Professor De Ensino Superior Na Área De Pesquisa Educacional,71,21669.05
Boituva,Trabalhador Da Cultura De Cana-De-Açúcar,70,610.31
Itupeva,Auxiliar De Produção Farmacêutica,70,1834.26
Pindamonhangaba,Técnico De Planejamento E Programação Da Manutenção,70,5485.63
Boituva,Guarda-Civil Municipal,70,6265.15
Pindamonhangaba,Forneiro E Operador (Refino De Metais Não-Ferrosos),70,3998.42
Araçatuba,Motorista De Ônibus Rodoviário,70,1980.05
Americana,Controlador De Entrada E Saída,70,2271.4
Araçatuba,Técnico De Planejamento De Produção,70,4117.07
Cabreúva,Técnico De Planejamento De Produção,70,4620.82
Americana,Instalador De Tubulações,70,2892.58
Itupeva,Motorista De Carro De Passeio,70,3154.84
Itapeva,Motorista De Ônibus Urbano,70,2340.55
Porto Feliz,Frentista,70,2007.74
Araçatuba,Auxiliar De Lavanderia,70,1462.89
Itu,Técnico De Manutenção Elétrica,70,4117.53
Araçatuba,Analista De Recursos Humanos,69,3204.36
Pindamonhangaba,Motorista De Ônibus Urbano,69,2292.52
Ibiúna,Gerente De Loja E Supermercado,69,3402.29
Itapetininga,Operador De Máquinas Florestais Estáticas,69,2959.58
Pindamonhangaba,Professor De Disciplinas Pedagógicas No Ensino Médio,69,2392.01
Porto Feliz,Trabalhador Volante Da Agricultura,69,1553.55
Pindamonhangaba,Tratorista Agrícola,69,1511.12
Araçoiaba da Serra,Auxiliar De Enfermagem,69,2135.01
Ibiúna,Secretária(O) Executiva(O),69,3344.19
Itupeva,"Embalador, A Máquina",69,1547.03
Itapetininga,Operador De Máquina De Costura De Acabamento,69,1370.85
Cabreúva,Gerente Administrativo,69,6812.3
Pindamonhangaba,Auxiliar De Faturamento,68,2383.9
Ibiúna,"Embalador, A Máquina",68,1917.94
Itupeva,"Mecânico De Manutenção De Automóveis, Motocicletas E Veículos Similares",68,2395.98
Itapeva,Babá,68,1712.58
Itu,Operador De Escavadeira,68,2653.06
Pindamonhangaba,Gerente De Produção E Operações,68,16759.59
Itapeva,Operador De Máquinas De Beneficiamento De Produtos Agrícolas,68,2589.38
Cerquilho,Apontador De Produção,68,2341.94
Boituva,Operador De Máquinas-Ferramenta Convencionais,68,2548.78
Cerquilho,Gerente Administrativo,68,4687.64
Itu,Técnico Químico,68,2649.45
Charqueada,Tratorista Agrícola,68,2608.25
Cerquilho,Atendente De Farmácia - Balconista,68,1819.29
Pindamonhangaba,Trabalhador Da Pecuária (Bovinos Corte),67,1715.46
Itapetininga,Técnico Agrícola,67,4073.13
Piedade,Atendente De Lanchonete,67,1450.53
Itu,"Pintor, A  Pistola (Exceto Obras E Estruturas Metálicas)",67,2533.89
Araçatuba,Gerente De Instituição Educacional Da Área Privada,67,6539.08
Boituva,Serralheiro,67,2625.36
Ibiúna,Garçom,67,1651.01
Americana,Fundidor De Metais,67,2358.66
Itapetininga,Coletor De Lixo Domiciliar,67,1730.44
Piedade,Gerente Administrativo,66,3610.92
Itu,Cuidador De Idosos,66,1455.46
Itapetininga,Instrutor De Auto-Escola,66,2073.23
Pindamonhangaba,"Montador De Máquinas, Motores E Acessórios (Montagem Em Série)",66,1862.8
Americana,Dirigente Do Serviço Público Municipal,66,10718.43
Itapetininga,Mecânico De Veículos Automotores A Diesel (Exceto Tratores),66,2201.48
Porto Feliz,Ajudante De Motorista,66,1970.92
Americana,Técnico De Obras Civis,66,3052.78
Americana,Técnico De Telecomunicações (Telefonia),66,5082.69
Americana,Agente De Vendas De Serviços,66,2496.18
Americana,Auxiliar De Laboratório De Análises Clínicas,65,2169.01
Itupeva,Garçom,65,2361.84
Araçatuba,Montador De Móveis E Artefatos De Madeira,65,1755.17
Americana,Técnico De Manutenção Eletrônica,65,4081.49
Araçariguama,Operador De Laminador,65,4780.31
Itapetininga,Professor De Nível Médio Na Educação Infantil,65,3012.82
Piedade,"Recepcionista, Em Geral",65,1442.29
Charqueada,Faxineiro,65,1301.62
Cabreúva,Prensista (Operador De Prensa),65,1939.97
Porto Feliz,Auxiliar De Corte (Preparação Da Confecção De Roupas),65,1527.51
Americana,Mecânico De Manutenção De Máquinas-Ferramentas (Usinagem De Metais),65,1429.65
Americana,Conferente Mercadoria (Exceto Carga E Descarga),65,1916.79
Americana,Gerente De Projetos E Serviços De Manutenção,65,8798.06
Itupeva,Expedidor De Mercadorias,65,2098.2
Araçatuba,Inspetor De Qualidade,65,3828.89
Macatuba,Soldador,65,2400.1
Itu,Operador Polivalente Da Indústria Têxtil,65,3208.84
Piedade,"Mecânico De Manutenção De Automóveis, Motocicletas E Veículos Similares",65,1770.21
Araçatuba,Técnico De Garantia Da Qualidade,65,2903.11
Itupeva,Recreador,65,1071.42
Porto Feliz,Expedidor De Mercadorias,65,2793.35
Americana,Analista De Folha De Pagamento,65,3130.4
Araçatuba,Demonstrador De Mercadorias,65,1819.81
Pindamonhangaba,Moldador De Plástico Por Injeção,65,2936.67
Americana,Fisioterapeuta Geral,65,4136.52
Cerquilho,"Mecânico De Manutenção De Automóveis, Motocicletas E Veículos Similares",64,2275.43
Porto Feliz,Trabalhador Da Pecuária (Eqüinos),64,2142.27
Americana,Operador De Estação De Tratamento De Água E Efluentes,64,4256.15
Americana,Masseiro (Massas Alimentícias),64,1822.84
Cabreúva,Ajudante De Motorista,64,1673.29
Cabreúva,Técnico De Garantia Da Qualidade,64,4644.36
Itupeva,Operador De Máquina Extrusora De Varetas E Tubos De Vidro,64,2610.17
Araçatuba,Telefonista,64,1856.39
Itapetininga,Mestre (Construção Civil),64,3281.35
Cerquilho,Auxiliar De Contabilidade,64,2882.14
Cabreúva,Açougueiro,64,2201.47
Araçoiaba da Serra,Motorista De Ônibus Urbano,64,2261.98
Itapeva,"Embalador, A Mão",64,1064.41
Itapetininga,Armazenista,64,2750.53
Araçoiaba da Serra,Almoxarife,64,2603.65
Araçatuba,Professor Instrutor De Ensino E Aprendizagem Em Serviços,64,1739.24
Itu,Gerente De Restaurante,64,3372.19
Pindamonhangaba,Gesseiro,64,1362.05
Araçatuba,Professores De Cursos Livres,64,1343.67
Itupeva,Auxiliar De Manutenção Predial,64,2228.55
Ibiúna,Expedidor De Mercadorias,64,2022.69
Boituva,Técnico De Planejamento De Produção,64,3293.95
Cabreúva,Frentista,63,1982.06
Americana,Preparador De Estruturas Metálicas,63,1867.1
Americana,Recebedor De Apostas (Loteria),63,1624.33
Itapetininga,Operador De Máquinas-Ferramenta Convencionais,63,2082.52
Itapetininga,Auxiliar De Manutenção Predial,63,1678.69
Itu,Instrutor De Auto-Escola,63,2263.38
Itapetininga,Recreador,63,1315.87
Porto Feliz,Montador De Estruturas Metálicas,63,2708
Porto Feliz,Atleta Profissional De Futebol,63,2145.98
Itupeva,Mestre (Indústria De Borracha E Plástico),63,6177.56
Itu,Mestre (Construção Civil),63,3229.84
Araçatuba,Carpinteiro De Obras,63,1682.12
Americana,Operador De Processos Químicos E Petroquímicos,63,5895.2
Araçatuba,Instrutor De Auto-Escola,63,2180.83
Itupeva,Vigilante,63,2276.42
Boituva,Professor De Nível Superior Do Ensino Fundamental (Primeira A Quarta Série),63,2845.81
Itu,Gerente Financeiro,63,8383.58
Araçariguama,Operador De Máquinas Operatrizes,63,2310.7
Americana,Preparador Físico,62,1720.25
Araçariguama,Operador De Aciaria (Dessulfuração De Gusa),62,7025.6
Itapeva,Professor De Língua Portuguesa Do Ensino Fundamental,62,2856.45
Boituva,Expedidor De Mercadorias,62,2119.36
Itapeva,Operador De Trator Florestal,62,2726.53
Itu,Ajustador Mecânico,62,2794.35
Cerquilho,Pedreiro,62,2077.6
Itapetininga,Trabalhador Da Manutenção De Edificações,62,1631.58
Cerquilho,Técnico De Enfermagem,62,2138.87
Cerquilho,Frentista,62,2386.71
Americana,Instrutor De Aprendizagem E Treinamento Comercial,62,3618.64
Pindamonhangaba,Cobrador De Transportes Coletivos (Exceto Trem),62,1205.01
Araçariguama,Técnico De Planejamento De Produção,62,3419.99
Itapetininga,Fisioterapeuta Geral,62,3081.43
Boituva,Professor De Ciências Exatas E Naturais Do Ensino Fundamental,61,3872.54
Itapeva,Supervisor Da Área Florestal,61,2937.28
Araçoiaba da Serra,Auxiliar Nos Serviços De Alimentação,61,1641.75
Ibiúna,Motorista De Ônibus Urbano,61,2439.58
Itapetininga,Abatedor,61,1651.57
Americana,"Embalador, A Máquina",61,1993.04
Itu,Auxiliar De Farmácia De Manipulação,61,2106.81
Americana,"Operador De Máquinas De Fabricação De Doces, Salgados E Massas Alimentícias",61,1901.04
Araçatuba,Instrutor De Aprendizagem E Treinamento Comercial,61,4727.89
Itu,Operador De Inspeção De Qualidade,61,2141.19
Americana,Atendente De Enfermagem,61,1961.62
Dourado,Operador De Empilhadeira,61,3036.69
Itapetininga,Analista De Recursos Humanos,61,3214.63
Porto Feliz,Operador De Máquina De Dobrar Chapas,61,2859.26
Americana,"Bordador, À Máquina",61,1951.71
Americana,"Operador De Extrusora (Química, Petroquímica E Afins)",61,3062.35
Itapetininga,Gerente De Produção E Operações,61,10951.55
Itupeva,Técnico Mecânico (Máquinas),61,4313.25
Porto Feliz,Trabalhador Da Cultura De Cana-De-Açúcar,61,1375.28
Piedade,Professor De Nível Superior Do Ensino Fundamental (Primeira A Quarta Série),60,2449.3
Araçariguama,Técnico Eletrônico,60,1402.32
Cabreúva,Carregador (Veículos De Transportes Terrestres),60,2394.46
Pindamonhangaba,Trabalhador Da Avicultura De Postura,60,1336.54
Ibiúna,Professor De Nível Superior Do Ensino Fundamental (Primeira A Quarta Série),60,2299.53
Cabreúva,Promotor De Vendas,60,1591.96
Americana,Caldeireiro (Chapas De Ferro E Aço),60,2783.21
Itu,Copeiro,60,1633.29
Americana,Rebarbador De Metal,59,2295.98
Piedade,Açougueiro,59,2062.44
Itu,Escrevente,59,7428.2
Itapetininga,Técnico De Enfermagem Da Estratégia De Saúde Da Família,59,1771.08
Itapetininga,Comprador,59,3157.66
Itupeva,Encarregado De Acabamento De Chapas E Metais  (Têmpera),59,4232.65
Itu,Babá,59,2043.16
Itupeva,Técnico Em Eletromecânica,59,2993.19
Pindamonhangaba,Comprador,59,5939.26
Americana,Operador De Telemarketing Receptivo,59,1493.04
Itapeva,Trabalhador Na Olericultura (Frutos E Sementes),59,1332.98
Araçatuba,Analista De Pesquisa De Mercado,59,2424.89
Itapeva,Instalador De Linhas Elétricas De Alta E Baixa - Tensão (Rede Aérea E Subterrânea),58,3700.65
Ibiúna,Eletricista De Instalações,58,2156.31
Itu,Instalador De Sistemas Eletroeletrônicos De Segurança,58,2549.13
Itapeva,Porteiro De Edifícios,58,1723.26
Araçatuba,Professor De Ensino Superior Na Área De Orientação Educacional,58,11153.5
Boituva,Operador De Máquina De Dobrar Chapas,58,3441.29
Araçatuba,Operador De Máquinas De Construção Civil E Mineração,58,2451.43
Porto Feliz,Auxiliar De Manutenção Predial,58,2123.65
Itupeva,Supervisor De Logística,58,5817.36
Itapeva,Soldador,58,2218.69
Americana,Operador De Computador,58,2320.04
Itupeva,Trabalhador Agropecuário Em Geral,58,1595.4
Pindamonhangaba,Garçom,58,1334.6
Americana,Vendedor Pracista,58,3059.65
Pindamonhangaba,Auxiliar De Pessoal,58,1886.07
Porto Feliz,Operador De Máquinas-Ferramenta Convencionais,57,2148.02
Itapetininga,Assistente Social,57,3279.02
Itu,Pintor De Obras,57,2484.53
Itapetininga,Supervisor De Vendas Comercial,57,4106.41
Pindamonhangaba,Gerente De Contas - Pessoa Física E Jurídica,57,5154.83
Boituva,Montador De Móveis E Artefatos De Madeira,57,2165.25
Araçariguama,Inspetor De Qualidade,57,3631.04
Cerquilho,Vigia,57,2008
Itapeva,Técnico Em Atendimento E Vendas,57,1507.33
Pindamonhangaba,Motofretista,57,1541.25
Pindamonhangaba,Auxiliar Geral De Conservação De Vias Permanentes (Exceto Trilhos),57,1331.58
Boituva,Trabalhador Da Manutenção De Edificações,57,1775.83
Araçatuba,Analista De Sistemas De Automação,57,5325.78
Araçatuba,Operador De Caldeira,57,3143.5
Itupeva,Atendente De Farmácia - Balconista,57,1806.63
Araçatuba,"Operador De Produção (Química, Petroquímica E Afins)",57,1788.56
Boituva,Atendente De Farmácia - Balconista,56,2013.34
Itapetininga,Conferente De Carga E Descarga,56,2213.72
Cerquilho,Operador De Telemarketing Ativo E Receptivo,56,1406.66
Macatuba,"Costureiro, A  Máquina  Na Confecção Em Série",56,1325.84
Macatuba,Operador De Caixa,56,1755.4
Itu,Instrutor De Aprendizagem E Treinamento Industrial,56,5397.52
Americana,Atendente Comercial (Agência Postal),56,2042.68
Piedade,Cozinheiro Geral,56,1535.16
Charqueada,Atendente De Lojas E Mercados,56,1552.47
Itupeva,Preparador De Máquinas-Ferramenta,56,3352.49
Araçatuba,Cirurgião Dentista - Clínico Geral,56,8460.74
Itapetininga,Demonstrador De Mercadorias,56,1609.04
Cabreúva,Costureiro Na Confecção Em Série,56,1682.18
Itu,Caldeireiro (Chapas De Ferro E Aço),56,3136.9
Itapetininga,Trabalhador No Cultivo De Plantas Ornamentais,56,1328.83
Araçoiaba da Serra,Técnico Químico,56,4112.62
Itapetininga,Diretor De Instituição Educacional Pública,56,5683.27
Itapetininga,Professor De Educação Física Do Ensino Fundamental,56,3812.5
Porto Feliz,Forjador,55,1214.49
Americana,"Montador De Máquinas, Motores E Acessórios (Montagem Em Série)",55,2172.42
Itapeva,Mecânico De Manutenção De Máquinas Agrícolas,55,3319.42
Americana,Contínuo,55,1790.26
Americana,Colorista Têxtil,55,2396.34
Cabreúva,Motorista De Ônibus Rodoviário,55,3141.13
Cabreúva,Gerente De Produção E Operações,55,11724.36
Cabreúva,Atendente De Lanchonete,55,1440.71
Porto Feliz,Jardineiro,55,1804.25
Ibiúna,Auxiliar De Enfermagem,55,2131.94
Itu,Economista Industrial,55,4837.71
Charqueada,Motorista De Furgão Ou Veículo Similar,55,2050.89
Itapetininga,Eletricista De Instalações,55,1918.21
Pindamonhangaba,Professor Da  Educação De Jovens E Adultos Do Ensino Fundamental (Primeira A Quarta Série),55,2039.36
Itupeva,Supervisor De Montagem E Instalação Eletroeletrônica,55,6545.56
Americana,Comerciante Varejista,55,3105.29
Itapetininga,Guarda-Civil Municipal,55,2177.07
Araçatuba,"Costureiro, A  Máquina  Na Confecção Em Série",55,1670.27
Araçatuba,Comerciante Varejista,54,2119.53
Americana,Operador De Inspeção De Qualidade,54,2300.65
Itupeva,Monitor De Sistemas Eletrônicos De Segurança Interno,54,2662.65
Americana,Mestre (Indústria Têxtil E De Confecções),54,4859.58
Americana,Economista Financeiro,54,3637.19
Itu,Supervisor De Vigilantes,54,4453.22
Charqueada,Operador De Caixa,54,1671.93
Itupeva,Auxiliar Em Saúde Bucal,54,2649.02
Pindamonhangaba,Assistente Social,54,4497.31
Porto Feliz,Passadeira De Peças Confeccionadas,54,1458.38
Cabreúva,Enfermeiro,54,7390.25
Porto Feliz,Contador,54,6953.03
Piedade,Vigia,54,2557.96
Itapeva,Eletricista De Instalações,54,2068.56
Ibiúna,Vigilante,54,2168.25
Porto Feliz,Eletricista De Manutenção Eletroeletrônica,54,3724.86
Itu,Oxicortador A Mão E A  Máquina,54,2941.81
Itu,Gerente De Pesquisa E Desenvolvimento (P&D),54,13220.15
Itu,Instrutor De Aprendizagem E Treinamento Comercial,54,2513.43
Americana,"Instalador De Cortinas E Persianas, Portas Sanfonadas E Boxe",54,1895.8
Pindamonhangaba,Professor De Nível Superior Do Ensino Fundamental (Primeira A Quarta Série),54,1622.41
Piedade,Soldador,54,1666.76
Itapetininga,Carpinteiro,53,1503.29
Cabreúva,"Recepcionista, Em Geral",53,1809.1
Itupeva,Guarda-Civil Municipal,53,8719.08
Porto Feliz,Serralheiro,53,2455.22
Porto Feliz,Trabalhador Da Manutenção De Edificações,53,2221.36
Porto Feliz,"Mecânico De Manutenção De Automóveis, Motocicletas E Veículos Similares",53,2477.21
Americana,Gerente De Departamento Pessoal,53,6341.7
Itu,Gerente De Logística (Armazenagem E Distribuição),53,6970.74
Cerquilho,Soldador,53,2491.45
Americana,Supervisor De Logística,53,4067.83
Araçariguama,"Embalador, A Máquina",53,1686.76
Boituva,"Mecânico De Manutenção De Automóveis, Motocicletas E Veículos Similares",53,2493.64
Dourado,Professor De Nível Médio Na Educação Infantil,53,3449.77
Boituva,Prensista (Operador De Prensa),53,2120.52
Cerquilho,"Bordador, À Máquina",53,1715.41
Itapetininga,Zelador De Edifício,53,1802.9
Boituva,Técnico Em Segurança Do Trabalho,53,4079.37
Itapeva,Forneiro E Operador (Alto-Forno),53,3367.63
Araçoiaba da Serra,Porteiro De Edifícios,52,2057.56
Itu,Economista Financeiro,52,4226.71
Itu,Médico Clínico,52,10277.18
Porto Feliz,Atendente De Lanchonete,52,1671.66
Americana,Montador De Andaimes (Edificações),52,2557.28
Itupeva,Operador De Máquinas De Construção Civil E Mineração,52,3955.15
Itu,Carteiro,52,4240.1
Itu,Coordenador Pedagógico,52,3664.81
Araçatuba,"Pintor, A  Pistola (Exceto Obras E Estruturas Metálicas)",52,1891.29
Itu,Técnico De Vendas,52,8569.45
Cabreúva,Operador De Máquinas Operatrizes,52,2639.27
Itapetininga,Professor De Ensino Superior Na Área De Didática,52,1389.9
Itapeva,Carvoeiro,52,1461.88
Itapetininga,Fiscal De Tributos Municipal,52,1943
Itupeva,Motorista De Ônibus Urbano,52,2518.71
Araçatuba,Marmorista (Construção),52,2210.96
Araçoiaba da Serra,Auxiliar Geral De Conservação De Vias Permanentes (Exceto Trilhos),52,1446.71
Itupeva,Auxiliar De Faturamento,52,2798.05
Pindamonhangaba,Engenheiro De Produção,52,13325.62
Araçatuba,Atendente Comercial (Agência Postal),52,2637.63
Cerquilho,Guarda-Civil Municipal,52,3829.24
Araçatuba,Pintor De Obras,52,1666.01
Boituva,Polidor De Metais,52,2167.63
Dourado,Trabalhador De Serviços De Limpeza E Conservação De Áreas Públicas,52,1584.26
Boituva,Pintor De Estruturas Metálicas,52,3166.44
Araçatuba,Operador De Colhedor Florestal,52,1658.06
Itu,"Operador De Extrusora (Química, Petroquímica E Afins)",52,4961.9
Pindamonhangaba,Operador De Centro De Usinagem Com Comando Numérico,51,3248.2
Itapeva,Operador De Pá Carregadeira,51,2492.77
Itapeva,Músico Intérprete Instrumentista,51,2272.97
Ibiúna,Motorista De Furgão Ou Veículo Similar,51,1856.19
Americana,Tecelão (Tear Mecânico De Maquineta),51,2602.41
Boituva,Montador De Máquinas,51,3078.9
Boituva,Estoquista,51,1944.99
Itu,Contínuo,51,1832.5
Araçatuba,Carregador (Armazém),51,1785.47
Araçatuba,Gerente De Restaurante,51,3212.19
Itupeva,Técnico Químico,51,4603.71
Itapetininga,Jardineiro,51,1492.21
Pindamonhangaba,Atendente Comercial (Agência Postal),51,1981.89
Americana,Operador De Cardas,50,1988.8
Itapetininga,Escrevente,50,4780.81
Araçatuba,Trabalhador Polivalente Do Curtimento De Couros E Peles,50,1820.77
Pindamonhangaba,Modelador De Madeira,50,1310.8
Itapetininga,Vendedor Pracista,50,3100.15
Itupeva,Técnico De Laboratório Industrial,50,4001.57
Itu,Carpinteiro,50,2374.74
Araçatuba,Armador De Estrutura De Concreto Armado,50,1814.96
Itupeva,Preparador De Estruturas Metálicas,50,1925.21
Itupeva,Analista Financeiro (Instituições Financeiras),50,3843.78
Itapeva,Gerente Comercial,50,2994.67
Araçatuba,Auxiliar De Farmácia De Manipulação,50,1763.07
Americana,Educador Social,50,2073.25
Macatuba,Carregador (Armazém),50,2151.85
Ibiúna,Carregador (Veículos De Transportes Terrestres),50,1467.65
Itapeva,Motorista De Furgão Ou Veículo Similar,50,2025.37
Americana,Professores De Cursos Livres,50,3729.3
Itapetininga,Psicólogo Social,50,3046.83
Pindamonhangaba,Camareiro  De Hotel,50,1187.81
Cabreúva,Motorista De Ônibus Urbano,50,3272.44
Araçatuba,Professor De Disciplinas Pedagógicas No Ensino Médio,50,2918.31
Cerquilho,Supervisor Administrativo,50,4159.93
Pindamonhangaba,Auxiliar De Cartório,50,2093.53
Ibiúna,Atendente De Lanchonete,50,1416.44
Araçatuba,Borracheiro,50,1791.42
Cabreúva,Guarda-Civil Municipal,50,5255.36
Boituva,Inspetor De Alunos De Escola Pública,50,2122.33
Itu,Auxiliar De Desenvolvimento Infantil,49,1678.1
Pindamonhangaba,Professor De Nível Superior Na Educação Infantil (Quatro A Seis Anos),49,1591.83
Macatuba,Cozinheiro Geral,49,1498.05
Americana,Instalador-Reparador De Redes Telefônicas E De Comunicação De Dados,49,1952.59
Pindamonhangaba,Tecnólogo Em Logística De Transporte,49,3359.07
Araçatuba,Operador De Estação De Tratamento De Água E Efluentes,49,2957.31
Porto Feliz,Técnico De Planejamento De Produção,49,5061.16
Araçatuba,Advogado,49,4378.03
Cabreúva,Atendente De Farmácia - Balconista,49,1918.29
Itapetininga,Operador De Máquina Copiadora (Exceto Operador De Gráfica Rápida),49,1719.2
Itapetininga,Técnico De Apoio Em Pesquisa E Desenvolvimento (Exceto Agropecuário E Florestal),49,3116.87
Americana,Gerente De Recursos Humanos,49,9206.08
Itu,Cirurgião Dentista - Clínico Geral,49,6786.42
Itu,Técnico Em Manutenção De Máquinas,49,3916.56
Dourado,Cozinheiro Geral,49,1806.96
Itupeva,Mestre (Indústria De Máquinas E Outros Equipamentos Mecânicos),49,5649.36
Cabreúva,Auxiliar De Logistica,49,1905.5
Boituva,Técnico De Laboratório Industrial,49,4226.6
Itu,Técnico De Suporte Ao Usuário De Tecnologia Da Informação,49,2055.7
Boituva,Auxiliar De Enfermagem,49,3017.6
Americana,Gesseiro,48,1743.28
Pindamonhangaba,Operador De Montagem De Cilindros E Mancais,48,4994.04
Itapeva,Instrutor De Auto-Escola,48,2339.01
Itapetininga,Auxiliar De Pessoal,48,1874.65
Americana,Cirurgião Dentista - Clínico Geral,48,5985.42
Itapetininga,Confeiteiro,48,1684.1
Pindamonhangaba,Coordenador Pedagógico,48,3908.59
Araçatuba,Auxiliar De Laboratório De Análises Clínicas,48,1844.39
Itapetininga,Mecânico De Manutenção De Máquinas Agrícolas,48,4184.18
Itu,Inspetor De Serviços De Transportes Rodoviários (Passageiros E Cargas),48,2727.5
Itapeva,Professor De Matemática Do Ensino Fundamental,48,3410.15
Boituva,Recepcionista De Consultório Médico Ou Dentário,48,1374.73
Itapetininga,Gerente De Contas - Pessoa Física E Jurídica,48,5310.1
Itapetininga,Fiscal De Loja,48,1689.84
Boituva,Operador De Torno Com Comando Numérico,48,3134.2
Americana,Carregador (Armazém),48,1746.14
Araçoiaba da Serra,Vigia,48,2159.79
Boituva,Motorista Operacional De Guincho,48,2276.44
Itupeva,Promotor De Vendas Especializado,48,5073.54
Porto Feliz,,48,3864.64
Macatuba,Trabalhador Volante Da Agricultura,48,1811.05
Pindamonhangaba,Pedreiro (Material Refratário),48,3272.81
Araçatuba,Técnico Em Farmácia,48,2159.92
Americana,Técnico Em Borracha,48,4679.02
Cabreúva,Analista De Recursos Humanos,48,4227.2
Itupeva,Pintor De Obras,47,2059.97
Macatuba,Motorista De Carro De Passeio,47,2747.09
Itu,Técnico Em Mecatrônica - Automação Da Manufatura,47,3732.52
Araçariguama,Assistente De Vendas,47,4093.59
Boituva,Montador De Estruturas Metálicas,47,2124.2
Itapeva,Auxiliar De Manutenção Predial,47,1873.16
Dourado,Motorista De Furgão Ou Veículo Similar,47,2184.84
Itapeva,Vendedor Em Comércio Atacadista,47,1875.87
Cerquilho,Assistente De Vendas,47,2482.49
Americana,Médico Clínico,47,13842.61
Itupeva,Farmacêutico,47,4042.45
Cabreúva,Comprador,47,4371.34
Itapeva,Operador De Empilhadeira,47,1909.28
Ibiúna,Tratorista Agrícola,47,2034.66
Pindamonhangaba,Fisioterapeuta Geral,47,3532.73
Ibiúna,Assistente De Vendas,47,1750.01
Itupeva,Cronoanalista,47,5961.33
Americana,Gerente De Logística (Armazenagem E Distribuição),47,4498.22
Itapetininga,Operador De Caldeira,47,2692.87
Boituva,Ferramenteiro,47,4769.88
Macatuba,Atendente De Lojas E Mercados,47,1377.34
Itu,Agente De Vendas De Serviços,47,2609.34
Piedade,Atendente De Farmácia - Balconista,47,1853.16
Americana,"Eletricista De Instalações (Veículos Automotores E Máquinas Operatrizes, Exceto Aeronaves E Embarcações)",47,2589.83
Cabreúva,Operador De Inspeção De Qualidade,46,2772.5
Araçoiaba da Serra,Soldador,46,2995.29
Itu,Engenheiro De Produção,46,8919.58
Cabreúva,Operador De Processos Químicos E Petroquímicos,46,2572.93
Americana,Mecânico De Manutenção E Instalação De Aparelhos De Climatização E  Refrigeração,46,2129.89
Itu,Professor De Nível Médio Na Educação Infantil,46,2901.66
Pindamonhangaba,Cirurgião Dentista - Clínico Geral,46,10844.72
Ibiúna,Apontador De Produção,46,2998.31
Pindamonhangaba,Pintor De Obras,46,1962.79
Americana,Costureira De Peças Sob Encomenda,46,1717.46
Araçariguama,Carregador (Veículos De Transportes Terrestres),46,3061.56
Porto Feliz,Gerente De Produção E Operações,46,12919.32
Itu,Trefilador De Borracha,46,3035.86
Americana,Operador De Engomadeira De Urdume,46,2547.62
Ibiúna,Supervisor De Exploração Agrícola,46,2460.05
Itapetininga,Camareiro  De Hotel,46,1739.29
Itu,Impressor (Serigrafia),46,3057.95
Itu,Secretária(O) Executiva(O),46,4352.04
Itapeva,Técnico Em Radiologia E Imagenologia,46,3357.98
Itu,Trabalhador Da Avicultura De Corte,46,1608.79
Araçoiaba da Serra,Encanador,46,2459.78
Itu,Galvanizador,46,2050
Itu,Telefonista,46,2229.28
Itu,Professor De Direito Do Ensino Superior,46,2688.89
Porto Feliz,Eletricista De Instalações,46,3515.92
Araçariguama,Porteiro De Edifícios,46,2014.49
Itupeva,"Pintor, A  Pistola (Exceto Obras E Estruturas Metálicas)",46,2568.69
Charqueada,Moldador De Borracha Por Compressão,46,2199.53
Araçatuba,"Eletrotécnico Na Fabricação, Montagem E Instalação De Máquinas E Equipamentos",46,2719.12
Itapetininga,Auxiliar De Laboratório De Análises Clínicas,46,1891.55
Americana,Desenhista Projetista Mecânico,46,5076.45
Araçariguama,Pedreiro,46,1833.04
Itu,Trabalhador Da Pecuária (Bovinos Corte),46,1792.22
Itu,Professor De Nível Médio No Ensino Fundamental,45,3239.14
Pindamonhangaba,Técnico Em Radiologia E Imagenologia,45,3539.62
Pindamonhangaba,Analista De Desenvolvimento De Sistemas,45,6603.02
Araçariguama,Soldador,45,2826.06
Pindamonhangaba,Expedidor De Mercadorias,45,2012.2
Itapeva,Professor De Educação Física Do Ensino Fundamental,45,3159.28
Araçatuba,Nutricionista,45,3210.48
Ibiúna,Gerente De Vendas,45,2891.34
Araçatuba,Escrevente,45,6356.05
Itapeva,Gerente De Loja E Supermercado,45,4515.61
Porto Feliz,Administrador,45,5947.15
Itapeva,Assistente Social,45,3226.66
Americana,Copeiro De Hospital,45,1578.64
Itupeva,Montador De Máquinas,45,3147.54
Americana,Técnico Em Secretariado,45,2830.27
Araçatuba,Auxiliar De Produção Farmacêutica,45,1732.19
Araçatuba,Leiturista,45,2692.91
Itupeva,Auxiliar De Pessoal,45,1862.84
Cabreúva,Técnico Em Segurança Do Trabalho,45,5587.01
Araçatuba,Operador De Telemarketing Ativo,45,1847.42
Araçatuba,Trabalhador Da Cultura De Cana-De-Açúcar,45,1446.8
Cabreúva,Trefilador De Borracha,45,1995.25
Charqueada,Servente De Obras,45,1542.15
Piedade,Gerente De Loja E Supermercado,44,3526.56
Americana,Camareiro  De Hotel,44,1577.03
Porto Feliz,Ferramenteiro,44,5469.28
Itapeva,Mecânico De Veículos Automotores A Diesel (Exceto Tratores),44,2500.32
Pindamonhangaba,Atendente De Agência,44,2036.2
Itupeva,Trabalhador Da Elaboração De Pré-Fabricados (Concreto Armado),44,1643.29
Itu,Desenhista Projetista Mecânico,44,5744.79
Itu,Cumim,44,1217.38
Piedade,Monitor De Transporte Escolar,44,1173.44
Porto Feliz,Supervisor De Vendas Comercial,44,6713.8
Cabreúva,Tecnólogo Em Logística De Transporte,44,3497.08
Araçoiaba da Serra,Auxiliar De Manutenção Predial,44,1940.01
Itupeva,Engenheiro De Produção,44,9820.5
Itu,Gesseiro,44,1783.87
Araçatuba,Professor De Economia,44,3879.6
Itu,Operador De Acabamento (Indústria Gráfica),44,1914.7
Itupeva,Caldeireiro (Chapas De Ferro E Aço),44,2705.91
Americana,Técnico De Rede (Telecomunicações),44,3051.77
Boituva,Costureiro Na Confecção Em Série,44,1704.32
Americana,Advogado,44,5801.78
Ibiúna,"Mecânico De Manutenção De Automóveis, Motocicletas E Veículos Similares",44,1661.19
Boituva,Farmacêutico,44,4716.5
Itupeva,Diretor Administrativo,44,8188.66
Itu,Fiscal De Tributos Municipal,43,5592.03
Itapetininga,Médico Clínico,43,9007.85
Itu,Atleta Profissional De Futebol,43,3971.09
Araçatuba,Operador De Inspeção De Qualidade,43,1877.5
Americana,Operador De Escavadeira,43,3376.39
Ibiúna,Vendedor Em Comércio Atacadista,43,2539.22
Itu,Gerente De Recursos Humanos,43,9969.63
Araçatuba,Carregador (Veículos De Transportes Terrestres),43,1836.15
Americana,Pedagogo,43,6543.79
Itapeva,Varredor De Rua,43,1638.76
Itu,Gerente De Projetos E Serviços De Manutenção,43,9955.68
Itupeva,Cirurgião Dentista - Clínico Geral,43,6632.94
Ibiúna,Supervisor De Vendas Comercial,43,3421.56
Itu,Chefe De Cozinha,43,2709.07
Araçatuba,Jardineiro,43,1530.9
Cabreúva,Professor De Nível Superior Do Ensino Fundamental (Primeira A Quarta Série),43,3682.5
Araçatuba,Cumim,43,1681.41
Itupeva,Técnico Em Manutenção De Máquinas,43,2890.39
Pindamonhangaba,Carteiro,43,4162.99
Porto Feliz,Garçom,43,1975.64
Porto Feliz,Agente Comunitário De Saúde,43,2123.49
Itupeva,Servente De Obras,43,2096.53
Americana,Esteticista,43,1651.12
Pindamonhangaba,Serralheiro,43,2107.09
Piedade,Operador De Processos Químicos E Petroquímicos,43,2297.22
Americana,Auxiliar De Cartório,43,1863.89
Araçatuba,Professor De Direito Do Ensino Superior,43,5681.27
Itu,"Eletricista De Instalações (Veículos Automotores E Máquinas Operatrizes, Exceto Aeronaves E Embarcações)",43,2852.4
Araçoiaba da Serra,Frentista,43,2083.53
Itupeva,Técnico Mecânico,43,5135.54
Macatuba,Mecânico De Manutenção De Máquinas Agrícolas,43,3975.84
Itapetininga,Instalador De Tubulações,43,5035.47
Itapetininga,Operador De Máquinas De Beneficiamento De Produtos Agrícolas,43,2420.36
Americana,Auxiliar De Laboratório De Análises Físico-Químicas,43,3274.55
Americana,Técnico Em Manutenção De Máquinas,43,5267.75
Itupeva,Técnico De Manutenção Eletrônica,43,4000.13
Araçariguama,Trabalhador De Fabricação De Tintas,43,2665.8
Araçatuba,Gerente Financeiro,43,5714.66
Itu,Rebarbador De Metal,43,2523.19
Ibiúna,Técnico De Garantia Da Qualidade,43,4206.44
Pindamonhangaba,Pintor De Veículos (Fabricação),43,2282.56
Macatuba,"Lavadeiro, Em Geral",43,1872.88
Araçoiaba da Serra,Guarda-Civil Municipal,43,3210.1
Araçoiaba da Serra,Cozinheiro Geral,43,1872.98
Araçatuba,Operador De Colheitadeira,43,3061.48
Itu,Supervisor De Almoxarifado,43,5496.4
Cabreúva,Laminador De Plástico,43,3385.9
Itu,Trabalhador Volante Da Agricultura,43,1318.8
Boituva,Tratorista Agrícola,42,2600.87
Pindamonhangaba,Carregador (Armazém),42,1500.75
Itapeva,Estoquista,42,1529.63
Araçatuba,Biomédico,42,3457.25
Itapeva,Diretor De Instituição Educacional Pública,42,6718.93
Itapetininga,Vidraceiro,42,1579.23
Boituva,Encarregado De Acabamento De Chapas E Metais  (Têmpera),42,4724.43
Araçariguama,Auxiliar Geral De Conservação De Vias Permanentes (Exceto Trilhos),42,1985.62
Araçoiaba da Serra,Supervisor Administrativo,42,4161.44
Ibiúna,Servente De Obras,42,1539.08
Itapetininga,Professor De Disciplinas Pedagógicas No Ensino Médio,42,2290.11
Boituva,Padeiro,42,2170.88
Itapetininga,Sócioeducador,42,4367.12
Cerquilho,Supervisor De Vendas Comercial,42,3390.23
Pindamonhangaba,Gerente De Vendas,42,6853.16
Americana,Banhista De Animais Domésticos,42,1486.08
Itapetininga,Técnico Em Radiologia E Imagenologia,42,3630.45
Itapeva,Auxiliar Em Saúde Bucal,42,1679.28
Itapetininga,Cuidador De Idosos,42,1546.32
Americana,Psicólogo Social,42,3840.01
Porto Feliz,Armazenista,42,2752.51
Itapetininga,Instrutor De Cursos Livres,42,1469.95
Boituva,Gerente Comercial,42,5572.06
Cerquilho,Eletricista De Manutenção Eletroeletrônica,42,3386.46
Americana,Engenheiro De Controle De Qualidade,42,11540.43
Cabreúva,Encarregado De Acabamento De Chapas E Metais  (Têmpera),42,4797.62
Cerquilho,Enfermeiro,42,4892.79
Araçoiaba da Serra,Tratorista Agrícola,42,2021.61
Pindamonhangaba,Zelador De Edifício,42,1908.9
Cerquilho,Professor De Nível Superior Na Educação Infantil (Quatro A Seis Anos),42,2424.72
Itapeva,Carregador (Veículos De Transportes Terrestres),42,1637.92
Americana,Operador De Maçaroqueira,42,1694.86
Pindamonhangaba,Recepcionista De Hotel,42,1606.91
Americana,Fonoaudiólogo Geral,42,3274.89
Macatuba,Técnico De Enfermagem,42,2143.8
Itu,Analista De Negócios,41,5321.99
Araçariguama,Técnico Químico,41,5400.99
Itupeva,Gerente De Pesquisa E Desenvolvimento (P&D),41,12213.23
Itu,Fisioterapeuta Geral,41,3654.42
Itu,Psicólogo Clínico,41,3596.74
Itapeva,Assistente De Vendas,41,2109.87
Macatuba,Técnico De Laboratório Industrial,41,3156.09
Americana,Inspetor De Alunos De Escola Privada,41,1655.95
Pindamonhangaba,Instrutor De Aprendizagem E Treinamento Industrial,41,7078.93
Itupeva,Montador De Equipamentos Elétricos,41,3575.77
Itapetininga,Contínuo,41,1593.42
Itapetininga,Copeiro,41,1302.32
Itapeva,Apontador De Produção,41,2297.68
Araçoiaba da Serra,Enfermeiro,41,3634.45
Americana,Técnico De Desporto Individual E Coletivo (Exceto Futebol),41,3458.66
Porto Feliz,Impressor Tipográfico,41,5097.3
Itupeva,"Revestidor De Interiores (Papel, Material Plástico E Emborrachados)",41,4910.59
Americana,"Operador De Utilidade (Produção E Distribuição De Vapor, Gás, Óleo, Combustível, Energia, Oxigênio)",41,3111.08
Araçatuba,Psicólogo Do Esporte,41,3706.65
Porto Feliz,Motorista De Ônibus Urbano,41,1783
Itapeva,Supervisor De Vendas Comercial,41,3956.06
Itapeva,Auxiliar De Contabilidade,41,1915.24
Itu,"Eletrotécnico Na Fabricação, Montagem E Instalação De Máquinas E Equipamentos",41,4793.64
Itapetininga,"Mecânico De Manutenção De Máquinas Cortadoras De Grama, Roçadeiras, Motosserras E Similares",41,6430.45
Americana,"Operador De Produção (Química, Petroquímica E Afins)",41,2738.7
Americana,Chefe De Cozinha,41,2572.18
Itapeva,Administrador,41,4708.35
Boituva,Motorista De Furgão Ou Veículo Similar,41,2686.4
Itapetininga,Operador De Máquina De Fabricar Papel E Papelão,41,1715.48
Ibiúna,Padeiro,41,2224.14
Americana,Operador De Calandras (Tecidos),41,2102.51
Porto Feliz,Inspetor De Alunos De Escola Pública,41,1711.83
Americana,Ferramenteiro,41,5121.72
Itu,Encanador,41,2097.53
Itapetininga,Costureira De Reparação De Roupas,41,1248.84
Itu,Pintor De Estruturas Metálicas,41,3226.75
Cerquilho,Operador De Telemarketing Receptivo,41,1850.25
Piedade,Auxiliar De Contabilidade,41,1878.83
Porto Feliz,Professor De Ensino Superior Na Área De Didática,41,1066.61
Pindamonhangaba,Técnico De Vendas,41,12184.32
Cabreúva,Supervisor De Vendas Comercial,41,8783.56
Araçatuba,Professor De Ciências Biológicas Do Ensino Superior,41,4455.03
Cerquilho,Operador De Equipamentos De Refinação De Açúcar (Processo Contínuo),41,3407.95
Charqueada,Costureiro Na Confecção Em Série,41,1407.08
Itupeva,Técnico De Manutenção Elétrica,40,5431.07
Araçatuba,Operador De Pá Carregadeira,40,2568.67
Ibiúna,Auxiliar De Manutenção Predial,40,1959.86
Americana,Carpinteiro,40,1882.97
Itapetininga,Operador De Motosserra,40,2067.92
Araçariguama,Forneiro E Operador (Refino De Metais Não-Ferrosos),40,3249.54
Americana,Analista De Exportação E Importação,40,5186.84
Araçariguama,Conferente Mercadoria (Exceto Carga E Descarga),40,2082.02
Ibiúna,Monitor De Transporte Escolar,40,926.54
Dourado,Auxiliar Nos Serviços De Alimentação,40,1720.53
Boituva,Operador De Cristalização Na Refinação De Açucar,40,3113.92
Americana,Desenhista Projetista De Arquitetura,40,2416.25
Pindamonhangaba,Técnico Químico,40,4666.13
Cabreúva,Auxiliar De Contabilidade,40,2897.66
Americana,Programador De Máquinas - Ferramenta Com Comando Numérico,40,4323.78
Pindamonhangaba,Preparador De Estruturas Metálicas,40,1046.56
Araçatuba,Vendedor Pracista,40,2515.53
Itu,Técnico Em Manutenção De Equipamentos De Informática,40,1918.3
Itapetininga,Agente De Saúde Pública,40,2166.2
Araçatuba,Vidraceiro,40,2079.28
Piedade,Almoxarife,40,2049.02
Pindamonhangaba,Engenheiro Civil,40,8601
Americana,Encarregado De Manutenção Mecânica De Sistemas Operacionais,40,6125.81
Araçatuba,Auxiliar De Logistica,40,1831.93
Araçoiaba da Serra,Técnico De Garantia Da Qualidade,40,3559.18
Ibiúna,Agente Comunitário De Saúde,40,1816.2
Itupeva,Auxiliar De Enfermagem,40,4135.92
Porto Feliz,Gerente De Loja E Supermercado,40,3357.34
Pindamonhangaba,Professor De Língua Inglesa,40,1276.89
Cabreúva,Trabalhador Agropecuário Em Geral,40,1593.59
Pindamonhangaba,Técnico Eletricista,40,7804.9
Americana,Telefonista,40,2425.18
Cerquilho,"Tecelão De Malhas, A  Máquina",39,1755.07
Boituva,Auxiliar Em Saúde Bucal,39,1573.9
Araçariguama,Tecnólogo Em Logística De Transporte,39,3511.85
Itu,Eletrotécnico,39,2478.64
Macatuba,Porteiro De Edifícios,39,1419.85
Cabreúva,"Operador De Produção (Química, Petroquímica E Afins)",39,2049.44
Ibiúna,Salgador De Alimentos,39,2938.49
Pindamonhangaba,Instrutor De Cursos Livres,39,1118.88
Piedade,Gerente Comercial,39,4663.57
Macatuba,Caldeireiro (Chapas De Ferro E Aço),39,2707.15
Araçatuba,Gerente De Operação De Tecnologia Da Informação,39,8344.92
Boituva,Economista Financeiro,39,4731.2
Itapetininga,Armador De Estrutura De Concreto Armado,39,2106.42
Cerquilho,Supervisor De Exploração Agrícola,39,4586.18
Porto Feliz,Analista De Recursos Humanos,39,4592.08
Cerquilho,Agente Comunitário De Saúde,39,1905.27
Itu,Armador De Estrutura De Concreto,39,2735.94
Araçatuba,Apontador De Produção,39,2531.33
Itapetininga,Professor Da  Educação De Jovens E Adultos Do Ensino Fundamental (Primeira A Quarta Série),39,1590.92
Porto Feliz,Operador De Máquinas De Beneficiamento De Produtos Agrícolas,39,2576.69
Cerquilho,Auxiliar De Corte (Preparação Da Confecção De Roupas),39,1347.34
Araçatuba,Técnico De Desporto Individual E Coletivo (Exceto Futebol),39,3119.02
Porto Feliz,Tratador De Animais,39,2408.11
Itapetininga,Trabalhador Da Pecuária (Bovinos Corte),39,1686.33
Itupeva,Cumim,39,1744.37
Cabreúva,Operador Eletromecânico,39,4941.22
Itu,Supervisor De Tesouraria,39,7058.32
Pindamonhangaba,"Trefilador De Metais, À Máquina",39,3873.95
Itapetininga,Supervisor De Exploração Agrícola,39,4145.22
Americana,Professor De Nível Superior Na Educação Infantil (Zero A Três Anos),39,1983.46
Itapetininga,Secretária(O) Executiva(O),39,1887.41
Cerquilho,Recepcionista De Consultório Médico Ou Dentário,39,1640.66
Itapetininga,Estoquista,39,1689.03
Itu,Chefe De Serviço De Transporte Rodoviário (Passageiros E Cargas),39,4387.66
Itupeva,Bombeiro Civil,39,3764.68
Ibiúna,Cuidador De Idosos,39,1483.65
Piedade,Produtor Na Olericultura De Frutos E Sementes,39,1428.7
Boituva,Mestre (Construção Civil),39,4120.54
Itapetininga,Técnico De Planejamento De Produção,39,4501.5
Boituva,Vendedor Pracista,39,9726.17
Cerquilho,Gerente De Loja E Supermercado,39,4025.08
Boituva,Professor De Língua Portuguesa Do Ensino Fundamental,39,4987.48
Boituva,Vendedor Em Comércio Atacadista,39,3171.19
Americana,Instrutor De Cursos Livres,39,1614.15
Araçatuba,Operador De Máquina De Dobrar Chapas,38,2024.39
Araçatuba,Agente De Vendas De Serviços,38,2814.7
Araçariguama,"Embalador, A Mão",38,1292.2
Americana,Cumim,38,1635.14
Araçatuba,Parteira Leiga,38,1911.95
Araçatuba,Técnico De Manutenção De Sistemas E Instrumentos,38,3063.63
Itapeva,Armazenista,38,1685.44
Pindamonhangaba,Galvanizador,38,2409.66
Itu,Ajudante De Confecção,38,1497.34
Itu,Comerciante Varejista,38,2550.88
Porto Feliz,Trabalhador Da Suinocultura,38,2259.51
Itupeva,Analista De Suporte Computacional,38,4316.73
Araçatuba,Tecnólogo Em Logística De Transporte,38,2835.51
Cabreúva,Gerente Comercial,38,8912.68
Cabreúva,Supervisor De Logística,38,7646.56
Porto Feliz,Técnico Em Segurança Do Trabalho,38,4423.6
Piedade,Recepcionista De Consultório Médico Ou Dentário,38,1564.02
Pindamonhangaba,Gerente De Projetos E Serviços De Manutenção,38,17234.03
Itapetininga,Serralheiro,38,1919.06
Itapetininga,Marceneiro,38,1576.76
Itapetininga,Auxiliar De Farmácia De Manipulação,38,1800.48
Araçatuba,Montador De Estruturas Metálicas,38,1881.69
Cabreúva,Motofretista,38,1696.94
Araçariguama,Gerente De Produção E Operações,38,12633.44
Itupeva,Agente Comunitário De Saúde,38,2907.1
Araçariguama,Forneiro De Fundição (Forno De Redução),38,3289.85
Araçariguama,Motorista De Furgão Ou Veículo Similar,38,2199.41
Itupeva,Inspetor De Alunos De Escola Pública,38,2628.49
Cabreúva,Serralheiro,38,2292.18
Itupeva,Gerente De Recursos Humanos,38,9948.21
Cerquilho,Vendedor Em Comércio Atacadista,38,2187.84
Ibiúna,Escriturário De Banco,37,8470.84
Americana,Operador Eletromecânico,37,3264.1
Pindamonhangaba,Armador De Estrutura De Concreto Armado,37,1806.12
Itu,Conferente Mercadoria (Exceto Carga E Descarga),37,2203.2
Itu,Operador De Máquina De Costura De Acabamento,37,1443.44
Dourado,Operador De Inspeção De Qualidade,37,2903.96
Itapeva,Telhador (Telhas Plásticas),37,1467.73
Porto Feliz,Enfermeiro,37,5697.79
Americana,Instalador De Som E Acessórios De Veículos,37,2005.8
Itapeva,Dirigente Do Serviço Público Municipal,37,5841.8
Itapeva,Dirigente Do Serviço Público Estadual E Distrital,37,4801.63
Americana,Operador De Telemarketing Ativo E Receptivo,37,1321.46
Araçariguama,Jardineiro,37,1541.98
Pindamonhangaba,Comerciante Varejista,37,1748.84
Itapetininga,Coordenador Pedagógico,37,3417.9
Pindamonhangaba,Instrutor De Aprendizagem E Treinamento Comercial,37,5421.65
Itapetininga,Professor Instrutor De Ensino E Aprendizagem Em Serviços,37,1444.03
Americana,Sepultador,37,2894.92
Ibiúna,Professor De Nível Médio Na Educação Infantil,37,1597.06
Araçariguama,Analista De Logistica,37,3770.9
Cerquilho,Gerente De Produção E Operações,37,7104.38
Boituva,Coordenador Pedagógico,37,5693.92
Americana,Professor De Língua Inglesa,37,4113.6
Pindamonhangaba,Técnico Em Patologia Clínica,37,3013.45
Americana,Motorista Operacional De Guincho,37,3363.5
Americana,Gerente De Projetos De Tecnologia Da Informação,37,9960.19
Itapeva,Professor De Ciências Exatas E Naturais Do Ensino Fundamental,37,3187.39
Araçariguama,Gerente Administrativo,37,5617.42
Porto Feliz,"Operador De Máquinas De Fabricação De Doces, Salgados E Massas Alimentícias",37,2549.69
Araçatuba,Técnico De Vendas,37,3966.04
Itupeva,Montador De Veículos (Linha De Montagem),37,2066.86
Ibiúna,Pedreiro,37,2075.99
Americana,Engenheiro Civil,37,6291.56
Ibiúna,Jardineiro,37,1565.77
Boituva,Professor De Nível Superior Na Educação Infantil (Zero A Três Anos),37,3307.25
Americana,"Lavadeiro, Em Geral",37,1735.14
Araçariguama,Operador De Caminhão (Minas E Pedreiras),37,3497.06
Itapetininga,Auxiliar De Logistica,37,1791.38
Itu,Gerente De Marketing,37,10037.5
Itupeva,Analista De Pesquisa De Mercado,37,2947.36
Cerquilho,Contador,37,8018.85
Boituva,Jardineiro,37,1694.48
Itu,Forneiro E Operador (Alto-Forno),37,2002.41
Araçatuba,Fonoaudiólogo Geral,36,3271.57
Araçariguama,Vigia,36,2123.26
Araçariguama,Auxiliar De Lavanderia,36,31.12
Pindamonhangaba,Operador De Draga,36,2192.6
Araçariguama,Técnico De Enfermagem,36,1925.63
Boituva,Agente De Segurança,36,3291.27
Itu,Cobrador Interno,36,2047.17
Itapeva,"Operador De Máquinas Fixas, Em Geral",36,2242.57
Itupeva,Gerente De Projetos E Serviços De Manutenção,36,10377.96
Pindamonhangaba,Ajustador Mecânico,36,2662.1
Americana,Químico,36,9357.33
Porto Feliz,Operador De Escavadeira,36,2108.48
Itu,Dirigente Do Serviço Público Municipal,36,5222.5
Araçatuba,Expedidor De Mercadorias,36,1994.39
Ibiúna,"Mecânico De Manutenção De Máquinas, Em Geral",36,3595.87
Itupeva,Técnico De Vendas,36,8129.46
Ibiúna,Comerciante Varejista,36,1486
Itupeva,Zelador De Edifício,36,2421.1
Araçoiaba da Serra,Pedreiro,36,2078.52
Boituva,Varredor De Rua,36,2673.19
Ibiúna,Marceneiro,36,1631.28
Itu,Promotor De Vendas Especializado,36,3877.16
Cerquilho,Auxiliar De Logistica,36,1988.64
Itapetininga,Operador De Máquina De Dobrar Chapas,36,2238.1
Itapetininga,Nutricionista,36,3048.95
Araçatuba,Engenheiro Civil,36,8390.96
Pindamonhangaba,Mestre (Indústria De Máquinas E Outros Equipamentos Mecânicos),36,11243.03
Itapetininga,Caixa De Banco,36,2750.53
Araçatuba,Analista De Redes E De Comunicação De Dados,36,5938.93
Itapetininga,Vendedor Em Domicílio,36,2179.95
Araçatuba,Analista De Negócios,36,4978.56
Itupeva,Mestre De Produção Química,36,7568.69
Piedade,Motorista De Furgão Ou Veículo Similar,36,2519.27
Porto Feliz,Técnico Químico,36,6323.42
Itu,Operador De Centro De Usinagem Com Comando Numérico,36,3565.35
Itu,Gerente De Projetos De Tecnologia Da Informação,36,9088.76
Araçatuba,Copeiro De Hospital,36,1540.8
Cabreúva,Marceneiro,36,1890.68
Boituva,Auxiliar De Manutenção Predial,36,1767.14
Porto Feliz,Gerente De Vendas,36,9839.39
Itu,Técnico Mecânico,36,4625.45
Americana,Supervisor De Telemarketing E Atendimento,36,3332.77
Itapeva,Operador De Betoneira,36,1942.14
Itapetininga,Técnico Químico,36,5878.59
Porto Feliz,Operador De Estação De Tratamento De Água E Efluentes,36,3837.85
Macatuba,Operador De Colheitadeira,36,3694.64
Boituva,Professor De Educação Física Do Ensino Fundamental,35,4672.57
Americana,Cobrador Externo,35,2076.8
Itupeva,Impressor Flexográfico,35,3782.36
Itupeva,Serralheiro,35,2308.61
Ibiúna,Operador De Central Hidrelétrica,35,15577.76
Araçatuba,Gerente De Operações De Serviços De Assistência Técnica,35,6011.38
Cabreúva,Inspetor De Alunos De Escola Pública,35,1264.47
Porto Feliz,Escriturário De Banco,35,6354.49
Americana,Atendente De Agência,35,3165.09
Porto Feliz,Auxiliar De Contabilidade,35,2280.63
Araçoiaba da Serra,Promotor De Vendas Especializado,35,6100.57
Itu,Garagista,35,2133.06
Cabreúva,Preparador De Máquinas-Ferramenta,35,3363.53
Araçatuba,Fiscal De Loja,35,1770.93
Americana,Mestre De Soldagem,35,2345.69
Itapetininga,Caminhoneiro Autônomo (Rotas Regionais E Internacionais),35,3734.29
Itu,Cabeleireiro,35,1524.26
Americana,Engenheiro De Produção,35,9955.93
Itapeva,Coletor De Lixo Domiciliar,35,1799.6
Piedade,Técnico De Enfermagem,35,2060.59
Itu,Montador De Bicicletas,35,1905.28
Itapeva,Professor De Nível Superior Do Ensino Fundamental (Primeira A Quarta Série),35,2693.17
Araçariguama,Técnico De Garantia Da Qualidade,35,4646.4
Itapetininga,Auxiliar Em Saúde Bucal,35,1468.57
Araçatuba,Motorista Operacional De Guincho,35,2659.11
Dourado,Trabalhador Da Avicultura De Postura,35,1427.03
Cerquilho,Encarregado De Costura Na Confecção Do Vestuário,35,2028.05
Araçatuba,Operador De Escavadeira,35,2149.02
Araçariguama,Eletricista De Manutenção Eletroeletrônica,35,4307.74
Itu,Operador De Máquinas De Construção Civil E Mineração,35,2241.4
Araçoiaba da Serra,Açougueiro,35,2025
Cabreúva,Técnico Em Eletromecânica,35,5803.84
Araçariguama,Comprador,35,4020.76
Boituva,Professor De Educação Artística Do Ensino Fundamental,35,3893.05
Itupeva,Tecnólogo Em Telecomunicações,35,728.79
Araçatuba,Técnico Eletrônico,35,3442.41
Americana,Trabalhador Agropecuário Em Geral,35,1622.45
Itu,Atendente Comercial (Agência Postal),35,2086.23
Boituva,Professores De Cursos Livres,35,2322.27
Boituva,Técnico Eletrônico,35,3531.65
Pindamonhangaba,Técnico Em Saúde Bucal,35,2579.98
Ibiúna,Oleiro (Fabricação De Tijolos),35,1408.09
Americana,Montador De Equipamentos Eletrônicos,34,2541.09
Itapetininga,Auxiliar De Faturamento,34,2087.36
Itapeva,Trabalhador No Cultivo De Mudas,34,2175.5
Itupeva,Lavador De Veículos,34,1828.77
Itu,Trabalhador Da Pecuária (Eqüinos),34,2166.69
Itapetininga,Carregador (Armazém),34,1828.77
Itapetininga,Encarregado De Costura Na Confecção Do Vestuário,34,2188.29
Araçatuba,Guardador De Veículos,34,1530.28
Itupeva,Tratorista Agrícola,34,2242.3
Boituva,Escriturário De Banco,34,7966.8
Ibiúna,Motorista De Carro De Passeio,34,2309.87
Araçatuba,Técnico Agrícola,34,6165.45
Americana,Montador De Equipamentos Elétricos,34,2076.08
Porto Feliz,Marceneiro,34,2395.89
Araçatuba,Preparador Físico,34,1586.21
Cerquilho,Metrologista,34,2621.52
Itapetininga,Instrutor De Aprendizagem E Treinamento Comercial,34,4604.1
Itu,Soldador Elétrico,34,4193.71
Araçatuba,Supervisor De Tesouraria,34,4420.67
Araçatuba,Analista Financeiro (Instituições Financeiras),34,2928.27
Araçatuba,Operador De Telemarketing Receptivo,34,1496.85
Cabreúva,Operador De Laminador,34,3550.23
Itupeva,Engenheiro Mecânico,34,9571.25
Itu,Gerente De Produção E Operações Agropecuárias,34,4037.97
Americana,Orientador Educacional,34,3887.88
Americana,Engenheiros De Sistemas Operacionais Em Computação,34,6771.85
Pindamonhangaba,Motorista De Ônibus Rodoviário,34,2569.08
Cerquilho,Técnico De Planejamento De Produção,34,3042.88
Pindamonhangaba,Confeiteiro,34,1638.25
Dourado,"Recepcionista, Em Geral",34,1650.18
Itapetininga,Supervisor De Produção Da Indústria Alimentícia,34,6835.91
Pindamonhangaba,Babá,34,1486.91
Pindamonhangaba,Auxiliar Em Saúde Bucal,34,1415.12
Americana,Técnico Em Atendimento E Vendas,34,2920.67
Itapetininga,Carteiro,34,4334.49
Ibiúna,Trabalhador No Cultivo De Flores Em Vaso,34,1389.74
Piedade,Assistente De Vendas,34,2250.77
Ibiúna,Auxiliar De Contabilidade,34,2626.57
Pindamonhangaba,Analista De Suporte Computacional,34,5287.76
Araçatuba,Técnico De Laboratório Industrial,34,2456.06
Itapetininga,Professor De Ciências Exatas E Naturais Do Ensino Fundamental,34,3134.6
Araçatuba,Agente De Saúde Pública,34,7757.31
Itapetininga,Operador De Negócios,34,1387.69
Itapeva,Gerente De Contas - Pessoa Física E Jurídica,34,4956.77
Americana,Desenhista Técnico,34,2324.94
Araçatuba,Gerente De Departamento Pessoal,34,3759.95
Americana,Biomédico,34,3544.46
Araçariguama,Açougueiro,33,1999.2
Americana,Cortador De Pedras,33,2755.81
Itupeva,"Operador De Máquinas De Fabricação De Doces, Salgados E Massas Alimentícias",33,2222.73
Ibiúna,"Operador De Máquinas Fixas, Em Geral",33,1968.07
Boituva,Ajudante De Confecção,33,1536.73
Cabreúva,"Mecânico De Manutenção De Automóveis, Motocicletas E Veículos Similares",33,1974.06
Araçariguama,Garçom,33,2665.78
Americana,Controlador De Pragas,33,2336.49
Araçatuba,Técnico De Obras Civis,33,2468.14
Cabreúva,Administrador,33,3783.37
Americana,Professor De Ciências Exatas E Naturais Do Ensino Fundamental,33,4701.08
Americana,Tratorista Agrícola,33,1971.37
Itu,Mestre (Indústria De Borracha E Plástico),33,5240.91
Pindamonhangaba,Orientador Educacional,33,3010.69
Itapetininga,Professor De Ciências Biológicas Do Ensino Superior,33,1732.36
Itapeva,Operador De Caminhão (Minas E Pedreiras),33,2136.69
Cabreúva,Impressor Flexográfico,33,3744.62
Itapetininga,Operador De Compactadora De Solos,33,2591.91
Itu,Forjador,33,1499.77
Boituva,Copeiro,33,1536.59
Itupeva,Professor De Educação Física Do Ensino Fundamental,33,4858.03
Pindamonhangaba,Jardineiro,33,1586.18
Boituva,Técnico De Garantia Da Qualidade,33,4503.36
Boituva,Moldador De Borracha Por Compressão,33,1654.21
Itapeva,Cirurgião Dentista - Clínico Geral,33,5754.73
Boituva,Desenhista Projetista Mecânico,33,4245.03
Americana,Guardador De Veículos,33,2332.15
Araçoiaba da Serra,Expedidor De Mercadorias,33,2121.73
Araçatuba,Técnico De Apoio Em Pesquisa E Desenvolvimento (Exceto Agropecuário E Florestal),33,5962.11
Itupeva,Supervisor De Carga E Descarga,33,3725.02
Piedade,Enfermeiro,33,4089.93
Porto Feliz,Montador De Móveis E Artefatos De Madeira,33,2314.11
Itupeva,Gerente De Logística (Armazenagem E Distribuição),33,8291.96
Itapetininga,Operador De Escavadeira,33,3389.9
Americana,Montador De Equipamentos Elétricos (Instrumentos De Medição),33,1570.24
Ibiúna,Montador De Móveis E Artefatos De Madeira,33,2035.88
Itapetininga,Lavador De Veículos,33,1657.12
Americana,Professor De Nível Superior Na Educação Infantil (Quatro A Seis Anos),33,2904.44
Itu,Técnico Em Radiologia E Imagenologia,33,3599.97
Araçatuba,Cuidador De Idosos,33,1180.27
Pindamonhangaba,Inspetor De Alunos De Escola Privada,33,1650.93
Boituva,Agente Fiscal De Qualidade,32,6524.05
Porto Feliz,Vendedor Em Comércio Atacadista,32,3929.48
Itupeva,Técnico Em Manutenção De Equipamentos De Informática,32,1439.03
Itu,Auxiliar De Cartório,32,1732.35
Itapetininga,Inspetor De Alunos De Escola Privada,32,1422.33
Americana,Sushiman,32,2098.15
Americana,Impressor De Ofsete (Plano E Rotativo),32,3214.68
Ibiúna,Gerente Comercial,32,3990.18
Itupeva,Impressor Digital,32,3549.83
Itu,Assessor De Imprensa,32,3063.94
Itu,Caixa De Banco,32,3593.43
Pindamonhangaba,Pintor De Estruturas Metálicas,32,1945.06
Cerquilho,Cortador De Roupas,32,1778.74
Porto Feliz,Promotor De Vendas Especializado,32,5284.83
Porto Feliz,Técnico De Garantia Da Qualidade,32,4925.88
Araçatuba,Instrutor De Aprendizagem E Treinamento Industrial,32,5436.32
Itupeva,Armador De Estrutura De Concreto Armado,32,1963.58
Dourado,Guia De Turismo,32,1613.81
Araçoiaba da Serra,Montador De Andaimes (Edificações),32,2603.51
Pindamonhangaba,Técnico De Apoio Em Pesquisa E Desenvolvimento (Exceto Agropecuário E Florestal),32,8537.96
Itapeva,Professor De Educação Artística Do Ensino Fundamental,32,2981.82
Itapetininga,Pizzaiolo,32,1585.36
Pindamonhangaba,Armador De Estrutura De Concreto,32,2152.89
Americana,Organizador De Evento,32,728.42
Itapeva,Técnico Em Segurança Do Trabalho,32,3803.48
Porto Feliz,Diretor De Instituição Educacional Pública,32,4781.35
Itu,Mecânico De Manutenção E Instalação De Aparelhos De Climatização E  Refrigeração,32,2712.63
Pindamonhangaba,Estoquista,32,1669.3
Itapeva,Motorista De Ônibus Rodoviário,32,2513.22
Araçariguama,Fundidor De Metais,32,1835.9
Itu,Operador De Negócios,32,1565.59
Pindamonhangaba,Engenheiro De Controle De Qualidade,32,12914.14
Boituva,Analista De Suporte Computacional,32,5006.87
Itapeva,Educador Social,32,1780.6
Itu,Diretor Geral De Empresa E Organizações (Exceto De Interesse Público),32,26717.09
Americana,Mestre De Produção Química,32,7346.11
Itu,Tratador De Animais,32,2056.77
Pindamonhangaba,Professor De Ciências Exatas E Naturais Do Ensino Fundamental,32,2606.43
Pindamonhangaba,Preparador Físico,32,1429.15
Itu,Funileiro De Veículos (Reparação),32,3002.05
Dourado,Camareiro  De Hotel,32,1669.63
Araçariguama,Auxiliar De Manutenção Predial,32,2022.82
Araçatuba,Conferente Mercadoria (Exceto Carga E Descarga),32,2814.73
Americana,Garagista,32,1853.51
Itupeva,Operador De Caldeira,32,3072.16
Charqueada,Trabalhador Agropecuário Em Geral,32,1592.04
Araçatuba,Instrutor De Cursos Livres,32,1667.85
Itupeva,Encarregado De Manutenção Mecânica De Sistemas Operacionais,32,7267.37
Americana,Professor Prático No Ensino Profissionalizante,32,1885.02
Cerquilho,Escriturário De Banco,32,7595.84
Boituva,Gerente De Contas - Pessoa Física E Jurídica,32,4859.21
Americana,Agente Comunitário De Saúde,32,2395.94
Cerquilho,Operador De Colheitadeira,32,3284.78
Americana,Professor Leigo No Ensino Fundamental,32,1839.66
Americana,Inspetor De Serviços De Transportes Rodoviários (Passageiros E Cargas),32,4719.16
Americana,Supervisor De Almoxarifado,32,3895.62
Araçatuba,Funileiro Industrial,32,2090.69
Itapeva,Mecânico De Manutenção De Tratores,31,3784.2
Boituva,Técnico De Suporte Ao Usuário De Tecnologia Da Informação,31,2653.67
Itu,Balanceiro,31,1848.03
Itapetininga,Tecnólogo Em Logística De Transporte,31,3768.6
Itapetininga,Auxiliar De Cartório,31,3586.38
Araçoiaba da Serra,"Eletrotécnico Na Fabricação, Montagem E Instalação De Máquinas E Equipamentos",31,2892.51
Macatuba,Gerente Administrativo,31,5082.3
Araçariguama,Técnico De Manutenção Elétrica,31,2715.98
Cerquilho,Farmacêutico,31,4735.88
Araçatuba,Pizzaiolo,31,1746.85
Americana,Mestre (Indústria De Máquinas E Outros Equipamentos Mecânicos),31,5079.53
Dourado,Auxiliar De Manutenção Predial,31,2036.74
Americana,Preparador De Sucata E Aparas,31,1655.95
Pindamonhangaba,Agente De Vendas De Serviços,31,4078.59
Itu,Recebedor De Apostas (Loteria),31,1343.07
Cerquilho,Operador Polivalente Da Indústria Têxtil,31,1979.47
Cerquilho,Gerente De Contas - Pessoa Física E Jurídica,31,6075.06
Itu,Técnico De Manutenção Eletrônica,31,1265.02
Porto Feliz,Rebarbador De Metal,31,2740.08
Americana,Lavador De Roupas  A Maquina,31,1885.19
Araçatuba,Professor De Ciências Exatas E Naturais Do Ensino Fundamental,31,4611.76
Araçariguama,Promotor De Vendas Especializado,31,1718.03
Pindamonhangaba,Encarregado Geral De Operações De Conservação De Vias Permanentes (Exceto Trilhos),31,2415.93
Pindamonhangaba,Operador De Lingotamento,31,5432.59
Pindamonhangaba,Psicólogo Clínico,31,4075.75
Itapetininga,Retalhador De Carne,31,1683.07
Americana,Desenhista Industrial De Produto De Moda (Designer De Moda),31,2797.26
Cabreúva,Vendedor Em Comércio Atacadista,31,3329.78
Araçariguama,Apontador De Produção,31,3230.28
Itapetininga,"Eletricista De Instalações (Veículos Automotores E Máquinas Operatrizes, Exceto Aeronaves E Embarcações)",31,2392.15
Cerquilho,Auxiliar De Enfermagem,31,2046.84
Boituva,Gerente De Marketing,31,10633.19
Boituva,Retalhador De Carne,31,1838.64
Boituva,Advogado De Empresa,31,7095.47
Americana,Selecionador De Material Reciclável,31,1722.42
Pindamonhangaba,Forneiro E Operador (Forno Elétrico),31,5026.34
Boituva,Operador De Negócios,31,8458.62
Americana,Tosador De Animais Domésticos,31,1519.79
Pindamonhangaba,Caixa De Banco,31,3308.99
Dourado,Tratorista Agrícola,31,2281.3
Itapetininga,Agente De Ação Social,31,1399.76
Pindamonhangaba,Desenvolvedor De Sistemas De Tecnologia Da Informação (Técnico),31,4465.95
Americana,Modelista De Roupas,31,3076.15
Araçatuba,Orientador Educacional,31,3321.47
Americana,Técnico Em Mecatrônica - Automação Da Manufatura,31,6218
Pindamonhangaba,Professor De Ensino Superior Na Área De Prática De Ensino,31,1113.96
Itu,Pizzaiolo,31,2008.43
Piedade,Auxiliar Nos Serviços De Alimentação,31,1577.85
Itupeva,Motofretista,31,1716.21
Piedade,Agente Comunitário De Saúde,30,1984.42
Pindamonhangaba,Gerente De Recursos Humanos,30,11407.89
Americana,Técnico Em Eletromecânica,30,3679.45
Itapetininga,Técnico Eletricista,30,4490.23
Americana,Tecelão (Tear Manual),30,1854.34
Pindamonhangaba,Carpinteiro,30,1823.83
Pindamonhangaba,Instalador De Tubulações,30,4789.54
Porto Feliz,Comprador,30,4347.79
Itapetininga,Auxiliar De Lavanderia,30,1527.18
Macatuba,Supervisor De Exploração Agrícola,30,5616.45
Charqueada,Assistente Administrativo,30,2506.21
Piedade,Instalador De Linhas Elétricas De Alta E Baixa - Tensão (Rede Aérea E Subterrânea),30,3915.03
Americana,Técnico De Contabilidade,30,3712.85
Porto Feliz,Educador Social,30,1657.49
Cabreúva,Trabalhador Da Manutenção De Edificações,30,2118.55
Itu,Técnico De Apoio Em Pesquisa E Desenvolvimento (Exceto Agropecuário E Florestal),30,6285.59
Americana,Supervisor De Carga E Descarga,30,4041.7
Araçatuba,"Operador De Forno (Fabricação De Pães, Biscoitos E Similares)",30,1953.15
Cabreúva,Pintor De Estruturas Metálicas,30,2484.01
Porto Feliz,Auxiliar De Faturamento,30,3316.9
Itapetininga,Pedreiro De Edificações,30,2008.12
Cabreúva,Preparador De Tintas,30,4336.11
Charqueada,Montador De Equipamentos Eletrônicos (Aparelhos Médicos),30,3681.67
Pindamonhangaba,Trabalhador Da Pecuária (Bovinos Leite),30,1417.58
Americana,Operador De Acabamento (Indústria Gráfica),30,2129.69
Americana,Recepcionista De Hotel,30,2074.48
Itapeva,Auxiliar De Cartório,30,1949.87
Itapetininga,Trabalhador Da Avicultura De Corte,30,1325.28
Cerquilho,Cuidador Em Saúde,30,1560.98
Itupeva,Investigador De Polícia,30,486.09
Itapeva,"Lavadeiro, Em Geral",30,1552.54
Porto Feliz,Operador De Caldeira,30,3512.98
Araçatuba,Médico Clínico,30,7252.74
Araçariguama,Encarregado De Acabamento De Chapas E Metais  (Têmpera),30,4755.99
Itapeva,Costureiro Na Confecção Em Série,30,1270.52
Itapeva,Fisioterapeuta Geral,30,3298.82
Itupeva,Desenhista Projetista Mecânico,30,3998.08
Charqueada,Açougueiro,30,1843.17
Araçatuba,Desenhista Industrial Gráfico (Designer Gráfico),30,1915.83
Americana,Pizzaiolo,30,2067.6
Araçatuba,Operador De Máquinas De Beneficiamento De Produtos Agrícolas,30,1926.35
Cerquilho,Auxiliar De Faturamento,30,3086.16
Itapeva,Técnico De Manutenção Elétrica,30,4429.8
Itu,Analista De Logistica,30,3217.21
Americana,Supervisor De Ensino,30,1688.16
Araçatuba,Professor De Alunos Com Deficiência Mental,30,2222.4
Boituva,Armazenista,30,2569.01
Itu,Motorista Operacional De Guincho,30,2367.81
Boituva,Supervisor De Produção Da Indústria Alimentícia,30,7036.97
Itapeva,Padeiro,30,1734.43
Araçoiaba da Serra,Atendente De Farmácia - Balconista,30,2150.13
Cabreúva,Auxiliar De Manutenção Predial,30,2064.29
Itapetininga,Motorista Operacional De Guincho,30,3053.11
Cerquilho,Operador De Conicaleira,30,1430.29
Cerquilho,Carpinteiro (Esquadrias),30,2588.86
Itu,Analista De Redes E De Comunicação De Dados,29,3388.81
Cerquilho,Montador De Estruturas Metálicas,29,1924.7
Araçariguama,Técnico Em Segurança Do Trabalho,29,4759.45
Americana,Técnico Eletricista,29,4719.83
Dourado,Almoxarife,29,1996.23
Ibiúna,Assistente Social,29,3379.35
Araçatuba,Inspetor De Alunos De Escola Privada,29,1373.42
Porto Feliz,Farmacêutico,29,4718.42
Itupeva,Vendedor Em Domicílio,29,3989.3
Araçoiaba da Serra,Gerente Administrativo,29,3866.96
Pindamonhangaba,Encarregado De Manutenção Mecânica De Sistemas Operacionais,29,9879.56
Itupeva,Técnico Em Plástico,29,4692.36
Americana,Barman,29,2090.88
Itu,Advogado,29,4807.39
Cabreúva,Farmacêutico,29,5826.73
Araçariguama,Gesseiro,29,1745.27
Araçatuba,Gerente De Agência,29,12222.24
Cabreúva,Montador De Máquinas,29,4295.61
Americana,Passamaneiro A  Máquina,29,2057.51
Itu,Analista De Transporte Em Comércio Exterior,29,4701.44
Macatuba,Professor De Nível Superior Na Educação Infantil (Quatro A Seis Anos),29,3487.42
Macatuba,Inspetor De Alunos De Escola Pública,29,1614.02
Boituva,Desenhista Projetista De Eletricidade,29,4517.66
Araçatuba,Psicólogo Clínico,29,3038.53
Itapeva,Montador De Móveis E Artefatos De Madeira,29,1934.32
Itu,Professor De Língua Inglesa,29,2287.7
Porto Feliz,Oleiro (Fabricação De Tijolos),29,1301.51
Boituva,Motofretista,29,1850.22
Boituva,"Operador De Máquina De Usinagem Madeira, Em Geral",29,2147.25
Itapeva,Lavador De Veículos,29,1466.49
Americana,"Pintor, A  Pistola (Exceto Obras E Estruturas Metálicas)",29,2283.94
Charqueada,Oleiro (Fabricação De Tijolos),29,1897.19
Araçatuba,Varredor De Rua,29,1377.49
Americana,"Trefilador De Metais, À Máquina",29,2659.37
Piedade,Carregador (Armazém),29,1774.5
Cabreúva,Cronoanalista,29,6219.01
Itapetininga,Cirurgião Dentista - Clínico Geral,29,5029.8
Itapeva,Operador De Máquinas De Construção Civil E Mineração,29,2786.28
Araçatuba,Gerente De Pesquisa E Desenvolvimento (P&D),29,11767.71
Araçatuba,Técnico De Manutenção Eletrônica,29,2101.56
Porto Feliz,Conferente De Carga E Descarga,29,2012.52
Boituva,Professor De Matemática Do Ensino Fundamental,29,4904.44
Boituva,Garçom,29,1589.79
Itapetininga,Técnico Em Manutenção De Máquinas,29,4547.79
Itapeva,Auxiliar De Biblioteca,29,1616.82
Piedade,Motorista De Ônibus Rodoviário,29,2312.78
Cerquilho,Conferente De Carga E Descarga,29,2130.52
Araçatuba,Supervisor De Almoxarifado,29,2867.25
Piedade,Auxiliar De Manutenção Predial,29,1867.61
Itupeva,Analista De Exportação E Importação,29,5581.37
Americana,Supervisor De Produção Da Indústria Alimentícia,29,3490.65
Americana,Eletrotécnico,29,4667.39
Araçoiaba da Serra,Atendente De Lanchonete,29,1454.52
Araçoiaba da Serra,Inspetor De Alunos De Escola Pública,29,1837.55
Itu,Supervisor De Carga E Descarga,29,3143.46
Porto Feliz,Operador De Centro De Usinagem Com Comando Numérico,28,3963.71
Araçatuba,Pintor De Veículos (Reparação),28,2234.14
Porto Feliz,Tecnólogo Em Logística De Transporte,28,2995.91
Cerquilho,Serralheiro,28,2113.55
Itu,Professor De Educação Física Do Ensino Fundamental,28,1885.47
Americana,Passadeira De Peças Confeccionadas,28,1636.39
Araçariguama,Contador,28,5716.21
Araçoiaba da Serra,Assistente De Vendas,28,1974.25
Porto Feliz,Colorista Têxtil,28,1842.99
Ibiúna,Diretor De Instituição Educacional Pública,28,6147.14
Itu,Supervisor De Crédito E Cobrança,28,3508.89
Americana,Instrutor De Auto-Escola,28,2119.26
Itu,Operador De Fresadora Com Comando Numérico,28,4483.1
Cerquilho,Motorista De Carro De Passeio,28,2459.09
Porto Feliz,Padeiro,28,2184.08
Cabreúva,Mestre (Indústria De Borracha E Plástico),28,7129
Porto Feliz,Engenheiro De Produção,28,12366
Macatuba,Oleiro (Fabricação De Tijolos),28,1450.68
Araçatuba,Pedagogo,28,2782.4
Itu,Gerente De Departamento Pessoal,28,6952.82
Pindamonhangaba,Técnico De Obras Civis,28,4258.75
Pindamonhangaba,Operador De Vazamento,28,6728.61
Macatuba,"Mecânico De Manutenção De Máquinas, Em Geral",28,1596.07
Itapeva,Secretária(O) Executiva(O),28,1845.64
Macatuba,Babá,28,1329.58
Porto Feliz,Técnico Mecânico,28,4304.36
Araçatuba,Operador De Moenda Na Fabricação De Açúcar,28,3121.03
Itupeva,Analista De Desenvolvimento De Sistemas,28,5925.91
Araçoiaba da Serra,"Recepcionista, Em Geral",28,1360.02
Araçoiaba da Serra,Auxiliar De Logistica,28,2324.94
Araçatuba,Técnico De Rede (Telecomunicações),28,2364.67
Itapeva,"Eletricista De Instalações (Veículos Automotores E Máquinas Operatrizes, Exceto Aeronaves E Embarcações)",28,2097.43
Americana,"Moldador, A  Máquina",28,2340.86
Itu,Impressor De Ofsete (Plano E Rotativo),28,2656.68
Itupeva,Preparador De Tintas,28,4746.97
Americana,Supervisor De Tesouraria,28,4443.66
Porto Feliz,Cozinheiro Industrial,28,3138.1
Americana,Demonstrador De Mercadorias,28,2117.29
Pindamonhangaba,Operador De Escavadeira,28,3101.06
Araçatuba,Supervisor De Caixas E Bilheteiros (Exceto Caixa De Banco),28,2344.6
Araçatuba,Operador De Retificadora Com Comando Numérico,28,2588.84
Cerquilho,Inspetor De Qualidade,28,2981.18
Cabreúva,Porteiro De Edifícios,28,1917.35
Cabreúva,Agente Comunitário De Saúde,28,1919.34
Itapetininga,Gerente De Restaurante,28,2620.91
Americana,Projetista De Móveis,28,2223.51
Boituva,Auxiliar De Pessoal,28,2285.47
Itu,Analista De Exportação E Importação,28,5354.11
Itupeva,Operador De Câmaras Frias,28,2375.95
Itupeva,Secretária(O) Executiva(O),28,6367.5
Itupeva,Operador De Pá Carregadeira,28,5226.68
Pindamonhangaba,Lavador De Veículos,28,2318.02
Piedade,Garçom,28,1731.14
Araçariguama,Impressor De Ofsete (Plano E Rotativo),28,8429.32
Araçariguama,Analista De Recursos Humanos,28,3552.36
Cerquilho,Carregador (Armazém),28,1895.44
Itu,Montador De Andaimes (Edificações),27,2445.11
Itupeva,Garagista,27,2559.3
Itu,Técnico De Transmissão (Telecomunicações),27,1889.46
Itu,Caseiro (Agricultura),27,1694.6
Ibiúna,Auxiliar De Faturamento,27,1762.13
Pindamonhangaba,Cuidador De Idosos,27,1420.01
Itu,Tecelão (Tear Automático),27,2593.03
Itu,Lubrificador De Veículos Automotores (Exceto Embarcações),27,2023.22
Pindamonhangaba,Contínuo,27,1236.44
Boituva,Fiscal De Loja,27,1786.55
Piedade,"Eletricista De Instalações (Veículos Automotores E Máquinas Operatrizes, Exceto Aeronaves E Embarcações)",27,1900.85
Americana,Desenhista Projetista De Eletricidade,27,4746.03
Cabreúva,"Operador De Máquina De Fabricação De Produtos De Higiene E Limpeza (Sabão, Sabonete, Detergente, Absorvente, Fraldas Cotonetes E Outros)",27,2223.75
Americana,Tingidor De Roupas,27,2753.19
Cabreúva,Jardineiro,27,1587.81
Cerquilho,Agente De Portaria,27,1800.82
Araçariguama,Trabalhador De Serviços De Limpeza E Conservação De Áreas Públicas,27,1599.45
Araçariguama,Operador De Torno Com Comando Numérico,27,2240.94
Pindamonhangaba,Operador De Negócios,27,1553.81
Piedade,Comerciante Varejista,27,2146.11
Itu,"Operador De Pavimentadora (Asfalto, Concreto E Materiais Similares)",27,2637.43
Itapetininga,Recebedor De Apostas (Loteria),27,1303.44
Itu,Técnico De Desporto Individual E Coletivo (Exceto Futebol),27,5482.43
Pindamonhangaba,Supervisor De Manutenção Eletromecânica,27,10820.14
Pindamonhangaba,Técnico De Laminação Em Siderurgia,27,8812.8
Americana,Operador De Usinagem Convencional Por Abrasão,27,3061.46
Itapeva,Trabalhador De Serviços De Limpeza E Conservação De Áreas Públicas,27,1527.91
Itupeva,Monitor De Transporte Escolar,27,1256.39
Americana,"Passador De Roupas, À Mão",27,1711.69
Itu,Cronoanalista,27,3779.41
Itapetininga,Técnico De Suporte Ao Usuário De Tecnologia Da Informação,27,1951.38
Macatuba,Açougueiro,27,2048.46
Itapetininga,Ajustador Mecânico,27,3219.07
Araçoiaba da Serra,Desenvolvedor De Sistemas De Tecnologia Da Informação (Técnico),27,3653.13
Cabreúva,Supervisor De Produção Da Indústria Alimentícia,27,4434.1
Itu,Supervisor De Logística,27,5327.35
Americana,"Supervisor De Manutenção Eletromecânica Industrial, Comercial E Predial",27,4010.83
Itupeva,Gerente De Operações De Transportes,27,5679.82
Boituva,Gerente De Logística (Armazenagem E Distribuição),27,10862.63
Araçatuba,Instalador De Som E Acessórios De Veículos,27,2000.95
Ibiúna,Farmacêutico,27,3454.34
Itapetininga,Costureiro Na Confecção Em Série,27,1357.53
Boituva,Operador De Centro De Usinagem Com Comando Numérico,27,3197.06
Boituva,"Operador De Produção (Química, Petroquímica E Afins)",27,2124.95
Cerquilho,Operador De Abertura (Fiação),27,1924.03
Itapetininga,Funileiro Industrial,27,1711.34
Americana,Operador De Acabamento De Peças Fundidas,27,2059.89
Americana,Remetedor De Fios,27,2657.4
Porto Feliz,Ceramista,27,1627.81
Itapetininga,Operador De Incubadora,27,1945.65
Porto Feliz,"Pintor, A  Pistola (Exceto Obras E Estruturas Metálicas)",27,2637.92
Macatuba,Operador De Equipamento De Destilação De Álcool,27,3555.55
Itu,Cobrador Externo,27,3639.89
Ibiúna,Fisioterapeuta Geral,27,3943.34
Cerquilho,Marceneiro,27,2088.5
Porto Feliz,Promotor De Vendas,27,2058.12
Cabreúva,Padeiro,27,2275.49
Itu,Desenhista Industrial Gráfico (Designer Gráfico),27,2968.68
Americana,Auditor (Contadores E Afins),27,4869.19
Araçatuba,Supervisor De Produção Da Indústria Alimentícia,27,6692.29
Porto Feliz,Secretária(O) Executiva(O),27,16312.66
Americana,Técnico De Manutenção Elétrica,27,3372.66
Itapetininga,Trabalhador De Pecuária Polivalente,27,2272.14
Araçatuba,Recepcionista De Hotel,27,1959.56
Araçatuba,Garagista,27,1627.8
Cerquilho,Armazenista,26,1897.46
Araçatuba,Auxiliar De Cartório,26,2601.59
Itupeva,Supervisor De Produção Da Indústria Alimentícia,26,5091.88
Pindamonhangaba,Operador De Transporte Multimodal,26,4145.29
Itapetininga,Engenheiro De Produção,26,10000.39
Piedade,Mecânico De Veículos Automotores A Diesel (Exceto Tratores),26,1796.11
Cabreúva,Escriturário De Banco,26,7441.84
Cabreúva,Gerente De Vendas,26,11240.59
Cabreúva,Impressor De Rotogravura,26,3938.41
Itapeva,Gerente De Vendas,26,4432.7
Itu,Serrador De Madeira,26,1590.43
Cerquilho,Comprador,26,3955.82
Araçariguama,Gerente De Restaurante,26,3218.13
Boituva,Demolidor De Edificações,26,7566.33
Americana,Assistente Comercial De Seguros,26,4584.86
Ibiúna,Motorista De Ônibus Rodoviário,26,1176.23
Araçoiaba da Serra,Professor Leigo No Ensino Fundamental,26,3087.72
Porto Feliz,Auxiliar De Enfermagem Da Estratégia De Saúde Da Família,26,2705.5
Ibiúna,Trabalhador Da Elaboração De Pré-Fabricados (Cimento Amianto),26,1578.88
Araçariguama,Gerente Comercial,26,10805.89
Cabreúva,Moldador De Plástico Por Compressão,26,1775.45
Americana,Instalador De Sistemas Eletroeletrônicos De Segurança,26,2280.21
Cabreúva,Contramestre De Fiação (Indústria Têxtil),26,4538.75
Itupeva,Supervisor De Almoxarifado,26,6951.18
Araçoiaba da Serra,Analista De Suporte Computacional,26,3328.01
Itupeva,Rebarbador De Metal,26,1571.71
Porto Feliz,Operador De Inspeção De Qualidade,26,2888.39
Araçatuba,Operador De Computador,26,4258.12
Araçatuba,Mecânico De Manutenção De Tratores,26,3654.34
Itapetininga,Técnico De Garantia Da Qualidade,26,4112
Itupeva,Mecânico De Manutenção E Instalação De Aparelhos De Climatização E  Refrigeração,26,2262.54
Americana,Operador De Rameuse,26,2180.87
Americana,Preparador De Tintas,26,2533.77
Americana,Monitor De Sistemas Eletrônicos De Segurança Interno,26,1646.01
Cerquilho,Técnico Em Segurança Do Trabalho,26,4032.14
Itapetininga,Professor De Educação Física No Ensino Superior,26,2402.53
Araçoiaba da Serra,Diretor De Instituição Educacional Pública,26,4494.03
Porto Feliz,Lagareiro,26,1769.85
Itapetininga,Engenheiro Civil,26,7973.57
Araçatuba,Encarregado De Equipe De Conservação De Vias Permanentes (Exceto Trilhos),26,3672.55
Itapeva,Cuidador De Idosos,26,1591.5
Americana,Impressor (Serigrafia),26,3884.68
Ibiúna,Instrutor De Auto-Escola,26,2065.22
Araçariguama,Motorista De Carro De Passeio,26,2300.51
Boituva,Secretária(O) Executiva(O),26,3466.62
Pindamonhangaba,Operador De Máquinas De Construção Civil E Mineração,26,2485.95
Americana,Gerente De Bar,26,2727.58
Pindamonhangaba,Copeiro De Hospital,26,1719.92
Pindamonhangaba,Escrevente,26,3536.84
Pindamonhangaba,Agente De Trânsito,26,4673.39
Porto Feliz,Confeiteiro,26,2417.43
Araçatuba,Supervisor De Telemarketing E Atendimento,26,3017.41
Araçoiaba da Serra,Trabalhador Da Manutenção De Edificações,26,3074.14
Araçariguama,Moldador De Borracha Por Compressão,26,1752.63
Americana,Estofador De Móveis,26,1743.37
Itu,Demonstrador De Mercadorias,26,2247.89
Itu,Encarregado De Manutenção Mecânica De Sistemas Operacionais,26,5187.91
Araçatuba,Técnico Químico,26,2855.07
Itupeva,Caixa De Banco,26,2475.62
Charqueada,Trabalhador Volante Da Agricultura,26,1476.23
Pindamonhangaba,"Eletricista De Instalações (Veículos Automotores E Máquinas Operatrizes, Exceto Aeronaves E Embarcações)",26,2007.04
Itu,Cobrador De Transportes Coletivos (Exceto Trem),26,2189.83
Araçatuba,Técnico De Transmissão (Telecomunicações),26,1736.61
Boituva,Enfermeiro,26,5531.37
Itupeva,Supervisor De Embalagem E Etiquetagem,26,4592.68
Piedade,Trabalhador Da Pecuária (Bovinos Corte),26,1269.68
Itupeva,Engenheiro Civil,26,7704.4
Pindamonhangaba,"Eletrotécnico Na Fabricação, Montagem E Instalação De Máquinas E Equipamentos",26,4655.47
Itupeva,"Operador De Processo (Química, Petroquímica E Afins)",25,3728.43
Itu,Operador De Ponte Rolante,25,3104.81
Ibiúna,Técnico Mecânico,25,5270.24
Cabreúva,Gerente De Loja E Supermercado,25,3877.96
Itapetininga,Encarregado De Manutenção Mecânica De Sistemas Operacionais,25,4795.33
Boituva,Analista De Planejamento E Orçamento - Apo,25,6229.22
Araçariguama,Auxiliar De Contabilidade,25,2496.08
Boituva,Trabalhador De Serviços De Limpeza E Conservação De Áreas Públicas,25,1601.47
Piedade,Escriturário De Banco,25,8015.62
Itapetininga,Enfermeiro Da Estratégia De Saúde Da Família,25,4125.54
Itupeva,Escriturário De Banco,25,8665.49
Americana,Gerente De Marketing,25,6072.8
Itupeva,Operador De Rebobinadeira Na Fabricação De Papel E Papelão,25,3854.38
Americana,Cobrador Interno,25,2176.81
Pindamonhangaba,Operador De Máquina De Abrir Valas,25,4446.07
Americana,Gerente De Operações De Transportes,25,6397.1
Porto Feliz,"Instalador De Cortinas E Persianas, Portas Sanfonadas E Boxe",25,1927.77
Dourado,Supervisor Administrativo,25,4999.77
Itapeva,Operador De Máquinas-Ferramenta Convencionais,25,2045.55
Charqueada,Técnico Químico,25,4227.64
Pindamonhangaba,Diretor De Instituição Educacional Da Área Privada,25,6123.57
Araçatuba,Caldeireiro (Chapas De Ferro E Aço),25,3576.68
Itu,Agente Comunitário De Saúde,25,2914.56
Pindamonhangaba,Secretária(O) Executiva(O),25,4374.19
Itupeva,Promotor De Vendas,25,3114.47
Itu,Assistente De Laboratório Industrial,25,2477.15
Charqueada,Operador De Máquinas Florestais Estáticas,25,4604.51
Cerquilho,Controlador De Entrada E Saída,25,1927.6
Itupeva,Mecânico De Veículos Automotores A Diesel (Exceto Tratores),25,2866.66
Araçatuba,Instalador De Tubulações,25,2703.13
Ibiúna,Técnico De Manutenção Elétrica,25,6849.38
Itapeva,Instalador De Som E Acessórios De Veículos,25,1425.28
Itapetininga,Operador De Draga,25,2773.53
Pindamonhangaba,Supervisor De Carga E Descarga,25,5276.07
Itupeva,Gerente De Marketing,25,13679.31
Dourado,Supervisor De Produção Da Indústria Alimentícia,25,6526.7
Araçariguama,Promotor De Vendas,25,1295.15
Americana,Funileiro De Veículos (Reparação),25,2768.67
Itu,Vidraceiro,25,2135.17
Americana,Técnico De Manutenção Eletrônica (Circuitos De Máquinas Com Comando Numérico),25,4441.27
Araçatuba,Ajustador Mecânico,25,2193.97
Araçatuba,Gerente De Logística (Armazenagem E Distribuição),25,4935.33
Itupeva,Diretor Geral De Empresa E Organizações (Exceto De Interesse Público),25,40508.28
Pindamonhangaba,"Operador De Produção (Química, Petroquímica E Afins)",25,2658.79
Porto Feliz,Supervisor De Almoxarifado,25,5775.11
Dourado,Ajudante De Motorista,25,1680.52
Itu,Trabalhador Na Produção De Mudas E Sementes,25,1590.31
Itapetininga,Operador De Colheitadeira,25,3300.25
Araçoiaba da Serra,Comprador,25,3493.44
Americana,Operador De Telemarketing Ativo,25,1548.81
Piedade,Pedreiro,25,1907
Araçatuba,Publicitário,25,2023.41
Americana,Editor De Texto E Imagem,25,2521.39
Itupeva,Engenheiro De Controle De Qualidade,25,10857.32
Itu,Engenheiro De Controle De Qualidade,25,9840.69
Americana,Gerente De Produção E Operações Da Construção Civil E Obras Públicas,25,4097.07
Pindamonhangaba,Marceneiro,25,1556.49
Itapeva,Demonstrador De Mercadorias,25,2045.88
Cabreúva,Expedidor De Mercadorias,25,2640.33
Americana,Publicitário,24,1853.08
Pindamonhangaba,Montador De Móveis E Artefatos De Madeira,24,2019.02
Araçatuba,Técnico De Enfermagem Psiquiátrica,24,1946.09
Itapeva,Carteiro,24,3642.89
Araçatuba,Auxiliar De Laboratório De Análises Físico-Químicas,24,1815.51
Americana,Caminhoneiro Autônomo (Rotas Regionais E Internacionais),24,2781.79
Cerquilho,Mecânico De Manutenção De Máquinas Agrícolas,24,3460.58
Araçariguama,Supervisor De Almoxarifado,24,4827.44
Itupeva,Padeiro,24,2340.74
Pindamonhangaba,Supervisor De Montagem E Instalação Eletroeletrônica,24,5089.54
Pindamonhangaba,Engenheiro Metalurgista,24,10228.49
Americana,Armador De Estrutura De Concreto,24,1917.96
Itapeva,Recepcionista De Hotel,24,1424.71
Itu,Diretor Administrativo,24,12656.1
Dourado,Conferente De Carga E Descarga,24,2910.33
Ibiúna,Instalador De Linhas Elétricas De Alta E Baixa - Tensão (Rede Aérea E Subterrânea),24,4449.36
Americana,Contramestre De Fiação (Indústria Têxtil),24,4446.21
Araçariguama,Operador De Processos Químicos E Petroquímicos,24,2867.18
Araçoiaba da Serra,"Operador De Máquinas Fixas, Em Geral",24,2632.77
Itupeva,Operador De Bomba De Concreto,24,2829.51
Americana,Professor De Educação Física Do Ensino Fundamental,24,1803.42
Americana,Agente Funerário,24,2984.13
Itu,Vendedor Pracista,24,3079.6
Araçoiaba da Serra,Ajudante De Motorista,24,1775.19
Itu,Operador De Estação De Tratamento De Água E Efluentes,24,2380.05
Piedade,Tratorista Agrícola,24,1683.19
Americana,Gerente De Suprimentos,24,7149.66
Americana,Impressor Digital,24,2195.46
Americana,Operador De Laminador De Metais Não-Ferrosos,24,2681.99
Itapetininga,Gerente Financeiro,24,4109.83
Boituva,Auxiliar De Faturamento,24,2757.06
Boituva,Preparador De Máquinas-Ferramenta,24,3445.95
Americana,Encarregado De Corte Na Confecção Do Vestuário,24,2841.57
Itapeva,Auxiliar De Farmácia De Manipulação,24,1550.88
Cabreúva,Mestre (Indústria De Máquinas E Outros Equipamentos Mecânicos),24,11338.95
Americana,Inspetor De Estamparia (Produção Têxtil),24,1830.73
Pindamonhangaba,Produtor De Televisão,24,2443.44
Cerquilho,Gerente De Vendas,24,8578
Araçatuba,Banhista De Animais Domésticos,24,1352
Americana,Técnico Em Plástico,24,3244.31
Itapetininga,Operador De Máquinas De Construção Civil E Mineração,24,2228.16
Pindamonhangaba,Balanceiro,24,3565.24
Piedade,Farmacêutico,24,3931.99
Itapeva,Psicólogo Clínico,24,2794.17
Araçoiaba da Serra,Auxiliar De Contabilidade,24,2180.26
Itapetininga,Encarregado Geral De Operações De Conservação De Vias Permanentes (Exceto Trilhos),24,3356.11
Boituva,Magarefe,24,2425.21
Pindamonhangaba,Professor De Nível Superior Na Educação Infantil (Zero A Três Anos),24,1660.53
Porto Feliz,Cumim,24,1917.86
Itu,Mecânico De Manutenção De Máquinas-Ferramentas (Usinagem De Metais),24,4567.81
Itapetininga,Técnico Em Farmácia,24,1662.55
Dourado,Técnico De Enfermagem,24,2651.64
Americana,Gerente De Agência,24,12208.21
Pindamonhangaba,Retalhador De Carne,24,1666.1
Americana,Professor De Disciplinas Pedagógicas No Ensino Médio,24,6168.58
Itu,Mecânico De Refrigeração,24,2188.26
Pindamonhangaba,Borracheiro,24,2166.46
Piedade,Serralheiro,24,2144.99
Araçatuba,Professor De Biologia No Ensino Médio,24,2607.43
Araçatuba,Agente De Segurança,24,3498.35
Porto Feliz,Trabalhador No Cultivo De Plantas Ornamentais,24,1539.21
Itupeva,Operador De Máquina De Preparação De Matéria Prima Para Produção De Cigarros,24,2629.98
Pindamonhangaba,Operador De Guindaste Móvel,24,3822.07
Porto Feliz,Preparador Físico,24,2738.12
Cabreúva,Auxiliar De Faturamento,24,3026.6
Pindamonhangaba,Ferramenteiro,24,3729.31
Pindamonhangaba,Auxiliar De Farmácia De Manipulação,23,1591.05
Itu,Analista De Pcp (Programação E Controle Da Produção),23,5192.12
Araçariguama,Moldador De Plástico Por Injeção,23,2983.54
Americana,Montador De Filmes,23,2339.61
Porto Feliz,Assistente Social,23,4356.18
Piedade,Diretor De Instituição Educacional Pública,23,5684.59
Piedade,Supervisor De Exploração Agrícola,23,3019.13
Itupeva,"Operador De Extrusora (Química, Petroquímica E Afins)",23,4675.58
Itapetininga,Técnico Em Manutenção De Equipamentos De Informática,23,1961.76
Pindamonhangaba,Mestre De Siderurgia,23,9660.31
Americana,Técnico Em Nutrição E Dietética,23,2245.97
Pindamonhangaba,Forneiro De Fundição (Forno De Redução),23,3685.54
Americana,Tecelão De Malhas (Máquina Circular),23,2428.52
Macatuba,Mãe Social,23,1535.33
Americana,Mecânico De Refrigeração,23,2666.45
Araçatuba,Montador De Máquinas,23,3612.47
Pindamonhangaba,Barman,23,1382.81
Itu,Estofador De Móveis,23,1765.57
Americana,Acabador De Superfícies De Concreto,23,2102.43
Pindamonhangaba,Biólogo,23,4901.04
Piedade,Trabalhador Da Manutenção De Edificações,23,1802.18
Boituva,Programador De Máquinas - Ferramenta Com Comando Numérico,23,4042.23
Itapeva,Conferente De Carga E Descarga,23,2043.01
Charqueada,Auxiliar De Laboratório De Análises Físico-Químicas,23,1573.78
Itapetininga,Mestre (Indústria De Borracha E Plástico),23,5120.14
Americana,Balanceiro,23,2416.76
Araçariguama,Administrador,23,3737.52
Americana,Gerente De Compras,23,6294.7
Itu,Operador De Máquinas De Beneficiamento De Produtos Agrícolas,23,1870.03
Itu,Mestre (Indústria De Máquinas E Outros Equipamentos Mecânicos),23,8448.63
Araçatuba,Feirante,23,2212.47
Macatuba,Técnico Mecânico,23,3770.13
Cerquilho,Gerente Comercial,23,4664.12
Itapetininga,Inspetor De Alunos De Escola Pública,23,1782.7
Cabreúva,Auxiliar Geral De Conservação De Vias Permanentes (Exceto Trilhos),23,1211.95
Araçatuba,Diretor Administrativo,23,8862.08
Americana,Supervisor De Vendas De Serviços,23,3954.98
Dourado,Cumim,23,1561.24
Charqueada,Inspetor De Alunos De Escola Pública,23,1346.67
Charqueada,Repositor De Mercadorias,23,1590.88
Araçatuba,Agente Funerário,23,2014.82
Itu,Supervisor De Caixas E Bilheteiros (Exceto Caixa De Banco),23,2256.73
Itapeva,Contador,23,3533.92
Araçariguama,"Mecânico De Manutenção De Automóveis, Motocicletas E Veículos Similares",23,2149.04
Itapetininga,Técnico Florestal,23,4456.37
Cerquilho,Técnico De Garantia Da Qualidade,23,3894.61
Porto Feliz,Desenhista Projetista Mecânico,23,4506.52
Boituva,Agente De Combate Às Endemias,23,2178.81
Americana,Diretor Geral De Empresa E Organizações (Exceto De Interesse Público),23,29273.69
Itapetininga,Mestre (Indústria De Madeira E Mobiliário),23,2735.08
Pindamonhangaba,Recreador,23,1381.14
Piedade,Contador,23,3797.8
Pindamonhangaba,Agente De Segurança,23,6802.59
Itupeva,"Moldador, A  Máquina",23,3639.13
Americana,Redator De Publicidade,23,2037.02
Itapetininga,Analista Financeiro (Instituições Financeiras),23,3501.76
Dourado,Eletricista De Manutenção Eletroeletrônica,23,5420.65
Cabreúva,Tratorista Agrícola,23,1800.15
Itu,Técnico Em Administração,23,3835.32
Araçatuba,Auxiliar De Prótese Dentária,23,1599.68
Pindamonhangaba,Marmorista (Construção),23,1725.47
Itu,Controlador De Pragas,23,2062.18
Itapetininga,Encanador,23,2012.77
Araçatuba,Sepultador,23,1942.42
Ibiúna,Motofretista,23,2003.63
Itu,Engenheiro Civil,23,6750.99
Itu,Economista Do Setor Público,23,3403.63
Americana,"Supervisor De Operação De Fluidos (Distribuição, Captação, Tratamento De Água, Gases, Vapor)",23,3163.94
Porto Feliz,Fiscal De Loja,23,2249.19
Cabreúva,Ajustador Mecânico,23,3361.59
Ibiúna,Agente De Portaria,22,1814.33
Pindamonhangaba,Analista Financeiro (Instituições Financeiras),22,5859.18
Itapeva,Comprador,22,2802.21
Araçoiaba da Serra,Operador De Máquinas Operatrizes,22,1950.1
Itapeva,Médico Clínico,22,12356.75
Itapeva,Vendedor Em Domicílio,22,1305.21
Porto Feliz,Trabalhador Da Pecuária (Bovinos Corte),22,1722.85
Araçatuba,Operador De Máquina De Cortar E Dobrar Papelão,22,3044.2
Ibiúna,Promotor De Vendas Especializado,22,1353.79
Itu,Técnico De Planejamento E Programação Da Manutenção,22,3902.45
Araçatuba,Professor De Língua Inglesa,22,2187.02
Araçariguama,Impressor De Corte E Vinco,22,6951.31
Itapetininga,Supervisor De Exploração Agropecuária,22,3172.16
Itapetininga,Mecânico De Manutenção De Tratores,22,2990.89
Itapeva,Camareiro  De Hotel,22,1422.58
Itu,Operador De Pá Carregadeira,22,2711.59
Itapeva,Caseiro (Agricultura),22,1442.38
Itu,"Embalador, A Máquina",22,2152.86
Araçatuba,Desenhista Projetista De Arquitetura,22,1824.96
Itu,Montador De Equipamentos Elétricos (Aparelhos Eletrodomésticos),22,2465.92
Piedade,Montador De Móveis E Artefatos De Madeira,22,1693.35
Itapetininga,Monitor De Transporte Escolar,22,737.52
Porto Feliz,Mecânico De Manutenção De Máquinas Têxteis,22,2347.92
Americana,Gerente De Pesquisa E Desenvolvimento (P&D),22,13176.87
Pindamonhangaba,Mecânico De Veículos Automotores A Diesel (Exceto Tratores),22,2151.62
Porto Feliz,Encarregado De Corte Na Confecção Do Vestuário,22,3798.39
Itapetininga,Recepcionista De Hotel,22,1913.19
Itapetininga,Vigia Florestal,22,1805.11
Americana,Desenhista Projetista De Construção Civil,22,2627.64
Dourado,Operador De Caixa,22,1961.58
Itapetininga,Costureira De Peças Sob Encomenda,22,1496.71
Pindamonhangaba,Gerente De Suprimentos,22,17952.3
Araçariguama,"Operador De Aparelho De Reação E Conversão (Produtos Químicos, Exceto Petróleo)",22,4232.73
Itapetininga,Operador De Pá Carregadeira,22,2471.1
Boituva,Fiscal De Tributos Municipal,22,3479.23
Itapetininga,Cortador De Pedras,22,2491.1
Araçoiaba da Serra,Corretor De Seguros,22,1422.85
Araçatuba,Atendente De Agência,22,2782.22
Araçariguama,Operador De Rameuse,22,1858.63
Araçariguama,Recreador,22,1120.86
Itupeva,Gerente Financeiro,22,8554.82
Boituva,Assistente Social,22,4021
Itapeva,Professor De Geografia Do Ensino Fundamental,22,3090.36
Araçariguama,Operador De Máquinas-Ferramenta Convencionais,22,2311.2
Araçatuba,Operador De Equipamentos De Refinação De Açúcar (Processo Contínuo),22,3169.2
Macatuba,Frentista,22,2089.85
Araçoiaba da Serra,Mestre (Construção Civil),22,4277.47
Dourado,Assistente De Vendas,22,2044.36
Itu,Engenheiro Metalurgista,22,11923.01
Itapeva,Cuidador Em Saúde,22,1197.18
Americana,Músico Regente,22,4173.48
Araçatuba,Recebedor De Apostas (Loteria),22,1302.28
Cabreúva,Forneiro E Operador (Alto-Forno),22,2546.96
Cerquilho,Tecelão De Malhas (Máquina Circular),22,1817.96
Pindamonhangaba,"Embalador, A Máquina",22,2004.3
Itapeva,Operador De Colhedor Florestal,22,3921.43
Ibiúna,Eletricista De Manutenção Eletroeletrônica,22,4070.54
Itapeva,Classificador De Madeira,22,1298.61
Araçoiaba da Serra,"Operador De Máquina De Usinagem Madeira, Em Geral",22,1587.31
Porto Feliz,Estofador De Móveis,22,2466.51
Porto Feliz,Trabalhador No Cultivo De Mudas,22,1219.46
Pindamonhangaba,Técnico Mecânico (Máquinas),22,2946.85
Pindamonhangaba,Motorista Operacional De Guincho,22,3682.67
Araçariguama,Limpador De Fachadas,22,2596.7
Cabreúva,Operador De Conicaleira,22,1570.47
Boituva,Escrevente,22,3230.26
Itu,Tosador De Animais Domésticos,22,1996.8
Pindamonhangaba,Gerente De Restaurante,22,2254.48
Porto Feliz,Comerciante Varejista,22,2651.38
Americana,Relações Públicas,22,2546.53
Araçatuba,Esteticista,22,1616.74
Itapeva,Eletricista De Manutenção Eletroeletrônica,22,3300.93
Araçatuba,Trabalhador Volante Da Agricultura,22,2034.54
Pindamonhangaba,Monitor De Sistemas Eletrônicos De Segurança Interno,22,1397.6
Cabreúva,Analista De Desenvolvimento De Sistemas,22,6458.89
Pindamonhangaba,Gerente De Pesquisa E Desenvolvimento (P&D),22,17522.73
Macatuba,Repositor De Mercadorias,22,1512.89
Americana,Supervisor De Crédito E Cobrança,22,3370.35
Itupeva,"Operador De Aparelho De Reação E Conversão (Produtos Químicos, Exceto Petróleo)",22,4779.36
Itapeva,Escrevente,22,3517.9
Itu,Instalador-Reparador De Redes Telefônicas E De Comunicação De Dados,22,2113.11
Itu,Publicitário,22,2613.52
Pindamonhangaba,Impressor (Serigrafia),22,2802.37
Americana,Trefilador De Borracha,22,2222.71
Pindamonhangaba,Oxicortador A Mão E A  Máquina,22,4226.95
Araçoiaba da Serra,Eletricista De Instalações,22,2888.79
Araçoiaba da Serra,Gerente Comercial,22,2774.8
Itupeva,Supervisor De Telemarketing E Atendimento,22,4350.48
Piedade,Camareiro  De Hotel,22,1661.78
Ibiúna,Contador,21,6711.68
Cerquilho,Operador De Máquina De Dobrar Chapas,21,1982.4
Ibiúna,Técnico De Apoio Em Pesquisa E Desenvolvimento (Exceto Agropecuário E Florestal),21,4633.35
Macatuba,Técnico De Planejamento De Produção,21,5232.45
Porto Feliz,Gerente De Contas - Pessoa Física E Jurídica,21,4939.82
Araçoiaba da Serra,Inspetor De Qualidade,21,3336.85
Piedade,Padeiro,21,1854.43
Araçoiaba da Serra,Jardineiro,21,1723.19
Americana,Locutor De Mídias Audiovisuais,21,2907.65
Itupeva,"Operador De Máquina De Fabricação De Produtos De Higiene E Limpeza (Sabão, Sabonete, Detergente, Absorvente, Fraldas Cotonetes E Outros)",21,2179.38
Ibiúna,Trabalhador No Cultivo De Plantas Ornamentais,21,1386.33
Itu,Armador De Estrutura De Concreto Armado,21,1811.38
Itapetininga,Topógrafo,21,2310.92
Pindamonhangaba,Supervisor De Vigilantes,21,3217.7
Itupeva,Confeiteiro,21,2105.03
Americana,Gerente De Operações De Serviços De Assistência Técnica,21,7914.69
Americana,Passador De Roupas Em Geral,21,1523.33
Americana,Operador De Centrifugadora (Tratamentos Químicos E Afins),21,2275.83
Porto Feliz,"Operador De Extrusora (Química, Petroquímica E Afins)",21,2154.59
Americana,Analista De Pcp (Programação E Controle Da Produção),21,3873.94
Itapeva,Caixa De Banco,21,3020.76
Araçatuba,Gerente De Projetos E Serviços De Manutenção,21,8142.67
Pindamonhangaba,Gerente Financeiro,21,9980.72
Americana,Avaliador Físico,21,1480.74
Itu,Técnico De Contabilidade,21,5902.41
Dourado,Inspetor De Alunos De Escola Pública,21,1284.65
Cerquilho,Técnico Em Atendimento E Vendas,21,4316.51
Cabreúva,Escrevente,21,4083.57
Itupeva,Operador De Máquinas De Beneficiamento De Produtos Agrícolas,21,1878.83
Araçariguama,Vigilante,21,1950.22
Itu,Mestre (Indústria De Madeira E Mobiliário),21,2858.53
Americana,Médico Pediatra,21,13214.94
Boituva,Auxiliar De Logistica,21,2284.51
Americana,"Operador De Processo (Química, Petroquímica E Afins)",21,3437.42
Itupeva,Técnico De Apoio Em Pesquisa E Desenvolvimento (Exceto Agropecuário E Florestal),21,5564.55
Porto Feliz,Recepcionista De Consultório Médico Ou Dentário,21,1948.73
Pindamonhangaba,Encarregado De Acabamento De Chapas E Metais  (Têmpera),21,3579.7
Pindamonhangaba,Engenheiro De Materiais,21,14294.38
Itupeva,"Supervisor De Manutenção Eletromecânica Industrial, Comercial E Predial",21,8556.06
Americana,Professor De Matemática Do Ensino Fundamental,21,3692.34
Boituva,Técnico Agropecuário,21,3964.86
Araçoiaba da Serra,Professor De Nível Superior Na Educação Infantil (Quatro A Seis Anos),21,1643.79
Porto Feliz,Auxiliar De Logistica,21,3309.41
Porto Feliz,Coordenador Pedagógico,21,3999.82
Americana,Lubrificador Industrial,21,1972.26
Cerquilho,Operador De Inspeção De Qualidade,21,2437.25
Pindamonhangaba,Gerente De Logística (Armazenagem E Distribuição),21,8939.75
Cerquilho,Administrador,21,3120.02
Araçatuba,Sushiman,21,1895.12
Porto Feliz,Costureira De Reparação De Roupas,21,1249.43
Pindamonhangaba,Leiturista,21,3070.49
Americana,Assistente De Laboratório Industrial,21,2553.4
Americana,Tecelão (Redes),21,2595.39
Cerquilho,Técnico Químico,21,4371.46
Itapeva,"Técnico De Operação (Química, Petroquímica E Afins)",21,2101.71
Boituva,Analista Financeiro (Instituições Financeiras),21,3698.55
Araçoiaba da Serra,Coordenador Pedagógico,21,3865.26
Itu,Instrutor De Cursos Livres,21,1324.75
Ibiúna,Gerente De Produção E Operações,21,6865.34
Ibiúna,Desossador,21,3339.08
Itapetininga,Atendente Comercial (Agência Postal),21,2191.53
Americana,Psicólogo Clínico,21,3428.88
Boituva,Trabalhador Volante Da Agricultura,21,1456.6
Cabreúva,Motorista De Carro De Passeio,21,2904.19
Pindamonhangaba,Operador De Laminador De Barras A Quente,21,3128.71
Araçatuba,Mecânico De Manutenção De Bombas,21,3319.39
Americana,Técnico Em Patologia Clínica,21,3348
Americana,Diretor De Mídia (Publicidade),21,2964.27
Itapetininga,Montador De Andaimes (Edificações),21,2445.28
Pindamonhangaba,Técnico Em Manutenção De Equipamentos De Informática,21,2413.24
Itu,Pintor De Veículos (Reparação),21,3067.26
Itapeva,Auxiliar De Laboratório De Análises Clínicas,21,1777.2
Macatuba,Técnico De Apoio Em Pesquisa E Desenvolvimento (Exceto Agropecuário E Florestal),21,7150.62
Itupeva,Operador De Máquina De Dobrar Chapas,21,3025.36
Itapetininga,Instalador De Som E Acessórios De Veículos,21,1503.05
Araçariguama,Desossador,21,1946.37
Ibiúna,Inspetor De Qualidade,21,4526.16
Americana,Desenhista Técnico (Indústria Têxtil),21,3229.72
Itupeva,Técnico Eletricista,21,6906.29
Boituva,"Costureiro, A  Máquina  Na Confecção Em Série",21,1474.34
Itapeva,Motorista Operacional De Guincho,21,3286.78
Cabreúva,Técnico De Manutenção Elétrica De Máquina,21,8083.09
Araçatuba,"Montador De Máquinas, Motores E Acessórios (Montagem Em Série)",21,1825
Araçariguama,Mecânico De Manutenção E Instalação De Aparelhos De Climatização E  Refrigeração,21,3652.9
Porto Feliz,Moldador De Plástico Por Injeção,21,2690.43
Araçatuba,Técnico Mecânico Na Manutenção De Ferramentas,21,5313.38
Americana,Operador De Motosserra,21,2047.6
Itu,Gerente De Operações De Serviços De Assistência Técnica,21,7556.6
Araçariguama,Estoquista,21,1621.8
Boituva,Mestre (Indústria De Borracha E Plástico),20,3839.2
Ibiúna,Trabalhador Da Suinocultura,20,1863.77
Americana,Revisor De Fios (Produção Têxtil),20,1815.62
Cabreúva,Mecânico De Manutenção De Máquinas Têxteis,20,3231.49
Araçatuba,Analista De Folha De Pagamento,20,2660.31
Pindamonhangaba,Trabalhador De Fabricação De Tintas,20,2634.88
Piedade,Inspetor De Qualidade,20,3410.75
Itupeva,Copeiro,20,1308.78
Cabreúva,Diretor De Instituição Educacional Pública,20,8591.21
Pindamonhangaba,Operador De Mídia Audiovisual,20,2561.86
Pindamonhangaba,Garagista,20,1783.44
Pindamonhangaba,Agente De Pátio,20,1482.86
Boituva,Gerente De Recursos Humanos,20,13825.86
Itu,Borracheiro,20,1975.91
Boituva,Vidraceiro,20,1580.08
Itapetininga,Analista De Desenvolvimento De Sistemas,20,4013.44
Americana,Professor De Matemática No Ensino Médio,20,2429.39
Itapeva,Professor De Disciplinas Pedagógicas No Ensino Médio,20,2084.48
Boituva,Operador De Inspeção De Qualidade,20,2178.72
Araçoiaba da Serra,"Operador De Produção (Química, Petroquímica E Afins)",20,3039.44
Araçatuba,Médico Veterinário,20,5480.12
Araçariguama,Operador De Acabamento (Indústria Gráfica),20,5797.9
Araçoiaba da Serra,Agente Comunitário De Saúde,20,1868.33
Araçoiaba da Serra,Técnico De Planejamento De Produção,20,3377.17
Americana,Operador De Máquina De Envasar Líquidos,20,2006.35
Araçatuba,Preparador De Calçados,20,1527.76
Macatuba,"Recepcionista, Em Geral",20,1552.69
Macatuba,Operador De Caldeira,20,3568.68
Araçatuba,Preparador De Estruturas Metálicas,20,1518.04
Itupeva,Economista Financeiro,20,4403.47
Itapetininga,Pintor De Veículos (Fabricação),20,1699.51
Itapetininga,Fonoaudiólogo Geral,20,3380.75
Araçatuba,Cozinheiro De Hospital,20,1409.35
Araçatuba,Gesseiro,20,1899.58
Itu,Representante Comercial Autônomo,20,9627.42
Araçoiaba da Serra,Médico Clínico,20,8171.39
Americana,Auxiliar De Prótese Dentária,20,1709.47
Piedade,Porteiro De Edifícios,20,1797.41
Itupeva,Psicólogo Clínico,20,5820.42
Itapeva,Auxiliar De Faturamento,20,1626.95
Araçatuba,Gerente De Serviços De Saúde,20,6163.63
Americana,Mecânico De Manutenção De Aparelhos De Levantamento,20,973.15
Porto Feliz,"Embalador, A Máquina",20,2624.67
Itupeva,Gerente De Contas - Pessoa Física E Jurídica,20,5117.7
Cerquilho,Jardineiro,20,1896.23
Araçatuba,Técnico Eletricista,20,6322.18
Itu,Operador De Máquina De Cilindrar Chapas,20,2637.28
Araçariguama,Trabalhador Do Acabamento De Artefatos De Tecidos E Couros,20,3032.75
Itu,Consultor Jurídico,20,7426.43
Itupeva,Analista De Logistica,20,4355.27
Itupeva,Técnico De Planejamento E Programação Da Manutenção,20,4971.1
Pindamonhangaba,Mestre De Aciaria,20,8569.94
Itapeva,Professor De História Do Ensino Fundamental,20,3321.44
Itapeva,Professor De Língua Estrangeira Moderna Do Ensino Fundamental,20,3042.28
Pindamonhangaba,Advogado,20,11592.72
Cerquilho,Padeiro,20,2423.01
Araçatuba,Técnico Mecânico,20,2745.07
Itupeva,Trefilador De Borracha,20,3174.01
Itupeva,Fundidor De Metais,20,3038.59
Piedade,Vendedor Em Comércio Atacadista,20,1833.92
Pindamonhangaba,Engenheiro De Controle E Automação,20,14750.37
Itapetininga,Monitor De Sistemas Eletrônicos De Segurança Interno,20,1640.99
Itapetininga,Trabalhador No Cultivo De Mudas,20,1310.17
Macatuba,Pedreiro,20,2143.72
Itu,Auxiliar De Laboratório De Análises Físico-Químicas,20,2478.24
Itupeva,Vidraceiro (Vitrais),20,5543.5
Itapetininga,Gerente De Operações De Transportes,20,4213.08
Itu,Supervisor De Compras,20,7206
Itu,Atendente De Agência,20,2467.92
Porto Feliz,Motofretista,20,1944.36
Itupeva,Conferente Mercadoria (Exceto Carga E Descarga),20,2713.42
Itapetininga,Agente Funerário,20,3336.09
Cerquilho,Impressor (Serigrafia),20,1425.44
Cerquilho,Modelista De Roupas,20,2312.02
Americana,Leiturista,20,3508.21
Porto Feliz,Técnico De Suporte Ao Usuário De Tecnologia Da Informação,20,1789.87
Americana,Agente De Saúde Pública,20,5028.45
Dourado,"Embalador, A Mão",20,1456.17
Pindamonhangaba,Operador De Computador,20,2382.89
Itapeva,Eletrotécnico (Produção De Energia),20,4973.96
Itapetininga,Analista De Suporte Computacional,20,2986.21
Americana,Cronoanalista,20,4458.5
Araçatuba,Agente De Defesa Ambiental,20,4078.05
Araçariguama,Auxiliar De Faturamento,20,2736.37
Porto Feliz,Desenvolvedor De Sistemas De Tecnologia Da Informação (Técnico),20,2974.19
Araçariguama,Inspetor De Alunos De Escola Pública,20,1473.54
Itu,Operador De Máquina De Eletroerosão,20,5320.04
Americana,Trabalhador Da Elaboração De Pré-Fabricados (Concreto Armado),20,2045.94
Itupeva,Carregador (Veículos De Transportes Terrestres),20,1552.6
Itu,Marmorista (Construção),20,2111.52
Ibiúna,Ajustador Mecânico,20,1516.86
Boituva,Supervisor De Montagem E Instalação Eletroeletrônica,20,6208.46
Porto Feliz,Gerente Comercial,20,10227.77
Charqueada,Supervisor Administrativo,19,3982.76
Itupeva,Operador De Telemarketing Receptivo,19,1298.27
Araçatuba,Pintor De Veículos (Fabricação),19,2116.61
Cerquilho,Operador De Máquinas-Ferramenta Convencionais,19,3509.9
Boituva,Técnico De Enfermagem,19,2332.28
Boituva,Vendedor Em Domicílio,19,2478.86
Charqueada,Auxiliar Nos Serviços De Alimentação,19,1489.48
Porto Feliz,Gerente De Produção E Operações Agropecuárias,19,3169.66
Cerquilho,Médico Generalista,19,18064.9
Americana,Mecânico De Manutenção De Motores Diesel (Exceto De Veículos Automotores),19,2978.61
Porto Feliz,Técnico Em Manutenção De Máquinas,19,8165.81
Itupeva,Operador De Estação De Tratamento De Água E Efluentes,19,2588.61
Pindamonhangaba,Promotor De Vendas,19,1598.1
Itapeva,Carbonizador,19,1962.99
Itupeva,Polidor De Metais,19,2374.15
Itu,Professor De Língua Portuguesa Do Ensino Fundamental,19,3400.12
Cerquilho,Vendedor Pracista,19,1901.47
Porto Feliz,Forneiro De Fundição (Forno De Redução),19,2095.88
Araçoiaba da Serra,Serralheiro,19,2131.36
Porto Feliz,Copeiro,19,1561.1
Cerquilho,Auxiliar Em Saúde Bucal,19,1820.12
Itu,Auxiliar De Laboratório De Análises Clínicas,19,1749.2
Ibiúna,Confeiteiro,19,1998.5
Boituva,Instrutor De Aprendizagem E Treinamento Comercial,19,4113.83
Araçariguama,Mestre De Produção Química,19,8074.44
Pindamonhangaba,Supervisor De Almoxarifado,19,5970.11
Araçatuba,Montador De Veículos (Reparação),19,1586.54
Americana,Técnico Em Saúde Bucal,19,2044.9
Itapeva,Controlador De Entrada E Saída,19,1799.19
Boituva,Operador De Escavadeira,19,2711.34
Dourado,Repositor De Mercadorias,19,1995.92
Itapetininga,Promotor De Vendas Especializado,19,3480.05
Araçariguama,Motorista De Ônibus Rodoviário,19,4181.72
Itapeva,Instrutor De Cursos Livres,19,1042.98
Americana,"Operador De Tesoura Mecânica E Máquina De Corte, No Acabamento De Chapas E Metais",19,2993.41
Araçatuba,Eletricista De Instalações (Edifícios),19,2196.96
Ibiúna,Montador De Andaimes (Edificações),19,4177.3
Araçoiaba da Serra,Professor De Língua Portuguesa Do Ensino Fundamental,19,3017.04
Itupeva,Temperador De Metais E De Compósitos,19,3501.9
Porto Feliz,Fisioterapeuta Geral,19,4622.96
Araçatuba,Protético Dentário,19,1383.09
Porto Feliz,Instrutor De Auto-Escola,19,2478.96
Araçatuba,Cuidador Em Saúde,19,1713.15
Araçatuba,Encarregado De Manutenção Mecânica De Sistemas Operacionais,19,5487.91
Americana,Diretor De Instituição Educacional Da Área Privada,19,7990.24
Itu,Nutricionista,19,3677.59
Araçatuba,Técnico Em Patologia Clínica,19,2057.32
Boituva,Agente De Trânsito,19,4241.54
Boituva,Técnico De Vendas,19,8282.63
Itapeva,Operador De Máquinas Florestais Estáticas,19,2327.45
Piedade,Controlador De Entrada E Saída,19,2156.15
Americana,Pedreiro De Edificações,19,1991.66
Cerquilho,Fiscal De Loja,19,1821.25
Boituva,Motorista De Ônibus Urbano,19,1627.39
Americana,Alinhador De Pneus,19,2615.65
Americana,Entregador De Publicações,19,2037.13
Cerquilho,Escrevente,19,2548.84
Americana,Agente De Combate Às Endemias,19,2549.27
Piedade,Motorista De Carro De Passeio,19,1870.07
Porto Feliz,Operador De Máquinas De Construção Civil E Mineração,19,3029.14
Boituva,Barman,19,1649.27
Itupeva,Agente De Vendas De Serviços,19,5150.27
Piedade,Trabalhador Na Produção De Mudas E Sementes,19,1523.32
Boituva,Supervisor De Almoxarifado,19,6297.83
Ibiúna,Auxiliar Geral De Conservação De Vias Permanentes (Exceto Trilhos),19,1398.99
Piedade,Conferente De Carga E Descarga,19,2125.32
Americana,Tecelão (Rendas E Bordados),19,2849.51
Porto Feliz,Agente De Portaria,19,1919.96
Itupeva,Mecânico De Refrigeração,19,2886.48
Americana,"Técnico Mecânico (Calefação, Ventilação E Refrigeração)",19,2002.14
Araçatuba,Encarregado Geral De Operações De Conservação De Vias Permanentes (Exceto Trilhos),19,1502.49
Ibiúna,Operador De Pá Carregadeira,19,3674.33
Cerquilho,Confeiteiro,19,1968.82
Piedade,Marceneiro,19,1656.77
Piedade,Professor De Educação Física Do Ensino Fundamental,19,2689.96
Itapetininga,Telefonista,19,1833.34
Pindamonhangaba,Mestre De Laminação,19,9323.38
Ibiúna,Diretor Administrativo,19,6862.79
Itu,Operador De Cortadeira De Papel,19,1520.41
Itapeva,Técnico Agrícola,19,3701.95
Itu,"Mecânico De Manutenção De Máquinas Cortadoras De Grama, Roçadeiras, Motosserras E Similares",19,3148.77
Pindamonhangaba,Preparador De Tintas,19,4016.15
Macatuba,Enfermeiro,19,4475.95
Pindamonhangaba,Vendedor Em Domicílio,19,2160.79
Pindamonhangaba,Operador De Máquina Misturadeira (Tratamentos Químicos E Afins),19,4205.37
Ibiúna,Estoquista,19,1627.25
Itapetininga,Gerente De Recursos Humanos,19,6190.8
Itapeva,Operador De Colheitadeira,19,2488.13
Porto Feliz,"Eletricista De Manutenção De Linhas Elétricas, Telefônicas E De Comunicação De Dados",19,4569.97
Itapetininga,Auxiliar Técnico Em Laboratório De Farmácia,19,1552.35
Itapeva,Recepcionista De Consultório Médico Ou Dentário,19,1331.63
Pindamonhangaba,Supervisor De Compras,19,9273.15
Itupeva,Cozinhador (Conservação De Alimentos),19,2251.66
Itu,Montador De Filmes,18,1824.36
Cerquilho,"Tecelão De Meias, A  Máquina",18,1282.74
Ibiúna,Comprador,18,3086.87
Pindamonhangaba,,18,2211.06
Cabreúva,"Costureiro, A  Máquina  Na Confecção Em Série",18,1508.94
Americana,Montador De Equipamentos Eletrônicos (Máquinas Industriais),18,2250.99
Itapeva,Classificador De Toras,18,1767.06
Piedade,Supervisor De Vendas Comercial,18,3410.2
Itapeva,Operador De Serras (Usinagem De Madeira),18,1405.67
Itapeva,Professor De Alunos Com Deficiência Múltipla,18,1679.68
Americana,Oxicortador A Mão E A  Máquina,18,2487.13
Araçariguama,Guincheiro (Construção Civil),18,2504.24
Pindamonhangaba,Operador De Inspeção De Qualidade,18,2225.19
Itapeva,Auxiliar De Logistica,18,1854.2
Araçariguama,Professor De Língua Portuguesa Do Ensino Fundamental,18,4413.26
Itu,Mestre (Indústria De Automotores E Material De Transportes),18,6463.36
Boituva,Trabalhador Da Pecuária (Eqüinos),18,2144.04
Itapeva,Copeiro,18,1345.27
Araçariguama,Auxiliar De Pessoal,18,1688.11
Ibiúna,Administrador,18,5093.48
Cerquilho,Pintor De Obras,18,1612.75
Boituva,Professor De Língua Estrangeira Moderna Do Ensino Fundamental,18,4980.18
Americana,Desossador,18,2525.57
Itapetininga,Caldeireiro (Chapas De Ferro E Aço),18,3823.1
Itapeva,Operador De Carregadeira,18,2370.59
Ibiúna,Atendente Comercial (Agência Postal),18,2166.64
Itu,Gerente De Operações De Transportes,18,8496.47
Itapeva,Analista De Recursos Humanos,18,3459.18
Cerquilho,Trabalhador Da Manutenção De Edificações,18,2121.01
Araçariguama,Mestre (Construção Civil),18,2885.24
Pindamonhangaba,Professor De Língua Portuguesa Do Ensino Fundamental,18,1913.13
Pindamonhangaba,Supervisor De Exploração Agropecuária,18,2394.95
Itu,"Operador De Utilidade (Produção E Distribuição De Vapor, Gás, Óleo, Combustível, Energia, Oxigênio)",18,4068.37
Cabreúva,Assistente Social,18,5095.78
Araçariguama,Guarda-Civil Municipal,18,3672.33
Charqueada,"Mecânico De Manutenção De Automóveis, Motocicletas E Veículos Similares",18,1804.76
Itupeva,Camareiro  De Hotel,18,1821.32
Charqueada,Técnico De Enfermagem,18,2236.29
Araçatuba,Psicólogo Hospitalar,18,3281.06
Araçariguama,Preparador De Tintas,18,4059.28
Americana,Gerente De Suporte Técnico De Tecnologia Da Informação,18,6257.38
Porto Feliz,Auxiliar De Laboratório De Análises Físico-Químicas,18,1919.84
Boituva,"Encarregado De Manutenção De Instrumentos De Controle, Medição E Similares",18,3196.39
Araçariguama,Gerente De Loja E Supermercado,18,3579.96
Americana,Procurador Do Município,18,20825.67
Americana,"Encarregado De Manutenção De Instrumentos De Controle, Medição E Similares",18,2825.88
Araçariguama,Controlador De Entrada E Saída,18,3532.23
Americana,Terapeuta Ocupacional,18,3310.01
Americana,Técnico Em Instrumentação,18,6835.89
Americana,Operador De Máquina De Fabricar Papel E Papelão,18,2352.7
Boituva,Técnico Mecânico,18,4022.74
Americana,Preparador De Máquinas-Ferramenta,18,3088.28
Americana,Técnico De Apoio Em Pesquisa E Desenvolvimento (Exceto Agropecuário E Florestal),18,5675.59
Boituva,Operador De Máquina De Abrir Valas,18,3619.47
Americana,Supervisor De Montagem E Instalação Eletroeletrônica,18,5040.27
Itu,Sushiman,18,1979.75
Itupeva,Operador De Transporte Multimodal,18,2970.3
Dourado,Porteiro De Edifícios,18,2419.83
Araçoiaba da Serra,Analista De Desenvolvimento De Sistemas,18,5523.32
Araçatuba,Locutor De Mídias Audiovisuais,18,1628.38
Cerquilho,Operador De Caldeira,18,2563.05
Itu,Sepultador,18,1895.84
Araçatuba,Carpinteiro,18,2012.31
Araçatuba,Professor De Administração,18,3608.19
Americana,Armador De Estrutura De Concreto Armado,18,1711.52
Araçatuba,Supervisor De Compras,18,3395.15
Araçatuba,"Lavadeiro, Em Geral",18,1559.07
Araçatuba,Impressor Tipográfico,18,4114.94
Araçoiaba da Serra,Professor De Matemática Do Ensino Fundamental,18,3007.49
Araçariguama,Auxiliar De Laboratório De Análises Físico-Químicas,18,3245.21
Araçatuba,Técnico Em Administração,18,1994.17
Araçatuba,Ferramenteiro,18,4466.17
Americana,Operador De Guilhotina (Corte De Papel),18,2428
Itapeva,Cobrador Externo,18,2125
Araçoiaba da Serra,Agenciador De Propaganda,18,4386.31
Cabreúva,Analista De Suporte Computacional,18,3449.01
Araçoiaba da Serra,Motorista De Carro De Passeio,18,2205.22
Araçatuba,Mecânico De Manutenção De Motocicletas,18,1966.48
Itupeva,Professor De Língua Inglesa,18,5124.11
Itapeva,Supervisor De Exploração Agrícola,18,5515.68
Americana,Economista Do Setor Público,18,3792.62
Boituva,Impressor Flexográfico,18,3547.85
Araçatuba,Supervisor De Vigilantes,18,3401.03
Araçatuba,Técnico De Telecomunicações (Telefonia),18,3581.16
Boituva,Gerente De Restaurante,18,2994.82
Araçatuba,Professor De Nível Médio No Ensino Profissionalizante,18,5784.43
Boituva,Cozinhador (Conservação De Alimentos),18,2005.9
Itupeva,Instrutor De Auto-Escola,18,2734.14
Cabreúva,Dirigente Do Serviço Público Municipal,18,6532.8
Itupeva,Laminador De Plástico,18,4380.56
Boituva,Camareiro  De Hotel,18,1553.94
Porto Feliz,Analista Financeiro (Instituições Financeiras),18,3983.12
Boituva,Carteiro,18,4460.38
Itu,"Técnico Mecânico (Calefação, Ventilação E Refrigeração)",18,3345.49
Itapeva,Comerciante Varejista,18,3375.36
Araçoiaba da Serra,Professor De Educação Física Do Ensino Fundamental,18,3095.37
Itapetininga,Médico Da Estratégia De Saúde Da Família,18,9874.11
Americana,,18,4245.98
Itapetininga,Médico Generalista,18,10527.42
Araçoiaba da Serra,Operador De Máquinas De Construção Civil E Mineração,18,2460.94
Americana,Gerente De Produtos Bancários,18,7339.36
Piedade,,18,2204.34
Itu,"Costureiro, A  Máquina  Na Confecção Em Série",18,1559.53
Itu,Supervisor De Embalagem E Etiquetagem,18,4388.77
Pindamonhangaba,Técnico De Manutenção Eletrônica,18,2128.42
Pindamonhangaba,Atleta Profissional De Futebol,18,1307.69
Dourado,Serrador De Madeira,18,1803.53
Araçatuba,Funileiro De Veículos (Reparação),18,2578.76
Itu,Professor Leigo No Ensino Fundamental,18,1814.86
Porto Feliz,Ajustador Mecânico,18,2420.42
Araçatuba,Desossador,18,2077.93
Itu,Gerente De Compras,18,7328.59
Itupeva,Gerente De Compras,18,11834.47
Itupeva,Escrevente,18,3193.29
Americana,Ajustador Mecânico (Usinagem Em Bancada E Em Máquinas-Ferramentas),18,2789.02
Cabreúva,Trabalhador Da Avicultura De Postura,18,1506.39
Itapeva,Carpinteiro,18,1695.09
Araçatuba,Chefe De Cozinha,17,2842.79
Porto Feliz,Músico Arranjador,17,2775.94
Americana,Operador De Filtro De Tambor Rotativo (Tratamentos Químicos E Afins),17,2382.07
Charqueada,Pedreiro,17,1925.86
Araçatuba,Inspetor De Risco,17,1729.5
Itapeva,Mãe Social,17,1151.14
Americana,Analista De Logistica,17,3731.12
Itu,Professor De Ensino Superior Na Área De Prática De Ensino,17,2804.32
Piedade,Demonstrador De Mercadorias,17,1640.26
Araçatuba,Ajudante De Confecção,17,1510.57
Cabreúva,Técnico Eletrônico,17,6551.44
Araçoiaba da Serra,Gerente De Produção E Operações,17,7568.7
Americana,Pintor A Pincel E Rolo (Exceto Obras E Estruturas Metálicas),17,2589.91
Pindamonhangaba,Professor De Matemática No Ensino Médio,17,1392.57
Araçatuba,Editor De Mídia Audiovisual,17,2445.89
Ibiúna,Analista De Recursos Humanos,17,3633.64
Araçatuba,"Mecânico De Manutenção De Máquinas Cortadoras De Grama, Roçadeiras, Motosserras E Similares",17,2001.92
Cabreúva,Gerente De Projetos E Serviços De Manutenção,17,14131.14
Piedade,Médico Clínico,17,10911.96
Piedade,Gerente De Produção E Operações,17,4303.94
Cerquilho,Desenvolvedor De Sistemas De Tecnologia Da Informação (Técnico),17,3340.11
Cabreúva,Gerente De Contas - Pessoa Física E Jurídica,17,6195.81
Boituva,Gerente De Projetos E Serviços De Manutenção,17,10857.51
Itapeva,Operador De Área De Corrida,17,3382.48
Araçatuba,Mecânico De Manutenção De Máquinas-Ferramentas (Usinagem De Metais),17,2137.41
Itu,Costureira De Peças Sob Encomenda,17,1512.71
Porto Feliz,Forneiro (Materiais De Construção),17,1847.51
Boituva,Montador De Equipamentos Elétricos,17,2581.72
Pindamonhangaba,Temperador De Metais E De Compósitos,17,4088.65
Boituva,Pintor De Obras,17,1905.99
Boituva,"Operador De Utilidade (Produção E Distribuição De Vapor, Gás, Óleo, Combustível, Energia, Oxigênio)",17,4593.44
Itu,Corretor De Seguros,17,6362.17
Macatuba,Agente Comunitário De Saúde,17,1885.47
Itapetininga,Pintor De Obras,17,1674.75
Macatuba,Supervisor Administrativo,17,4207.29
Itu,Metalizador A Pistola,17,2870.57
Americana,Chapeador,17,2821.73
Americana,Biólogo,17,5663.78
Cerquilho,Caldeireiro (Chapas De Ferro E Aço),17,3352.13
Itapetininga,Técnico De Vendas,17,4832.66
Pindamonhangaba,Operador De Forno De Tratamento Térmico De Metais,17,3477.38
Araçoiaba da Serra,Vendedor Em Comércio Atacadista,17,2072.66
Americana,Professor De Língua Portuguesa Do Ensino Fundamental,17,4651.48
Itapeva,Vidraceiro,17,1503.56
Itapetininga,Borracheiro,17,1716.23
Itu,Supervisor De Montagem E Instalação Eletroeletrônica,17,6566.56
Porto Feliz,Recepcionista De Hotel,17,2221.24
Itapetininga,Polidor De Pedras,17,1960.58
Araçatuba,Professor De Nível Superior Na Educação Infantil (Zero A Três Anos),17,1448.8
Boituva,Bombeiro Civil,17,5001.68
Pindamonhangaba,Fiscal De Transportes Coletivos (Exceto Trem),17,2376.29
Dourado,Gerente Administrativo,17,3943.65
Araçatuba,Mãe Social,17,1522.03
Porto Feliz,Mestre De Produção Química,17,11156.13
Cerquilho,Gerente De Restaurante,17,2718.69
Araçariguama,Professor De Educação Física Do Ensino Fundamental,17,4152.7
Itu,"Produtor Agropecuário, Em Geral",17,1409.15
Macatuba,Vigia,17,1795.54
Porto Feliz,Lavador De Roupas,17,2348.99
Cabreúva,Coletor De Lixo Domiciliar,17,1769.15
Araçatuba,Professor De Dança,17,1172.56
Itapeva,Borracheiro,17,2332.23
Itapetininga,Professor De Música No Ensino Superior,17,2640.67
Porto Feliz,Encarregado De Acabamento De Chapas E Metais  (Têmpera),17,3900.56
Cerquilho,Especialista Em Calibrações Metrológicas,17,2713.55
Pindamonhangaba,Demonstrador De Mercadorias,17,1976.09
Cerquilho,Professor De Administração,17,1440.22
Americana,Supervisor De Recepcionistas,17,2631.54
Boituva,Analista De Folha De Pagamento,17,3285.66
Boituva,Diretor De Instituição Educacional Pública,17,9755.67
Araçoiaba da Serra,Técnico Em Segurança Do Trabalho,17,4193.46
Porto Feliz,Auxiliar De Cartório,17,2589.27
Araçatuba,Supervisor De Carga E Descarga,17,4027.2
Dourado,Queijeiro Na Fabricação De Laticínio,17,2004.64
Cerquilho,Auxiliar De Pessoal,17,2728.38
Itupeva,Gerente De Operações De Serviços De Assistência Técnica,17,10951.52
Boituva,Marceneiro,17,2053.2
Charqueada,Alambiqueiro,17,1996.49
Itupeva,Assistente De Laboratório Industrial,17,2913.61
Araçatuba,Instalador-Reparador De Equipamentos De Comutação Em Telefonia,17,1827.68
Araçoiaba da Serra,"Mecânico De Manutenção De Máquinas, Em Geral",17,3156.89
Piedade,Professor De Educação Artística Do Ensino Fundamental,17,2684.99
Boituva,Auditor (Contadores E Afins),17,7365.53
Araçatuba,Editor De Texto E Imagem,17,2116.69
Itupeva,Marceneiro,17,2432.53
Americana,Gerente De Desenvolvimento De Sistemas,17,12212.77
Itupeva,Desenvolvedor De Sistemas De Tecnologia Da Informação (Técnico),17,4682.76
Itu,Engenheiro Eletrônico,17,10423.01
Piedade,Confeiteiro,17,1811.81
Itu,Técnico Em Saúde Bucal,17,2845.75
Itupeva,Mestre (Construção Civil),17,4197.85
Araçatuba,Operador De Máquina De Fabricar Papel E Papelão,17,3769.19
Itupeva,Economista Do Setor Público,17,5743.44
Pindamonhangaba,Forneiro De Reaquecimento E Tratamento Térmico Na Metalurgia,17,6016.48
Itu,Técnico De Obras Civis,17,3130.85
Itu,Pesquisador De Engenharia E Tecnologia (Outras Áreas Da Engenharia),17,7536.99
Itu,Operador De Trator De Lâmina,17,2458.63
Itapetininga,Montador De Estruturas Metálicas,17,1335.41
Americana,Desenvolvedor Web (Técnico),17,3906.72
Itapetininga,Cobrador Externo,17,2434.11
Ibiúna,Sepultador,17,2168.97
Araçatuba,Professor De Educação Física No Ensino Superior,17,5279.47
Araçariguama,Operador Eletromecânico,17,4682.08
Itu,Inspetor De Risco,17,1942.65
Itu,Supervisor De Recepcionistas,17,2752.59
Americana,Corretor De Imóveis,17,1897.55
Araçariguama,Instalador-Reparador De Redes Telefônicas E De Comunicação De Dados,17,2323.29
Itupeva,Tingidor De Roupas,17,612.1
Itu,Professor De Nível Superior Na Educação Infantil (Zero A Três Anos),17,2768.6
Americana,Churrasqueiro,17,2031.34
Itupeva,Fisioterapeuta Geral,17,4637.96
Itupeva,Mecânico De Manutenção De Empilhadeiras E Outros Veículos De Cargas Leves,17,4195.56
Itupeva,Ajustador Mecânico Em Bancada,17,2065.35
Itapetininga,Mestre De Produção Química,17,8533.06
Boituva,Zelador De Edifício,17,1960.6
Cabreúva,Auxiliar De Pessoal,17,1817.09
Itupeva,Impressor (Serigrafia),17,2643.9
Porto Feliz,Analista De Suporte Computacional,17,3269.2
Itupeva,Cobrador Interno,17,2325.82
Araçoiaba da Serra,Técnico De Suporte Ao Usuário De Tecnologia Da Informação,17,1702.54
Cabreúva,Desenhista Projetista Mecânico,17,5203.57
Araçatuba,Técnico Em Saúde Bucal,17,2967.39
Itapeva,Professor Instrutor De Ensino E Aprendizagem Em Serviços,17,983.4
Itu,Metrologista,17,3971.03
Itupeva,Controlador De Serviços De Máquinas E Veículos,17,5373.9
Araçatuba,Caseiro (Agricultura),17,1637.9
Araçariguama,Operador De Inspeção De Qualidade,17,3159.13
Charqueada,Guarda-Civil Municipal,17,2612.24
Itu,Impressor Flexográfico,17,4457.64
Itupeva,Professor De Nível Superior Na Educação Infantil (Quatro A Seis Anos),17,2783.98
Itu,Operador De Telemarketing Técnico,17,1587.91
Itupeva,Analista De Folha De Pagamento,17,3964.93
Americana,Professor De Química No Ensino Médio,17,2185.93
Americana,Engenheiro Mecânico,17,7458.43
Porto Feliz,Encarregado De Costura Na Confecção Do Vestuário,17,2166.25
Araçatuba,Supervisor De Exploração Agrícola,17,2797.14
Araçatuba,Psicólogo Social,17,3544.03
Porto Feliz,Técnico Mecânico Na Manutenção De Ferramentas,17,2054.56
Araçatuba,Cartazeiro,17,2000.78
Porto Feliz,Mestre (Construção Civil),17,2586.98
Ibiúna,Fiscal De Tributos Municipal,17,2636.67
Boituva,Operador De Estação De Tratamento De Água E Efluentes,17,2681.99
Itupeva,Retalhador De Carne,17,1975.73
Cabreúva,Guincheiro (Construção Civil),17,2682.71
Itapeva,Trabalhador Na Produção De Mudas E Sementes,17,1241.15
Itu,Barman,16,1778.25
Araçatuba,Supervisor De Crédito E Cobrança,16,3231.47
Americana,Gerente De Riscos,16,7235.09
Cabreúva,Psicólogo Clínico,16,6646.82
Araçatuba,Retalhador De Carne,16,1579.71
Americana,"Supervisor Da Confecção De Artefatos De Tecidos, Couros E Afins",16,3640.91
Itu,Técnico Em Eletromecânica,16,7452.44
Porto Feliz,"Tecelão De Malhas, A  Máquina",16,1987.26
Americana,Mestre De Usinagem,16,5678.26
Araçatuba,Montador De Instrumentos De Óptica,16,2250.76
Pindamonhangaba,Pizzaiolo,16,1480.89
Itu,Biomédico,16,3232.05
Araçariguama,Vendedor Em Comércio Atacadista,16,5021.11
Itu,Cartazeiro,16,1302.25
Cerquilho,Moldador De Plástico Por Injeção,16,1710.99
Araçariguama,Supervisor De Logística,16,5845.63
Araçatuba,Pintor De Estruturas Metálicas,16,1954.71
Araçariguama,Professor De Matemática Do Ensino Fundamental,16,4455.61
Araçoiaba da Serra,Motorista De Furgão Ou Veículo Similar,16,2233.74
Itapetininga,Supervisor De Manutenção De Máquinas Industriais Têxteis,16,3046.02
Itu,Operador De Guindaste Móvel,16,4770.45
Itu,Forneiro De Fundição (Forno De Redução),16,3557.88
Cabreúva,Encarregado De Manutenção Mecânica De Sistemas Operacionais,16,7295.68
Cabreúva,Operador De Máquina De Dobrar Chapas,16,3549.93
Americana,Instalador-Reparador De Linhas E Aparelhos De Telecomunicações,16,2101.33
Porto Feliz,Forneiro E Operador (Alto-Forno),16,2001.87
Itu,Operador De Jato Abrasivo,16,3400.67
Americana,Chefe De Serviço De Transporte Rodoviário (Passageiros E Cargas),16,3417.08
Itapetininga,Professor De Administração,16,2393.9
Americana,Supervisor De Contas A Pagar,16,4637.97
Americana,Operador De Máquina Perfuratriz,16,3270.2
Araçariguama,Gerente De Logística (Armazenagem E Distribuição),16,10159.6
Itu,Auxiliar De Seguros,16,1430.48
Itu,Mecânico De Manutenção De Motocicletas,16,2084.31
Americana,"Bobinador Eletricista, À Máquina",16,1875.07
Americana,Tecelão (Tear Jacquard),16,2217.47
Itu,Técnico Eletricista,16,2452.39
Itapeva,Mestre De Alto-Forno,16,4850.26
Itupeva,"Eletrotécnico Na Fabricação, Montagem E Instalação De Máquinas E Equipamentos",16,5847.93
Itu,Assistente Comercial De Seguros,16,2433.86
Dourado,Governanta De Hotelaria,16,2492.1
Araçoiaba da Serra,Preparador De Estruturas Metálicas,16,1723.98
Porto Feliz,Gerente De Projetos E Serviços De Manutenção,16,11288.33
Araçatuba,Professor De Língua Estrangeira Moderna Do Ensino Fundamental,16,2475.83
Itapetininga,Operador De Trator De Lâmina,16,1629.25
Itu,Gerente De Suporte Técnico De Tecnologia Da Informação,16,8472.61
Itu,Maître,16,2584.66
Itupeva,Técnico Em Mecatrônica - Automação Da Manufatura,16,6148.21
Araçatuba,Professor De Língua Estrangeira Moderna No Ensino Médio,16,1074.23
Americana,Pintor De Veículos (Reparação),16,2822.86
Araçatuba,Agente De Viagem,16,1755.75
Itupeva,Borracheiro,16,1441.13
Araçatuba,Professor De Antropologia Do Ensino Superior,16,2901.72
Americana,Apresentador De Eventos,16,862.46
Itapetininga,Gerente De Pesquisa E Desenvolvimento (P&D),16,11438.76
Itu,Monitor De Sistemas Eletrônicos De Segurança Interno,16,1849.11
Pindamonhangaba,Professor Leigo No Ensino Fundamental,16,182.63
Araçariguama,Dirigente Do Serviço Público Federal,16,3602.15
Itapetininga,Advogado,16,5319.81
Piedade,Professor De Disciplinas Pedagógicas No Ensino Médio,16,1378.98
Itapeva,Gerente De Produção E Operações,16,8545.75
Cabreúva,Copeiro,16,1758.77
Pindamonhangaba,Recebedor De Apostas (Loteria),16,1249.66
Pindamonhangaba,Operador De Máquina Perfuratriz,16,2273.78
Itapeva,Gerente De Departamento Pessoal,16,3116.36
Dourado,Agente Comunitário De Saúde,16,1865.01
Pindamonhangaba,"Operador De Extrusora (Química, Petroquímica E Afins)",16,5507.29
Pindamonhangaba,Vidraceiro,16,1417.36
Itu,Lustrador De Peças De Madeira,16,2414.29
Boituva,Mecânico De Veículos Automotores A Diesel (Exceto Tratores),16,3099.54
Cabreúva,Gerente De Compras,16,8473.21
Cabreúva,Engenheiro De Produção,16,8811
Cerquilho,Eletricista De Instalações,16,3066.32
Macatuba,Assistente De Vendas,16,1603.87
Cabreúva,Galvanizador,16,3760.63
Cerquilho,Conferente-Expedidor De Roupas (Lavanderias),16,2065.29
Ibiúna,Tratador De Animais,16,1420.68
Cabreúva,"Eletrotécnico Na Fabricação, Montagem E Instalação De Máquinas E Equipamentos",16,6381.14
Itupeva,Supervisor De Transportes,16,4707.56
Dourado,Pedreiro,16,2142.13
Piedade,Estoquista,16,1895.36
Araçariguama,Alvejador (Tecidos),16,2019.4
Itupeva,Analista De Negócios,16,4970.31
Porto Feliz,Operador De Pá Carregadeira,16,2646.65
Araçatuba,Professor De Psicologia Do Ensino Superior,16,5302.85
Boituva,Cirurgião Dentista - Clínico Geral,16,7835.34
Araçoiaba da Serra,Trabalhador Da Cultura De Milho E Sorgo,16,1511.64
Araçoiaba da Serra,Agente De Portaria,16,1839.63
Cabreúva,Gerente De Logística (Armazenagem E Distribuição),16,12118.3
Itapetininga,"Produtor Agropecuário, Em Geral",16,1407.47
Cerquilho,Trabalhador De Serviços De Limpeza E Conservação De Áreas Públicas,16,1151.16
Itupeva,Mestre (Indústria De Automotores E Material De Transportes),16,8701.72
Itapeva,Serralheiro,16,1920.75
Boituva,Psicólogo Clínico,16,4173.15
Boituva,Professor De História Do Ensino Fundamental,16,4859.16
Itapetininga,Mecânico De Manutenção De Motores Diesel (Exceto De Veículos Automotores),16,2094.47
Boituva,"Confeccionador De Bolsas, Sacos E Sacolas E Papel, A Máquina",16,1722.73
Piedade,Motorista De Ônibus Urbano,16,2855.86
Itapeva,Pintor De Obras,16,1809.22
Itapeva,Fiscal De Tributos Municipal,16,5251.64
Itupeva,Barman,16,2775.47
Araçatuba,Curtidor (Couros E Peles),16,2217.25
Pindamonhangaba,Operador De Betoneira,16,2697.09
Itapeva,Motofretista,16,2390.73
Cabreúva,Auxiliar De Enfermagem,16,2090.44
Itu,"Supervisor De Manutenção Eletromecânica Industrial, Comercial E Predial",16,7392
Macatuba,Almoxarife,16,2269.32
Boituva,Recepcionista De Hotel,16,2084.89
Araçatuba,Projetista De Móveis,16,2028.84
Ibiúna,Técnico De Comunicação De Dados,16,1941.3
Boituva,Encanador,16,2207.28
Itapeva,Operador De Escavadeira,16,2855.15
Araçoiaba da Serra,"Eletricista De Manutenção De Linhas Elétricas, Telefônicas E De Comunicação De Dados",16,3514.7
Araçatuba,Tosador De Animais Domésticos,16,1677.9
Itapeva,Pedreiro De Edificações,16,2262.29
Itapetininga,Supervisor De Vendas De Serviços,16,4021.63
Boituva,Professor De Nível Médio No Ensino Fundamental,16,2499.71
Porto Feliz,Agente De Trânsito,16,3622.29
Cabreúva,Apontador De Mão-De-Obra,16,5558.33
Itapetininga,Técnico Em Saúde Bucal,16,1755.7
Boituva,Auxiliar De Cartório,16,2135.17
Macatuba,Atendente De Lanchonete,16,1419.69
Cerquilho,"Eletricista De Instalações (Veículos Automotores E Máquinas Operatrizes, Exceto Aeronaves E Embarcações)",16,2887.65
Cabreúva,Gerente De Recursos Humanos,16,9964.02
Boituva,"Embalador, A Máquina",16,2120.49
Piedade,Motofretista,16,1911.92
Boituva,Encarregado De Manutenção Mecânica De Sistemas Operacionais,16,6944.23
Americana,Condutor De Ambulância,16,4118.69
Americana,Professor De Educação Artística Do Ensino Fundamental,16,1759.06
Pindamonhangaba,Nutricionista,16,3326.88
Itapeva,Monitor De Dependente Químico,16,2134.3
Pindamonhangaba,Técnico Em Atendimento E Vendas,16,9019.71
Pindamonhangaba,Professor Instrutor De Ensino E Aprendizagem Em Serviços,16,1073.09
Cabreúva,Trabalhador Da Elaboração De Pré-Fabricados (Cimento Amianto),16,1382.87
Araçatuba,Terapeuta Ocupacional,16,3309.13
Itapetininga,Alinhador De Pneus,16,1944.1
Americana,Auxiliar De Serviços Jurídicos,16,2240.24
Americana,Tratador De Animais,16,2478.4
Cabreúva,Recepcionista De Consultório Médico Ou Dentário,16,1416.52
Cabreúva,Secretária(O) Executiva(O),16,7620.82
Cabreúva,Técnico Químico,16,6053.6
Cabreúva,Eletricista De Instalações,16,2598.79
Boituva,Trabalhador Da Pecuária (Bovinos Corte),16,1409.25
Araçatuba,Técnico Em Manutenção De Máquinas,16,2844.7
Itupeva,Pintor De Estruturas Metálicas,15,2370.7
Itapetininga,Técnico De Desporto Individual E Coletivo (Exceto Futebol),15,3075.07
Itapetininga,Comerciante Atacadista,15,1453.56
Araçoiaba da Serra,Gerente De Loja E Supermercado,15,2998.41
Araçatuba,Arquiteto De Edificações,15,6547.39
Itu,Técnico De Laboratório Industrial,15,2737.64
Itu,Auxiliar De Veterinário,15,1463.31
Itu,Diretor Comercial,15,29948.08
Itapetininga,Projetista De Móveis,15,1536.91
Americana,Bamburista,15,4628.76
Itupeva,Auxiliar De Laboratório De Análises Físico-Químicas,15,2746.8
Itapetininga,Auxiliar De Prótese Dentária,15,1741.34
Americana,Polidor De Metais,15,2317.78
Itu,Operador De Computador,15,2728.06
Itupeva,Estampador De Tecido,15,1005.96
Dourado,Comprador,15,4278.64
Charqueada,Professor De Nível Superior Na Educação Infantil (Zero A Três Anos),15,1964.18
Araçatuba,Técnico Em Atendimento E Vendas,15,6944.96
Itupeva,Coordenador Pedagógico,15,3695.73
Itu,Esteticista,15,1894.45
Itupeva,Editor De Texto E Imagem,15,3697.63
Itapeva,Técnico Químico,15,4756.46
Itapeva,Balanceiro,15,2942.94
Itupeva,Assistente Social,15,4389.15
Ibiúna,Gerente De Contas - Pessoa Física E Jurídica,15,4914.05
Americana,Diretor De Instituição Educacional Pública,15,9823.06
Cerquilho,Trabalhador Na Produção De Mudas E Sementes,15,1590.72
Pindamonhangaba,Vendedor Em Comércio Atacadista,15,2676.75
Itu,Polidor De Metais,15,3023.05
Itapeva,Técnico Florestal,15,4461.1
Americana,Agente De Portaria,15,1713.39
Araçoiaba da Serra,Eletricista De Manutenção Eletroeletrônica,15,2783.49
Ibiúna,Recepcionista De Consultório Médico Ou Dentário,15,3822.12
Dourado,Frentista,15,1726.65
Araçoiaba da Serra,Ligador De Linhas Telefônicas,15,1712.97
Charqueada,Trabalhador Em Criatórios De Animais Produtores De Veneno,15,2023.64
Americana,Supervisor De Lavanderia,15,2306.49
Araçatuba,"Revestidor De Interiores (Papel, Material Plástico E Emborrachados)",15,2972.08
Itapetininga,Instrutor De Aprendizagem E Treinamento Industrial,15,2327.22
Cerquilho,Operador De Escavadeira,15,2950.53
Itupeva,Supervisor De Fabricação De Produtos De Vidro,15,8220.16
Itapetininga,Atendente De Agência,15,2668.09
Araçatuba,Técnico De Contabilidade,15,4933.87
Porto Feliz,Temperador De Metais E De Compósitos,15,2691.27
Itapeva,Trabalhador De Pecuária Polivalente,15,1391.2
Araçatuba,Oleiro (Fabricação De Tijolos),15,1190.89
Porto Feliz,Caixa De Banco,15,2427.09
Porto Feliz,Médico Da Estratégia De Saúde Da Família,15,14685.67
Cerquilho,Montador De Móveis E Artefatos De Madeira,15,2212.59
Cabreúva,Estoquista,15,1717.96
Boituva,Fosfatizador,15,2993.38
Cabreúva,Cuidador Em Saúde,15,1771.06
Dourado,Técnico De Contabilidade,15,3900.52
Americana,Mestre De Fundição,15,9425.28
Itu,Banhista De Animais Domésticos,15,1495.47
Pindamonhangaba,Operador De Bomba De Concreto,15,2684.39
Piedade,Técnico De Planejamento De Produção,15,3847.62
Araçoiaba da Serra,Carregador (Armazém),15,1535.84
Cerquilho,Secretária(O) Executiva(O),15,2382.61
Boituva,Técnico De Manutenção Elétrica,15,6451.66
Dourado,"Mecânico De Manutenção De Máquinas, Em Geral",15,3959.15
Pindamonhangaba,Ciclista Mensageiro,15,1801.1
Araçatuba,Gerente De Recursos Humanos,15,7253.14
Itu,Técnico De Laboratório De Análises Físico-Químicas (Materiais De Construção),15,3137.8
Piedade,Vendedor Em Domicílio,15,2658.68
Araçatuba,Cortador De Roupas,15,1506.89
Itapeva,Ceramista,15,1750.78
Americana,Professor De Geografia Do Ensino Fundamental,15,3346.14
Pindamonhangaba,Professor De Alunos Com Deficiência Mental,15,2008.06
Cerquilho,Assistente Social,15,5374.71
Pindamonhangaba,Preparador De Panelas,15,4187.64
Araçariguama,Enfermeiro,15,5312.13
Itupeva,Acabador De Superfícies De Concreto,15,1937.84
Araçatuba,Supervisor De Logística,15,5701.48
Charqueada,Escriturário De Banco,15,7438.79
Araçatuba,Eletrotécnico,15,1866.42
Cerquilho,Vigilante,15,2755.66
Porto Feliz,Bombeiro Civil,15,4224.26
Itupeva,Balanceiro,15,2140.29
Itapetininga,Laboratorista Fotográfico,15,1711.33
Itupeva,Montador De Filmes,15,3198.82
Araçariguama,Gerente De Vendas,15,20369.07
Itupeva,"Eletricista De Instalações (Veículos Automotores E Máquinas Operatrizes, Exceto Aeronaves E Embarcações)",15,2468.36
Macatuba,Escriturário De Banco,15,9147.51
Araçatuba,Professor De Matemática Aplicada (No Ensino Superior),15,1979.54
Itupeva,Cementador De Metais,15,3819.31
Itapeva,Leiturista,15,2728.6
Araçatuba,Gerente De Marketing,15,4658.27
Itapeva,Recreador,15,1421.61
Pindamonhangaba,Técnico Em Instrumentação,15,7570.07
Boituva,Instrutor De Auto-Escola,15,2654.93
Pindamonhangaba,Operador De Câmera De Televisão,15,2747.08
Araçoiaba da Serra,Instrutor De Cursos Livres,15,2357.47
Piedade,Operador De Máquinas-Ferramenta Convencionais,15,3149.97
Itapetininga,Banhista De Animais Domésticos,15,1052.35
Itapetininga,Gerente De Projetos E Serviços De Manutenção,15,6987.16
Itapetininga,Analista De Logistica,15,2797.07
Itu,Montador De Instrumentos De Precisão,15,2067.07
Araçatuba,Operador De Bate-Estacas,15,1902.62
Araçatuba,Gerente De Recuperação De Crédito,15,8188.59
Cabreúva,Operador De Máquinas De Construção Civil E Mineração,15,3389.46
Itapetininga,Engenheiro Florestal,15,12265.31
Pindamonhangaba,Operador De Processos Químicos E Petroquímicos,15,3950.61
Itapetininga,Digitador,15,2289.33
Piedade,Montador De Equipamentos Elétricos (Instrumentos De Medição),15,2189.81
Pindamonhangaba,Auxiliar De Laboratório De Análises Físico-Químicas,15,2692.53
Araçariguama,Caldeireiro (Chapas De Ferro E Aço),15,4967.76
Araçatuba,Supervisor De Ensino,15,6713.54
Itapeva,Mecânico De Manutenção De Motores Diesel (Exceto De Veículos Automotores),15,1871.23
Cabreúva,Auxiliar Em Saúde Bucal,15,1961.06
Ibiúna,Guardador De Veículos,15,1212.61
Dourado,Trabalhador Da Cultura De Cana-De-Açúcar,15,1891.57
Itu,Fundidor De Metais,15,2553.72
Itapeva,Técnico Em Manutenção De Equipamentos De Informática,15,1708.67
Macatuba,Inspetor De Qualidade,15,2743
Cerquilho,"Confeccionador De Bolsas, Sacos E Sacolas E Papel, A Máquina",15,1611.71
Itapeva,Mestre (Construção Civil),15,2557.75
Araçariguama,Salgador De Alimentos,15,2268.72
Itu,Orientador Educacional,15,2611.04
Araçariguama,Técnico De Laboratório Industrial,15,4455.01
Macatuba,Técnico Eletricista,15,5345.51
Macatuba,Auxiliar Em Saúde Bucal,15,1750.11
Araçatuba,Enfermeiro Auditor,15,4367.29
Pindamonhangaba,Gerente De Agência,15,11032.54
Itu,"Supervisor De Fabricação De Produtos Cerâmicos, Porcelanatos E Afins",14,4470.07
Araçatuba,Desenhista Projetista De Construção Civil,14,2905.24
Araçariguama,Motorista Operacional De Guincho,14,2457
Dourado,Analista De Recursos Humanos,14,4194.93
Itupeva,Químico,14,14073.84
Ibiúna,Auxiliar De Logistica,14,1485.43
Cabreúva,Fisioterapeuta Geral,14,4262.36
Americana,"Técnico De Utilidade (Produção E Distribuição De Vapor, Gases, Óleos, Combustíveis, Energia)",14,6950.86
Araçatuba,Emissor De Passagens,14,1366.37
Cabreúva,Economista Financeiro,14,5434.72
Itapetininga,Orientador Educacional,14,2908.8
Itu,Técnico Em Secretariado,14,3275.82
Piedade,Gerente De Contas - Pessoa Física E Jurídica,14,4926.14
Araçoiaba da Serra,Psicólogo Clínico,14,2829.48
Pindamonhangaba,Operador De Máquina De Dobrar Chapas,14,3347.27
Itapeva,Professor De Educação Física No Ensino Superior,14,1409.04
Porto Feliz,Economista Financeiro,14,7664.96
Itupeva,Atendente Comercial (Agência Postal),14,2573.64
Porto Feliz,Operador De Máquina De Fabricar Papel (Fase Seca),14,2540.84
Araçariguama,"Operador De Produção (Química, Petroquímica E Afins)",14,3314.4
Cerquilho,Mestre (Construção Civil),14,2978.5
Pindamonhangaba,Autor-Roteirista,14,2542.53
Itu,Pedagogo,14,4806.15
Boituva,Engenheiro Civil,14,9513.4
Cabreúva,Contramestre De Tecelagem (Indústria Têxtil),14,2932.4
Araçariguama,Prensista (Operador De Prensa),14,2308.63
Ibiúna,Controlador De Entrada E Saída,14,1894.72
Itu,Fonoaudiólogo Geral,14,4150.73
Americana,Professor De Alunos Com Deficiência Mental,14,2571.31
Araçariguama,Balanceiro,14,1819.23
Itu,Gerente De Hotel,14,5805.43
Americana,Eletricista De Instalações (Edifícios),14,2721.87
Itu,Gerente De Agência,14,11076.23
Pindamonhangaba,Psicólogo Educacional,14,1727.49
Itapeva,Jardineiro,14,1574.4
Itu,Técnico Mecânico (Máquinas),14,3408.56
Porto Feliz,Técnico Em Secretariado,14,2800.57
Itupeva,Chefe De Cozinha,14,3710.66
Itu,Técnico Em Patologia Clínica,14,2375.13
Porto Feliz,Acabador De Superfícies De Concreto,14,2785.81
Itupeva,Técnico Em Radiologia E Imagenologia,14,5860.49
Dourado,Professor De Alunos Com Deficiência Múltipla,14,3618.07
Porto Feliz,Instrutor De Cursos Livres,14,2146.94
Itupeva,Analista De Pcp (Programação E Controle Da Produção),14,3784.71
Cabreúva,"Operador De Máquinas De Fabricação De Doces, Salgados E Massas Alimentícias",14,2672.55
Porto Feliz,Técnico Mecânico (Máquinas),14,8211.63
Boituva,Cozinheiro Industrial,14,1749.7
Ibiúna,Serralheiro,14,1589.38
Itapeva,"Mecânico De Manutenção De Máquinas Cortadoras De Grama, Roçadeiras, Motosserras E Similares",14,2414.4
Cerquilho,Estoquista,14,2142.52
Itupeva,Agente De Portaria,14,1658.2
Itapetininga,Operador De Estação De Tratamento De Água E Efluentes,14,1901.4
Araçatuba,Gerente De Compras,14,4632.66
Itapetininga,"Mestre (Indústria De Celulose, Papel E Papelão)",14,7772.05
Cabreúva,Garçom,14,1615.76
Araçariguama,Pintor De Obras,14,2039.43
Itapetininga,Trabalhador De Fabricação De Sorvete,14,1446.15
Itapeva,Marmorista (Construção),14,1387.76
Araçariguama,Dirigente Do Serviço Público Municipal,14,4019.28
Itapeva,Instalador-Reparador De Equipamentos De Transmissão Em Telefonia,14,1518.38
Araçatuba,Professor De Contabilidade,14,4137.41
Americana,Moldador De Plástico Por Compressão,14,2058.93
Pindamonhangaba,Economista Financeiro,14,6027.65
Itupeva,Engenheiro Eletrônico,14,10675.13
Itu,Auxiliar De Serviços Jurídicos,14,1652.35
Itapeva,Funileiro De Veículos (Reparação),14,2227.66
Pindamonhangaba,Mestre (Indústria De Borracha E Plástico),14,7901.74
Cabreúva,Técnico Mecânico (Máquinas),14,4060.06
Charqueada,"Operador De Máquinas Fixas, Em Geral",14,2631.28
Boituva,Trabalhador Da Elaboração De Pré-Fabricados (Concreto Armado),14,1549.38
Pindamonhangaba,Telefonista,14,2033.82
Itapetininga,Expedidor De Mercadorias,14,2269.65
Cabreúva,Analista Financeiro (Instituições Financeiras),14,3774.58
Araçatuba,Diretor Geral De Empresa E Organizações (Exceto De Interesse Público),14,6381.56
Boituva,Eletricista De Instalações,14,2703.03
Piedade,Secretária(O) Executiva(O),14,3087.13
Araçariguama,Padeiro,14,2411.44
Piedade,Encarregado De Acabamento De Chapas E Metais  (Têmpera),14,3037.11
Araçariguama,Diretor De Instituição Educacional Pública,14,2452.12
Araçatuba,Bibliotecário,14,6348.01
Pindamonhangaba,Cartazeiro,14,1598.8
Itu,Analista De Crédito (Instituições Financeiras),14,2825.42
Araçatuba,Professor De Ensino Superior Na Área De Prática De Ensino,14,2587.51
Itapeva,Promotor De Vendas,14,1643.16
Itapetininga,Atendente De Judiciário,14,2060.16
Pindamonhangaba,Biomédico,14,3523
Charqueada,Soldador,14,2700.07
Itapeva,Operador De Guindaste Móvel,14,2837.95
Boituva,Caixa De Banco,14,3614.18
Itu,Fiscal De Transportes Coletivos (Exceto Trem),14,2292.51
Charqueada,Auxiliar De Logistica,14,1946.36
Itapeva,Mecânico De Manutenção De Motocicletas,14,1501.87
Itapetininga,Técnico De Manutenção Elétrica,14,4798.3
Araçatuba,Analista De Pcp (Programação E Controle Da Produção),14,3432.38
Araçatuba,Controlador De Entrada E Saída,14,2360.48
Itu,Cortador De Pedras,14,2001.2
Itu,Professor De Disciplinas Pedagógicas No Ensino Médio,14,2433.05
Americana,Agente De Viagem,14,2524.26
Itu,Agente Funerário,14,3270.23
Americana,Aplicador De Asfalto Impermeabilizante (Coberturas),14,2739.22
Araçariguama,Forneiro E Operador (Alto-Forno),14,4697.98
Boituva,Agente Comunitário De Saúde,14,2215.74
Itu,"Moldador, A  Máquina",14,2922.88
Pindamonhangaba,Professores De Cursos Livres,14,2034.2
Cerquilho,Mecânico De Manutenção E Instalação De Aparelhos De Climatização E  Refrigeração,14,1638.4
Cerquilho,Vendedor Em Domicílio,14,4545.45
Cabreúva,Operador De Filatório,14,1390.36
Araçatuba,Mecânico De Manutenção De Motores Diesel (Exceto De Veículos Automotores),14,2704.05
Charqueada,Operador De Colheitadeira,14,3130.88
Cabreúva,Supervisor De Caixas E Bilheteiros (Exceto Caixa De Banco),14,2620.94
Cerquilho,Cirurgião Dentista - Clínico Geral,14,7512.79
Porto Feliz,Instalador-Reparador De Redes Telefônicas E De Comunicação De Dados,14,2484.12
Cabreúva,"Embalador, A Máquina",14,2399.93
Itapetininga,Terapeuta Ocupacional,14,3141.92
Macatuba,"Operador De Produção (Química, Petroquímica E Afins)",14,3234.1
Araçariguama,Serralheiro,14,2163.19
Americana,Inspetor De Risco,14,2427.19
Americana,Técnico Em Farmácia,14,2269.15
Cabreúva,Cirurgião Dentista De Saúde Coletiva,14,7580.53
Araçatuba,Armador De Estrutura De Concreto,14,1944.08
Araçatuba,Montador De Equipamentos Elétricos,14,1562.28
Porto Feliz,Trabalhador Na Produção De Mudas E Sementes,14,1489.07
Boituva,Professor De Geografia Do Ensino Fundamental,14,5041.09
Porto Feliz,Controlador De Entrada E Saída,14,3382.18
Itapeva,Técnico De Suporte Ao Usuário De Tecnologia Da Informação,14,1811.8
Porto Feliz,Técnico Em Manutenção De Equipamentos De Informática,14,2850.27
Cerquilho,Motofretista,14,1454.35
Charqueada,Professor De Educação Física No Ensino Médio,14,2119.66
Porto Feliz,Gerente De Recursos Humanos,14,11172.57
Itapeva,Telefonista,14,1685.63
Araçatuba,Operador De Equipamento De Destilação De Álcool,14,3802.94
Boituva,Gerente De Compras,14,12243.4
Cabreúva,Supervisor De Compras,14,6630.45
Pindamonhangaba,"Salsicheiro (Fabricação De Lingüiça, Salsicha E Produtos Similares)",14,1565.11
Porto Feliz,Auxiliar De Pessoal,14,2230.48
Ibiúna,Copeiro,14,1162.76
Araçariguama,Montador De Móveis E Artefatos De Madeira,14,1875.6
Piedade,Operador De Motoniveladora,14,2611.29
Americana,Operador De Telemarketing Técnico,14,1409.76
Araçatuba,Operador De Tratamento De Calda Na Refinação De Açúcar,14,2667.62
Araçatuba,Cobrador Externo,14,2070.16
Araçoiaba da Serra,Trabalhador Da Pecuária (Eqüinos),14,2554.78
Americana,Lubrificador De Veículos Automotores (Exceto Embarcações),14,2292.95
Americana,Gerente De Serviços De Saúde,14,6769.35
Araçariguama,"Bordador, À Máquina",14,1812.99
Pindamonhangaba,"Eletricista De Manutenção De Linhas Elétricas, Telefônicas E De Comunicação De Dados",14,3216.51
Pindamonhangaba,Engenheiro Mecânico,14,11155.84
Porto Feliz,Supervisor De Recepcionistas,14,2177.02
Itupeva,Operador De Torno Com Comando Numérico,14,3718.37
Itapetininga,"Operador De Pavimentadora (Asfalto, Concreto E Materiais Similares)",14,2667.55
Piedade,Escrevente,14,2390.49
Americana,Diretor Comercial,14,22499.12
Cerquilho,Operador De Estação De Tratamento De Água E Efluentes,14,4558.96
Piedade,Comprador,14,2935.16
Araçatuba,"Montador De Equipamentos Eletrônicos (Estação De Rádio, Tv E Equipamentos De Radar)",14,3266.2
Araçoiaba da Serra,Encarregado De Manutenção Mecânica De Sistemas Operacionais,14,4323.81
Araçoiaba da Serra,Carregador (Veículos De Transportes Terrestres),14,1658.44
Araçatuba,"Instalador De Cortinas E Persianas, Portas Sanfonadas E Boxe",14,1758.45
Cabreúva,Gerente De Restaurante,14,3381.95
Porto Feliz,Técnico Em Radiologia E Imagenologia,14,4226.26
Itu,Trabalhador Da Cultura De Café,14,1781.73
Boituva,"Eletricista De Instalações (Veículos Automotores E Máquinas Operatrizes, Exceto Aeronaves E Embarcações)",14,2559.39
Americana,Catador De Material Reciclável,14,1259.17
Itapeva,"Operador De Máquina De Usinagem Madeira, Em Geral",14,1964.1
Itupeva,Técnico De Matéria-Prima E Material,14,5844.87
Pindamonhangaba,Operador De Máquina De Envasar Líquidos,14,2379.06
Americana,Administrador De Redes,14,4206.45
Dourado,Lustrador De Peças De Madeira,14,2629.1
Piedade,Instrutor De Auto-Escola,14,2453.38
Araçatuba,Masseiro (Massas Alimentícias),14,1765.62
Americana,Professor De Língua Estrangeira Moderna No Ensino Médio,14,3146.92
Americana,Operador De Linha De Montagem (Aparelhos Elétricos),14,1576.69
Charqueada,Trabalhador Da Cultura De Cana-De-Açúcar,14,1786.2
Cerquilho,Agente Funerário,14,2273.33
Cerquilho,Fisioterapeuta Geral,14,4488.71
Araçariguama,Operador De Pá Carregadeira,14,3071.01
Porto Feliz,Analista De Logistica,14,3334.83
Macatuba,Passador De Roupas Em Geral,13,1327.79
Dourado,Professor De Nível Superior Do Ensino Fundamental (Primeira A Quarta Série),13,4065
Itu,Governanta De Hotelaria,13,2457.79
Araçariguama,Supervisor De Carga E Descarga,13,9206.17
Itupeva,Supervisor De Tesouraria,13,7036.55
Americana,Operador De Máquina De Cordoalha,13,1663.52
Americana,Professor De História Do Ensino Fundamental,13,2684.13
Dourado,Garçom,13,1904.46
Itapetininga,Professor De Antropologia Do Ensino Superior,13,1328.1
Itupeva,Técnico Em Atendimento E Vendas,13,2800.2
Itu,Visitador Sanitário,13,3617.71
Porto Feliz,Pintor De Obras,13,1798.4
Itu,Montador De Veículos (Reparação),13,2677.62
Americana,"Tecelão (Tear Mecânico, Exceto Jacquard)",13,2541.97
Araçoiaba da Serra,Armador De Estrutura De Concreto Armado,13,1896.6
Araçariguama,Gerente Financeiro,13,6522.75
Cerquilho,Auxiliar De Manutenção Predial,13,1683.36
Pindamonhangaba,Operador De Talha Elétrica,13,2106.95
Itapeva,Gerente Financeiro,13,3021.11
Boituva,Auxiliar Geral De Conservação De Vias Permanentes (Exceto Trilhos),13,1663.89
Cerquilho,Tecnólogo Em Produção Industrial,13,5797.72
Itu,Técnico Em Instalação De Equipamentos De Áudio,13,2002.15
Porto Feliz,Impressor De Corte E Vinco,13,2685.29
Pindamonhangaba,Encanador,13,2717.44
Cabreúva,Mecânico De Veículos Automotores A Diesel (Exceto Tratores),13,2525.44
Araçatuba,Barman,13,1567.46
Araçoiaba da Serra,Motofretista,13,1637.63
Boituva,Supervisor De Tesouraria,13,7136.43
Boituva,Tratador De Animais,13,1945.3
Cabreúva,Carpinteiro De Obras,13,2474.79
Araçatuba,Procurador Do Município,13,9457.1
Araçoiaba da Serra,Coletor De Lixo Domiciliar,13,2224.32
Araçatuba,Instrumentador Cirúrgico,13,1998.83
Itu,Encarregado Geral De Operações De Conservação De Vias Permanentes (Exceto Trilhos),13,3339.02
Porto Feliz,Auxiliar Em Saúde Bucal,13,1556.8
Porto Feliz,Contínuo,13,1720.41
Boituva,Conferente De Carga E Descarga,13,2365.69
Araçatuba,Professor De Nutrição,13,5676.25
Araçoiaba da Serra,Farmacêutico,13,4182.15
Cabreúva,Mestre (Construção Civil),13,4155.51
Porto Feliz,Carteiro,13,3527.23
Porto Feliz,Auxiliar De Farmácia De Manipulação,13,1592.67
Araçatuba,Atendente De Enfermagem,13,1793.1
Porto Feliz,Mecânico De Veículos Automotores A Diesel (Exceto Tratores),13,2506.02
Porto Feliz,Escrevente,13,6315.7
Ibiúna,Auxiliar Em Saúde Bucal,13,1421.43
Pindamonhangaba,Médico Do Trabalho,13,9083.14
Porto Feliz,Modelista De Roupas,13,4751.72
Araçatuba,Mecânico De Manutenção De Máquinas De Construção E Terraplenagem,13,3220.74
Araçatuba,Diretor De Instituição Educacional Da Área Privada,13,9089.32
Cerquilho,Lavador De Veículos,13,2241.29
Pindamonhangaba,Auxiliar De Laboratório De Análises Clínicas,13,2108.48
Americana,Operador De Máquina De Etiquetar,13,1695.46
Araçatuba,Mestre (Indústria De Madeira E Mobiliário),13,2793.65
Araçoiaba da Serra,Trabalhador Volante Da Agricultura,13,1482.06
Pindamonhangaba,Ajustador Mecânico Em Bancada,13,1539.08
Americana,Mestre (Indústria De Borracha E Plástico),13,4510.72
Itapetininga,Cirurgião-Dentista Da Estratégia De Saúde Da Família,13,5898.38
Araçoiaba da Serra,Operador De Máquinas De Beneficiamento De Produtos Agrícolas,13,1917.4
Porto Feliz,Operador De Acabamento (Indústria Gráfica),13,1465.68
Araçatuba,Operador De Trator Florestal,13,1889.67
Itu,Pedreiro De Edificações,13,2088.58
Porto Feliz,Cirurgião Dentista De Saúde Coletiva,13,5867.34
Boituva,Desenhista Técnico,13,3013.49
Itapetininga,Auxiliar De Veterinário,13,1411.22
Araçoiaba da Serra,Operador De Estação De Tratamento De Água E Efluentes,13,2514.56
Americana,Afiador De Cutelaria,13,2195.81
Itu,Gerente De Serviços De Saúde,13,6949.63
Charqueada,Frentista,13,2206.76
Cabreúva,"Eletricista De Instalações (Veículos Automotores E Máquinas Operatrizes, Exceto Aeronaves E Embarcações)",13,2406.99
Pindamonhangaba,Técnico De Matéria-Prima E Material,13,4848.03
Itupeva,Operador De Processos Químicos E Petroquímicos,13,2671.08
Itapetininga,Impressor De Ofsete (Plano E Rotativo),13,2508.97
Americana,Operador De Cortadeira De Papel,13,2130.19
Itupeva,Metrologista,13,4897.2
Americana,Operador De Serras (Usinagem De Madeira),13,1915.49
Cabreúva,Pintor De Obras,13,2124.59
Pindamonhangaba,Auxiliar De Produção Farmacêutica,13,2839.96
Cerquilho,Contramestre De Acabamento (Indústria Têxtil),13,2183.6
Boituva,Armador De Estrutura De Concreto,13,1977.64
Porto Feliz,Operador De Caminhão (Minas E Pedreiras),13,2664.79
Pindamonhangaba,Operador De Aciaria (Dessulfuração De Gusa),13,5181.01
Araçoiaba da Serra,Trabalhador Da Pecuária (Bovinos Corte),13,1450.33
Piedade,Trançador De Cabos De Aço,13,2548.51
Itapeva,Operador De Caldeira,13,2752.16
Itapetininga,Médico Veterinário,13,6564.28
Pindamonhangaba,Mecânico De Manutenção E Instalação De Aparelhos De Climatização E  Refrigeração,13,2343.05
Boituva,Auxiliar De Farmácia De Manipulação,13,1937.62
Itapeva,Inspetor De Qualidade,13,3974.92
Ibiúna,Carteiro,13,4399.45
Itu,Operador De Centro De Controle (Ferrovia E Metrô),13,3227.27
Araçatuba,Biólogo,13,3718.66
Araçariguama,Encarregado De Manutenção Mecânica De Sistemas Operacionais,13,5967.21
Cabreúva,Mecânico De Manutenção E Instalação De Aparelhos De Climatização E  Refrigeração,13,5657.6
Ibiúna,Psicólogo Clínico,13,4231.72
Itu,Professor De Matemática No Ensino Médio,13,3109.09
Porto Feliz,Borracheiro,13,1688.44
Itapeva,Gerente De Produção E Operações Agropecuárias,13,5580.69
Araçariguama,Professor De Ciências Exatas E Naturais Do Ensino Fundamental,13,4715.25
Charqueada,Pesquisador Em Química,13,3379.37
Cerquilho,Analista De Recursos Humanos,13,4847.39
Cerquilho,Comerciante Varejista,13,2266.67
Porto Feliz,Gerente Financeiro,13,14072.97
Americana,Fiscal De Tributos Municipal,13,8945.03
Itapeva,Amostrador De Minérios,13,2422.66
Americana,Limpador De Piscinas,13,1889.6
Araçoiaba da Serra,Assistente Social,13,3162.67
Dourado,Supervisor De Vendas Comercial,13,8713.66
Itapetininga,Gerente De Produção E Operações Agropecuárias,13,9213.56
Americana,Monitor De Sistemas Eletrônicos De Segurança Externo,13,1520.7
Itu,Laminador De Plástico,13,3091.98
Americana,Técnico Mecânico Na Fabricação De Ferramentas,13,3394.64
Piedade,Servente De Obras,13,1357.28
Araçatuba,"Supervisor De Operação De Fluidos (Distribuição, Captação, Tratamento De Água, Gases, Vapor)",13,6009.94
Cabreúva,Ceramista,13,1630.31
Piedade,Educador Social,13,2006.69
Boituva,Gerente Financeiro,13,8192.42
Araçatuba,Jornalista,13,4474.93
Araçatuba,Diretor Administrativo E Financeiro,13,10111.64
Americana,Operador De Retificadora Com Comando Numérico,13,3408.45
Porto Feliz,Agente De Saúde Pública,13,4822.75
Cabreúva,Garagista,13,3413.22
Cerquilho,Montador De Máquinas,13,1896.89
Itu,Diretor De Arte (Publicidade),13,3346.63
Itu,Agenciador De Propaganda,13,1479.78
Pindamonhangaba,Locutor De Mídias Audiovisuais,13,1811.41
Americana,Professor De Língua E Literatura Brasileira No Ensino Médio,13,2142.97
Dourado,Controlador De Entrada E Saída,13,4196.99
Araçatuba,Cabeleireiro,13,1626.97
Araçoiaba da Serra,Administrador,13,5108.56
Cabreúva,Operador De Transporte Multimodal,13,2748.54
Boituva,Técnico Químico,13,3812.24
Itu,Engenheiro Mecânico,13,9413.99
Americana,Técnico Em Instalação De Equipamentos De Áudio,13,1961.71
Boituva,Galvanizador,13,2566.4
Itupeva,Fiscal De Loja,13,1818.27
Itapetininga,Catador De Material Reciclável,13,1141.18
Araçatuba,Mestre De Usinagem,13,5403.08
Boituva,Marmorista (Construção),13,2162.64
Itu,Caminhoneiro Autônomo (Rotas Regionais E Internacionais),13,2474.58
Macatuba,Farmacêutico,13,3993.96
Araçatuba,Churrasqueiro,13,1942.11
Porto Feliz,Caseiro (Agricultura),13,1589.98
Cerquilho,"Operador De Pavimentadora (Asfalto, Concreto E Materiais Similares)",13,3723.86
Cabreúva,Instrutor De Auto-Escola,13,2442.51
Boituva,Operador De Caldeira,13,4077.15
Cabreúva,Caldeireiro (Chapas De Ferro E Aço),13,4134.88
Itapeva,Agente Funerário,13,2511.16
Araçatuba,Catador De Material Reciclável,13,1656.32
Porto Feliz,Camareiro  De Hotel,13,1888.53
Porto Feliz,Técnico Eletrônico,13,9570.73
Piedade,Operador De Máquinas Operatrizes,13,1524.67
Itu,Diretor Financeiro,13,24844.91
Itapetininga,Trabalhador Da Elaboração De Pré-Fabricados (Cimento Amianto),13,1430.41
Itapeva,Instalador De Tubulações,13,4971.12
Itapeva,Técnico De Obras Civis,13,1709.85
Porto Feliz,Contramestre De Acabamento (Indústria Têxtil),13,2238.58
Itu,Instalador-Reparador De Equipamentos De Comutação Em Telefonia,13,2048.45
Boituva,Operador De Máquinas De Construção Civil E Mineração,13,2539.71
Boituva,Técnico De Manutenção Eletrônica (Circuitos De Máquinas Com Comando Numérico),13,3655.7
Itapeva,Contínuo,13,1311.03
Itapeva,Médico Veterinário,13,3679.12
Macatuba,"Operador De Utilidade (Produção E Distribuição De Vapor, Gás, Óleo, Combustível, Energia, Oxigênio)",13,2550.26
Araçatuba,Operador Eletromecânico,13,3826.46
Pindamonhangaba,Economista Industrial,13,8321.23
Itapetininga,Operador De Máquinas Operatrizes,13,1981.9
Pindamonhangaba,Inspetor De Alunos De Escola Pública,13,1565.19
Porto Feliz,"Eletrotécnico Na Fabricação, Montagem E Instalação De Máquinas E Equipamentos",13,7777.85
Itapeva,Agente De Portaria,13,1860.53
Cabreúva,"Trefilador De Metais, À Máquina",13,1917.54
Boituva,Instalador De Tubulações,13,5877.25
Cerquilho,Operador De Telemarketing Técnico,13,3461.18
Araçariguama,Cuidador De Idosos,13,1560.45
Porto Feliz,Analista De Pcp (Programação E Controle Da Produção),13,7586.23
Macatuba,Preparador De Estruturas Metálicas,13,1321.74
Cerquilho,Analista De Pesquisa De Mercado,13,4390.19
Porto Feliz,Técnico De Apoio Em Pesquisa E Desenvolvimento (Exceto Agropecuário E Florestal),13,5343.2
Boituva,"Eletricista De Manutenção De Linhas Elétricas, Telefônicas E De Comunicação De Dados",13,4079.64
Itapetininga,Supervisor De Exploração Pecuária,13,3289.47
Araçatuba,Alinhador De Pneus,13,1951.84
Americana,Encarregado Geral De Operações De Conservação De Vias Permanentes (Exceto Trilhos),13,2750.44
Americana,Operador De Guindaste (Fixo),13,3941.34
Itu,Trabalhador De Fabricação De Tintas,13,2634.89
Cabreúva,Operador De Escavadeira,12,2534.2
Araçatuba,Polidor De Metais,12,1498.29
Pindamonhangaba,Engenheiro Mecânico (Energia Nuclear),12,14186.51
Ibiúna,Escrevente,12,4744.51
Porto Feliz,"Técnico De Utilidade (Produção E Distribuição De Vapor, Gases, Óleos, Combustíveis, Energia)",12,12233.97
Cabreúva,Supervisor De Almoxarifado,12,5572.57
Itu,Redator De Publicidade,12,1994.89
Itu,Desenhista Detalhista,12,4102.19
Itu,Costureira De Reparação De Roupas,12,1492.42
Americana,Cartazeiro,12,1941.65
Itu,Programador De Máquinas - Ferramenta Com Comando Numérico,12,4834.37
Itupeva,Condutor De Processos Robotizados De Pintura,12,2632.84
Boituva,Professor De Disciplinas Pedagógicas No Ensino Médio,12,2956.18
Porto Feliz,Enfermeiro Da Estratégia De Saúde Da Família,12,6243.45
Itu,Arquiteto De Edificações,12,5874.02
Itapetininga,Desenvolvedor De Sistemas De Tecnologia Da Informação (Técnico),12,3230.1
Cabreúva,Gerente De Pesquisa E Desenvolvimento (P&D),12,11358.71
Ibiúna,Operador De Telemarketing Receptivo,12,1174.29
Itu,Diretor De Instituição Educacional Da Área Privada,12,6685.02
Pindamonhangaba,Professor De Química No Ensino Médio,12,2024.45
Itu,Montador De Equipamentos Eletrônicos (Aparelhos Médicos),12,1707.06
Boituva,Orientador Educacional,12,3180.17
Araçariguama,Operador De Caldeira,12,3037.46
Itu,Técnico Agrícola,12,5652.02
Itu,Técnico De Manutenção Elétrica De Máquina,12,3785.23
Itapetininga,Operador De Instalação De Refrigeração,12,2660.43
Itupeva,Funileiro De Veículos (Reparação),12,2506.68
Americana,"Confeccionador De Bolsas, Sacos E Sacolas E Papel, A Máquina",12,2619.55
Americana,"Instalador De Material Isolante, A Mão (Edificações)",12,2171.84
Itapetininga,Professor De Direito Do Ensino Superior,12,4130.13
Dourado,Limpador De Piscinas,12,1780.62
Piedade,Lavador De Veículos,12,1531.72
Itapeva,Operador De Serras No Desdobramento De Madeira,12,1555.31
Cabreúva,Técnico De Planejamento E Programação Da Manutenção,12,5374.45
Itupeva,Auxiliar De Laboratório De Análises Clínicas,12,1721.87
Pindamonhangaba,Editor De Mídia Audiovisual,12,2957.04
Araçatuba,Dirigente De Entidade De Trabalhadores,12,5845.35
Itu,Técnico Em Borracha,12,2741.6
Porto Feliz,Operador De Rebobinadeira Na Fabricação De Papel E Papelão,12,2869.34
Piedade,Eletricista De Instalações,12,2024.6
Itu,Bombeiro Civil,12,2177.44
Araçatuba,Mestre De Produção Química,12,5260.63
Cabreúva,Engenheiro Civil,12,7271.77
Americana,Operador De Máquina De Usinagem De Madeira (Produção Em Série),12,1837.45
Araçatuba,Operador De Mensagens De Telecomunicações (Correios),12,4026.74
Araçatuba,Socorrista (Exceto Médicos E Enfermeiros),12,3175.89
Charqueada,Operador De Máquinas-Ferramenta Convencionais,12,3119.84
Itu,Desenhista Projetista De Máquinas,12,4643.96
Itu,Encarregado De Equipe De Conservação De Vias Permanentes (Exceto Trilhos),12,2557.85
Boituva,"Supervisor De Manutenção Eletromecânica Industrial, Comercial E Predial",12,5258.15
Itapetininga,Agenciador De Propaganda,12,5191.71
Itupeva,Operador De Refrigeração Com Amônia,12,3690.17
Cabreúva,Operador De Máquina Misturadeira (Tratamentos Químicos E Afins),12,2464.67
Araçariguama,Operador De Máquina Misturadeira (Tratamentos Químicos E Afins),12,3084.13
Cabreúva,Analista De Pesquisa De Mercado,12,3291.52
Charqueada,"Lavadeiro, Em Geral",12,1289.44
Cabreúva,Brasador,12,2446.91
Cerquilho,Professor De Ciências Exatas E Naturais Do Ensino Fundamental,12,4369.16
Americana,Chefe De Bar,12,2343.87
Araçatuba,Trabalhador De Tratamento Do Leite E Fabricação De Laticínios E Afins,12,3063.84
Araçatuba,Atleta Profissional (Outras Modalidades),12,1023.42
Araçatuba,Professor De Educação Física Do Ensino Fundamental,12,2336.76
Cabreúva,Porteiro (Hotel),12,1721.44
Itapetininga,Lubrificador De Veículos Automotores (Exceto Embarcações),12,2099.71
Americana,Laboratorista Fotográfico,12,2740.44
Araçatuba,Agente De Portaria,12,1376.75
Pindamonhangaba,Técnico Em Eletromecânica,12,3020.57
Araçoiaba da Serra,Supervisor De Exploração Agrícola,12,2608.34
Piedade,Gerente De Vendas,12,6886.49
Itapeva,Advogado,12,4043.94
Cabreúva,Prensista De Compensados,12,1532.79
Americana,Engenheiro De Segurança Do Trabalho,12,10539.36
Dourado,Operador De Máquinas De Beneficiamento De Produtos Agrícolas,12,2009.35
Itapeva,Nutricionista,12,4304.62
Itapetininga,Gerente De Logística (Armazenagem E Distribuição),12,6139.24
Cabreúva,Zelador De Edifício,12,2006.81
Porto Feliz,Vigilante,12,2464.11
Cerquilho,Garçom,12,1547.09
Piedade,Trefilador De Borracha,12,1954.43
Itu,Reparador De Aparelhos Eletrodomésticos (Exceto Imagem E Som),12,2046.01
Itu,"Operador De Estação De Captação, Tratamento E Distribuição De Água",12,2959.29
Araçoiaba da Serra,Estoquista,12,2129.3
Araçatuba,Cronoanalista,12,3780.12
Araçatuba,Rebarbador De Metal,12,2759.83
Itupeva,Instalador De Tubulações,12,4274.06
Cerquilho,Técnico De Matéria-Prima E Material,12,3729.92
Itu,Operador Eletromecânico,12,2788.26
Americana,Instrutor De Vôo,12,1819.39
Cerquilho,Técnico Eletrônico,12,3624.14
Cerquilho,Carteiro,12,4418.12
Cerquilho,Operador De Pá Carregadeira,12,2570.13
Americana,Tecelão (Tear Mecânico Liso),12,1822.48
Americana,Auxiliar Técnico Em Laboratório De Farmácia,12,1784.98
Charqueada,Atendente De Farmácia - Balconista,12,2482.69
Itu,Temperador De Metais E De Compósitos,12,7556.14
Araçariguama,Despachante De Transportes Coletivos (Exceto Trem),12,1463.33
Cabreúva,Técnico De Vendas,12,5342.66
Pindamonhangaba,"Costureiro, A  Máquina  Na Confecção Em Série",12,1443.02
Pindamonhangaba,Operador De Pá Carregadeira,12,3345.25
Araçoiaba da Serra,Mãe Social,12,2055.7
Dourado,Atendente De Lojas E Mercados,12,1636.7
Charqueada,Almoxarife,12,2707.62
Piedade,Técnico Em Radiologia E Imagenologia,12,3470.02
Americana,Maître,12,2468.83
Cabreúva,Soldador A  Oxigás,12,3235.74
Itu,Selecionador De Material Reciclável,12,1640.16
Porto Feliz,Técnico De Comunicação De Dados,12,1269.49
Americana,Cozinheiro De Hospital,12,1765.3
Americana,"Operador De Sala De Controle De Instalações Químicas, Petroquímicas E Afins",12,6142.67
Araçariguama,Analista De Transporte Em Comércio Exterior,12,5498.68
Macatuba,"Mecânico De Manutenção De Automóveis, Motocicletas E Veículos Similares",12,2853.04
Charqueada,Cozinheiro Geral,12,1419.25
Itu,Desenhista Técnico,12,3500.33
Pindamonhangaba,Mestre De Produção Química,12,5172.29
Americana,Técnico De Controle De Meio Ambiente,12,3629.98
Pindamonhangaba,Fonoaudiólogo Geral,12,3997.86
Piedade,Expedidor De Mercadorias,12,1646.48
Piedade,Coordenador Pedagógico,12,4302.85
Pindamonhangaba,Agente De Saúde Pública,12,3522.84
Araçatuba,Controlador De Pragas,12,1992.8
Pindamonhangaba,Desenhista Projetista Mecânico,12,4055.07
Itapeva,Técnico Eletrônico,12,1480.05
Araçoiaba da Serra,Instrutor De Auto-Escola,12,1906.22
Araçatuba,Professor De Matemática No Ensino Médio,12,2158.2
Itupeva,Pizzaiolo,12,1959.31
Itapetininga,Tosador De Animais Domésticos,12,1372.31
Pindamonhangaba,Técnico Eletrônico,12,3335.36
Piedade,Carteiro,12,3411.81
Pindamonhangaba,Técnico Em Secretariado,12,1809.27
Pindamonhangaba,Funileiro De Veículos (Reparação),12,2101.47
Pindamonhangaba,Agente Funerário,12,2154.13
Ibiúna,Técnico De Telecomunicações (Telefonia),12,1699.35
Piedade,Auxiliar Em Saúde Bucal,12,1531.17
Araçatuba,Professor De Ensino Superior Na Área De Didática,12,2378.83
Macatuba,Montador De Andaimes (Edificações),12,1502.59
Itu,Afiador De Ferramentas,12,4879.27
Itapetininga,Trabalhador Da Cultura De Milho E Sorgo,12,1387.02
Itupeva,Socorrista (Exceto Médicos E Enfermeiros),12,1942.11
Pindamonhangaba,Gerente De Compras,12,13680.68
Itupeva,Supervisor De Orçamento,12,7631.68
Cerquilho,Técnico Em Manutenção De Equipamentos De Informática,12,2170.05
Itapeva,Agente De Combate Às Endemias,12,2009.39
Macatuba,Auxiliar De Enfermagem,12,2659.41
Itapetininga,Gesseiro,12,1474.47
Macatuba,Cuidador De Idosos,12,1602.18
Cabreúva,Operador De Centro De Usinagem Com Comando Numérico,12,3788.03
Cabreúva,Coordenador Pedagógico,12,5251.67
Araçatuba,Técnico De Tributos Estadual,12,10157.67
Macatuba,Revisor De Tecidos Acabados,12,1223.37
Americana,Professor De História No Ensino Médio,12,2127.99
Itapetininga,Músico Regente,12,1948.75
Itapetininga,Copeiro De Hospital,12,1478.45
Itapetininga,Técnico De Saneamento,12,2288.4
Macatuba,Assistente Social,12,5016.39
Itu,Catador De Material Reciclável,12,1433.08
Americana,Mecânico De Manutenção De Motocicletas,12,2528.02
Itu,Auxiliar De Biblioteca,12,1671.99
Araçoiaba da Serra,"Embalador, A Máquina",12,1678.14
Cerquilho,Promotor De Vendas Especializado,12,7339.96
Cerquilho,Marmorista (Construção),12,2175.06
Porto Feliz,Caldeireiro (Chapas De Ferro E Aço),12,3462.2
Itapetininga,Técnico Em Patologia Clínica,12,2096.07
Boituva,Professor De Nível Médio Na Educação Infantil,12,1410.8
Itu,Desenhista Projetista De Arquitetura,12,2694.9
Dourado,Armazenista,12,1571.46
Itu,Montador De Equipamentos Elétricos,12,2664.21
Pindamonhangaba,Gerente De Marketing,12,15623.36
Pindamonhangaba,Engenheiro Eletricista,12,13549.35
Porto Feliz,Propagandista De Produtos Famacêuticos,12,5148.58
Boituva,Gestor Em Segurança,12,7608.01
Boituva,Contínuo,12,1655.71
Americana,Professor De Física No Ensino Médio,12,3329.73
Itapetininga,Técnico De Telecomunicações (Telefonia),12,4475.15
Boituva,Conferente Mercadoria (Exceto Carga E Descarga),12,2246.58
Itapeva,Biomédico,12,3483.81
Itapeva,Operador De Central Hidrelétrica,12,4627.09
Itapetininga,Técnico Em Secretariado,12,1629.34
Itu,Técnico De Manutenção De Sistemas E Instrumentos,12,2465.55
Cabreúva,Analista De Negócios,12,5666.55
Americana,Arquiteto De Edificações,12,5898.09
Itupeva,Médico Clínico,12,9000.8
Itapeva,Professor De Nível Médio Na Educação Infantil,12,2318.9
Araçatuba,Topógrafo,12,3151.8
Araçoiaba da Serra,Copeiro,12,1535.57
Cerquilho,Impressor Digital,11,1575.92
Cerquilho,Lubrificador Industrial,11,1403.69
Pindamonhangaba,Professor De Língua E Literatura Brasileira No Ensino Médio,11,1859.16
Americana,Professor De Educação Física No Ensino Superior,11,2127.18
Porto Feliz,Técnico De Manutenção Eletrônica,11,3443.76
Porto Feliz,Marcador De Produtos (Siderúrgico E Metalúrgico),11,2342.14
Pindamonhangaba,Auxiliar De Veterinário,11,1739.09
Macatuba,Forneiro (Materiais De Construção),11,1169.88
Ibiúna,Agente De Defesa Ambiental,11,2198.14
Itupeva,Supervisor De Vendas De Serviços,11,4325.65
Itapetininga,Corretor De Imóveis,11,2159.36
Pindamonhangaba,Pintor A Pincel E Rolo (Exceto Obras E Estruturas Metálicas),11,2447.36
Pindamonhangaba,Técnico De Alimentos,11,2342.95
Araçatuba,Farmacêutico Analista Clínico,11,3520.46
Macatuba,Gerente De Loja E Supermercado,11,2878.37
Charqueada,Coordenador Pedagógico,11,3731.92
Americana,Administrador Em Segurança Da Informação,11,4660.44
Itu,Impressor De Corte E Vinco,11,2921.24
Americana,Técnico De Imobilização Ortopédica,11,2489.75
Pindamonhangaba,Analista De Exportação E Importação,11,6355.99
Cerquilho,Operador De Usinagem Convencional Por Abrasão,11,4462.25
Cerquilho,Técnico Em Secretariado,11,1410.51
Itu,Manicure/Pedicure,11,1704.43
Porto Feliz,Moldador De Borracha Por Compressão,11,792.42
Charqueada,Inspetor De Qualidade,11,2363.29
Pindamonhangaba,Engenheiro De Segurança Do Trabalho,11,9620.06
Itapetininga,Preparador De Estruturas Metálicas,11,1812.27
Araçoiaba da Serra,Analista De Recursos Humanos,11,3474.73
Boituva,Cronoanalista,11,3630.18
Charqueada,Calandrista De Borracha,11,2668.25
Araçatuba,Lavador De Roupas  A Maquina,11,1822.57
Boituva,Operador De Processos Químicos E Petroquímicos,11,2353.7
Cerquilho,Caixa De Banco,11,3429.48
Cerquilho,Carpinteiro,11,2057.69
Americana,Operador De Fresadora Com Comando Numérico,11,3573.4
Ibiúna,Professor De Disciplinas Pedagógicas No Ensino Médio,11,1336.21
Americana,Mecânico De Manutenção De Bicicletas E Veículos Similares,11,1881.53
Boituva,Publicitário,11,6002.72
Ibiúna,Caixa De Banco,11,3230.87
Itu,Agente De Viagem,11,3609.94
Americana,Sondador De Poços (Exceto De Petróleo E Gás),11,2171.73
Cerquilho,Estampador De Tecido,11,1756.4
Charqueada,Técnico De Enfermagem Do Trabalho,11,1850.3
Porto Feliz,Gerente De Restaurante,11,2854.32
Boituva,"Operador De Extrusora (Química, Petroquímica E Afins)",11,2420.17
Piedade,Administrador,11,4275.12
Piedade,Guarda-Civil Municipal,11,2779.03
Itupeva,Apontador De Mão-De-Obra,11,3396.53
Itu,Projetista De Móveis,11,2269.21
Itu,Desossador,11,2151.19
Itu,Bamburista,11,3002.16
Araçatuba,Técnico Em Manutenção De Instrumentos De Medição E Precisão,11,4397.87
Charqueada,Enfermeiro,11,4296.6
Itupeva,Agente De Viagem,11,2688.53
Araçariguama,"Lavadeiro, Em Geral",11,1532.44
Itu,Mecânico De Manutenção De Máquinas Têxteis,11,5595.2
Itupeva,Operador De Sistemas De Prova (Analógico E Digital),11,4823.51
Araçatuba,Mecânico De Manutenção De Bicicletas E Veículos Similares,11,1656.27
Araçatuba,Instalador De Sistemas Eletroeletrônicos De Segurança,11,1902.92
Cabreúva,Mestre De Produção Química,11,4285.08
Cabreúva,Técnico De Manutenção Elétrica,11,4700.68
Itupeva,Carteiro,11,3774.41
Dourado,Técnico De Laboratório Industrial,11,2242.49
Itapetininga,Professor De Engenharia,11,1177.63
Itapetininga,Agente De Portaria,11,956.1
Americana,Polidor De Pedras,11,2817.82
Araçatuba,Estampador De Tecido,11,1678.15
Araçatuba,Estofador De Móveis,11,1727.53
Pindamonhangaba,Gerente De Produção E Operações Da Construção Civil E Obras Públicas,11,7380.41
Cabreúva,Médico Clínico,11,7891.25
Porto Feliz,Analista De Pesquisa De Mercado,11,4030.17
Itupeva,Operador De Filtro-Prensa (Tratamentos Químicos E Afins),11,3020.81
Americana,Operador De Impermeabilizador De Tecidos,11,2101.14
Porto Feliz,Prensista (Operador De Prensa),11,2952.79
Porto Feliz,Mecânico De Manutenção De Equipamento De Mineração,11,4152.81
Araçatuba,Auxiliar De Biblioteca,11,1450.19
Cabreúva,Preparador De Sucata E Aparas,11,1637.8
Itu,Professor De Química No Ensino Médio,11,1788.18
Itupeva,Vendedor Pracista,11,3061.49
Porto Feliz,Leiturista,11,4589.05
Cabreúva,Trabalhador Da Elaboração De Pré-Fabricados (Concreto Armado),11,1889.94
Araçariguama,Supervisor De Vendas Comercial,11,9144.1
Itapetininga,Sepultador,11,2279.7
Cerquilho,Supervisor De Embalagem E Etiquetagem,11,1718.69
Ibiúna,Instalador De Tubulações,11,5435.76
Americana,Impressor Flexográfico,11,2852.24
Itupeva,Supervisor De Manutenção Eletromecânica,11,9117.24
Itupeva,Montador De Móveis E Artefatos De Madeira,11,2682.77
Americana,Professor De Biologia No Ensino Médio,11,3684.24
Araçatuba,Gerente De Operações De Transportes,11,5497.07
Araçatuba,Carregador (Aeronaves),11,1122.5
Itupeva,Supervisor De Compras,11,6723.55
Piedade,Auxiliar De Faturamento,11,2239.99
Americana,Pesquisador De Engenharia E Tecnologia (Outras Áreas Da Engenharia),11,6338.77
Itapetininga,Controlador De Pragas,11,1632.63
Araçariguama,Vendedor Em Domicílio,11,4474.22
Americana,Metalizador A Pistola,11,3517.63
Porto Feliz,Encarregado De Manutenção Mecânica De Sistemas Operacionais,11,6502.86
Araçariguama,Gerente De Projetos E Serviços De Manutenção,11,11045.26
Araçariguama,Atendente De Farmácia - Balconista,11,1557.48
Itupeva,Classificador De Madeira,11,1745.73
Ibiúna,Recreador,11,2930.49
Araçatuba,Gerente De Clientes Especiais (Private),11,8910.93
Itupeva,"Eletricista De Manutenção De Linhas Elétricas, Telefônicas E De Comunicação De Dados",11,4444.99
Piedade,Auxiliar De Pessoal,11,2056.9
Itapeva,Operador De Painel De Controle,11,3456.21
Ibiúna,Nutricionista,11,3048.22
Itupeva,Preparador Físico,11,1810.93
Pindamonhangaba,Professor De Educação Artística Do Ensino Fundamental,11,1358.14
Itu,Supervisor Da Manutenção E Reparação De Veículos Leves,11,4958.05
Pindamonhangaba,Controlador De Pragas,11,1806.92
Itapetininga,Diretor Administrativo,11,9660.27
Itapetininga,Funileiro De Veículos (Reparação),11,1559.18
Itupeva,Trabalhador Volante Da Agricultura,11,2303.94
Itu,Professor De Biologia No Ensino Médio,11,2855.3
Araçoiaba da Serra,Caseiro (Agricultura),11,1618.86
Itu,Professor De Geografia Do Ensino Fundamental,11,2570.98
Macatuba,Padeiro,11,2199.24
Itapeva,Auxiliar Geral De Conservação De Vias Permanentes (Exceto Trilhos),11,1667.14
Itapeva,Técnico De Desporto Individual E Coletivo (Exceto Futebol),11,2871.08
Itapetininga,Pintor De Veículos (Reparação),11,2054.17
Ibiúna,Vidraceiro,11,1613.42
Ibiúna,Auxiliar De Pessoal,11,2508.05
Itapeva,"Instalador De Cortinas E Persianas, Portas Sanfonadas E Boxe",11,1613.77
Macatuba,Recepcionista De Consultório Médico Ou Dentário,11,1615.88
Itu,Supervisor De Orçamento,11,5811.92
Macatuba,Técnico De Planejamento E Programação Da Manutenção,11,5506.54
Araçatuba,Auxiliar De Corte (Preparação Da Confecção De Roupas),11,1274.31
Araçatuba,Desenhista Técnico (Artes Gráficas),11,2202.34
Itapetininga,Sushiman,11,1715.79
Americana,Operador De Bomba De Concreto,11,2297.57
Americana,Analista De Crédito (Instituições Financeiras),11,2328.89
Itapeva,Copeiro De Hospital,11,1649.67
Americana,Operador De Sistemas De Prova (Analógico E Digital),11,3836.01
Americana,Confeccionador De Velas Por Moldagem,11,3104.94
Itapetininga,Oleiro (Fabricação De Tijolos),11,2288.25
Itapetininga,Montador De Equipamentos Elétricos (Centrais Elétricas),11,2650.06
Americana,Supervisor De Orçamento,11,4833.74
Americana,Protético Dentário,11,2092.93
Americana,Desenhista Técnico Mecânico,11,2998.22
Itu,Secador De Madeira,11,1626.21
Pindamonhangaba,Operador De Telemarketing Receptivo,11,2491.51
Itu,Operador De Central De Concreto,11,1928.78
Boituva,Supervisor De Caixas E Bilheteiros (Exceto Caixa De Banco),11,2676.05
Itapeva,Ajudante De Carvoaria,11,1140.73
Itapetininga,Analista De Negócios,11,2636.18
Ibiúna,"Eletricista De Instalações (Veículos Automotores E Máquinas Operatrizes, Exceto Aeronaves E Embarcações)",11,1880.83
Ibiúna,Tecnólogo Em Logística De Transporte,11,4511.68
Americana,Operador De Ponte Rolante,11,2789.44
Itupeva,"Operador De Tesoura Mecânica E Máquina De Corte, No Acabamento De Chapas E Metais",11,2373.14
Americana,Supervisor De Embalagem E Etiquetagem,11,3431.16
Itapeva,Técnico Em Borracha,11,1783.44
Americana,Gerente De Comunicação,11,5275.7
Americana,Auxiliar De Seguros,11,1299.33
Cabreúva,Analista De Exportação E Importação,11,6590.39
Boituva,Montador De Máquinas Operatrizes Para Madeira,11,1574.36
Itupeva,Supervisor De Contas A Pagar,11,4272.46
Itapeva,Professor De Língua Inglesa,11,2104.94
Boituva,Masseiro (Massas Alimentícias),11,1861.2
Cabreúva,Atendente Comercial (Agência Postal),11,1930.87
Itapeva,Mecânico De Manutenção De Empilhadeiras E Outros Veículos De Cargas Leves,11,2135.16
Cabreúva,Confeiteiro,11,2009.72
Itupeva,Trabalhador De Fabricação De Sorvete,11,2519.05
Araçariguama,Eletricista De Instalações,11,3808.41
Itapeva,Expedidor De Mercadorias,11,2040.28
Cabreúva,Técnico De Apoio Em Pesquisa E Desenvolvimento (Exceto Agropecuário E Florestal),11,4401.39
Cabreúva,Armador De Estrutura De Concreto Armado,11,2280.06
Itapeva,Analista De Crédito (Instituições Financeiras),11,1629.95
Ibiúna,Borracheiro,11,1335.89
Itu,Gerente De Suprimentos,11,13393.6
Boituva,Economista Industrial,11,5989.56
Boituva,"Eletrotécnico Na Fabricação, Montagem E Instalação De Máquinas E Equipamentos",11,4971.77
Americana,Gerente De Almoxarifado,11,4880.26
Boituva,"Moldador, A  Máquina",11,2413.69
Americana,Supervisor De Compras,11,5445.88
Americana,Médico Ginecologista E Obstetra,11,14032.32
Itapetininga,Apontador De Mão-De-Obra,11,2560.15
Boituva,Redator De Textos Técnicos,11,5096.85
Boituva,Operador De Fresadora Com Comando Numérico,11,2800.25
Boituva,Técnico De Manutenção Eletrônica,11,4317.87
Porto Feliz,Nutricionista,11,3437.89
Macatuba,"Embalador, A Mão",11,980.76
Macatuba,Trabalhador Da Pecuária (Bovinos Corte),11,1680.29
Araçatuba,Operador De Máquinas De Usinar Madeira (Cnc),11,1878.32
Americana,Técnico Têxtil,11,8072.53
Araçatuba,Economista Financeiro,11,3395.17
Araçoiaba da Serra,Tratador De Animais,11,1054.3
Araçatuba,Guincheiro (Construção Civil),11,2472.91
Americana,Engenheiro Eletricista,11,8800.83
Araçatuba,Selecionador De Material Reciclável,11,1822.7
Araçatuba,Operador De Câmera De Televisão,11,2550.91
Araçatuba,Passador De Roupas Em Geral,11,1548.38
Americana,Professor De Língua Portuguesa,11,3700.42
Araçoiaba da Serra,Gerente De Vendas,11,3065.57
Cabreúva,Varredor De Rua,11,1492.77
Pindamonhangaba,"Supervisor De Manutenção Eletromecânica Industrial, Comercial E Predial",11,3865.21
Itapeva,Supervisor De Ensino,11,5974.35
Dourado,Técnico Em Segurança Do Trabalho,11,4376.87
Araçoiaba da Serra,Condutor De Ambulância,11,3306.45
Itu,"Operador De Tesoura Mecânica E Máquina De Corte, No Acabamento De Chapas E Metais",11,2772.68
Araçoiaba da Serra,Técnico Em Manutenção De Equipamentos De Informática,11,3574.31
Porto Feliz,Operador De Betoneira,11,2780.53
Porto Feliz,Técnico De Manutenção Elétrica,11,7166.81
Cerquilho,Professor De Língua Inglesa,11,2446.7
Araçatuba,Marinheiro De Convés (Marítimo E Fluviário),11,1912.38
Itupeva,Analista De Redes E De Comunicação De Dados,11,2777.81
Araçatuba,Mecânico De Refrigeração,11,2523.75
Porto Feliz,Professor De Nível Superior Na Educação Infantil (Zero A Três Anos),11,2169.52
Charqueada,Caldeireiro (Chapas De Ferro E Aço),11,2038.23
Itu,Professor De Física No Ensino Médio,11,2918.81
Itapetininga,Professor De Língua Inglesa,11,1409.49
Cerquilho,Mestre (Indústria Têxtil E De Confecções),11,5103.93
Charqueada,Trabalhador Da Avicultura De Corte,11,1364.61
Piedade,Técnico Eletrônico,11,3532.7
Ibiúna,Zelador De Edifício,11,2179.05
Itapeva,Pedagogo,11,5328.58
Boituva,Médico Endocrinologista E Metabologista,10,5716.21
Itapeva,Visitador Sanitário,10,2410.58
Porto Feliz,Cortador De Roupas,10,2156.6
Araçatuba,Relações Públicas,10,2687.17
Porto Feliz,Condutor De Ambulância,10,3754.32
Cerquilho,Auxiliar De Laboratório De Análises Físico-Químicas,10,1969.33
Itupeva,Marmorista (Construção),10,1846.35
Araçoiaba da Serra,Professor De Ciências Exatas E Naturais Do Ensino Fundamental,10,2838.13
Porto Feliz,Visitador Sanitário,10,3211.05
Piedade,Condutor De Ambulância,10,1958.85
Itu,Analista De Planejamento De Materias,10,2556.75
Araçatuba,Professor De Matemática Do Ensino Fundamental,10,3156.34
Piedade,Supervisor De Crédito E Cobrança,10,2036.42
Piedade,Cozinhador (Conservação De Alimentos),10,2637.75
Macatuba,Montador De Móveis E Artefatos De Madeira,10,1602.33
Americana,Técnico De Planejamento E Programação Da Manutenção,10,3920.62
Itu,Apontador De Mão-De-Obra,10,2058.3
Araçoiaba da Serra,Monitor De Sistemas Eletrônicos De Segurança Interno,10,2387.49
Itu,Topógrafo,10,2042.49
Itupeva,Técnico De Enfermagem Psiquiátrica,10,2275.01
Charqueada,"Supervisor De Operação Elétrica (Geração, Transmissão E Distribuição De Energia Elétrica)",10,5036.17
Araçatuba,Professor De Arquitetura,10,3833.06
Itapetininga,Trabalhador Da Pecuária (Eqüinos),10,2407.72
Pindamonhangaba,Mecânico De Manutenção De Empilhadeiras E Outros Veículos De Cargas Leves,10,3869.25
Pindamonhangaba,Caldeireiro (Chapas De Cobre),10,3297.83
Cabreúva,Carteiro,10,4422.98
Piedade,Trabalhador De Fabricação De Sorvete,10,1646.09
Itapetininga,Gerente De Agência,10,10356.39
Pindamonhangaba,Desenhista Projetista De Arquitetura,10,2859.43
Americana,Diretor Administrativo E Financeiro,10,11985.32
Itu,Eletricista De Instalações (Edifícios),10,2923.42
Araçatuba,Modelista De Roupas,10,2450.36
Itu,Técnico Mecânico Na Manutenção De Ferramentas,10,4575.16
Itu,Gerente De Bar,10,2582.51
Piedade,Professor De Educação Física No Ensino Superior,10,2277.69
Itapetininga,Técnico De Rede (Telecomunicações),10,2281.63
Itupeva,Professor De Alunos Com Deficiência Mental,10,2466.36
Itupeva,Programador De Máquinas - Ferramenta Com Comando Numérico,10,5436.54
Araçatuba,Professor De Língua Portuguesa,10,2991.39
Itupeva,Recepcionista De Hotel,10,1846.56
Porto Feliz,Analista De Folha De Pagamento,10,3530.55
Ibiúna,Supervisor De Caixas E Bilheteiros (Exceto Caixa De Banco),10,2237.67
Porto Feliz,"Lavadeiro, Em Geral",10,2851.15
Cabreúva,Gerente De Marketing,10,5489.99
Itapetininga,Gerente De Produção E Operações  Florestais,10,11701.76
Ibiúna,Professor De Alunos Com Deficiência Múltipla,10,5283.77
Cerquilho,Gerente De Recursos Humanos,10,8340.77
Cabreúva,Professor De Educação Física No Ensino Superior,10,3563.07
Cabreúva,Eletrotécnico,10,9308.58
Pindamonhangaba,Metrologista,10,3574.37
Ibiúna,Técnico Em Segurança Do Trabalho,10,5756.03
Pindamonhangaba,Técnico Em Mecatrônica - Automação Da Manufatura,10,6533
Cabreúva,"Operador De Tesoura Mecânica E Máquina De Corte, No Acabamento De Chapas E Metais",10,3332.64
Araçatuba,Documentalista,10,5065.02
Itupeva,Operador De Máquina Misturadeira (Tratamentos Químicos E Afins),10,2857.59
Cabreúva,Montador De Equipamentos Elétricos,10,2654.53
Boituva,Engenheiro De Segurança Do Trabalho,10,8457.52
Cabreúva,Comerciante Varejista,10,2777.7
Cabreúva,Operador De Retorcedeira,10,1615.84
Itapetininga,Chapeador,10,1795.28
Araçatuba,Pedreiro (Chaminés Industriais),10,2454.54
Porto Feliz,Estoquista,10,1854.35
Charqueada,"Confeccionador De Bolsas, Sacos E Sacolas E Papel, A Máquina",10,2005.45
Araçatuba,"Mecânico De Manutenção De Aeronaves, Em Geral",10,2180.84
Araçatuba,Operador De Usinagem Convencional Por Abrasão,10,2364.55
Americana,Extrusor De Fios Ou Fibras De Vidro,10,2401.77
Araçoiaba da Serra,Técnico Em Radiologia E Imagenologia,10,2715.78
Americana,Desenhista Técnico (Arquitetura),10,3068.03
Charqueada,"Recepcionista, Em Geral",10,1680.49
Araçoiaba da Serra,Conferente De Carga E Descarga,10,1872.16
Porto Feliz,Projetista De Móveis,10,2504.06
Itupeva,Auxiliar De Cartório,10,1479.05
Araçoiaba da Serra,Zelador De Edifício,10,2069.58
Porto Feliz,Professor De Nível Médio No Ensino Fundamental,10,2167.85
Araçatuba,Operador De Máquina De Usinagem De Madeira (Produção Em Série),10,2087.7
Porto Feliz,Zelador De Edifício,10,1991.46
Porto Feliz,Recebedor De Apostas (Loteria),10,1632.94
Itapetininga,Operador De Processo De Moagem,10,2179.26
Porto Feliz,Encanador,10,2209.81
Araçoiaba da Serra,Selecionador De Material Reciclável,10,1344.04
Araçoiaba da Serra,"Costureiro, A  Máquina  Na Confecção Em Série",10,1720.86
Itapeva,Auxiliar De Pessoal,10,1860.75
Pindamonhangaba,Arquiteto De Patrimônio,10,7033.07
Araçoiaba da Serra,Operador De Máquina De Cortar E Dobrar Papelão,10,2033.74
Araçatuba,Enfermeiro Psiquiátrico,10,3265.56
Cabreúva,Supervisor De Exploração Agrícola,10,2803.07
Cabreúva,Recreador,10,1838.14
Araçatuba,Supervisor De Manutenção Eletromecânica,10,2642.37
Araçatuba,Engenheiro Mecânico Industrial,10,3924.47
Araçatuba,Técnico Em Nutrição E Dietética,10,2775.35
Itupeva,Trabalhador Da Pecuária (Bovinos Corte),10,1973.69
Americana,"Salsicheiro (Fabricação De Lingüiça, Salsicha E Produtos Similares)",10,3096.36
Cabreúva,Assistente De Laboratório Industrial,10,2697.57
Araçariguama,Impressor De Rotativa,10,7800.41
Cabreúva,"Pintor, A  Pistola (Exceto Obras E Estruturas Metálicas)",10,3149.36
Americana,Comerciante Atacadista,10,5551.64
Porto Feliz,Auxiliar De Desenvolvimento Infantil,10,1427.78
Americana,Instalador De Isolantes Térmicos De Caldeira E Tubulações,10,1410.53
Araçatuba,Gerente De Hotel,10,4025.08
Dourado,Estoquista,10,2388.96
Itupeva,Técnico De Obras Civis,10,2519.85
Americana,Operador De Máquina Copiadora (Exceto Operador De Gráfica Rápida),10,1703.13
Boituva,Condutor De Processos Robotizados De Soldagem,10,3150.91
Cerquilho,Psicólogo Clínico,10,3718.96
Itu,Supervisor De Produção Da Indústria Alimentícia,10,5394.01
Itapeva,Trabalhador Da Pecuária (Bovinos Corte),10,1876.71
Itapetininga,Analista De Pesquisa De Mercado,10,3983.54
Araçoiaba da Serra,Operador De Escavadeira,10,2364.65
Araçatuba,Engenheiro Eletricista,10,5593.82
Charqueada,Mecânico De Manutenção De Tratores,10,2663.2
Itu,Professor Prático No Ensino Profissionalizante,10,1830.75
Pindamonhangaba,Mestre De Alto-Forno,10,8756.01
Boituva,Engenheiro De Produção,10,10371.11
Cerquilho,Técnico De Obras Civis,10,3358.71
Cerquilho,Supervisor De Montagem E Instalação Eletroeletrônica,10,7434.84
Itupeva,Engenheiro Mecânico Industrial,10,8118.34
Araçariguama,Trabalhador Da Fabricação De Resinas E Vernizes,10,2809.34
Porto Feliz,Auxiliar Geral De Conservação De Vias Permanentes (Exceto Trilhos),10,1525.34
Charqueada,Mestre De Produção Química,10,3041.04
Charqueada,Mecânico De Manutenção De Máquinas Operatrizes (Lavra De Madeira),10,4553.91
Araçatuba,Engenheiro De Produção,10,7191.47
Araçariguama,Professores De Cursos Livres,10,3876.84
Macatuba,Auxiliar Nos Serviços De Alimentação,10,1396.59
Araçariguama,,10,2612.92
Araçariguama,Técnico De Aciaria Em Siderurgia,10,10853.58
Americana,Desenhista Projetista De Máquinas,10,7309.33
Araçatuba,Operador De Torno Com Comando Numérico,10,2642.26
Porto Feliz,Trefilador De Borracha,10,2787.09
Araçoiaba da Serra,Técnico De Manutenção Elétrica,10,4310.49
Americana,Desenhista Técnico (Mobiliário),10,1889.51
Americana,Laminador De Plástico,10,1500.45
Cerquilho,Diretor De Instituição Educacional Pública,10,4686.16
Americana,Auxiliar De Veterinário,10,1541.47
Americana,Prensista De Compensados,10,827.9
Cerquilho,Desenhista Industrial Gráfico (Designer Gráfico),10,1772.12
Boituva,Impressor De Ofsete (Plano E Rotativo),10,2465.66
Pindamonhangaba,Diretor Geral De Empresa E Organizações (Exceto De Interesse Público),10,11509.37
Araçariguama,Analista Financeiro (Instituições Financeiras),10,4235.53
Americana,Supervisor Da Manutenção E Reparação De Veículos Leves,10,3930.85
Boituva,Desenhista Projetista De Construção Civil,10,3377.88
Piedade,"Operador De Máquinas Fixas, Em Geral",10,2556.31
Itapetininga,Sacristão,10,1326.55
Araçoiaba da Serra,Supervisor De Almoxarifado,10,3893.57
Charqueada,Professor De Língua Portuguesa Do Ensino Fundamental,10,1998.59
Itupeva,Comerciante Varejista,10,3809.63
Pindamonhangaba,Ajudante De Confecção,10,1369.31
Piedade,Auxiliar De Desenvolvimento Infantil,10,2319.49
Itapetininga,Cobrador Interno,10,1817.72
Itupeva,Supervisor De Vigilantes,10,3631.91
Boituva,"Pintor, A  Pistola (Exceto Obras E Estruturas Metálicas)",10,2137.82
Americana,Analista De Transporte Em Comércio Exterior,10,4447.45
Araçatuba,Educador Social,10,2542.76
Itapeva,Carpinteiro (Esquadrias),10,1374.65
Ibiúna,"Eletricista De Manutenção De Linhas Elétricas, Telefônicas E De Comunicação De Dados",10,5027.44
Piedade,Contínuo,10,1685.03
Itupeva,"Supervisor De Operação Elétrica (Geração, Transmissão E Distribuição De Energia Elétrica)",10,2060.48
Araçariguama,Professor De Língua Estrangeira Moderna Do Ensino Fundamental,10,4368.83
Pindamonhangaba,Cronoanalista,10,5829.64
Ibiúna,Psicólogo Hospitalar,10,3739.28
Boituva,Gerente De Pesquisa E Desenvolvimento (P&D),10,9645.38
Pindamonhangaba,Supervisor De Produção Da Indústria Alimentícia,10,2629.32
Araçatuba,Técnico Em Hemoterapia,10,2403.77
Boituva,Supervisor De Logística,10,6406.6
Piedade,Operador De Serras (Usinagem De Madeira),10,1286.02
Americana,Operador De Câmaras Frias,10,1892.43
Itapeva,Marceneiro,10,1413.12
Cerquilho,Técnico De Apoio Em Pesquisa E Desenvolvimento (Exceto Agropecuário E Florestal),10,2598.75
Pindamonhangaba,Montador De Andaimes (Edificações),10,2342.58
Itapeva,Carregador (Armazém),10,1877.43
Itupeva,Auditor (Contadores E Afins),10,6480.3
Cabreúva,Técnico Em Atendimento E Vendas,10,3509.04
Itapetininga,Instalador De Sistemas Eletroeletrônicos De Segurança,10,1430.48
Ibiúna,Operador De Máquinas De Beneficiamento De Produtos Agrícolas,10,1942.05
Boituva,Piloto De Aeronaves,10,3169.75
Dourado,Açougueiro,10,2520.37
Itu,Moldador De Plástico Por Compressão,10,2436.18
Americana,Operador De Processo De Tratamento De Imagem,10,1527.67
Cerquilho,Técnico De Manutenção Elétrica,10,3646.64
Cabreúva,Montador De Móveis E Artefatos De Madeira,10,2364.21
Cerquilho,Encanador,10,3480.3
Itu,Operador De Serras (Usinagem De Madeira),10,1465.7
Pindamonhangaba,Diretor Administrativo,10,15882.95
Itapetininga,Técnico De Enfermagem Do Trabalho,10,2536.49
Itapetininga,"Eletrotécnico Na Fabricação, Montagem E Instalação De Máquinas E Equipamentos",10,7323.65
Itu,Técnico De Comunicação De Dados,10,1946.25
Itu,Técnico Mecânico Na Fabricação De Ferramentas,10,6703.2
Boituva,Preparador De Tintas,10,2366.23
Itapeva,Técnico Em Secretariado,10,2056.37
Itu,Engenheiro Mecânico Automotivo,10,7067.17
Ibiúna,Gerente De Produção E Operações  Aqüícolas,10,3135.06
Americana,Guincheiro (Construção Civil),10,1993.64
Itapeva,Afiador De Serras,10,1725.84
Araçoiaba da Serra,Monitor De Transporte Escolar,10,1216.75
Itu,Calceteiro,10,2012.81
Itapeva,Operador De Filtro-Esteira (Mineração),10,2192.55
Ibiúna,Técnico De Planejamento De Produção,10,5146.47
Pindamonhangaba,Professor De História No Ensino Médio,10,1658.13
Itapetininga,Supervisor De Logística,10,3413.27
Itapetininga,Escriturário  Em  Estatística,10,2165.87
Itapetininga,Médico Ginecologista E Obstetra,10,8442.94
Boituva,Auxiliar De Laboratório De Análises Físico-Químicas,10,2386.6
Cerquilho,Analista De Suporte Computacional,10,5578.32
Itapeva,Gerente De Projetos E Serviços De Manutenção,10,6870.72
Boituva,Auxiliar De Lavanderia,10,1623.37
Pindamonhangaba,Operador De Pórtico Rolante,10,4159.31
Itapetininga,Caseiro (Agricultura),10,1426.51
Itapeva,Supervisor De Almoxarifado,10,3109.84
Boituva,Profissional De Educação Física Na Saúde,10,1754.28
Itu,Técnico De Matéria-Prima E Material,10,5898.81
Itapetininga,Monitor De Sistemas Eletrônicos De Segurança Externo,10,1808.83
Itapeva,Operador De Aparelho De Flotação,10,2279.65
Itapeva,Operador De Acabamento De Peças Fundidas,10,2166.22
Itapeva,Cozinhador (Conservação De Alimentos),10,1621.66
Americana,Montador De Máquinas-Ferramentas (Usinagem De Metais),10,1874.4
Itapetininga,Encarregado De Acabamento De Chapas E Metais  (Têmpera),10,2040.79
Boituva,Comerciante Varejista,10,3167.86
Itu,"Eletricista De Manutenção De Linhas Elétricas, Telefônicas E De Comunicação De Dados",10,3959.95
Araçariguama,Ferramenteiro,10,4085.37
Itu,Operador De Carregadeira,10,2550.97
Itapeva,Técnico De Contabilidade,10,2938.1
Itapeva,Agente De Trânsito,10,1544.09
Boituva,Operador De Acabamento (Indústria Gráfica),10,1629.25
Ibiúna,Técnico Em Manutenção De Máquinas,10,4668.29
Itupeva,Ajustador Ferramenteiro,10,2338.98
Itu,Oficial De Justiça,10,3645.65
Itapetininga,Armador De Estrutura De Concreto,10,1827.77
Americana,Desenhista Técnico (Artes Gráficas),10,1863.35
Charqueada,Fiscal De Loja,10,1983.97
Charqueada,Gerente Administrativo,10,2988.32
Araçariguama,Emendador De Cabos Elétricos E Telefônicos (Aéreos E Subterrâneos),9,3421.8
Araçariguama,Assistente De Laboratório Industrial,9,1918.18
Macatuba,Técnico Em Instrumentação,9,5719.18
Americana,Mecânico De Manutenção De Máquinas De Construção E Terraplenagem,9,2700.98
Itu,Desenhista Industrial De Produto (Designer De Produto),9,4448.05
Itupeva,Instalador-Reparador De Redes Telefônicas E De Comunicação De Dados,9,2443.73
Ibiúna,Soldador,9,2599.42
Itupeva,"Mecânico De Manutenção De Máquinas Cortadoras De Grama, Roçadeiras, Motosserras E Similares",9,3430.13
Itapetininga,Técnico De Obras Civis,9,4419.08
Itu,Mecânico Montador De Motores De Explosão E Diesel,9,3574.5
Itapeva,Secretário  Bilíngüe,9,3501.03
Itapetininga,Gerente De Hotel,9,2861.21
Macatuba,Conferente De Carga E Descarga,9,2071.49
Itapetininga,Pedagogo,9,2628.17
Pindamonhangaba,Desossador,9,1721.46
Cerquilho,Motorista De Ônibus Urbano,9,2925.28
Boituva,Cobrador Interno,9,2673.17
Itapeva,Operador De Telemarketing Ativo,9,1351.64
Piedade,Caldeireiro (Chapas De Ferro E Aço),9,1683
Americana,Cortador De Tapeçaria,9,1776.05
Itapeva,Caldeireiro (Chapas De Ferro E Aço),9,2032.85
Itapetininga,"Operador De Máquina De Fabricação De Produtos De Higiene E Limpeza (Sabão, Sabonete, Detergente, Absorvente, Fraldas Cotonetes E Outros)",9,1198.91
Boituva,Operador De Transporte Multimodal,9,2806.42
Itu,Avaliador Físico,9,1478.82
Itupeva,Montador De Fotolito (Analógico E Digital),9,2995.23
Cerquilho,Analista De Desenvolvimento De Sistemas,9,6679.29
Itu,Masseiro (Massas Alimentícias),9,2116.24
Cerquilho,Tecnólogo Em Logística De Transporte,9,2988.26
Pindamonhangaba,Lubrificador De Veículos Automotores (Exceto Embarcações),9,1643.07
Americana,Mestre De Pintura (Tratamento De Superfícies),9,4327.43
Araçatuba,Engenheiro De Segurança Do Trabalho,9,7057.59
Itu,Auxiliar De Corte (Preparação Da Confecção De Roupas),9,1584.64
Pindamonhangaba,Jornalista,9,2504.23
Itupeva,Administrador De Redes,9,3164.35
Ibiúna,Leiturista,9,3453.91
Cerquilho,Supervisor De Almoxarifado,9,4568.06
Itapeva,Gesseiro,9,1712.95
Itupeva,Telefonista,9,4791.79
Americana,Acabador De Embalagens (Flexíveis E Cartotécnicas),9,1785.93
Itu,Cortador De Roupas,9,2041.71
Itupeva,Supervisor Da Indústria De Minerais Não Metálicos (Exceto Os Derivados De Petróleo E Carvão),9,8305.02
Itapeva,Gerente De Restaurante,9,1981.31
Itupeva,Trabalhador Na Apicultura,9,1650.41
Itapetininga,Professor De Língua Portuguesa Do Ensino Fundamental,9,2665.76
Charqueada,"Embalador, A Mão",9,1018.94
Itapetininga,Masseiro (Massas Alimentícias),9,1712.94
Boituva,"Operador De Tesoura Mecânica E Máquina De Corte, No Acabamento De Chapas E Metais",9,2369.87
Americana,Operador De Vazamento,9,4843.23
Boituva,Supervisor De Manutenção Eletromecânica,9,7249.89
Americana,Gerente De Clientes Especiais (Private),9,8944.64
Araçariguama,Operador De Guilhotina (Corte De Papel),9,3930.36
Itu,Supervisor Da Indústria De Bebidas,9,6784.61
Cabreúva,Engenheiro De Controle De Qualidade,9,8323.95
Itupeva,Técnico De Desporto Individual E Coletivo (Exceto Futebol),9,8749.2
Pindamonhangaba,Supervisor De Crédito E Cobrança,9,3327.93
Americana,Médico Cirurgião Geral,9,15375.12
Cerquilho,Técnico Em Patologia Clínica,9,2940.75
Boituva,Recreador,9,1374.02
Americana,Impressor De Corte E Vinco,9,2131
Ibiúna,Auxiliar Técnico Em Laboratório De Farmácia,9,2294.2
Americana,Empregado  Doméstico  Nos Serviços Gerais,9,1105.26
Cerquilho,Gerente De Marketing,9,10136.37
Boituva,Instrutor De Cursos Livres,9,2383.3
Pindamonhangaba,Guardador De Veículos,9,1066.66
Boituva,Operador De Máquina Perfuratriz,9,4178.58
Charqueada,Diretor De Instituição Educacional Pública,9,4401.18
Pindamonhangaba,Mestre (Indústria De Madeira E Mobiliário),9,1678.98
Ibiúna,Supervisor De Compras,9,4118.88
Cabreúva,Vigilante,9,3079.74
Pindamonhangaba,"Supervisor De Operação Elétrica (Geração, Transmissão E Distribuição De Energia Elétrica)",9,6278.09
Araçoiaba da Serra,Promotor De Vendas,9,1610.58
Cabreúva,Funileiro Industrial,9,3041.63
Itupeva,Supervisor De Manutenção De Máquinas Operatrizes E De Usinagem,9,10203.77
Pindamonhangaba,Bombeiro Civil,9,7693.36
Ibiúna,Vendedor Pracista,9,2324.77
Itapeva,Operador De Calcinação (Tratamento Químico E Afins),9,2421.15
Ibiúna,Costureiro Na Confecção Em Série,9,1158.82
Itu,Processador De Fumo,9,2961.57
Itapetininga,Técnico Em Atendimento E Vendas,9,1915.07
Itapetininga,Mecânico De Manutenção De Empilhadeiras E Outros Veículos De Cargas Leves,9,3911.62
Charqueada,"Embalador, A Máquina",9,2303.92
Americana,Trabalhador De Fabricação De Sorvete,9,1847.83
Itapeva,Zelador De Edifício,9,1593.02
Araçatuba,Professor De Língua Portuguesa Do Ensino Fundamental,9,3994.42
Itapetininga,Mecânico De Manutenção De Bombas,9,4241.69
Americana,Operador De Passador (Fiação),9,2169.26
Itupeva,Operador De Painel De Controle,9,11466.9
Itapetininga,Chefe De Cozinha,9,1559.56
Araçariguama,Mestre De Usinagem,9,4845.27
Araçatuba,Supervisor De Recepcionistas,9,2695.61
Itu,Auditor (Contadores E Afins),9,8383.97
Itapetininga,Cronoanalista,9,5994.72
Itu,Técnico De Enfermagem Do Trabalho,9,2883.31
Boituva,Nutricionista,9,4330.06
Dourado,Babá,9,1312.19
Ibiúna,Visitador Sanitário,9,3965.6
Itupeva,Chefe De Serviço De Transporte Rodoviário (Passageiros E Cargas),9,3720.99
Itu,Operador De Transporte Multimodal,9,3863.6
Pindamonhangaba,Professor De Física No Ensino Médio,9,1906.11
Araçatuba,Gerente De Produção E Operações Agropecuárias,9,3378
Cerquilho,Educador Social,9,1523.94
Americana,Soldador Elétrico,9,3563.37
Americana,Preparador De Aglomerantes,9,4635.19
Americana,Técnico De Enfermagem Do Trabalho,9,3111.27
Piedade,Copeiro,9,1327.77
Itupeva,Técnico Em Fotônica,9,337.52
Boituva,Trabalhador Da Avicultura De Corte,9,1831.84
Boituva,Costureira De Peças Sob Encomenda,9,1673.18
Boituva,Borracheiro,9,2291.99
Pindamonhangaba,Guincheiro (Construção Civil),9,2163.31
Araçoiaba da Serra,Operador De Máquinas-Ferramenta Convencionais,9,2514.6
Cerquilho,Enfestador De Roupas,9,1653.72
Americana,Técnico Em Laboratório De Farmácia,9,2728.29
Araçatuba,Representante Comercial Autônomo,9,6835.87
Americana,"Operador De Máquina De Usinagem Madeira, Em Geral",9,2352.06
Itapeva,Confeiteiro,9,1639.46
Piedade,Atendente Comercial (Agência Postal),9,2124.97
Araçatuba,Engenheiro Mecânico,9,5137.27
Americana,Tecnólogo Em Segurança Do Trabalho,9,6047.21
Cabreúva,Supervisor De Manutenção Eletromecânica,9,9853.12
Araçoiaba da Serra,Apontador De Produção,9,2663.01
Pindamonhangaba,Cobrador Externo,9,2125.82
Charqueada,Operador De Empilhadeira,9,2648.55
Itapeva,Vigilante,9,1568.55
Pindamonhangaba,Economista Do Setor Público,9,5242.85
Itapetininga,Preparador Físico,9,1883.51
Americana,"Costureiro De Roupas De Couro E Pele, A  Máquina Na  Confecção Em Série",9,1509.56
Americana,"Mecânico De Manutenção De Máquinas Cortadoras De Grama, Roçadeiras, Motosserras E Similares",9,2565.88
Ibiúna,Gerente De Produção E Operações Agropecuárias,9,2510.87
Pindamonhangaba,Supervisor De Telemarketing E Atendimento,9,3439.19
Porto Feliz,Selecionador De Material Reciclável,9,1673.45
Americana,Decorador De Eventos,9,2215.07
Araçariguama,Fiscal De Loja,9,2311.33
Itapetininga,"Operador De Alambique De Funcionamento Contínuo (Produtos Químicos, Exceto Petróleo)",9,2643.76
Americana,Moleiro (Tratamentos Químicos E Afins),9,2286.17
Itapetininga,"Embalador, A Máquina",9,2772.25
Americana,Professor De Geografia No Ensino Médio,9,962.05
Americana,Corretor De Seguros,9,3316.18
Araçatuba,Engenheiro Agrônomo,9,11304.12
Macatuba,Cirurgião Dentista - Clínico Geral,9,6869.35
Araçoiaba da Serra,Escriturário De Banco,9,7004.32
Americana,Montador De Veículos (Reparação),9,2690.03
Itapeva,Operador De Máquina De Secar Celulose,9,2213.91
Itapetininga,Confeccionador De Pneumáticos,9,1855.52
Porto Feliz,Supervisor De Manutenção Eletromecânica,9,11405.97
Itupeva,Operador De Máquina De Envasar Líquidos,9,2724.94
Americana,Revisor De Texto,9,2124.78
Macatuba,Auxiliar De Desenvolvimento Infantil,9,1437.92
Americana,Professor De Sociologia Do Ensino Superior,9,2138.9
Pindamonhangaba,Professor De Biologia No Ensino Médio,9,1318.85
Itupeva,Gerente De Departamento Pessoal,9,6705.08
Araçatuba,Forneiro E Operador (Refino De Metais Não-Ferrosos),9,5104.48
Araçariguama,Confeiteiro,9,2060.64
Itapetininga,Montador De Máquinas,9,1411.64
Americana,Médico Do Trabalho,9,9339.74
Boituva,Agente Funerário,9,2422.01
Araçatuba,Instalador-Reparador De Redes Telefônicas E De Comunicação De Dados,9,1968.92
Araçatuba,Repórter De Mídias Audiovisuais,9,4372.75
Itu,"Lavadeiro, Em Geral",9,1376.92
Itupeva,Professor De Educação Física No Ensino Superior,9,1859.53
Porto Feliz,Gerente De Marketing,9,17547.77
Itupeva,Gerente De Grandes Contas (Corporate),9,14777.45
Itu,Gerente De Instituição Educacional Da Área Privada,9,3465.88
Itu,Chefe De Bar,9,2627.85
Araçatuba,Administrador De Sistemas Operacionais,9,5669.26
Ibiúna,Lavador De Veículos,9,1514.83
Araçatuba,Professor De Jornalismo,9,4096.54
Araçoiaba da Serra,Trabalhador Na Produção De Mudas E Sementes,9,1382.64
Itu,Operador De Guilhotina (Corte De Papel),9,2540.76
Araçoiaba da Serra,Contador,9,4938.84
Araçatuba,Lapidador De Vidros E Cristais,9,2035.79
Araçatuba,Soldador Elétrico,9,1636.45
Araçatuba,Professor De Educação Artística Do Ensino Fundamental,9,2801.71
Dourado,Vigilante,9,1826.11
Piedade,Caixa De Banco,9,2774.87
Itu,Analista De Seguros (Técnico),9,3163.25
Porto Feliz,Analista De Desenvolvimento De Sistemas,9,10495.07
Americana,Esteticista De Animais Domésticos,9,1741.21
Pindamonhangaba,Operador Eletromecânico,9,3010.11
Araçatuba,Mecânico De Manutenção E Instalação De Aparelhos De Climatização E  Refrigeração,9,2182.36
Itapetininga,Diretor De Instituição Educacional Da Área Privada,9,5504.08
Araçatuba,Preparador De Sucata E Aparas,9,1411.7
Itapeva,Gerente De Recursos Humanos,9,4207.44
Porto Feliz,Mestre (Indústria De Automotores E Material De Transportes),9,14057.14
Araçoiaba da Serra,Trabalhador Da Pecuária (Bovinos Leite),9,1700.04
Cabreúva,Agente De Saúde Pública,9,3461.12
Itu,Trabalhador Da Pecuária (Bovinos Leite),9,1961.61
Piedade,Armazenista,9,2513.01
Araçatuba,Inspetor De Serviços De Transportes Rodoviários (Passageiros E Cargas),9,2494.91
Piedade,Assistente Social,9,3815.63
Itapeva,Encarregado De Manutenção Mecânica De Sistemas Operacionais,9,4377.84
Araçoiaba da Serra,Cuidador De Idosos,9,1688.82
Araçatuba,Corretor De Seguros,9,2834.05
Porto Feliz,Confeccionador De Brinquedos De Pano,9,1542.18
Araçoiaba da Serra,Mestre De Caldeiraria,9,5678.72
Porto Feliz,Operador Eletromecânico,9,3766.24
Porto Feliz,Mestre De Fundição,9,7353.39
Araçatuba,"Descarnador De Couros E Peles, À Maquina",9,2535.73
Porto Feliz,Professor De Alunos Com Deficiência Mental,9,4366.6
Cabreúva,Cortador De Pedras,9,2496.32
Araçatuba,Operador De Acabamento (Indústria Gráfica),9,1938.72
Itupeva,Caseiro (Agricultura),9,1857.54
Itapeva,Trabalhador Na Operação De Sistema De Irrigação Por Aspersão (Pivô Central),9,2047.17
Itapeva,Técnico De Planejamento De Produção,9,6933.79
Porto Feliz,Técnico De Obras Civis,9,3001.96
Araçatuba,Cortador De Pedras,9,1582.74
Araçatuba,Instalador-Reparador De Linhas E Aparelhos De Telecomunicações,9,1424.53
Itupeva,Instalador De Som E Acessórios De Veículos,9,2743.15
Araçatuba,Operador De Betoneira,9,1905.58
Americana,Técnico De Alimentos,9,2649.84
Araçoiaba da Serra,Analista De Negócios,9,3161.71
Americana,Barista,9,1764.61
Cerquilho,Instrutor De Auto-Escola,9,2219.76
Itupeva,Operador De Pórtico Rolante,9,3147.82
Araçatuba,Desenhista Projetista Mecânico,9,3365.64
Porto Feliz,Professor De Alunos Com Deficiência Física,9,2668.66
Itapeva,Desenvolvedor De Sistemas De Tecnologia Da Informação (Técnico),9,2382.83
Itu,Operador De Motosserra,9,1371.58
Cerquilho,"Montador De Máquinas, Motores E Acessórios (Montagem Em Série)",9,1781.02
Araçatuba,Supervisor De Vendas De Serviços,9,3209.81
Araçoiaba da Serra,Controlador De Entrada E Saída,9,2077.2
Charqueada,"Eletricista De Manutenção De Linhas Elétricas, Telefônicas E De Comunicação De Dados",9,2465.22
Ibiúna,Médico Clínico,9,10926.22
Araçatuba,Agenciador De Propaganda,9,2214.2
Porto Feliz,"Operador De Calandra (Química, Petroquímica E Afins)",9,2427.25
Itapeva,Operador De Ponte Rolante,9,2915.08
Porto Feliz,"Operador De Produção (Química, Petroquímica E Afins)",9,10111.44
Araçatuba,Governanta De Hotelaria,9,2561.71
Americana,Trabalhador Da Elaboração De Pré-Fabricados (Cimento Amianto),9,3120.25
Itapetininga,Agente De Segurança,9,2751.86
Itapetininga,"Passador De Roupas, À Mão",9,1117.51
Cabreúva,Chefe De Cozinha,9,3462.84
Itapetininga,Professor De Matemática No Ensino Médio,9,1694.63
Ibiúna,Técnico De Planejamento E Programação Da Manutenção,9,7705.76
Ibiúna,"Eletrotécnico Na Fabricação, Montagem E Instalação De Máquinas E Equipamentos",9,9592.37
Boituva,Desenvolvedor De Sistemas De Tecnologia Da Informação (Técnico),9,3352.77
Araçatuba,Consultor Jurídico,9,10571.66
Porto Feliz,Gravador De Matriz Para Flexografia (Clicherista),9,3422.63
Cerquilho,Pintor De Estruturas Metálicas,9,1875.51
Araçoiaba da Serra,"Mecânico De Manutenção De Máquinas Cortadoras De Grama, Roçadeiras, Motosserras E Similares",9,2265.49
Araçatuba,Auxiliar De Seguros,9,1702.37
Itu,Desenhista Projetista De Construção Civil,9,7243.69
Itapeva,Analista De Negócios,9,5613.01
Itu,Mecânico De Manutenção De Máquinas De Construção E Terraplenagem,9,4055.83
Araçoiaba da Serra,Professor De Educação Artística Do Ensino Fundamental,9,3076.95
Itu,"Encarregado De Manutenção De Instrumentos De Controle, Medição E Similares",9,4056.92
Macatuba,Servente De Obras,9,1667.64
Itu,Operador De Zincagem (Processo Eletrolítico),9,3403.55
Araçatuba,Professor De Farmácia E Bioquímica,9,6780.11
Araçoiaba da Serra,Professor De Língua Estrangeira Moderna Do Ensino Fundamental,9,2937.53
Pindamonhangaba,Engenheiro Eletricista De Manutenção,9,12792.72
Araçatuba,Supervisor De Montagem E Instalação Eletroeletrônica,9,3454.47
Cabreúva,Desenvolvedor De Sistemas De Tecnologia Da Informação (Técnico),9,4414.09
Araçoiaba da Serra,Supervisor De Vendas Comercial,9,3620.67
Pindamonhangaba,Gerente De Operações De Serviços De Assistência Técnica,9,8901.55
Porto Feliz,Governanta De Hotelaria,9,2907.62
Pindamonhangaba,Mecânico De Refrigeração,9,2919.41
Itapetininga,Mecânico De Manutenção De Máquinas Gráficas,9,2149.93
Itu,Agente De Segurança,9,3786.98
Araçariguama,Supervisor De Transportes,9,4472.54
Araçatuba,Desenhista Técnico,9,3400.57
Itu,Gerente De Produção E Operações Da Construção Civil E Obras Públicas,9,2952.83
Pindamonhangaba,Desenhista Técnico,9,2036.72
Itu,Professor De Educação Artística Do Ensino Fundamental,9,1686.17
Charqueada,Assistente De Laboratório Industrial,9,2051.07
Pindamonhangaba,Operador De Preservação E Controle Térmico,9,1881.69
Itapetininga,Operador De Equipamentos De Refinação De Açúcar (Processo Contínuo),9,2726.27
Itapeva,Supervisor De Telemarketing E Atendimento,9,3499.52
Macatuba,Lubrificador De Veículos Automotores (Exceto Embarcações),9,2767.61
Itu,Advogado De Empresa,9,7613.68
Cabreúva,Bamburista,9,1695.98
Itu,Impressor Digital,9,3595.23
Pindamonhangaba,Analista De Logistica,9,5304.55
Araçatuba,Operador De Atendimento Aeroviário,9,1719
Dourado,Enfermeiro,9,3579.59
Itu,Supervisor De Exploração Agropecuária,9,3368.42
Piedade,Técnico De Vendas,9,5404.39
Itapetininga,Trabalhador Na Produção De Mudas E Sementes,9,1315.36
Itapetininga,Contramestre De Tecelagem (Indústria Têxtil),9,4787.14
Itapeva,Viveirista Florestal,9,1562.79
Pindamonhangaba,Supervisor De Tesouraria,9,4111.19
Itu,Limpador De Vidros,9,1208.2
Itu,Pintor A Pincel E Rolo (Exceto Obras E Estruturas Metálicas),9,2306.11
Araçatuba,Operador De Máquina De Envasar Líquidos,9,2051.36
Piedade,Técnico De Rede (Telecomunicações),9,2615.1
Pindamonhangaba,Forneiro E Operador (Alto-Forno),9,3332.91
Boituva,Ajustador Ferramenteiro,9,1658.91
Americana,Operador De Jato Abrasivo,9,1752.94
Araçatuba,Supervisor Da Manutenção E Reparação De Veículos Pesados,8,2847.09
Macatuba,Médico Clínico,8,7462.44
Ibiúna,Montador De Estruturas Metálicas,8,3410.09
Pindamonhangaba,Gerente De Operações De Transportes,8,3976.57
Americana,Supervisor De Manutenção Elétrica De Alta Tensão Industrial,8,3329.41
Cabreúva,Cuidador De Idosos,8,2773.74
Itu,Professor De Língua Portuguesa,8,3098.92
Pindamonhangaba,Analista De Negócios,8,4028.23
Charqueada,Auxiliar De Manutenção Predial,8,2895.44
Itupeva,Condutor De Ambulância,8,2144.16
Itupeva,Desenhista Projetista De Construção Civil,8,2769.19
Araçatuba,Supervisor De Exploração Agropecuária,8,4531.84
Cabreúva,Operador De Caldeira,8,3676.27
Cerquilho,"Confeccionador De Escovas, Pincéis E Produtos Similares (A Mão)",8,1888.02
Itapetininga,Supervisor De Crédito E Cobrança,8,6573.77
Araçoiaba da Serra,Professor De Geografia Do Ensino Fundamental,8,1939.32
Ibiúna,Cirurgião Dentista - Auditor,8,4074.11
Dourado,Secretária(O) Executiva(O),8,1778.01
Araçariguama,Supervisor De Manutenção Eletromecânica,8,11382.75
Itupeva,"Técnico De Utilidade (Produção E Distribuição De Vapor, Gases, Óleos, Combustíveis, Energia)",8,1398.3
Itu,Gerente De Operação De Tecnologia Da Informação,8,12732.88
Porto Feliz,Trabalhador De Tratamento Do Leite E Fabricação De Laticínios E Afins,8,1677.62
Pindamonhangaba,"Mestre (Indústria De Celulose, Papel E Papelão)",8,4127.16
Cabreúva,Economista Do Setor Público,8,5895.13
Itu,Atendente De Enfermagem,8,3006.91
Americana,Administrador De Sistemas Operacionais,8,6901.08
Itu,Operador De Turismo,8,3193.09
Itu,Mestre (Indústria Têxtil E De Confecções),8,3595.13
Itu,Operador De Sistemas De Prova (Analógico E Digital),8,2799.46
Piedade,Montador De Equipamento De Levantamento,8,2174.42
Cerquilho,"Tecelão De Tapetes, A  Mão",8,1363.26
Itu,Planejista,8,4551.67
Itu,Profissional De Relações Com Investidores,8,3979.3
Cabreúva,Instalador De Tubulações,8,4966.93
Ibiúna,Telefonista,8,1833.74
Piedade,Operador De Empilhadeira,8,2379.7
Itu,Técnico Em Plástico,8,4769.25
Itupeva,Diretor Comercial,8,31838.22
Cabreúva,Técnico De Matéria-Prima E Material,8,4680.45
Cabreúva,Operador De Câmaras Frias,8,2937.3
Americana,Instalador De Sistemas Fotovoltaicos,8,1504.97
Porto Feliz,Chefe De Bar,8,4407.35
Itupeva,Gerente De Produção E Operações Da Construção Civil E Obras Públicas,8,5320.55
Boituva,Agente De Vendas De Serviços,8,4181.48
Dourado,Trabalhador Volante Da Agricultura,8,1541.98
Porto Feliz,Gerente De Compras,8,6665.73
Cabreúva,Operador De Maçaroqueira,8,1462.65
Itapetininga,Professores De Cursos Livres,8,1504.03
Itapeva,Cartazeiro,8,1131.43
Araçatuba,Gerente De Produção E Operações Da Construção Civil E Obras Públicas,8,3785.21
Itu,Agente De Pátio,8,2074.94
Cabreúva,Vidraceiro,8,1926.94
Pindamonhangaba,Médico Pediatra,8,13490
Cerquilho,Operador De Central Hidrelétrica,8,3351.47
Porto Feliz,Coletor De Lixo Domiciliar,8,1994.52
Pindamonhangaba,Fiscal De Tributos Municipal,8,4773.39
Porto Feliz,Cuidador De Idosos,8,1569.18
Pindamonhangaba,Rebarbador De Metal,8,3925.83
Boituva,Confeiteiro,8,1803.41
Porto Feliz,Operador De Bomba De Concreto,8,3054.64
Cabreúva,Operador De Máquina Extrusora De Varetas E Tubos De Vidro,8,1938.42
Cabreúva,Técnico Em Manutenção De Equipamentos De Informática,8,3625.77
Americana,Médico Veterinário,8,6471.35
Araçariguama,Xaropeiro,8,1732.9
Cabreúva,Professor De Nível Superior Na Educação Infantil (Quatro A Seis Anos),8,3548.2
Itu,Técnico De Rede (Telecomunicações),8,2595.12
Boituva,Analista De Exportação E Importação,8,4656.31
Ibiúna,Trabalhador Da Elaboração De Pré-Fabricados (Concreto Armado),8,1331.32
Piedade,Atendente De Agência,8,3039.05
Ibiúna,Trabalhador No Cultivo De Árvores Frutíferas,8,1303.17
Itapetininga,Gerente De Compras,8,7364.5
Boituva,Desossador,8,2824
Itu,Supervisor De Vendas De Serviços,8,3514.88
Itu,Desenhista Técnico Mecânico,8,2275.62
Cerquilho,Cobrador Interno,8,2548.95
Americana,Operador De Mensagens De Telecomunicações (Correios),8,2762.99
Araçatuba,Operador De Painel De Controle,8,2025.1
Araçariguama,Recepcionista De Consultório Médico Ou Dentário,8,1628.71
Itu,Supervisor De Manutenção Eletromecânica,8,7329.57
Itapeva,Diretor De Instituição Educacional Da Área Privada,8,8558.51
Boituva,Atendente De Agência,8,2967.77
Cabreúva,"Técnico Mecânico (Calefação, Ventilação E Refrigeração)",8,2498.11
Pindamonhangaba,Copeiro,8,1314.73
Boituva,Vigilante,8,2383.29
Pindamonhangaba,Montador De Equipamentos Eletrônicos,8,2456.6
Araçariguama,Técnico De Mineração,8,5732.18
Pindamonhangaba,Operador De Caldeira,8,3416.01
Pindamonhangaba,Eletricista De Instalações (Edifícios),8,1775.25
Pindamonhangaba,Operador De Estação De Tratamento De Água E Efluentes,8,3928.3
Itupeva,Auxiliar De Farmácia De Manipulação,8,1975.53
Pindamonhangaba,"Diretor De Produção E Operações Da Indústria De Transformação, Extração Mineral E Utilidades",8,25547.7
Cerquilho,Mestre (Indústria De Borracha E Plástico),8,3546.6
Charqueada,Instalador De Tubulações,8,5393.37
Porto Feliz,"Mestre (Indústria De Celulose, Papel E Papelão)",8,9142.06
Piedade,Instalador De Tubulações,8,6338.81
Araçatuba,Gerente De Bar,8,2537.57
Pindamonhangaba,Professor De História Do Ensino Fundamental,8,1559.01
Dourado,Operador De Ceifadeira Na Conservação De Vias Permanentes,8,1400.64
Cerquilho,Preparador De Tintas,8,3472.8
Araçoiaba da Serra,Instalador De Tubulações,8,2196.25
Porto Feliz,Impressor De Rotativa,8,3065.69
Pindamonhangaba,Analista De Pcp (Programação E Controle Da Produção),8,8968.6
Itu,Supervisor De Transportes,8,3746.66
Piedade,Eletricista De Manutenção Eletroeletrônica,8,2395.29
Pindamonhangaba,Vendedor Pracista,8,9095.88
Itupeva,Técnico De Manutenção De Sistemas E Instrumentos,8,4382.42
Americana,Enfestador De Roupas,8,1774.97
Charqueada,Professor De Educação Artística Do Ensino Fundamental,8,2028.88
Araçariguama,Preparador De Máquinas-Ferramenta,8,3077.27
Americana,Técnico Mecânico (Máquinas),8,3163.75
Araçariguama,Visitador Sanitário,8,1524.36
Pindamonhangaba,Supervisor De Logística,8,4522.64
Araçoiaba da Serra,Fiscal De Tributos Municipal,8,2685.41
Americana,Fotógrafo,8,1949.1
Piedade,Operador De Telemarketing Receptivo,8,1763.6
Americana,Agente De Defesa Ambiental,8,5314.8
Piedade,Carregador (Veículos De Transportes Terrestres),8,1316.21
Piedade,Fiscal De Loja,8,2252.16
Araçariguama,Metalizador A Pistola,8,2783.53
Pindamonhangaba,Promotor De Vendas Especializado,8,2057.09
Cabreúva,Costureira De Peças Sob Encomenda,8,1279.8
Americana,Operador De Instalação De Ar-Condicionado,8,1690.35
Itapetininga,Diretor De Mídia (Publicidade),8,2249.43
Araçatuba,Coletor De Resíduos Sólidos De Serviços De Saúde,8,1338.86
Araçatuba,Lubrificador De Veículos Automotores (Exceto Embarcações),8,2179.72
Americana,Pintor De Veículos (Fabricação),8,2571.11
Araçatuba,Chefe De Serviço De Transporte Rodoviário (Passageiros E Cargas),8,2821.43
Itupeva,Desenhista Industrial De Produto (Designer De Produto),8,3676.53
Ibiúna,Gerente De Restaurante,8,2999
Itu,Jornaleiro (Em Banca De Jornal),8,1708.97
Porto Feliz,Encarregado De Equipe De Conservação De Vias Permanentes (Exceto Trilhos),8,2679.91
Araçatuba,Operador De Mídia Audiovisual,8,1864.97
Araçariguama,Supervisor De Controle Patrimonial,8,1268.53
Americana,Supervisor Da Manutenção E Reparação De Veículos Pesados,8,4092.6
Araçatuba,Médico Psiquiatra,8,7601.21
Cerquilho,Lubrificador De Veículos Automotores (Exceto Embarcações),8,3066.99
Charqueada,Gerente Comercial,8,4797.01
Araçatuba,Trabalhador De Pecuária Polivalente,8,1857.24
Araçoiaba da Serra,Técnico De Contabilidade,8,4268.56
Araçariguama,Analista De Negócios,8,3194.38
Cerquilho,Inspetor De Alunos De Escola Privada,8,1399.27
Itapeva,Orientador Educacional,8,1076.63
Itu,Técnico Mecânico (Motores),8,5277.3
Americana,Salva-Vidas,8,2259.85
Porto Feliz,Trabalhador Da Ovinocultura,8,1718.8
Cabreúva,Fiscal De Transportes Coletivos (Exceto Trem),8,2493.27
Itu,Operador De Caldeira,8,3984.13
Piedade,Costureiro Na Confecção Em Série,8,1496.51
Itapetininga,Engenheiro De Segurança Do Trabalho,8,7392.55
Itu,Analista De Planejamento E Orçamento - Apo,8,4201.09
Americana,Inspetor De Sinistros,8,2445.13
Charqueada,Trabalhador Da Elaboração De Pré-Fabricados (Concreto Armado),8,1624.41
Cerquilho,Supervisor De Produção Da Indústria Alimentícia,8,6101.09
Boituva,Médico Veterinário,8,9577.54
Araçatuba,"Operador De Utilidade (Produção E Distribuição De Vapor, Gás, Óleo, Combustível, Energia, Oxigênio)",8,3692.69
Cerquilho,Tecelão (Tear Automático),8,1875.52
Araçariguama,Preparador De Panelas,8,3768.74
Boituva,Especialista Em Calibrações Metrológicas,8,3959.56
Araçoiaba da Serra,Professor De Alunos Com Deficiência Múltipla,8,2735.02
Araçatuba,Gerente De Produtos Bancários,8,9525.88
Ibiúna,Camareiro  De Hotel,8,1651.26
Itapetininga,Preparador De Sucata E Aparas,8,1490.07
Itupeva,Pasteurizador,8,3278.26
Americana,Impressor De Rotogravura,8,2653.06
Itu,Psicólogo Educacional,8,3069.83
Itapetininga,Repórter (Exclusive Rádio E Televisão),8,3768.2
Araçatuba,Professor De Educação Física No Ensino Médio,8,714
Itapetininga,Professor De Artes No Ensino Médio,8,1099.64
Cerquilho,Supervisor De Compras,8,4845.38
Araçoiaba da Serra,Técnico De Enfermagem,8,2052.97
Araçatuba,Operador De Guindaste Móvel,8,2807.06
Itupeva,Cozinhador De Carnes,8,2025.05
Itapetininga,Supervisor De Almoxarifado,8,4644.64
Itu,Técnico De Controle De Meio Ambiente,8,4634.75
Americana,Teleoperador,8,2010.29
Porto Feliz,Operador De Máquina De Moldar Automatizada,8,3214.82
Ibiúna,Eletrotécnico (Produção De Energia),8,8420.86
Araçatuba,Gerente De Suporte Técnico De Tecnologia Da Informação,8,6407.71
Itu,Inspetor De Terraplenagem,8,3351.37
Itapeva,Gerente De Serviços De Saúde,8,7344.11
Piedade,Analista De Folha De Pagamento,8,2745.43
Araçariguama,Técnico De Planejamento E Programação Da Manutenção,8,4907.13
Araçatuba,Técnico Mecânico (Máquinas),8,2489.53
Araçariguama,Mecânico De Manutenção De Empilhadeiras E Outros Veículos De Cargas Leves,8,2869.37
Itapeva,Atendente Comercial (Agência Postal),8,2335.57
Araçatuba,Preparador De Tintas,8,2378.9
Cerquilho,Montador De Equipamentos Eletrônicos (Máquinas Industriais),8,1447.4
Americana,Chefe De Contabilidade (Técnico),8,4979.36
Pindamonhangaba,Analista De Folha De Pagamento,8,2859.96
Araçatuba,Enfermeiro Do Trabalho,8,4340.68
Itapeva,Supervisor De Crédito E Cobrança,8,2609.65
Piedade,Analista De Recursos Humanos,8,3352.78
Piedade,Serrador De Madeira,8,1331.25
Americana,Operador De Máquinas De Usinar Madeira (Cnc),8,2302.42
Itu,Revisor De Texto,8,2148.3
Araçariguama,Montador De Máquinas,8,2248.82
Pindamonhangaba,Advogado De Empresa,8,9362.67
Itapetininga,Trabalhador Da Pecuária (Asininos E Muares),8,1702.28
Pindamonhangaba,Diretor Comercial,8,26521.97
Itapetininga,"Pintor, A  Pistola (Exceto Obras E Estruturas Metálicas)",8,1621.84
Cerquilho,Vidraceiro,8,2361.27
Pindamonhangaba,Tosador De Animais Domésticos,8,1582.54
Pindamonhangaba,Gerente De Desenvolvimento De Sistemas,8,10732.62
Itapetininga,Técnico De Planejamento E Programação Da Manutenção,8,3616.72
Araçoiaba da Serra,Professor De História Do Ensino Fundamental,8,2467.52
Porto Feliz,Metrologista,8,3922.34
Itupeva,Afretador,8,1959.99
Itapeva,Pintor De Veículos (Reparação),8,1535.98
Itupeva,Mestre De Pintura (Tratamento De Superfícies),8,3949.75
Itupeva,Carpinteiro Naval (Construção De Pequenas Embarcações),8,1534.76
Boituva,Cortador De Pedras,8,2246.9
Macatuba,Comprador,8,3767.49
Cabreúva,Agente De Trânsito,8,2712.81
Boituva,Supervisor De Recepcionistas,8,2563.37
Ibiúna,Coordenador Pedagógico,8,2391.26
Itapeva,Atendente De Agência,8,1797.46
Itapeva,Operador De Trator De Lâmina,8,2163.23
Itupeva,Mecânico De Manutenção De Compressores De Ar,8,5495.45
Itu,Engenheiro Ambiental,8,9666.36
Ibiúna,Mestre (Construção Civil),8,3570.82
Charqueada,Atendente De Lanchonete,8,1266.41
Itupeva,Trabalhador Da Pecuária (Asininos E Muares),8,1603.58
Araçoiaba da Serra,Operador De Trator De Lâmina,8,3943.23
Itupeva,Costureiro Na Confecção Em Série,8,1813.5
Americana,Forneiro E Operador (Alto-Forno),8,1786.88
Araçatuba,Manobrador,8,1727.32
Itupeva,"Operador De Utilidade (Produção E Distribuição De Vapor, Gás, Óleo, Combustível, Energia, Oxigênio)",8,5050.13
Pindamonhangaba,Montador De Veículos (Reparação),8,2582.46
Boituva,Operador De Máquinas De Beneficiamento De Produtos Agrícolas,8,2519.35
Pindamonhangaba,Instalador-Reparador De Redes E Cabos Telefônicos,8,2079.22
Porto Feliz,Engenheiro De Controle De Qualidade,8,10795.13
Boituva,Promotor De Vendas Especializado,8,6555.55
Boituva,Carregador (Veículos De Transportes Terrestres),8,2123.21
Itupeva,Operador De Serras No Desdobramento De Madeira,8,1750.33
Cerquilho,Recebedor De Apostas (Loteria),8,1835.45
Araçariguama,Psicólogo Clínico,8,4935.84
Itapetininga,Técnico De Imobilização Ortopédica,8,2326.75
Pindamonhangaba,Sepultador,8,2815.72
Itu,Professor De História Do Ensino Fundamental,8,3269.3
Itapeva,Técnico Em Manutenção De Máquinas,8,3742.98
Pindamonhangaba,Técnico De Rede (Telecomunicações),8,2309.1
Itupeva,Operador De Fresadora Com Comando Numérico,8,3530.7
Americana,Operador De Betoneira,8,2778.13
Araçoiaba da Serra,"Mecânico De Manutenção De Automóveis, Motocicletas E Veículos Similares",8,2117.85
Araçariguama,Costureiro Na Confecção Em Série,8,1527.59
Itapetininga,Operador De Transporte Multimodal,8,2482.04
Charqueada,Eletricista De Manutenção Eletroeletrônica,8,4921.44
Araçatuba,Professor De Medicina Veterinária,8,9941.28
Cerquilho,Supervisor De Tesouraria,8,6420.98
Araçatuba,Professor De Fisioterapia,8,8847.52
Cerquilho,Gerente De Pesquisa E Desenvolvimento (P&D),8,12781.79
Piedade,Montador De Equipamentos Eletrônicos,8,1714.87
Itapetininga,Gerente De Departamento Pessoal,8,3558.68
Itupeva,Médico Pediatra,8,9509.33
Araçatuba,"Operador De Instalação De Extração, Processamento, Envasamento E Distribuição De Gases",8,3011.59
Itu,Gerente De Clientes Especiais (Private),8,7314.7
Piedade,Professor De Ciências Exatas E Naturais Do Ensino Fundamental,8,1877.07
Cabreúva,Gerente Financeiro,8,11399.21
Dourado,Contador,8,8245.68
Cerquilho,Auxiliar De Farmácia De Manipulação,8,1395.88
Itu,Supervisor De Cobrança,8,4913.9
Itu,Engenheiro De Segurança Do Trabalho,8,7384.82
Itupeva,Técnico De Controle De Meio Ambiente,8,6982.74
Itapetininga,Operador De Computador,8,2598.16
Americana,Enfermeiro Auditor,8,5412.42
Itapeva,Professor De Matemática No Ensino Médio,8,2027.8
Ibiúna,Inspetor De Alunos De Escola Privada,8,1325.16
Itu,Biólogo,8,6689.55
Cabreúva,Tecelão De Malhas (Máquina Circular),8,1876.24
Cabreúva,Mecânico De Manutenção De Máquinas-Ferramentas (Usinagem De Metais),8,2927.8
Ibiúna,Operador De Inspeção De Qualidade,8,1942.79
Macatuba,Fisioterapeuta Geral,8,3746.16
Itapeva,Lubrificador De Veículos Automotores (Exceto Embarcações),8,1748.79
Macatuba,Diretor Administrativo,8,3967.53
Cabreúva,Técnico Mecânico,8,4477.39
Araçatuba,Técnico Em Instalação De Equipamentos De Áudio,8,1582.21
Ibiúna,Arquivista,8,2437.07
Boituva,Desenhista Projetista De Máquinas,8,4130.42
Pindamonhangaba,Chefe De Bar,8,2363.68
Itapetininga,Técnico Eletrônico,8,1656.55
Araçatuba,Supervisor De Manutenção De Máquinas Operatrizes E De Usinagem,8,4660.1
Itu,Auxiliar De Lavanderia,8,1465.71
Itapetininga,"Instalador De Cortinas E Persianas, Portas Sanfonadas E Boxe",8,1853
Pindamonhangaba,Tratador De Animais,8,1591.75
Dourado,Massoterapeuta,8,2111.02
Itupeva,Engenheiro De Segurança Do Trabalho,8,8252.44
Boituva,Caseiro (Agricultura),8,1578.08
Araçariguama,Trabalhador Da Elaboração De Pré-Fabricados (Cimento Amianto),8,1999.28
Dourado,Jardineiro,8,2048.33
Itapetininga,Marmorista (Construção),8,2190.03
Pindamonhangaba,Atendente De Enfermagem,8,2009.22
Porto Feliz,Recreador,8,2225.04
Itu,Engenheiro Agrônomo,8,8927.38
Araçoiaba da Serra,"Embalador, A Mão",8,1427.21
Itupeva,Agente De Saúde Pública,8,5194.96
Itu,Professor De Educação Física No Ensino Médio,8,4006.04
Ibiúna,Auxiliar De Veterinário,8,1328.48
Boituva,Recebedor De Apostas (Loteria),8,1298.81
Dourado,Trabalhador Da Pecuária (Eqüinos),8,2336.05
Itapetininga,"Encarregado De Manutenção De Instrumentos De Controle, Medição E Similares",8,2085.79
Itupeva,Sepultador,8,3207.08
Americana,Professor De Filosofia No Ensino Médio,8,2476.04
Boituva,Gerente De Agência,8,10638.49
Araçatuba,Impressor (Serigrafia),8,1910.76
Cerquilho,Trabalhador De Fabricação De Sorvete,8,1564.95
Araçariguama,Operador De Escavadeira,8,2734.37
Araçatuba,Professor De Enfermagem Do Ensino Superior,8,9193.89
Americana,Gerente De Serviços Sociais,8,3617.63
Boituva,Demonstrador De Mercadorias,8,2712.81
Cerquilho,Técnico Em Radiologia E Imagenologia,8,4114.47
Boituva,Estofador De Móveis,8,1578.1
Americana,Engenheiro Eletricista De Projetos,8,10651.62
Araçatuba,Supervisor De Fabricação De Produtos De Vidro,8,3976.26
Araçatuba,Professor De Língua E Literatura Brasileira No Ensino Médio,8,1459.18
Boituva,Técnico De Planejamento E Programação Da Manutenção,8,3207.18
Charqueada,"Costureiro, A  Máquina  Na Confecção Em Série",8,1315.54
Porto Feliz,Preparador De Sucata E Aparas,8,1556.95
Ibiúna,Trabalhador Da Pecuária (Bovinos Leite),8,1481.42
Pindamonhangaba,"Operador De Sala De Controle De Instalações Químicas, Petroquímicas E Afins",8,5698.96
Pindamonhangaba,Diretor Financeiro,8,14260.69
Boituva,Pesquisador Em Psicologia,8,4005.83
Itapetininga,Manicure/Pedicure,8,1577.66
Itupeva,Instrutor De Cursos Livres,8,1746.75
Americana,Técnico Em Mecânica De Precisão,8,7846.51
Macatuba,Auxiliar De Contabilidade,8,2561.26
Charqueada,Assistente Social,8,2241.77
Cabreúva,Técnico De Obras Civis,8,5744.38
Americana,Auxiliar De Enfermagem Do Trabalho,8,2602.08
Pindamonhangaba,Diretor Administrativo E Financeiro,8,11112.85
Macatuba,Operador De Empilhadeira,8,2508.68
Pindamonhangaba,Farmacêutico Industrial,8,15710.02
Itapeva,Tosador De Animais Domésticos,8,1287.42
Macatuba,Pesquisador Em Biologia Ambiental,8,9305.49
Itapetininga,Técnico De Alimentos,8,1560.51
Pindamonhangaba,Desenhista Industrial Gráfico (Designer Gráfico),8,1752.87
Piedade,Trabalhador Da Elaboração De Pré-Fabricados (Cimento Amianto),7,1808.43
Americana,Bibliotecário,7,5097.21
Cerquilho,"Supervisor Da Confecção De Artefatos De Tecidos, Couros E Afins",7,7802.34
Piedade,Agente De Portaria,7,1668.2
Charqueada,Analista De Recursos Humanos,7,2715.08
Cerquilho,Ajustador De Instrumentos De Precisão,7,1496.25
Pindamonhangaba,Operador De Cabine De Laminação (Fio-Máquina),7,4671.26
Itapetininga,Supervisor De Usina De Concreto,7,1803.99
Itapeva,Operador De Britador De Mandíbulas,7,1246.88
Pindamonhangaba,Técnico Em Plástico,7,4959.21
Itapetininga,Instalador-Reparador De Linhas E Aparelhos De Telecomunicações,7,2175.73
Itu,Chapeador De Carrocerias Metálicas (Fabricação),7,1776.2
Pindamonhangaba,Oleiro (Fabricação De Tijolos),7,1467.65
Itapeva,"Trabalhador Da Cultura De Trigo, Aveia, Cevada E Triticale",7,1499.24
Itu,Preparador De Rações,7,1863.74
Macatuba,Serralheiro,7,1975.27
Itupeva,Tecnólogo Em Radiologia,7,3500.69
Americana,Diretor Financeiro,7,8612.78
Cerquilho,Nutricionista,7,4449.2
Macatuba,Pintor De Obras,7,2321.18
Dourado,Técnico Em Eletromecânica,7,7540.76
Araçariguama,Escrevente,7,3546.05
Itu,Chapeador,7,2028.89
Piedade,Encanador,7,1690.64
Itapetininga,Operador De Equipamento De Destilação De Álcool,7,1544.87
Araçariguama,Operador De Máquinas Especiais Em Conservação De Via Permanente (Trilhos),7,1067.99
Itu,"Tecelão De Malhas, A  Máquina",7,1584.99
Araçoiaba da Serra,Pintor A Pincel E Rolo (Exceto Obras E Estruturas Metálicas),7,1666.3
Itupeva,Supervisor De Recepcionistas,7,2424.51
Itu,Professor Instrutor De Ensino E Aprendizagem Em Serviços,7,2977.3
Americana,Designer De Interiores,7,3019.09
Porto Feliz,Atendente Comercial (Agência Postal),7,2642.65
Araçatuba,Diretor Financeiro,7,12197.78
Itapetininga,Tratador De Animais,7,1811.78
Itupeva,Operador De Rameuse,7,849.02
Pindamonhangaba,Supervisor De Manutenção De Máquinas Operatrizes E De Usinagem,7,14457
Macatuba,Contador,7,5483.22
Araçariguama,Técnico Em Eletromecânica,7,4894.95
Itapeva,Terapeuta Ocupacional,7,3228.02
Porto Feliz,Inspetor De Serviços De Transportes Rodoviários (Passageiros E Cargas),7,1813.22
Ibiúna,Auxiliar De Produção Farmacêutica,7,1730.27
Boituva,Fisioterapeuta Geral,7,3322.53
Piedade,Especialista Em Pesquisa Operacional,7,3883.87
Porto Feliz,Inspetor De Alunos De Escola Privada,7,1352.03
Itupeva,Operador De Computador,7,2291.66
Dourado,Soldador,7,2418.76
Cerquilho,Cortador De Tapeçaria,7,1423.8
Araçatuba,Cobrador De Transportes Coletivos (Exceto Trem),7,0
Itapeva,Gerente De Agência,7,11043.69
Araçatuba,"Técnico De Utilidade (Produção E Distribuição De Vapor, Gases, Óleos, Combustíveis, Energia)",7,0
Cabreúva,Operador De Máquina De Envasar Líquidos,7,2773.14
Araçatuba,Advogado De Empresa,7,9317.36
Araçatuba,Professor De Química No Ensino Médio,7,1884.48
Pindamonhangaba,Bibliotecário,7,5580.92
Boituva,Caldeireiro (Chapas De Ferro E Aço),7,3820.56
Araçatuba,Professor De Física No Ensino Médio,7,2622.94
Araçatuba,Programador Visual Gráfico,7,2024.72
Itu,Avaliador De Bens Móveis,7,2758.78
Itupeva,Operador De Centro De Controle ( Sinterização),7,3327.38
Piedade,Fiscal De Tributos Municipal,7,4782.89
Pindamonhangaba,Prensista (Operador De Prensa),7,2737
Boituva,Operador De Computador,7,2065.07
Piedade,Coletor De Lixo Domiciliar,7,1802.09
Araçariguama,Gerente De Recursos Humanos,7,9341.94
Itupeva,Professor De Filosofia No Ensino Médio,7,4149.88
Boituva,Montador De Filmes,7,1832.34
Piedade,Rebarbador De Metal,7,1646.75
Dourado,Montador De Móveis E Artefatos De Madeira,7,2431.15
Araçariguama,Diretor Geral De Empresa E Organizações (Exceto De Interesse Público),7,4439.17
Cabreúva,Diretor Administrativo,7,18526.37
Itupeva,Eletricista De Instalações (Edifícios),7,3881.9
Boituva,Supervisor Da Indústria De Bebidas,7,6149.84
Cabreúva,Nutricionista,7,5889.42
Boituva,Cuidador De Idosos,7,1371.06
Boituva,Supervisor De Contas A Pagar,7,4488.24
Boituva,Consultor Jurídico,7,1446.81
Piedade,Confeccionador De Pneumáticos,7,2032.26
Itupeva,Médico Do Trabalho,7,11262.89
Porto Feliz,Preparador De Estruturas Metálicas,7,1772.34
Cerquilho,Analista De Redes E De Comunicação De Dados,7,5086.21
Itapeva,Agente De Saúde Pública,7,2998.25
Itupeva,Gerente De Desenvolvimento De Sistemas,7,16782.24
Ibiúna,Orientador Educacional,7,567.33
Piedade,Encarregado De Manutenção Mecânica De Sistemas Operacionais,7,2521.64
Itu,Operador De Máquina De Envasar Líquidos,7,474.9
Itupeva,Professor De Matemática Do Ensino Fundamental,7,4507.44
Itu,Dirigente De Entidade De Trabalhadores,7,5322.8
Araçoiaba da Serra,Carteiro,7,3813.59
Cabreúva,Ajudante De Confecção,7,1370.06
Ibiúna,Professor De Ciências Exatas E Naturais Do Ensino Fundamental,7,1631.06
Cerquilho,Operador De Moenda Na Fabricação De Açúcar,7,2917.38
Cerquilho,Contramestre De Tecelagem (Indústria Têxtil),7,2346
Porto Feliz,Consultor Jurídico,7,4363.43
Cabreúva,Acabador De Embalagens (Flexíveis E Cartotécnicas),7,1552.5
Cabreúva,Carpinteiro,7,3848.72
Itapetininga,Lubrificador Industrial,7,2452.43
Itu,Agente De Portaria,7,3045.08
Piedade,Caseiro (Agricultura),7,1423.45
Americana,"Operador De Pavimentadora (Asfalto, Concreto E Materiais Similares)",7,3089.7
Boituva,Engenheiro De Controle E Automação,7,7102.53
Porto Feliz,Analista De Exportação E Importação,7,5478.97
Cerquilho,Médico Clínico,7,5891.63
Americana,Professor De Nível Médio No Ensino Profissionalizante,7,1226.68
Araçariguama,Operador De Máquinas De Beneficiamento De Produtos Agrícolas,7,1683.39
Porto Feliz,Operador De Computador,7,2120.15
Itupeva,Auxiliar Geral De Conservação De Vias Permanentes (Exceto Trilhos),7,1955.08
Porto Feliz,Mestre (Indústria Têxtil E De Confecções),7,5700.67
Araçatuba,Assentador De Revestimentos Cerâmicos,7,1525.85
Itapetininga,Classificador De Madeira,7,1954.44
Piedade,Jardineiro,7,1513.74
Itu,Professor De Dança,7,832.15
Porto Feliz,Técnico De Vendas,7,10521.59
Araçatuba,Técnico De Sistemas Audiovisuais,7,7302.73
Itupeva,Operador De Telemarketing Ativo,7,1689.13
Porto Feliz,Advogado,7,4702.6
Araçatuba,Digitador,7,1728.32
Araçariguama,Mecânico De Manutenção De Tratores,7,4609.45
Porto Feliz,Trabalhador No Cultivo De Trepadeiras Frutíferas,7,1182.15
Itupeva,Desenhista Técnico (Construção Civil),7,2545.55
Araçatuba,Técnico Em Óptica E Optometria,7,2955.33
Pindamonhangaba,Operador De Máquina De Produtos Farmacêuticos,7,2731.83
Itapeva,Operador De Máquina De Fabricar Papel E Papelão,7,2160.91
Piedade,Estofador De Móveis,7,1420.43
Itapetininga,Supervisor De Recepcionistas,7,1991.93
Itapetininga,Carpinteiro De Carretas,7,2082.17
Americana,Chefe De Serviços Bancários,7,4538.51
Itapetininga,Professor De Matemática Do Ensino Fundamental,7,2184.63
Araçariguama,Gerente De Compras,7,7163.26
Boituva,Mestre (Indústria De Madeira E Mobiliário),7,3866.2
Americana,Gerente De Hotel,7,3016.39
Macatuba,Apontador De Produção,7,2705.79
Cabreúva,Desenvolvedor De Multimídia,7,4244.06
Charqueada,Secretária(O) Executiva(O),7,3134.97
Itupeva,Operador De Acabamento (Indústria Gráfica),7,2664.48
Americana,Médico Anestesiologista,7,17794.73
Americana,Técnico Em Manutenção De Equipamentos E Instrumentos Médico-Hospitalares,7,4045.35
Pindamonhangaba,Cobrador Interno,7,1793.02
Boituva,Operador De Colheitadeira,7,3605.72
Piedade,Vendedor Pracista,7,1568.02
Porto Feliz,Massoterapeuta,7,3391.52
Araçatuba,Designer De Interiores,7,1639.56
Cabreúva,Fundidor De Metais,7,1541.1
Itupeva,Operador De Escavadeira,7,4843.89
Itapeva,Montador De Máquinas Operatrizes Para Madeira,7,2408.97
Porto Feliz,Chefe De Cozinha,7,4357.85
Itapeva,Cobrador Interno,7,1624.22
Pindamonhangaba,Operador De Máquinas Operatrizes,7,2151.36
Pindamonhangaba,Sushiman,7,1464.53
Porto Feliz,"Trabalhador Na Olericultura (Talos, Folhas E Flores)",7,1623.94
Araçatuba,Supervisor De Exploração Pecuária,7,2807.61
Boituva,Advogado,7,4608.08
Cabreúva,Camareiro  De Hotel,7,1506.78
Americana,Classificador De Fibras Têxteis,7,2425.98
Boituva,Técnico De Apoio Em Pesquisa E Desenvolvimento (Exceto Agropecuário E Florestal),7,3446.61
Cerquilho,Borracheiro,7,2287.21
Itupeva,Impressor Tipográfico,7,2998.63
Itu,Polidor De Pedras,7,2186.14
Porto Feliz,Operador De Prensa De Embutir Papelão,7,2386.65
Charqueada,Educador Social,7,1157.04
Itapeva,Operador De Motoniveladora,7,2685.3
Cerquilho,Técnico Em Manutenção De Máquinas,7,3846.95
Dourado,Mecânico De Manutenção De Máquinas Agrícolas,7,3049.69
Macatuba,Técnico Em Segurança Do Trabalho,7,3494.59
Boituva,Tosador De Animais Domésticos,7,1325.1
Itu,Arquivista De Documentos,7,1157.5
Boituva,Terapeuta Ocupacional,7,3489.05
Cabreúva,Cozinheiro Industrial,7,1513.68
Itapeva,Supervisor De Exploração Agropecuária,7,4519.43
Cabreúva,Técnico Em Pecuária,7,3094.04
Araçatuba,Operador De Laminador,7,2344.47
Itupeva,Operador De Britador De Mandíbulas,7,2036.22
Itapeva,Fonoaudiólogo Geral,7,2862.3
Macatuba,Professor De Alunos Com Deficiência Mental,7,2127.29
Piedade,Operador De Centro De Usinagem Com Comando Numérico,7,2206.2
Pindamonhangaba,Técnico Em Administração,7,6003.63
Pindamonhangaba,Caseiro (Agricultura),7,1702.75
Piedade,Xaropeiro,7,1808.05
Cerquilho,Cuidador De Idosos,7,1496.26
Cabreúva,Técnico Em Automobilística,7,4933.76
Boituva,Mecânico De Manutenção E Instalação De Aparelhos De Climatização E  Refrigeração,7,2602.85
Itupeva,Contínuo,7,1767.24
Americana,Gerente De Infraestrutura De Tecnologia Da Informação,7,13346.95
Porto Feliz,Tosador De Animais Domésticos,7,1657.79
Pindamonhangaba,Ajustador Ferramenteiro,7,1606.12
Araçatuba,Operador De Estação De Bombeamento,7,2422.28
Pindamonhangaba,Químico,7,7524.4
Cabreúva,Gerente De Serviços Educacionais Da Área Pública,7,6183.34
Americana,Professor De Dança,7,1553.27
Pindamonhangaba,Professor De Geografia Do Ensino Fundamental,7,1095.91
Araçariguama,Gerente De Pesquisa E Desenvolvimento (P&D),7,14377.98
Porto Feliz,Atendente De Enfermagem,7,1999.92
Itapetininga,Enfermeiro Obstétrico,7,5789.84
Itu,Jornalista,7,5761.83
Araçariguama,Supervisor De Embalagem E Etiquetagem,7,2321.44
Itapetininga,Mecânico De Manutenção De Motocicletas,7,1510.22
Itu,Agente De Defesa Ambiental,7,4450.87
Ibiúna,Professor De Língua Portuguesa,7,1265.74
Araçatuba,Gerente De Operações De Correios E Telecomunicações,7,6135.12
Itapetininga,Professor De História Do Ensino Fundamental,7,1520.44
Araçatuba,Técnico Em Eletromecânica,7,2446.96
Araçariguama,Classificador De Madeira,7,1053.71
Itapeva,Cozinheiro De Hospital,7,1649.22
Itapetininga,Analista De Redes E De Comunicação De Dados,7,4846.88
Itapetininga,Mecânico De Manutenção De Bomba Injetora (Exceto De Veículos Automotores),7,1635.84
Cerquilho,Monitor De Transporte Escolar,7,976.65
Pindamonhangaba,Emendador De Cabos Elétricos E Telefônicos (Aéreos E Subterrâneos),7,2057.93
Piedade,Preparador De Estruturas Metálicas,7,247.16
Pindamonhangaba,Cortador De Pedras,7,1870.16
Itapeva,Cabeleireiro,7,1457.97
Itapeva,Intérprete De Língua De Sinais,7,1373.81
Dourado,Farmacêutico,7,3301.62
Pindamonhangaba,Instalador De Linhas Elétricas De Alta E Baixa - Tensão (Rede Aérea E Subterrânea),7,2298.85
Porto Feliz,Supervisor De Logística,7,9297.56
Boituva,Impressor (Serigrafia),7,2432.46
Itu,Operador De Máquina De Sinterizar,7,2549.16
Itapeva,Costureira De Reparação De Roupas,7,1304.11
Itapetininga,Arrematadeira,7,1606.87
Itapetininga,Desenhista Industrial Gráfico (Designer Gráfico),7,1620.2
Itapetininga,Cortador De Roupas,7,1359.44
Pindamonhangaba,Mecânico De Manutenção De Máquinas Agrícolas,7,2211.81
Araçatuba,Supervisor De Manutenção Elétrica De Alta Tensão Industrial,7,3046.53
Araçoiaba da Serra,Lavador De Veículos,7,1644.78
Itapetininga,Preparador De Máquinas-Ferramenta,7,2118.32
Boituva,Operador De Ponte Rolante,7,2872.78
Itapetininga,Agente De Vendas De Serviços,7,2184.48
Porto Feliz,"Supervisor De Manutenção Eletromecânica Industrial, Comercial E Predial",7,6186.98
Piedade,Agente Funerário,7,2210.64
Itu,Operador De Ceifadeira Na Conservação De Vias Permanentes,7,1206.11
Ibiúna,Operador De Máquinas De Construção Civil E Mineração,7,1882.84
Ibiúna,Dirigente Do Serviço Público Municipal,7,11115.76
Americana,Mestre (Indústria De Madeira E Mobiliário),7,3377.68
Cabreúva,Técnico Em Plástico,7,3811.31
Araçariguama,Supervisor De Tesouraria,7,4848.32
Macatuba,Operador De Máquinas-Ferramenta Convencionais,7,2055.58
Araçatuba,Surfassagista,7,2521.74
Pindamonhangaba,Chefe De Cozinha,7,3077.71
Araçatuba,Redator De Publicidade,7,3182.92
Araçariguama,Trabalhador Volante Da Agricultura,7,1817.47
Americana,Forneiro E Operador (Forno Elétrico),7,5659.43
Americana,Supervisor De Exploração Agrícola,7,2511.04
Araçatuba,Supervisor Da Manutenção E Reparação De Veículos Leves,7,3371.91
Ibiúna,Porteiro (Hotel),7,1542.47
Itapetininga,Mecânico De Refrigeração,7,1909.76
Itupeva,Soldador Elétrico,7,4646.44
Araçatuba,Apontador De Mão-De-Obra,7,2351.24
Itapetininga,"Supervisor De Manutenção Eletromecânica Industrial, Comercial E Predial",7,3364.28
Itu,"Supervisor De Manutenção De Aparelhos Térmicos, De Climatização E De Refrigeração",7,5488.66
Americana,Técnico De Transmissão (Telecomunicações),7,3090.46
Pindamonhangaba,Trabalhador Volante Da Agricultura,7,1525.43
Araçoiaba da Serra,Auxiliar De Faturamento,7,2742.64
Araçatuba,Enfermeiro Obstétrico,7,3979.42
Cerquilho,Lavador De Roupas  A Maquina,7,1553.52
Itapetininga,Mecânico Montador De Motores De Explosão E Diesel,7,2009.97
Pindamonhangaba,Moleiro (Tratamentos Químicos E Afins),7,1507.89
Itupeva,Ajudante De Confecção,7,1435.53
Araçatuba,,7,3608.25
Araçariguama,Zelador De Edifício,7,2512.66
Porto Feliz,Pintor A Pincel E Rolo (Exceto Obras E Estruturas Metálicas),7,3168.49
Americana,Cabeleireiro,7,1830.83
Dourado,Atendente De Lanchonete,7,1402.82
Itapetininga,Agente De Viagem,7,1483.4
Araçatuba,Corretor De Imóveis,7,1741.04
Cerquilho,Economista Financeiro,7,2998.61
Boituva,Lavador De Veículos,7,1559.71
Piedade,Promotor De Vendas Especializado,7,2143.46
Araçatuba,Arquivista De Documentos,7,1687.43
Araçatuba,Condutor De Ambulância,7,1587.34
Americana,Técnico Têxtil De Tecelagem,7,6797.05
Cabreúva,Terapeuta Ocupacional,7,3556.74
Itapeva,Preparador De Sucata E Aparas,7,1346.48
Pindamonhangaba,Operador De Guindaste (Fixo),7,2848.73
Pindamonhangaba,Professor De Língua Portuguesa,7,744.98
Itupeva,Mestre De Usinagem,7,4862.68
Dourado,Gerente Comercial,7,4706.08
Itapeva,Sócioeducador,7,1314.17
Ibiúna,Auxiliar De Laboratório De Análises Clínicas,7,1607.38
Americana,Editor De Mídia Audiovisual,7,1811.6
Araçatuba,Porteiro (Hotel),7,1711.08
Itu,Editor De Texto E Imagem,7,3721.7
Cerquilho,Cronoanalista,7,2079.19
Itapetininga,Avaliador De Imóveis,7,1980.95
Itapetininga,Fiscal De Transportes Coletivos (Exceto Trem),7,1329.32
Araçariguama,Preparador De Sucata E Aparas,7,1324.02
Piedade,Técnico Em Segurança Do Trabalho,7,2569.6
Itu,Carpinteiro De Obras,7,1761.81
Araçoiaba da Serra,Encarregado Geral De Operações De Conservação De Vias Permanentes (Exceto Trilhos),7,2224.96
Araçariguama,Supervisor De Vigilantes,7,4552.62
Pindamonhangaba,Trabalhador Da Pecuária (Bubalinos),7,1326.92
Itu,Operador De Estação De Bombeamento,7,3091.18
Araçatuba,Técnico De Imobilização Ortopédica,7,2707.46
Araçatuba,Cozinhador (Conservação De Alimentos),7,1298.01
Dourado,Auxiliar De Veterinário,7,2381.85
Americana,Arquivista De Documentos,7,1854.52
Araçariguama,Operador De Carregadeira,7,3008.53
Itupeva,Folheador De Móveis De Madeira,7,1649.53
Itapeva,Sushiman,7,1716.24
Ibiúna,Mecânico De Veículos Automotores A Diesel (Exceto Tratores),7,2046.38
Araçoiaba da Serra,Escrevente,7,1538.33
Itapeva,Trabalhador Da Elaboração De Pré-Fabricados (Cimento Amianto),7,1648.88
Americana,Mecânico De Manutenção De Empilhadeiras E Outros Veículos De Cargas Leves,7,3163.2
Americana,Mecânico Montador De Motores De Embarcações,7,3309.82
Araçariguama,Analista De Suporte Computacional,7,4689.54
Americana,"Instalador De Material Isolante, À Máquina (Edificações)",7,3129.25
Americana,Operador De Time De Montagem,7,3281.39
Pindamonhangaba,Churrasqueiro,7,1599.37
Americana,Operador De Transporte Multimodal,7,2445.49
Americana,Consultor Contábil (Técnico),7,2615.22
Araçariguama,Assistente Social,7,4133.03
Americana,Ajustador Ferramenteiro,7,5309.69
Itu,Alinhador De Pneus,7,2652.68
Araçatuba,Manicure/Pedicure,7,1329.49
Araçariguama,Mestre De Fundição,7,4911.66
Piedade,Supervisor De Montagem E Instalação Eletroeletrônica,7,5747.1
Ibiúna,Supervisor De Almoxarifado,7,3951.76
Cerquilho,Copeiro,7,1573.32
Pindamonhangaba,Operador De Quadro De Distribuição De Energia Elétrica,7,5907.62
Araçariguama,Cronoanalista,7,5828.16
Piedade,Técnico Químico,7,5810.43
Itupeva,Montador De Máquinas-Ferramentas (Usinagem De Metais),7,5170.21
Macatuba,Psicólogo Clínico,7,5181.43
Itupeva,Mantenedor De Sistemas Eletroeletrônicos De Segurança,7,1808.28
Araçatuba,Técnico De Planejamento E Programação Da Manutenção,7,3332.03
Araçariguama,Professor De História Do Ensino Fundamental,7,5515.96
Araçariguama,Professor De Geografia Do Ensino Fundamental,7,4964.22
Charqueada,Operador De Pá Carregadeira,7,2481.05
Itapeva,Chefe De Cozinha,7,1517.28
Itapeva,Auxiliar De Lavanderia,7,1433
Araçoiaba da Serra,Recepcionista De Consultório Médico Ou Dentário,7,1674.43
Itapetininga,Psicólogo Clínico,7,2855.5
Cerquilho,Atendente Comercial (Agência Postal),7,1865.03
Itapetininga,Supervisor De Ensino,7,5717.01
Itapetininga,Operador De Motoniveladora,7,4359.88
Cerquilho,Colorista Têxtil,7,2021.06
Itapetininga,Avaliador Físico,7,2792.57
Americana,Operador De Processo De Moagem,7,2856.66
Porto Feliz,Psicólogo Educacional,7,2859.49
Itu,Economista,7,3942.05
Araçatuba,Lavador De Peças,7,1424.35
Itapeva,Diretor Administrativo,7,10924.49
Americana,Galvanizador,7,2677.47
Araçatuba,Encarregado De Acabamento De Chapas E Metais  (Têmpera),7,4893.9
Americana,Instalador De Isolantes Térmicos (Refrigeração E Climatização),7,2364.62
Americana,Topógrafo,7,2971.75
Itapetininga,Kardexista,7,1448.32
Charqueada,"Eletricista De Instalações (Veículos Automotores E Máquinas Operatrizes, Exceto Aeronaves E Embarcações)",7,1489.84
Itapetininga,Operador De Cristalização Na Refinação De Açucar,7,3172.4
Itapetininga,Auxiliar De Serviços Jurídicos,7,1868.92
Americana,Operador De Pá Carregadeira,7,1875.83
Porto Feliz,Avaliador Físico,7,2471.3
Araçariguama,Copeiro,7,1366.98
Itu,Oleiro (Fabricação De Telhas),7,1568.32
Boituva,Gerente De Desenvolvimento De Sistemas,7,15159.54
Araçoiaba da Serra,Técnico De Obras Civis,7,3353.11
Pindamonhangaba,"Instalador De Cortinas E Persianas, Portas Sanfonadas E Boxe",7,2069.45
Itu,Funileiro Industrial,7,4467.89
Boituva,Projetista De Móveis,7,1970.93
Piedade,Técnico De Suporte Ao Usuário De Tecnologia Da Informação,7,1226.98
Itu,Diretor Administrativo E Financeiro,7,14667.77
Itapetininga,Surfassagista,7,2338.99
Araçoiaba da Serra,Marceneiro,7,2077.25
Pindamonhangaba,Técnico Em Caldeiraria,7,5091.44
Itu,Mecânico De Manutenção De Motores Diesel (Exceto De Veículos Automotores),7,2036.8
Itapeva,Auxiliar De Banco De Sangue,7,2239.27
Pindamonhangaba,Costureiro Na Confecção Em Série,7,1469.97
Itapetininga,Supervisor De Manutenção Elétrica De Alta Tensão Industrial,7,9317.01
Itu,Operador De Processo De Moagem,7,2521.81
Charqueada,"Mecânico De Manutenção De Máquinas, Em Geral",7,3663.94
Cerquilho,Preparador Físico,7,879.6
Itapeva,Analista Financeiro (Instituições Financeiras),7,4216.25
Cerquilho,Operador De Tratamento De Calda Na Refinação De Açúcar,7,2748
Itapetininga,Mecânico De Manutenção E Instalação De Aparelhos De Climatização E  Refrigeração,7,1341.75
Boituva,Gerente De Departamento Pessoal,7,5483.04
Boituva,Analista De Negócios,7,3400.83
Itapetininga,Técnico Em Instrumentação,7,4065.87
Itu,,7,2591.99
Araçariguama,Pintor De Estruturas Metálicas,7,2807.77
Araçatuba,Advogado (Direito Do Trabalho),7,4309.39
Araçariguama,Contramestre De Tecelagem (Indústria Têxtil),7,3838.46
Itapetininga,Médico Pediatra,7,8131.81
Araçatuba,Técnico De Manutenção Elétrica,7,4158.9
Pindamonhangaba,Catador De Material Reciclável,7,3153.19
Itu,Acabador De Superfícies De Concreto,7,1813.05
Itupeva,Técnico Em Mecânica De Precisão,7,3534.67
Araçariguama,Operador De Estação De Tratamento De Água E Efluentes,7,2873.59
Pindamonhangaba,"Mecânico De Manutenção De Máquinas Cortadoras De Grama, Roçadeiras, Motosserras E Similares",7,1726.64
Itupeva,Supervisor De Manutenção Elétrica De Alta Tensão Industrial,7,12166.96
Itapeva,Promotor De Vendas Especializado,7,2171.84
Araçoiaba da Serra,Analista De Pesquisa De Mercado,7,4310.58
Araçariguama,Fisioterapeuta Geral,7,4542.32
Araçariguama,"Eletrotécnico Na Fabricação, Montagem E Instalação De Máquinas E Equipamentos",6,3441.02
Itu,Trabalhador No Cultivo De Árvores Frutíferas,6,1903.09
Piedade,Professor De Educação Física No Ensino Médio,6,2472.49
Araçoiaba da Serra,Assistente De Laboratório Industrial,6,2944.58
Porto Feliz,Supervisor De Carga E Descarga,6,5076.4
Itapeva,Professor De Língua Portuguesa,6,3137.16
Dourado,Serralheiro,6,1728.91
Araçoiaba da Serra,Cirurgião Dentista - Clínico Geral,6,2900.42
Itapeva,Supervisor De Manutenção Elétrica De Alta Tensão Industrial,6,6674.3
Itapetininga,Professor De Língua Portuguesa,6,2551.57
Itupeva,Técnico De Suporte Ao Usuário De Tecnologia Da Informação,6,2327.07
Itupeva,Supervisor De Caixas E Bilheteiros (Exceto Caixa De Banco),6,2942.27
Araçoiaba da Serra,Fisioterapeuta Geral,6,2966.95
Araçoiaba da Serra,Agente De Trânsito,6,2417.27
Araçariguama,Agente De Trânsito,6,2213.17
Itu,Operador De Rádio-Chamada,6,2375.93
Itu,Educador Social,6,2084.25
Araçoiaba da Serra,Desenhista Projetista De Arquitetura,6,2979.38
Itapetininga,Gerente De Produtos Bancários,6,6121.68
Cerquilho,Orientador Educacional,6,2684.34
Araçatuba,Operador De Motoniveladora,6,2377.31
Itapeva,Procurador Do Município,6,13516.29
Araçatuba,"Salsicheiro (Fabricação De Lingüiça, Salsicha E Produtos Similares)",6,2963.4
Araçatuba,Analista De Crédito (Instituições Financeiras),6,2281.37
Araçoiaba da Serra,Chefe De Cozinha,6,1462.51
Itapetininga,Economista Financeiro,6,5475.67
Ibiúna,Pintor De Obras,6,2271.84
Itapetininga,Cozinheiro De Hospital,6,1849.37
Pindamonhangaba,Supervisor De Embalagem E Etiquetagem,6,3344.57
Ibiúna,Gerente De Projetos E Serviços De Manutenção,6,15411.17
Araçoiaba da Serra,Montador De Móveis E Artefatos De Madeira,6,2136.91
Boituva,Desenhista Industrial Gráfico (Designer Gráfico),6,1822.91
Itapeva,Brasador,6,1749.59
Americana,Secretário  Bilíngüe,6,2129.01
Itapetininga,Operador De Inspeção De Qualidade,6,2879.7
Itu,Modelador De Madeira,6,2675.78
Itapeva,"Supervisor De Operação Elétrica (Geração, Transmissão E Distribuição De Energia Elétrica)",6,6091.65
Charqueada,Operador De Máquina De Costura De Acabamento,6,1381.3
Itupeva,Técnico De Laboratório De Análises Físico-Químicas (Materiais De Construção),6,3181.73
Americana,Técnico De Ortopedia,6,3614
Boituva,Diretor Geral De Empresa E Organizações (Exceto De Interesse Público),6,11984.01
Araçoiaba da Serra,Metalizador A Pistola,6,2127.9
Charqueada,Revisor De Tecidos Acabados,6,1496.81
Araçoiaba da Serra,Garçom,6,1820.09
Americana,Avaliador De Bens Móveis,6,2048.78
Pindamonhangaba,Auxiliar Em Saúde Bucal Da Estratégia De Saúde Da Família,6,1649.99
Dourado,Gerente De Vendas,6,8000.72
Araçatuba,Ciclista Mensageiro,6,1126.23
Americana,Instalador De Tubulações De Gás Combustível (Produção E Distribuição),6,3696.3
Itapetininga,Forneiro (Materiais De Construção),6,2339.06
Araçatuba,Coordenador De Programação,6,2332.08
Araçatuba,Operador De Compactadora De Solos,6,2084.39
Araçoiaba da Serra,Técnico Em Fotônica,6,2723.04
Araçariguama,Técnico De Contabilidade,6,3999.89
Boituva,Supervisor De Carga E Descarga,6,6872.15
Itupeva,Professor De Ciências Exatas E Naturais Do Ensino Fundamental,6,2988.79
Boituva,Mestre De Usinagem,6,5874.51
Porto Feliz,Lubrificador De Veículos Automotores (Exceto Embarcações),6,1649.3
Cerquilho,Assistente De Laboratório Industrial,6,2416.16
Cerquilho,Supervisor De Caixas E Bilheteiros (Exceto Caixa De Banco),6,2591.6
Pindamonhangaba,Médico Veterinário,6,7032.15
Araçariguama,Nutricionista,6,3988.67
Ibiúna,Trabalhador Da Pecuária (Eqüinos),6,1438.53
Boituva,Metalizador A Pistola,6,2673.84
Pindamonhangaba,Técnico De Contabilidade,6,2900.14
Porto Feliz,Balanceiro,6,2446.71
Itapeva,Mecânico De Manutenção De Motores E Equipamentos Navais,6,1208.53
Araçariguama,Supervisor De Montagem E Instalação Eletroeletrônica,6,4058.43
Itupeva,Coletor De Resíduos Sólidos De Serviços De Saúde,6,2160.03
Itapetininga,Garagista,6,962.93
Itu,Operador De Máquina Perfuratriz,6,2349.45
Itapetininga,Técnico De Matéria-Prima E Material,6,3738.39
Itapetininga,Operador De Máquina De Preparação De Matéria Prima Para Produção De Cigarros,6,3467.76
Araçatuba,Professor Leigo No Ensino Fundamental,6,1660.97
Itupeva,Supervisor Da Manutenção E Reparação De Veículos Leves,6,3541.55
Itapetininga,Mecânico De Manutenção De Bicicletas E Veículos Similares,6,1461.31
Piedade,Zelador De Edifício,6,1474.15
Araçatuba,Supervisor De Controle Patrimonial,6,4473.3
Itapetininga,Gerente De Bar,6,1713.04
Araçatuba,Impressor De Ofsete (Plano E Rotativo),6,1628.77
Itapeva,Professor De Educação Física No Ensino Médio,6,1669.25
Araçoiaba da Serra,Comerciante Varejista,6,5038.61
Itapetininga,Técnico De Controle De Meio Ambiente,6,6225.16
Itapetininga,Professor De Biologia No Ensino Médio,6,1591.27
Araçoiaba da Serra,Nutricionista,6,5032.79
Ibiúna,Marmorista (Construção),6,1596.01
Itapetininga,Trabalhador Da Pecuária (Bovinos Leite),6,1934.94
Cerquilho,Mecânico De Veículos Automotores A Diesel (Exceto Tratores),6,2202.72
Araçoiaba da Serra,Mestre De Produção Química,6,6274.02
Boituva,Operador De Telemarketing Receptivo,6,3481.39
Itapetininga,Professor De Geografia Do Ensino Fundamental,6,805.75
Araçoiaba da Serra,Engenheiro Civil,6,5808.26
Americana,Técnico De Laboratório De Análises Físico-Químicas (Materiais De Construção),6,5439.08
Pindamonhangaba,Professor De Educação Física No Ensino Médio,6,1012
Macatuba,Auxiliar De Pessoal,6,3930.07
Americana,Técnico Em Administração,6,2263.88
Araçariguama,Operador De Transporte Multimodal,6,3322.95
Americana,Joalheiro (Reparações),6,1853.66
Ibiúna,Mãe Social,6,2115.91
Pindamonhangaba,Instalador-Reparador De Redes Telefônicas E De Comunicação De Dados,6,2083.77
Ibiúna,Contínuo,6,1569.63
Charqueada,Gerente De Loja E Supermercado,6,3205.23
Itupeva,Operador De Forno De Tratamento Térmico De Metais,6,4003.5
Araçoiaba da Serra,Auxiliar De Pessoal,6,1679.54
Itapetininga,Técnico De Manutenção Elétrica De Máquina,6,2250.77
Itapeva,Ajustador Mecânico,6,1406.66
Itapetininga,Analista De Crédito (Instituições Financeiras),6,2820.2
Itu,Administrador De Redes,6,6521.31
Araçatuba,Montador De Máquinas Têxteis,6,1725.38
Cerquilho,Professor De Matemática Do Ensino Fundamental,6,2025.72
Boituva,Supervisor De Crédito E Cobrança,6,4086.11
Pindamonhangaba,Técnico De Aciaria Em Siderurgia,6,10663.65
Araçariguama,Vidraceiro,6,1774.08
Americana,Costureira De Reparação De Roupas,6,1119.37
Itapetininga,Lavador De Roupas  A Maquina,6,1805.99
Americana,Operador De Máquina De Cortar E Dobrar Papelão,6,1669.93
Itapetininga,Supervisor Das Artes Gráficas  (Indústria Editorial E Gráfica),6,2970.52
Cerquilho,Técnico De Suporte Ao Usuário De Tecnologia Da Informação,6,2735.43
Itupeva,Desenhista Industrial Gráfico (Designer Gráfico),6,1291.82
Piedade,Auxiliar De Logistica,6,2286.37
Cerquilho,Operador De Estação De Bombeamento,6,4104.55
Boituva,Gerente De Produção E Operações Da Construção Civil E Obras Públicas,6,7619
Itapeva,Desenhista Industrial Gráfico (Designer Gráfico),6,1615.63
Americana,"Operador De Forno (Fabricação De Pães, Biscoitos E Similares)",6,1695.65
Araçatuba,Professor De Geografia Do Ensino Fundamental,6,1584.63
Pindamonhangaba,Supervisor De Recepcionistas,6,2007.21
Itu,Supervisor De Exploração Pecuária,6,2531.12
Piedade,Tecnólogo Em Logística De Transporte,6,2295.52
Piedade,Mecânico De Manutenção De Máquinas Agrícolas,6,2561.68
Itapetininga,Pintor A Pincel E Rolo (Exceto Obras E Estruturas Metálicas),6,1790.84
Itupeva,Operador De Betoneira,6,2948.59
Piedade,Agente De Vendas De Serviços,6,2059.03
Cabreúva,Cobrador Externo,6,2595.04
Americana,Cozinheiro Do Serviço Doméstico,6,1506.5
Americana,Agente De Segurança,6,2654.64
Pindamonhangaba,Operador De Escória E Sucata,6,3029.78
Araçoiaba da Serra,Telefonista,6,1807.76
Araçariguama,Atendente Comercial (Agência Postal),6,2902.63
Porto Feliz,Fiscal De Tributos Municipal,6,4243.66
Araçatuba,Produtor De Televisão,6,3764.76
Itapeva,Topógrafo,6,1870.62
Araçatuba,Galvanizador,6,2313.85
Itu,Monitor De Dependente Químico,6,2614.01
Ibiúna,Carpinteiro,6,2058.13
Itapeva,Gerente De Operações De Transportes,6,3458.73
Americana,Montador De Equipamentos Elétricos (Centrais Elétricas),6,1838.19
Americana,Modelador De Madeira,6,3350.8
Cabreúva,Supervisor De Tesouraria,6,6298.83
Dourado,Auxiliar De Lavanderia,6,1658.45
Piedade,Professor De Nível Superior Na Educação Infantil (Zero A Três Anos),6,1634.53
Americana,Revestidor De Superfícies De Concreto,6,3345.93
Araçoiaba da Serra,Pintor De Obras,6,1157.89
Pindamonhangaba,Professor De Matemática Do Ensino Fundamental,6,2370.63
Cerquilho,Diretor Geral De Empresa E Organizações (Exceto De Interesse Público),6,19276.75
Araçatuba,Lubrificador Industrial,6,3124.86
Boituva,Armador De Estrutura De Concreto Armado,6,1645.31
Americana,Supervisor De Cobrança,6,2972.24
Araçatuba,"Moldador, A  Máquina",6,3255.55
Araçariguama,Gerente De Bar,6,2909.3
Araçatuba,Limpador De Vidros,6,1499.82
Araçatuba,Montador De Estruturas Metálicas De Embarcações,6,1980.25
Itu,Desenhista Técnico (Construção Civil),6,5650.55
Dourado,"Operador De Utilidade (Produção E Distribuição De Vapor, Gás, Óleo, Combustível, Energia, Oxigênio)",6,3052.68
Piedade,Técnico Em Patologia Clínica,6,1834.65
Americana,Carpinteiro De Obras,6,1474.06
Americana,Professor De Técnicas Industriais,6,2253.92
Araçariguama,Cirurgião Dentista - Odontologista Legal,6,4971.79
Ibiúna,Supervisor De Embalagem E Etiquetagem,6,3676.56
Araçatuba,Técnico Em Mecatrônica - Automação Da Manufatura,6,3316.34
Pindamonhangaba,Eletrotécnico,6,4632.38
Itapetininga,Atendente De Enfermagem,6,1411.28
Pindamonhangaba,Técnico De Transmissão (Telecomunicações),6,2947.02
Araçoiaba da Serra,Pizzaiolo,6,1812.26
Piedade,Recepcionista De Hotel,6,1757.7
Americana,Analista De Seguros (Técnico),6,2257.83
Pindamonhangaba,Técnico De Manutenção Elétrica De Máquina,6,7589.81
Itu,Agente Fiscal De Qualidade,6,1758.98
Araçatuba,Pintor A Pincel E Rolo (Exceto Obras E Estruturas Metálicas),6,2165.81
Americana,Desenhista Técnico (Construção Civil),6,3708.16
Americana,Caldeireiro (Chapas De Cobre),6,2863.06
Pindamonhangaba,Consultor Jurídico,6,4283.48
Pindamonhangaba,Médico Clínico,6,7689.73
Araçoiaba da Serra,Eletricista De Instalações (Edifícios),6,1568.24
Itapetininga,Professor Prático No Ensino Profissionalizante,6,3451.85
Piedade,Inspetor De Risco,6,1535.88
Americana,Editor De Jornal,6,4785.76
Araçatuba,Técnico Em Mecânica De Precisão,6,5504.81
Araçariguama,Preparador De Matrizes De Corte E Vinco,6,5924.55
Araçatuba,Tesoureiro De Banco,6,2781.4
Itapetininga,Biomédico,6,3397.91
Cabreúva,Auxiliar De Laboratório De Análises Clínicas,6,2764.36
Macatuba,Operador De Máquinas De Construção Civil E Mineração,6,2072.84
Itapetininga,Leiturista,6,4733.79
Itapeva,Gerente De Almoxarifado,6,3142.95
Araçatuba,Operador De Centro De Usinagem Com Comando Numérico,6,2058.68
Ibiúna,Tosador De Animais Domésticos,6,1548.08
Americana,Forneiro De Fundição (Forno De Redução),6,2257.07
Cerquilho,Selecionador De Material Reciclável,6,1497.33
Itapeva,Agente De Vendas De Serviços,6,1557.35
Araçatuba,Operador De Centrifugadora (Tratamentos Químicos E Afins),6,3011.5
Piedade,Canteiro,6,1748.16
Araçariguama,Preparador Físico,6,659.38
Pindamonhangaba,Polidor De Metais,6,610.18
Pindamonhangaba,Professor De Artes No Ensino Médio,6,1143.33
Itu,Instalador De Tubulações,6,3198.05
Porto Feliz,Supervisor De Tesouraria,6,6675.49
Itapeva,Inspetor De Alunos De Escola Privada,6,979.49
Itapeva,Preparador De Tintas,6,2135.18
Ibiúna,Analista De Suporte Computacional,6,5538.48
Itapeva,Gerente De Compras,6,4159.95
Itupeva,Conservador De Via Permanente (Trilhos),6,4057.67
Americana,Operador De Trator De Lâmina,6,2001.81
Cerquilho,Auxiliar De Desenvolvimento Infantil,6,1059.6
Cerquilho,Gravador De Vidro A  Jato De Areia,6,1452.86
Macatuba,Carregador (Veículos De Transportes Terrestres),6,2362.25
Itapeva,Técnico Em Nutrição E Dietética,6,1572.77
Piedade,Analista Financeiro (Instituições Financeiras),6,2726.53
Charqueada,"Passador De Roupas, À Mão",6,1165.29
Macatuba,Atendente De Farmácia - Balconista,6,2104.2
Americana,Mestre De Trefilação De Metais,6,4519.33
Porto Feliz,Vendedor Pracista,6,1714.89
Cabreúva,Auditor (Contadores E Afins),6,9609.59
Americana,Supervisor De Manutenção Eletromecânica,6,4983.8
Americana,Visual Merchandiser,6,1984.89
Cabreúva,Operador De Sistemas De Prova (Analógico E Digital),6,2738.07
Araçariguama,Apontador De Mão-De-Obra,6,2715.6
Itu,Pintor De Veículos (Fabricação),6,2531.13
Cerquilho,Técnico Em Manutenção De Instrumentos De Medição E Precisão,6,2660.15
Pindamonhangaba,Enfermeiro Do Trabalho,6,6038.29
Itupeva,Médico Ginecologista E Obstetra,6,11752.01
Itapeva,Analista De Desenvolvimento De Sistemas,6,3140.34
Pindamonhangaba,Analista De Pesquisa De Mercado,6,3607.69
Porto Feliz,Trabalhador Da Avicultura De Corte,6,1572.7
Pindamonhangaba,Auxiliar De Lavanderia,6,1316.01
Piedade,Copeiro De Hospital,6,1358.84
Cabreúva,Operador De Betoneira,6,1873.71
Cerquilho,Operador De Máquinas De Beneficiamento De Produtos Agrícolas,6,2807.9
Americana,Operador De Laminador,6,2183.7
Pindamonhangaba,Auxiliar Técnico Em Laboratório De Farmácia,6,1904.38
Dourado,Promotor De Vendas,6,2131.25
Araçoiaba da Serra,Operador De Guindaste (Fixo),6,2983.38
Cerquilho,Chefe De Cozinha,6,2094.13
Pindamonhangaba,Trabalhador Da Elaboração De Pré-Fabricados (Cimento Amianto),6,1430.85
Pindamonhangaba,Cozinheiro Industrial,6,2586.1
Itapeva,Digitador,6,1607.82
Porto Feliz,Analista De Planejamento De Materias,6,5244.31
Itapeva,Técnico De Mineração,6,3678.71
Itu,Mecânico De Manutenção De Bicicletas E Veículos Similares,6,2698.26
Piedade,Gerente De Recursos Humanos,6,8127.57
Pindamonhangaba,Mestre De Usinagem,6,7518.24
Americana,Gestor Em Segurança,6,7300.39
Itapetininga,Balanceiro,6,2671.51
Pindamonhangaba,Montador De Bicicletas,6,1311.78
Macatuba,Auxiliar De Faturamento,6,3411.67
Cerquilho,Operador De Fresadora Com Comando Numérico,6,4026.32
Porto Feliz,Técnico De Laboratório Industrial,6,2551.89
Araçoiaba da Serra,Técnico Eletrônico,6,1883.37
Cabreúva,Psicólogo Educacional,6,3025.75
Ibiúna,"Produtor Na Olericultura De Talos, Folhas E Flores",6,1252.94
Itupeva,Agente De Recrutamento E Seleção,6,7049.77
Porto Feliz,Engenheiro Mecânico,6,8510.6
Itapeva,Técnico De Telecomunicações (Telefonia),6,1420.04
Macatuba,"Operador De Estação De Captação, Tratamento E Distribuição De Água",6,2696.83
Cerquilho,Operador De Retorcedeira,6,1420.28
Cabreúva,Caixa De Banco,6,3389.38
Piedade,Limpador De Fachadas,6,1326.29
Itapetininga,Colchoeiro (Confecção De Colchões),6,2020.1
Porto Feliz,Auxiliar De Laboratório De Análises Clínicas,6,1664.49
Porto Feliz,Varredor De Rua,6,1606.75
Porto Feliz,Instalador De Tubulações,6,3942.12
Boituva,Supervisor De Exploração Agropecuária,6,7551.86
Porto Feliz,Marmorista (Construção),6,2841.74
Araçatuba,Montador De Máquinas De Terraplenagem,6,3020.99
Itapeva,Armador De Estrutura De Concreto Armado,6,1667.34
Porto Feliz,Auxiliar De Prótese Dentária,6,1259.08
Araçatuba,"Operador De Máquina De Fabricação De Produtos De Higiene E Limpeza (Sabão, Sabonete, Detergente, Absorvente, Fraldas Cotonetes E Outros)",6,1714.24
Araçatuba,Fermentador,6,4455.85
Itapetininga,Técnico Mecânico,6,4164.46
Pindamonhangaba,Assistente De Laboratório Industrial,6,2695.42
Cabreúva,Instalador De Linhas Elétricas De Alta E Baixa - Tensão (Rede Aérea E Subterrânea),6,3388.37
Ibiúna,Encanador,6,2288.19
Pindamonhangaba,Operador De Prensa De Enfardamento,6,3187.86
Pindamonhangaba,Montador De Equipamento De Levantamento,6,2180.63
Porto Feliz,Supervisor De Exploração Agropecuária,6,2739.21
Cerquilho,Técnico De Manutenção Eletrônica,6,6411.15
Charqueada,Professor De Matemática Do Ensino Fundamental,6,2110.63
Cerquilho,Cobrador Externo,6,2864.9
Americana,Surfassagista,6,2884.15
Porto Feliz,Professor De Língua Inglesa,6,2206.24
Porto Feliz,Professor De Língua Portuguesa Do Ensino Fundamental,6,2548.96
Itapetininga,"Técnico Mecânico (Calefação, Ventilação E Refrigeração)",6,1183.33
Araçoiaba da Serra,Gerente De Projetos E Serviços De Manutenção,6,4334.53
Araçatuba,Piloto De Aeronaves,6,6144.79
Piedade,Operador De Máquina De Envasar Líquidos,6,1490.04
Itapetininga,Economista Agroindustrial,6,3912.65
Cabreúva,Analista De Pcp (Programação E Controle Da Produção),6,3752.26
Piedade,Porteiro (Hotel),6,1708.87
Boituva,Técnico De Rede (Telecomunicações),6,2912.02
Boituva,Instalador De Sistemas Eletroeletrônicos De Segurança,6,1471.16
Americana,Funileiro Industrial,6,4548.41
Araçatuba,Arrematadeira,6,1321.56
Pindamonhangaba,Supervisor De Exploração Agrícola,6,2970.59
Piedade,Sepultador,6,1338.63
Piedade,Trabalhador Da Pecuária (Asininos E Muares),6,1269.16
Cerquilho,Trabalhador Da Avicultura De Corte,6,1598.42
Ibiúna,Supervisor De Vigilantes,6,3852.88
Araçoiaba da Serra,Operador De Inspeção De Qualidade,6,3019.85
Itapeva,Engenheiro Agrônomo,6,5324.34
Piedade,Promotor De Vendas,6,2191.1
Cabreúva,Tratador De Animais,6,1582.01
Ibiúna,Operador De Motoniveladora,6,1936.8
Itu,Supervisor Das Artes Gráficas  (Indústria Editorial E Gráfica),6,5873.46
Itapetininga,Professor De Língua E Literatura Brasileira No Ensino Médio,6,1522.82
Cabreúva,Conferente Mercadoria (Exceto Carga E Descarga),6,2232.56
Araçatuba,Gerente De Suprimentos,6,5773.86
Cabreúva,Balanceiro,6,2427.89
Porto Feliz,Cirurgião Dentista - Clínico Geral,6,4737.08
Cabreúva,Supervisor De Manutenção De Máquinas Operatrizes E De Usinagem,6,2839.64
Porto Feliz,Técnico De Planejamento E Programação Da Manutenção,6,5521.9
Porto Feliz,Técnico Em Programação Visual,6,4370.98
Itapetininga,Classificador De Grãos,6,2639.02
Itapetininga,Professor De Física No Ensino Médio,6,1477.63
Araçatuba,Destilador De Produtos Químicos (Exceto Petróleo),6,4148.82
Americana,Operador De Máquina Misturadeira (Tratamentos Químicos E Afins),6,2706.2
Araçariguama,Eletrotécnico,6,3692.47
Itapetininga,Montador De Equipamentos Elétricos (Aparelhos Eletrodomésticos),6,1922.84
Itupeva,Banhista De Animais Domésticos,6,1647.24
Americana,Professor Instrutor De Ensino E Aprendizagem Em Serviços,6,1515.82
Pindamonhangaba,Auxiliar De Biblioteca,6,1614.28
Boituva,Banhista De Animais Domésticos,6,1193.51
Araçariguama,Auxiliar De Veterinário,6,2326.01
Itu,Médico Do Trabalho,6,11628.34
Dourado,Professor De Alunos Com Deficiência Mental,6,2528.58
Itupeva,Impressor De Rotogravura,6,4895.52
Macatuba,"Operador De Máquinas De Fabricação De Doces, Salgados E Massas Alimentícias",6,2367.93
Boituva,Médico Clínico,6,4461.37
Araçariguama,Operador De Motosserra,6,1506.19
Americana,Operador De Forno De Tratamento Térmico De Metais,6,4317.66
Charqueada,Técnico De Garantia Da Qualidade,6,2359.93
Piedade,Mestre (Indústria De Madeira E Mobiliário),6,1813.75
Araçariguama,Engenheiro De Produção,6,8425.78
Pindamonhangaba,Mestre De Soldagem,6,2425.13
Macatuba,Lavador De Roupas  A Maquina,6,1721.03
Itapetininga,Engenheiro Agrônomo,6,5733.96
Porto Feliz,Técnico De Contabilidade,6,3774.02
Itu,Terapeuta Ocupacional,6,3169.32
Piedade,Mecânico De Manutenção De Bicicletas E Veículos Similares,6,1860.34
Boituva,Fiscal De Tributos Estadual,6,6596.02
Araçatuba,Operador De Controle Mestre,6,3208.89
Charqueada,Mecânico De Veículos Automotores A Diesel (Exceto Tratores),6,2571.52
Itapetininga,Gerente De Suprimentos,6,9122.68
Itu,Cuidador Em Saúde,6,2279.29
Ibiúna,Analista De Desenvolvimento De Sistemas,6,5051.58
Dourado,Zelador De Edifício,6,1931.33
Americana,Fisioterapeuta  Do Trabalho,6,3066.38
Araçatuba,Instalador-Reparador De Redes E Cabos Telefônicos,6,1751.94
Macatuba,Educador Social,6,1473.61
Araçatuba,Torrador De Café,6,1531.88
Itupeva,"Costureiro, A  Máquina  Na Confecção Em Série",6,2902.7
Itapetininga,Cumim,6,905.09
Piedade,Operador De Escavadeira,6,2520.02
Pindamonhangaba,"Pintor, A  Pistola (Exceto Obras E Estruturas Metálicas)",6,2745.35
Araçatuba,Operador De Trator De Lâmina,6,2281.08
Itupeva,Diretor Administrativo E Financeiro,6,36204.06
Itu,Professor De Língua Estrangeira Moderna No Ensino Médio,6,2544.38
Itupeva,Motorista Operacional De Guincho,6,3178.42
Araçariguama,Supervisor Das Artes Gráficas  (Indústria Editorial E Gráfica),6,12568.71
Itupeva,Gerente De Agência,6,11293.42
Itapetininga,Técnico Em Saúde Bucal Da Estratégia De Saúde Da Família,6,2017.33
Pindamonhangaba,Pintor De Veículos (Reparação),6,3202.38
Cabreúva,Fonoaudiólogo Geral,6,5309.11
Itu,Gestor Em Segurança,6,3074.43
Cabreúva,Médico Veterinário,6,8658.19
Cabreúva,Operador De Instalação De Refrigeração,6,3703.33
Cabreúva,Gerente De Agência,6,9644.4
Itu,Protético Dentário,6,2448.28
Boituva,Moldador De Plástico Por Compressão,6,2685.95
Itu,Professor De Matemática Do Ensino Fundamental,6,2755.19
Itupeva,Gerente De Suprimentos,6,7224.94
Araçoiaba da Serra,Trabalhador Da Elaboração De Pré-Fabricados (Cimento Amianto),6,1446.04
Piedade,Cortador De Tapeçaria,6,1687.91
Cabreúva,Calceteiro,6,1319.71
Boituva,Operador De Máquina Bordatriz,6,1754.59
Porto Feliz,"Supervisor Da Confecção De Artefatos De Tecidos, Couros E Afins",6,3059.49
Araçariguama,Analista De Pcp (Programação E Controle Da Produção),6,3754.2
Araçariguama,Técnico De Laminação Em Siderurgia,6,9583
Itu,Diretor De Manutenção,6,3112.92
Itupeva,Supervisor Da Manutenção E Reparação De Veículos Pesados,6,4612.03
Boituva,Técnico Agrícola,6,5534.2
Porto Feliz,Supervisor De Lavanderia,6,4354.2
Dourado,Pesquisador Em Medicina Veterinária,6,7573.28
Itupeva,Analista De Planejamento De Materias,6,5133.44
Araçatuba,Professor De Geografia No Ensino Médio,6,3352.84
Boituva,Controlador De Serviços De Máquinas E Veículos,6,2630.47
Araçoiaba da Serra,Desenhista Industrial De Produto (Designer De Produto),6,3490.23
Boituva,Analista De Pcp (Programação E Controle Da Produção),6,3927.76
Itu,Fiscal De Pátio De Usina De Concreto,6,2440.38
Itapeva,Fiscal De Loja,6,1532.55
Itupeva,Operador De Máquina De Eletroerosão,6,4024.31
Pindamonhangaba,Diretor De Programas De Televisão,6,2634.43
Itupeva,Supervisor De Manutenção Eletromecânica (Utilidades),6,6815.91
Americana,"Diretor De Produção E Operações Da Indústria De Transformação, Extração Mineral E Utilidades",6,23343.48
Charqueada,Professor De Língua Inglesa,6,2120.75
Macatuba,Preparador Físico,6,1777
Itupeva,Operador De Máquina De Fabricação De Cosméticos,6,3288.48
Itapeva,Operador De Draga,6,1346.21
Itu,Trabalhador De Pecuária Polivalente,6,2403.68
Itupeva,Operador De Caminhão (Minas E Pedreiras),6,2852.29
Pindamonhangaba,Agente De Defesa Ambiental,6,4773.81
Cerquilho,Enfermeiro Da Estratégia De Saúde Da Família,6,3737.11
Itu,Preparador De Tintas,6,3628.75
Itupeva,Salgador De Alimentos,6,1940.81
Boituva,Engenheiro De Redes De Comunicação,6,9310.32
Americana,Trabalhador Da Fabricação De Pedras Artificiais,6,1862.07
Itapetininga,Cabeleireiro,6,1492.68
Americana,Técnico Em Acupuntura,6,3736.55
Piedade,Operador De Torno Com Comando Numérico,6,4979.84
Pindamonhangaba,Técnico De Enfermagem Do Trabalho,6,2940.62
Itu,Operador De Mandriladora Com Comando Numérico,6,3251.35
Itupeva,Recebedor De Apostas (Loteria),6,1644.59
Piedade,Operador De Plaina Desengrossadeira,6,1659.61
Porto Feliz,Treinador Profissional De Futebol,6,4793.2
Pindamonhangaba,Supervisor De Vendas De Serviços,6,3442.08
Macatuba,Escrevente,6,2201.96
Pindamonhangaba,Polidor De Pedras,6,1776.4
Itu,Professor De Língua E Literatura Brasileira No Ensino Médio,6,3102.96
Itupeva,Recepcionista De Consultório Médico Ou Dentário,6,1685.8
Itupeva,Cozinhador De Frutas E Legumes,6,1823.2
Itapetininga,Monitor De Dependente Químico,6,1354.02
Itapetininga,Médico Oftalmologista,6,11525.89
Ibiúna,"Montador De Máquinas, Motores E Acessórios (Montagem Em Série)",6,1458.21
Cerquilho,Trefilador De Borracha,6,2011.91
Americana,Técnico De Fundição Em Siderurgia,6,5001.48
Araçoiaba da Serra,Padeiro,6,1912.69
Araçoiaba da Serra,Procurador Do Município,6,5409.15
Americana,Supervisor De Manutenção Eletromecânica (Utilidades),6,6220.47
Itupeva,Pedagogo,6,2111.42
Dourado,Orientador Educacional,6,5121.47
Araçoiaba da Serra,Técnico De Imobilização Ortopédica,6,2513.84
Itu,Treinador Profissional De Futebol,6,4583.46
Itu,Vendedor Ambulante,6,2496.74
Itu,Oficial General Da Aeronáutica,6,1792.63
Macatuba,Operador De Quadro De Distribuição De Energia Elétrica,6,4053.5
Cabreúva,Auxiliar De Desenvolvimento Infantil,6,1281.34
Araçariguama,Técnico De Alimentos,6,4425.87
Americana,Escrivão Extra - Judicial,6,10905.46
Pindamonhangaba,Administrador De Redes,6,3971.16
Itupeva,Técnico De Alimentos,6,5501.97
Itu,Técnico Florestal,6,3811.14
Araçatuba,"Embalador, A Máquina",6,2212.25
Itapetininga,Editor De Mídia Audiovisual,6,2651.11
Americana,Engenheiro De Controle E Automação,6,10231.21
Itapetininga,Médico Em Radiologia E Diagnóstico Por Imagem,5,11441.98
Cabreúva,Diretor Geral De Empresa E Organizações (Exceto De Interesse Público),5,54526.86
Itupeva,Recepcionista De Seguro Saúde,5,1838.94
Porto Feliz,Gerente De Departamento Pessoal,5,7813.82
Porto Feliz,Engenheiro Civil,5,6163.55
Araçatuba,Supervisor De Digitação E Operação,5,2288.01
Americana,Engenheiro Eletrônico,5,8156
Itu,Professor De História No Ensino Médio,5,2341.65
Ibiúna,Classificador De Madeira,5,1221.19
Americana,Supervisor De Manutenção De Máquinas Operatrizes E De Usinagem,5,5533.68
Ibiúna,Viveirista Florestal,5,2087.63
Itu,Operador De Máquina Perfuradora (Minas E Pedreiras),5,1754.07
Americana,Mestre (Indústria De Automotores E Material De Transportes),5,11132.83
Itupeva,Professor De Geografia No Ensino Médio,5,3489.86
Macatuba,Visitador Sanitário,5,2870.43
Americana,Engenheiro Químico,5,12769.55
Pindamonhangaba,Técnico Mecânico Na Manutenção De Ferramentas,5,2213.97
Cerquilho,Contínuo,5,1679.15
Itu,Mestre De Produção Química,5,3619.2
Itu,Operador De Centro De Controle ( Sinterização),5,2319.17
Cabreúva,Técnico Mecânico Na Manutenção De Ferramentas,5,6397.14
Cabreúva,Gerente De Almoxarifado,5,17487.12
Itu,Empregado  Doméstico  Nos Serviços Gerais,5,2080.32
Araçatuba,Supervisor De Usina De Concreto,5,2526.91
Macatuba,Supervisor De Vendas Comercial,5,3053.31
Porto Feliz,Enfermeiro Obstétrico,5,6492.9
Itapetininga,Médico Psiquiatra,5,10218.82
Porto Feliz,Psicólogo Clínico,5,3659.82
Cabreúva,Mecânico De Manutenção De Bicicletas E Veículos Similares,5,1494.29
Porto Feliz,Carpinteiro,5,1423.56
Porto Feliz,Controlador De Serviços De Máquinas E Veículos,5,2894.21
Macatuba,Agente Funerário,5,2710.05
Porto Feliz,Gerente De Bar,5,3639.56
Itupeva,Demonstrador De Mercadorias,5,2887.99
Araçatuba,Gestor Em Segurança,5,4158.05
Itu,Xaropeiro,5,1402.72
Porto Feliz,Barman,5,2554.29
Porto Feliz,Gerente De Produção E Operações  Aqüícolas,5,3142.18
Porto Feliz,Banhista De Animais Domésticos,5,1634.18
Boituva,Escrivão Extra - Judicial,5,6113.04
Itupeva,Produtor Agrícola Polivalente,5,1602.78
Porto Feliz,Mordomo De Residência,5,2072.5
Itu,Organizador De Evento,5,3105.9
Araçariguama,Vendedor Pracista,5,31925.15
Porto Feliz,Gerente De Pesquisa E Desenvolvimento (P&D),5,12047.62
Araçoiaba da Serra,Gerente De Marketing,5,8303.19
Cabreúva,Técnico De Laboratório Industrial,5,4163.96
Araçatuba,Carpinteiro (Esquadrias),5,1876.44
Araçatuba,Gerente De Almoxarifado,5,3590.93
Araçoiaba da Serra,Caldeireiro (Chapas De Ferro E Aço),5,2717.62
Americana,Montador De Instrumentos De Óptica,5,3353.69
Itupeva,"Operador De Máquina De Usinagem Madeira, Em Geral",5,3109.53
Itupeva,Técnico De Enfermagem Do Trabalho,5,3140.58
Itu,Montador De Veículos (Linha De Montagem),5,4055.2
Itapeva,Vendedor Ambulante,5,1740.56
Itupeva,Operador Eletromecânico,5,4859.76
Itu,Técnico De Estradas,5,3992.53
Itu,Operador De Telemarketing Ativo,5,2163.71
Araçatuba,Enfermeiro De Centro Cirúrgico,5,2316.01
Itupeva,Operador De Estação De Bombeamento,5,3503.45
Boituva,Técnico Em Plástico,5,5255.63
Itu,Contramestre De Acabamento (Indústria Têxtil),5,2745.72
Itupeva,Esterilizador De Alimentos,5,2341.97
Itupeva,Lagareiro,5,4044.78
Itupeva,Consultor Jurídico,5,4420.72
Itapeva,Farmacêutico Hospitalar E Clínico,5,4167.58
Itupeva,Eletrotécnico,5,2085.43
Itu,Supervisor De Contas A Pagar,5,3555.47
Itu,Cozinheiro Industrial,5,2102.31
Itupeva,Contorcionista,5,1870.54
Boituva,Diretor De Operações De Serviços De Telecomunicações,5,2535.25
Itu,Confeccionador De Pneumáticos,5,1401.3
Itapetininga,Supervisor De Telemarketing E Atendimento,5,3249.85
Dourado,Cortador De Laminados De Madeira,5,2916.54
Itupeva,Instrutor De Aprendizagem E Treinamento Industrial,5,3194.07
Itu,Afretador,5,3200.66
Araçoiaba da Serra,Engenheiro Agrônomo,5,6526.12
Dourado,Servente De Obras,5,1230.17
Itu,"Bobinador Eletricista, À Máquina",5,1747.95
Boituva,Carpinteiro De Obras,5,2066.35
Itu,Torneiro (Lavra De Pedra),5,1506.26
Porto Feliz,Auxiliar De Veterinário,5,1345.41
Itu,Agente De Recrutamento E Seleção,5,1820.03
Araçoiaba da Serra,Supervisor De Manutenção Eletromecânica,5,9213.54
Itu,Pesquisador De Engenharia Elétrica E Eletrônica,5,3423.18
Boituva,Trabalhador Da Fabricação De Resinas E Vernizes,5,1838.47
Itupeva,Governanta De Hotelaria,5,3460.39
Charqueada,Contador,5,5997.35
Itu,Ajustador Mecânico (Usinagem Em Bancada E Em Máquinas-Ferramentas),5,1724.86
Boituva,Gerente De Produção E Operações Agropecuárias,5,10966.47
Itapeva,Diretor Financeiro,5,6145.75
Porto Feliz,Desenhista Industrial Gráfico (Designer Gráfico),5,4528.32
Ibiúna,Farmacêutico Em Saúde Pública,5,3601.26
Itupeva,Enfermeiro Auditor,5,4530.1
Cerquilho,Gerente De Projetos E Serviços De Manutenção,5,9873.87
Boituva,Soldador A  Oxigás,5,2846.82
Ibiúna,Médico Veterinário,5,7683.62
Americana,Montador De Veículos (Linha De Montagem),5,2045.78
Boituva,Operador De Câmaras Frias,5,2221.65
Itu,Gerente De Infraestrutura De Tecnologia Da Informação,5,14496.98
Itupeva,"Mecânico De Manutenção De Aeronaves, Em Geral",5,7382.85
Itu,Mestre De Caldeiraria,5,3060.1
Boituva,Forneiro E Operador (Alto-Forno),5,1748.85
Boituva,Sepultador,5,1831.57
Boituva,Fonoaudiólogo Geral,5,3397.75
Itapeva,Operador De Compactadora De Solos,5,3883.9
Boituva,Operador De Bomba De Concreto,5,3181.04
Araçatuba,"Técnico Mecânico (Calefação, Ventilação E Refrigeração)",5,2260.94
Itu,Mestre De Usinagem,5,6400.83
Araçatuba,Professor De Comunicação Social Do Ensino Superior,5,2512.29
Boituva,Reparador De Aparelhos Eletrodomésticos (Exceto Imagem E Som),5,2224.68
Americana,Operador De Bate-Estacas,5,2048.41
Piedade,Engenheiro Civil,5,6209.68
Itu,Documentalista,5,7287.73
Araçatuba,Prensista (Operador De Prensa),5,1785.02
Itu,Gerente De Desenvolvimento De Sistemas,5,14791.94
Ibiúna,Mecânico De Manutenção De Máquinas-Ferramentas (Usinagem De Metais),5,3682.72
Araçoiaba da Serra,Costureira De Peças Sob Encomenda,5,1573.67
Cabreúva,Recepcionista De Hotel,5,1810.72
Pindamonhangaba,Técnico De Laboratório De Análises Físico-Químicas (Materiais De Construção),5,3526.83
Americana,Técnico Em Sonorização,5,1522.64
Itu,Técnico De Telecomunicações (Telefonia),5,3445.49
Dourado,Coletor De Lixo Domiciliar,5,2194.99
Americana,"Bilheteiro (Estações De Metrô, Ferroviárias E Assemelhadas)",5,3018.99
Araçoiaba da Serra,Gerente De Serviços Educacionais Da Área Pública,5,4270.77
Araçariguama,"Técnico De Operação (Química, Petroquímica E Afins)",5,2031.68
Itupeva,Cobrador Externo,5,2540.86
Dourado,"Eletricista De Manutenção De Linhas Elétricas, Telefônicas E De Comunicação De Dados",5,5064.2
Dourado,Caldeireiro (Chapas De Ferro E Aço),5,3953.27
Dourado,Vendedor Pracista,5,4464.4
Americana,Operador De Máquina Perfuradora (Minas E Pedreiras),5,2694.9
Charqueada,Técnico Em Segurança Do Trabalho,5,3639.66
Itu,Salgador De Alimentos,5,1705.54
Charqueada,Auxiliar De Desenvolvimento Infantil,5,1529.6
Itu,Editor De Mídia Audiovisual,5,1925.69
Dourado,Recepcionista De Hotel,5,2089.33
Porto Feliz,Mecânico De Manutenção De Máquinas-Ferramentas (Usinagem De Metais),5,651.5
Araçatuba,Trabalhador Da Pecuária (Eqüinos),5,1628.31
Itapeva,Mecânico De Manutenção E Instalação De Aparelhos De Climatização E  Refrigeração,5,1365.58
Boituva,Diretor Comercial,5,22862.89
Cerquilho,Mecânico De Manutenção De Máquinas De Construção E Terraplenagem,5,2439.11
Americana,Temperador De Metais E De Compósitos,5,2981.31
Cerquilho,Auxiliar De Serviços De Importação E Exportação,5,1851.17
Cerquilho,Desenhista Técnico (Artes Gráficas),5,2413.72
Cerquilho,"Passador De Roupas, À Mão",5,1657.38
Araçoiaba da Serra,Arquiteto Urbanista,5,5745.25
Cerquilho,Tratador De Animais,5,2559.97
Itu,Auxiliar De Prótese Dentária,5,1933.44
Dourado,Auxiliar Em Saúde Bucal,5,1457.99
Cerquilho,Coordenador Pedagógico,5,4959.26
Macatuba,Auxiliar De Enfermagem Do Trabalho,5,1226.44
Cerquilho,Inspetor De Risco,5,1698.22
Cerquilho,Assentador De Revestimentos Cerâmicos,5,1371.51
Itapetininga,Supervisor De Transportes,5,1625.16
Boituva,Diretor Administrativo,5,25097.44
Americana,Administrador De Edifícios,5,2656.05
Araçariguama,Mestre De Siderurgia,5,10155.26
Itapeva,Auxiliar De Seguros,5,1646.81
Araçatuba,Desenhista Técnico (Ilustrações Artísticas),5,2006.88
Dourado,"Mecânico De Manutenção De Automóveis, Motocicletas E Veículos Similares",5,2064.3
Dourado,Borracheiro,5,1364.64
Cerquilho,Diretor De Instituição Educacional Da Área Privada,5,7958.97
Americana,Carpinteiro De Carrocerias,5,2800.95
Cerquilho,Gerente De Agência,5,11016.53
Araçatuba,Assistente Comercial De Seguros,5,2608.23
Itu,Supervisor De Manutenção De Máquinas Industriais Têxteis,5,5814.32
Americana,Técnico De Manutenção Elétrica De Máquina,5,3576.33
Cerquilho,Técnico De Vendas,5,8048.38
Araçatuba,Auxiliar De Judiciário,5,2370.24
Charqueada,Locutor De Mídias Audiovisuais,5,976.06
Charqueada,Gerente De Contas - Pessoa Física E Jurídica,5,5175.3
Charqueada,Professor De História Do Ensino Fundamental,5,2185.53
Araçatuba,Professor De História Do Ensino Fundamental,5,2588.64
Araçariguama,Operador De Cortadeira De Papel,5,4527
Araçatuba,Supervisor De Orçamento,5,6204.06
Piedade,Engenheiro Agrônomo,5,7537.96
Americana,"Técnico Em Materiais, Produtos Cerâmicos E Vidros",5,6939.59
Boituva,Chefe De Cozinha,5,2078.05
Araçariguama,Farmacêutico,5,4099.89
Araçariguama,Professor De Educação Artística Do Ensino Fundamental,5,4438.12
Itu,Supervisor Da Manutenção E Reparação De Veículos Pesados,5,7351.49
Pindamonhangaba,Enfermeiro Obstétrico,5,4491.82
Pindamonhangaba,Mestre De Caldeiraria,5,3671.07
Itu,Desenhista Projetista De Eletricidade,5,2715.08
Araçariguama,Instalador De Isolantes Térmicos De Caldeira E Tubulações,5,4309.79
Araçatuba,Bombeiro Civil,5,2039.67
Porto Feliz,Forneiro De Revérbero,5,4013.74
Itapetininga,Supervisor De Manutenção Eletromecânica,5,6909.68
Itapetininga,Cozinhador De Carnes,5,1331.28
Cabreúva,Editor De Mídia Eletrônica,5,3166.5
Itupeva,Gesseiro,5,2030.33
Porto Feliz,"Operador De Utilidade (Produção E Distribuição De Vapor, Gás, Óleo, Combustível, Energia, Oxigênio)",5,4678.02
Itu,Ascensorista,5,1426.38
Pindamonhangaba,Produtor De Rádio,5,3008.83
Porto Feliz,Desenhista Técnico Mecânico,5,3409.48
Pindamonhangaba,Desenhista Técnico (Arquitetura),5,2254.26
Itu,Mestre De Linhas (Ferrovias),5,3789.58
Itu,Operador De Instalação De Refrigeração,5,1661.62
Pindamonhangaba,Visual Merchandiser,5,1772.63
Araçariguama,Mestre De Pintura (Tratamento De Superfícies),5,3812.42
Itu,Diretor De Tecnologia Da Informação,5,19207.72
Araçatuba,Monitor De Transporte Escolar,5,1191.51
Piedade,Cortador De Pedras,5,1730.01
Piedade,Selecionador De Material Reciclável,5,2039.68
Cerquilho,Dirigente Do Serviço Público Municipal,5,3969.48
Araçoiaba da Serra,Preparador Físico,5,1775.01
Araçatuba,Trabalhador Da Pecuária (Bovinos Leite),5,1511.1
Araçoiaba da Serra,Vendedor Em Domicílio,5,1999.68
Itupeva,Auxiliar De Serviços Jurídicos,5,3939.64
Cerquilho,Balanceiro,5,2511.04
Itu,Professor De Educação Física No Ensino Superior,5,3187.9
Pindamonhangaba,Mecânico De Manutenção De Bicicletas E Veículos Similares,5,1599.16
Pindamonhangaba,Mecânico De Manutenção De Motores Diesel (Exceto De Veículos Automotores),5,2335.7
Pindamonhangaba,Instalador De Som E Acessórios De Veículos,5,1404.79
Araçatuba,Montador De Equipamentos Eletrônicos,5,2415.63
Pindamonhangaba,Impressor De Corte E Vinco,5,1746.64
Araçoiaba da Serra,Ajustador Mecânico,5,2236.28
Araçoiaba da Serra,Confeiteiro,5,1866.18
Americana,Consultor Jurídico,5,5876.09
Pindamonhangaba,Professor De Geografia No Ensino Médio,5,1934.21
Americana,Engenheiro Ambiental,5,10791.75
Pindamonhangaba,Engenheiro Mecânico Automotivo,5,10828.07
Cerquilho,Professor De Física No Ensino Médio,5,1879.65
Porto Feliz,Auditor (Contadores E Afins),5,4830.03
Piedade,Gerente De Agência,5,11975.53
Araçatuba,Monitor De Teleatendimento,5,1992.68
Pindamonhangaba,Técnico De Fundição Em Siderurgia,5,9603.81
Porto Feliz,Atendente De Agência,5,3259.83
Itupeva,Identificador Florestal,5,3925.29
Pindamonhangaba,Mestre De Produção Farmacêutica,5,10343.31
Cabreúva,Operador De Processo De Moagem,5,4324.4
Itu,Cozinhador (Conservação De Alimentos),5,1221.66
Itapetininga,Bilheteiro De Transportes Coletivos,5,874.85
Araçoiaba da Serra,Queijeiro Na Fabricação De Laticínio,5,1588.64
Porto Feliz,Agente Fiscal De Qualidade,5,4135.07
Araçatuba,Chefe De Serviços Bancários,5,4309.65
Itupeva,Desenhista Projetista De Máquinas,5,7176.56
Porto Feliz,Enfestador De Roupas,5,2083.77
Itapetininga,Engenheiro De Controle De Qualidade,5,9815.72
Araçatuba,Agente De Pátio,5,2662.04
Porto Feliz,Cilindreiro Na Preparação De Pasta Para Fabricação De Papel,5,2772.74
Araçatuba,Gerente De Serviços Sociais,5,3621.9
Itu,Engenheiro Mecatrônico,5,5676.78
Araçatuba,Mestre De Soldagem,5,2368.8
Itapetininga,Gerente De Marketing,5,2888.09
Cabreúva,Cobrador Interno,5,2799.37
Porto Feliz,Mestre (Indústria De Borracha E Plástico),5,3246.77
Araçatuba,Administrador Em Segurança Da Informação,5,2910.6
Americana,Trabalhador De Preparação De Pescados (Limpeza),5,1738.71
Araçatuba,Organizador De Evento,5,3963.01
Araçatuba,Carpinteiro De Carrocerias,5,1690.82
Araçoiaba da Serra,Terapeuta Ocupacional,5,3188.88
Araçatuba,Salva-Vidas,5,2056.62
Araçatuba,Economista Do Setor Público,5,2967.03
Araçatuba,Analista De Cobrança (Instituições Financeiras),5,3683.15
Araçatuba,Assistente Técnico De Seguros,5,2087.75
Itupeva,Desenhista Projetista Eletrônico,5,5275.34
Porto Feliz,Cozinhador (Conservação De Alimentos),5,2320.81
Araçatuba,Monitor De Sistemas Eletrônicos De Segurança Externo,5,1986.79
Araçatuba,Monitor De Sistemas Eletrônicos De Segurança Interno,5,2237.34
Araçoiaba da Serra,Técnico De Laboratório Industrial,5,3898.31
Itupeva,Analista De Transporte Em Comércio Exterior,5,3999.2
Pindamonhangaba,Emissor De Passagens,5,1707
Araçoiaba da Serra,"Cartonageiro, A Máquina",5,1619.13
Ibiúna,Inspetor De Alunos De Escola Pública,5,1814.2
Araçoiaba da Serra,Analista De Folha De Pagamento,5,2961.35
Araçoiaba da Serra,Professor De Nível Superior Na Educação Infantil (Zero A Três Anos),5,1495.24
Pindamonhangaba,Técnico Em Laboratório De Farmácia,5,3003.41
Araçatuba,"Encarregado De Manutenção De Instrumentos De Controle, Medição E Similares",5,4875.86
Araçatuba,Operador De Máquina Perfuratriz,5,1963.54
Araçatuba,Médico Do Trabalho,5,11465.47
Cerquilho,Técnico Em Mecânica De Precisão,5,2250.91
Araçatuba,Tecelão (Tear Manual),5,1685
Piedade,Polidor De Metais,5,1786.81
Araçoiaba da Serra,Auxiliar De Laboratório De Análises Clínicas,5,1482.2
Pindamonhangaba,Engenheiro Civil (Transportes E Trânsito),5,6233.56
Itapetininga,Carpinteiro De Obras,5,1595.11
Itu,Modelador De Metais (Fundição),5,3131.52
Araçatuba,Operador De Processo De Moagem,5,1342.74
Araçatuba,Impressor De Rotativa,5,2957.22
Piedade,Marmorista (Construção),5,1538.31
Araçatuba,Supervisor De Contas A Pagar,5,4976.07
Araçoiaba da Serra,Analista Financeiro (Instituições Financeiras),5,4543.82
Araçatuba,Técnico De Comunicação De Dados,5,4174.64
Araçatuba,Analista De Informações (Pesquisador De Informações De Rede),5,4104.7
Itapetininga,"Operador De Tesoura Mecânica E Máquina De Corte, No Acabamento De Chapas E Metais",5,3039.85
Itapeva,Tratador De Animais,5,2583.04
Dourado,Montador De Estruturas Metálicas,5,1860.95
Pindamonhangaba,Preparador De Máquinas-Ferramenta,5,2206.47
Itapeva,Mestre (Indústria De Madeira E Mobiliário),5,2495.92
Itapeva,Operador De Bomba De Concreto,5,1907.6
Araçoiaba da Serra,Auxiliar De Lavanderia,5,1962.3
Piedade,Auxiliar De Cartório,5,1342.61
Porto Feliz,Porteiro (Hotel),5,2574.96
Cerquilho,Preparador De Estruturas Metálicas,5,1986.86
Ibiúna,Analista De Redes E De Comunicação De Dados,5,1241.07
Itupeva,Procurador Do Município,5,27222.21
Macatuba,Cortador De Roupas,5,1690.3
Macatuba,"Embalador, A Máquina",5,1990.59
Macatuba,Operador De Máquina De Costura De Acabamento,5,1266.26
Itapetininga,Técnico Em Laboratório De Farmácia,5,1737.45
Porto Feliz,Técnico De Matéria-Prima E Material,5,6929.17
Itapetininga,Professor De Sociologia Do Ensino Superior,5,1307.6
Pindamonhangaba,Desenhista Projetista De Máquinas,5,4862.77
Araçatuba,Médico Ortopedista E Traumatologista,5,3589.39
Cerquilho,"Embalador, A Máquina",5,1606.61
Pindamonhangaba,"Supervisor De Manutenção De Aparelhos Térmicos, De Climatização E De Refrigeração",5,4554.56
Ibiúna,Caseiro (Agricultura),5,1463.78
Pindamonhangaba,Gerente De Departamento Pessoal,5,7947.05
Ibiúna,Cabeleireiro,5,1203.97
Itu,"Diretor De Produção E Operações Da Indústria De Transformação, Extração Mineral E Utilidades",5,44241.08
Boituva,Analista De Redes E De Comunicação De Dados,5,3042.64
Boituva,Instrumentador Cirúrgico,5,2573.87
Boituva,Supervisor Das Artes Gráficas  (Indústria Editorial E Gráfica),5,3565.42
Itu,Auxiliar De Radiologia (Revelação Fotográfica),5,1539.9
Cerquilho,Supervisor De Vigilantes,5,6545.14
Charqueada,Operador De Draga,5,1660.03
Araçariguama,Ascensorista,5,4568.93
Ibiúna,Selecionador De Material Reciclável,5,1804.81
Itapeva,Impressor (Serigrafia),5,1451.68
Americana,Professor De Tecnologia E Cálculo Técnico,5,798.08
Piedade,Recebedor De Apostas (Loteria),5,1277.18
Boituva,"Supervisor De Fabricação De Produtos Cerâmicos, Porcelanatos E Afins",5,2292.58
Itu,Guarda-Roupeiro De Cinema,5,1840.26
Itu,Bibliotecário,5,3725.47
Itapeva,Manicure/Pedicure,5,1281.3
Boituva,Técnico De Obras Civis,5,3002.02
Pindamonhangaba,Técnico De Controle De Meio Ambiente,5,3681.4
Itu,Tecnólogo Em Gestão Da Tecnologia Da Informação,5,5064.53
Araçariguama,Técnico Em Mecatrônica - Automação Da Manufatura,5,8869.98
Boituva,"Mestre (Indústria De Celulose, Papel E Papelão)",5,5122.14
Americana,Chefe De Confeitaria,5,2447.18
Boituva,Supervisor De Vendas De Serviços,5,11438.05
Americana,Oleiro (Fabricação De Tijolos),5,1833.89
Boituva,Relações Públicas,5,10697.57
Americana,Administrador De Banco De Dados,5,8376.37
Itapeva,Secador De Madeira,5,1260.38
Itapeva,Chaveiro,5,1543.38
Americana,Supervisor De Manutenção De Máquinas Industriais Têxteis,5,6732.55
Piedade,Agente De Viagem,5,1398.32
Porto Feliz,Gerente De Logística (Armazenagem E Distribuição),5,7713.34
Itapeva,Alinhador De Pneus,5,1808.64
Boituva,Inspetor De Risco,5,1744.94
Americana,Médico Psiquiatra,5,8266.28
Cabreúva,"Operador De Estação De Captação, Tratamento E Distribuição De Água",5,2654.94
Pindamonhangaba,Selecionador De Material Reciclável,5,5285.92
Cabreúva,Atendente De Agência,5,3115.31
Cabreúva,Modelador De Madeira,5,1712.09
Araçariguama,Médico Clínico,5,4257.82
Ibiúna,Gerente De Departamento Pessoal,5,3753.8
Porto Feliz,Operador De Máquina De Produtos Farmacêuticos,5,2513.59
Pindamonhangaba,Mineiro,5,2075.29
Americana,Agenciador De Propaganda,5,1335.21
Itupeva,Supervisor De Exploração Agrícola,5,2521.49
Itapetininga,Analista De Planejamento E Orçamento - Apo,5,2957.21
Itapetininga,Selecionador De Material Reciclável,5,944
Pindamonhangaba,Técnico Em Nutrição E Dietética,5,2105.71
Cabreúva,Supervisor De Montagem E Instalação Eletroeletrônica,5,4108
Itu,Administrador De Edifícios,5,4094.83
Cabreúva,"Produtor Agropecuário, Em Geral",5,1785.22
Ibiúna,Encarregado De Manutenção Mecânica De Sistemas Operacionais,5,2557.33
Pindamonhangaba,Técnico Em Administração De Comércio Exterior,5,2932.91
Araçariguama,Agente De Pátio,5,3238.68
Ibiúna,Operador De Colheitadeira,5,1262.51
Cabreúva,"Supervisor De Manutenção Eletromecânica Industrial, Comercial E Predial",5,8720.37
Pindamonhangaba,Sacristão,5,1333.59
Dourado,Diretor De Instituição Educacional Pública,5,6607.53
Itapetininga,Técnico Em Nutrição E Dietética,5,1519.28
Americana,"Bordador, A  Mão",5,1596.58
Pindamonhangaba,Publicitário,5,2319.08
Ibiúna,Barman,5,1445.45
Ibiúna,Auxiliar De Farmácia De Manipulação,5,1560.81
Itapetininga,Gerente De Produção E Operações Da Construção Civil E Obras Públicas,5,5729.2
Itapeva,Churrasqueiro,5,1842.54
Macatuba,Armazenista,5,2948.44
Macatuba,Acabador De Embalagens (Flexíveis E Cartotécnicas),5,1679.47
Cerquilho,Fonoaudiólogo Geral,5,5050.61
Porto Feliz,Mecânico De Manutenção De Motocicletas,5,1784.46
Pindamonhangaba,Operador De Cortadeira De Papel,5,2430.38
Pindamonhangaba,Analista De Sistemas De Automação,5,6729.8
Macatuba,Motorista Operacional De Guincho,5,2498.18
Itapetininga,Economista Do Setor Público,5,2913.44
Itapetininga,Médico Neurologista,5,2727.48
Ibiúna,Operador De Centro De Controle ( Sinterização),5,4577.69
Itu,Assistente Técnico De Seguros,5,3856.99
Ibiúna,Operador De Escavadeira,5,2302.07
Piedade,Supervisor De Tesouraria,5,2419
Americana,Técnico Em Caldeiraria,5,2531.39
Piedade,Apontador De Produção,5,2403.61
Itu,Técnico Em Mecânica De Precisão,5,8082.62
Itapetininga,Cozinhador (Conservação De Alimentos),5,834.22
Itupeva,"Moldador, A  Mão",5,2159.7
Cerquilho,Trabalhador Agropecuário Em Geral,5,1610.46
Pindamonhangaba,Gerente De Grandes Contas (Corporate),5,2403.74
Itu,"Macheiro, A  Máquina",5,3214.13
Ibiúna,Funileiro De Veículos (Reparação),5,3307.05
Itapetininga,Cortador De Artefatos De Couro (Exceto Roupas E Calçados),5,2480.36
Pindamonhangaba,Operador De Acabamento (Indústria Gráfica),5,2297.83
Piedade,Operador De Máquinas De Construção Civil E Mineração,5,2113.62
Dourado,Supervisor De Carga E Descarga,5,4407.4
Ibiúna,Técnico Em Instrumentação,5,3730.83
Itapeva,Pintor De Veículos (Fabricação),5,1797.07
Itapeva,Professor De Geografia No Ensino Médio,5,1482.44
Itapetininga,Afiador De Serras,5,2087.37
Ibiúna,Chefe De Cozinha,5,3636.89
Ibiúna,Gerente Financeiro,5,2787.92
Itapeva,Caminhoneiro Autônomo (Rotas Regionais E Internacionais),5,2756.09
Pindamonhangaba,Operador De Central De Concreto,5,3247.54
Itapetininga,Supervisor De Fabricação De Produtos De Vidro,5,2839.69
Porto Feliz,Motorista Operacional De Guincho,5,2546.47
Pindamonhangaba,"Operador De Tesoura Mecânica E Máquina De Corte, No Acabamento De Chapas E Metais",5,2921.07
Itapeva,Oleiro (Fabricação De Tijolos),5,2256.67
Americana,Enfermeiro Do Trabalho,5,5424.01
Porto Feliz,Assentador De Revestimentos Cerâmicos,5,2251.78
Pindamonhangaba,Desenhista Técnico Mecânico,5,3909.61
Piedade,Gerente Financeiro,5,3160.02
Pindamonhangaba,Técnico Em Instalação De Equipamentos De Áudio,5,2502.48
Ibiúna,Pizzaiolo,5,1216.62
Piedade,"Eletricista De Manutenção De Linhas Elétricas, Telefônicas E De Comunicação De Dados",5,2793.18
Itapeva,"Bobinador Eletricista, À Máquina",5,2059.94
Itapeva,Vigia Florestal,5,2524.55
Ibiúna,Esteticista,5,1639.27
Pindamonhangaba,Gerente De Produção E Operações  Florestais,5,2570.52
Dourado,Técnico De Comunicação De Dados,5,3328.91
Boituva,Montador De Equipamentos Elétricos (Transformadores),5,1531.4
Macatuba,Recebedor De Apostas (Loteria),5,1333.53
Itapeva,Inspetor De Sinistros,5,1409.5
Pindamonhangaba,Estatístico,5,10874.53
Itapeva,Recepcionista De Casas De Espetáculos,5,1165.05
Araçariguama,Coletor De Lixo Domiciliar,5,1013.36
Porto Feliz,Gerente De Suporte Técnico De Tecnologia Da Informação,5,5504.24
Itapeva,Cobrador De Transportes Coletivos (Exceto Trem),5,1761.3
Boituva,Arquiteto De Edificações,5,6084.63
Itapetininga,Estampador De Tecido,5,1790.31
Itapetininga,Estofador De Móveis,5,1746.38
Itupeva,Afiador De Ferramentas,5,7749.77
Porto Feliz,Lubrificador Industrial,5,3587.59
Itapetininga,"Lavadeiro, Em Geral",5,1695.91
Piedade,Cirurgião Dentista - Clínico Geral,5,4967.08
Itapetininga,Sondador De Poços (Exceto De Petróleo E Gás),5,2327.22
Itapetininga,Editor De Texto E Imagem,5,1845.44
Cerquilho,Encarregado De Acabamento De Chapas E Metais  (Têmpera),5,2869.3
Pindamonhangaba,"Operador De Utilidade (Produção E Distribuição De Vapor, Gás, Óleo, Combustível, Energia, Oxigênio)",5,5042.59
Piedade,Psicólogo Clínico,5,4862.74
Ibiúna,Técnico De Imobilização Ortopédica,5,2196.41
Americana,Desenhista Detalhista,5,3244.96
Itapetininga,Operador De Sistemas De Prova (Analógico E Digital),5,2112.24
Americana,Riscador De Roupas,5,2297.28
Boituva,Cobrador Externo,5,2310.24
Ibiúna,Supervisor De Exploração Agropecuária,5,2005.7
Araçariguama,Acabador De Embalagens (Flexíveis E Cartotécnicas),5,2146.19
Americana,Designer De Vitrines,5,2644.84
Itapeva,Trabalhador Da Exploração De Madeiras Tanantes,5,1438.04
Piedade,Procurador Do Município,5,8068.88
Boituva,Técnico Em Atendimento E Vendas,5,3006.79
Boituva,Técnico De Controle De Meio Ambiente,5,5837.01
Americana,Artesão Moveleiro (Exceto Reciclado),5,2893.53
Itapeva,Redator De Publicidade,5,1085.51
Charqueada,Operador De Guindaste Móvel,5,2528.66
Porto Feliz,Analista De Planejamento De Manutenção,5,2733.19
Araçariguama,Professor Prático No Ensino Profissionalizante,5,4280.47
Itapetininga,Dirigente De Entidade De Trabalhadores,5,3719.79
Itapetininga,Controlador De Serviços De Máquinas E Veículos,5,2341.62
Dourado,Gerente De Marketing,5,16448.41
Americana,Analista De Gestão De Estoque,5,2403.21
Itapeva,Lavador De Roupas,5,1080
Ibiúna,Gerente De Agência,5,9542.8
Pindamonhangaba,Auditor (Contadores E Afins),5,8640.27
Boituva,Inspetor De Alunos De Escola Privada,5,1388.68
Itupeva,Chefe De Bar,5,2664.43
Boituva,Vendedor Ambulante,5,2469.7
Cerquilho,Agente De Vendas De Serviços,5,1985.58
Itapetininga,Médico Otorrinolaringologista,5,7971.69
Pindamonhangaba,Alinhador De Pneus,5,1778.74
Dourado,Pintor De Obras,5,1610.06
Araçariguama,Coordenador Pedagógico,5,6097.75
Itapetininga,Professor De Química No Ensino Médio,5,1892.35
Cerquilho,Engenheiro Agrônomo,5,7252.56
Porto Feliz,Desenhista Projetista De Construção Civil,5,5170.7
Boituva,Costureiro De Roupa De Couro E Pele,5,1480.33
Itapetininga,Conferente Mercadoria (Exceto Carga E Descarga),5,1661.12
Cerquilho,Avicultor,5,1144.88
Pindamonhangaba,Analista De Planejamento E Orçamento - Apo,5,2508.97
Cerquilho,"Costureiro De Roupas De Couro E Pele, A  Máquina Na  Confecção Em Série",5,930.92
Porto Feliz,Supervisor De Crédito E Cobrança,5,2211.42
Itapetininga,Supervisor De Carga E Descarga,5,3212.1
Porto Feliz,Supervisor De Vigilantes,5,3873.28
Pindamonhangaba,Mecânico De Manutenção De Máquinas-Ferramentas (Usinagem De Metais),5,3422.13
Ibiúna,Tecnólogo Em Segurança Do Trabalho,5,7227.65
Ibiúna,Rebarbador De Metal,5,2258.27
Itapetininga,Técnico Em Óptica E Optometria,5,4625.34
Itapeva,Supervisor De Contas A Pagar,5,3741.86
Americana,Farmacêutico Industrial,5,5804.22
Itupeva,Técnico De Rede (Telecomunicações),5,1956.04
Americana,Ministro De Culto Religioso,5,6100.3
Dourado,Técnico De Suporte Ao Usuário De Tecnologia Da Informação,5,2218.3
Piedade,"Costureiro, A  Máquina  Na Confecção Em Série",5,1417.11
Itu,Montador De Equipamento De Levantamento,5,3791.68
Americana,Operador De Máquina De Eletroerosão,5,4444.79
Araçariguama,Técnico Mecânico,5,5115.61
Araçariguama,Economista Financeiro,5,3928.09
Itapeva,Bombeiro Civil,5,3012.86
Americana,Arquivista,5,2949.81
Itapeva,Supervisor De Cobrança,5,3900.53
Americana,"Examinador De Cabos, Linhas Elétricas E Telefônicas",5,2107.31
Ibiúna,Analista Financeiro (Instituições Financeiras),5,2189.91
Pindamonhangaba,"Pesquisador De Engenharia Metalúrgica, De Minas E De Materiais",5,10638.81
Ibiúna,Enfermeiro Obstétrico,5,4029.08
Cerquilho,Atendente De Agência,5,2141.06
Americana,"Operador De Estação De Captação, Tratamento E Distribuição De Água",5,4518.36
Cerquilho,Professor De Biologia No Ensino Médio,5,1580.65
Araçariguama,Analista De Desenvolvimento De Sistemas,5,4938.34
Piedade,Montador De Veículos (Reparação),5,1498.66
Itapeva,Gerente De Logística (Armazenagem E Distribuição),5,4512.1
Ibiúna,Economista Industrial,5,9364.31
Americana,"Corretor De Valores, Ativos Financeiros, Mercadorias E Derivativos",5,2600.78
Americana,Professor De Educação Física No Ensino Médio,5,3093.08
Americana,Monitor De Dependente Químico,5,2059.78
Itu,Professor De Nível Médio No Ensino Profissionalizante,5,596.58
Americana,Advogado De Empresa,5,5342.46
Boituva,Cortador De Artefatos De Couro (Exceto Roupas E Calçados),5,1880.81
Dourado,"Montador De Máquinas, Motores E Acessórios (Montagem Em Série)",5,1905.83
Araçariguama,Auxiliar De Enfermagem,5,1475.37
Pindamonhangaba,Queijeiro Na Fabricação De Laticínio,5,1841.94
Americana,Diretor De Arte (Publicidade),5,3074.41
Araçariguama,Digitador,5,1565.62
Americana,Auxiliar De Biblioteca,5,2696.68
Pindamonhangaba,Mecânico De Manutenção De Aparelhos De Levantamento,5,1999.11
Araçariguama,Marceneiro,5,1981.84
Charqueada,Assistente De Vendas,5,1767.61
Americana,Representante Comercial Autônomo,5,3193.35
Boituva,Tecnólogo Em Secretariado Escolar,5,1635.17
Americana,Cortador De Artefatos De Couro (Exceto Roupas E Calçados),5,2353.82
Americana,"Cartonageiro, A Máquina",5,3553.29
Boituva,Operador De Carregadeira,5,3010.28
Araçariguama,Analista De Pesquisa De Mercado,5,4435.04
Boituva,Preparador Físico,5,2782.96
Itupeva,Mestre De Produção Farmacêutica,5,8423.59
Pindamonhangaba,Repórter De Mídias Audiovisuais,5,2558.35
Boituva,Mantenedor De Sistemas Eletroeletrônicos De Segurança,5,1713.56
Araçariguama,Encarregado Geral De Operações De Conservação De Vias Permanentes (Exceto Trilhos),5,2272.2
Americana,Documentalista,5,2734.5
Americana,Supervisor Das Artes Gráficas  (Indústria Editorial E Gráfica),5,1884.24
Americana,Diretor De Contas (Publicidade),5,1844.59
Piedade,Técnico De Comunicação De Dados,5,1751.63
Pindamonhangaba,Técnico De Desporto Individual E Coletivo (Exceto Futebol),5,4587.68
Cerquilho,Analista Financeiro (Instituições Financeiras),5,2952.1
Cerquilho,Técnico De Enfermagem Do Trabalho,5,2784.47
Pindamonhangaba,Auxiliar De Banco De Sangue,5,1552.38
Americana,Professor De Língua Estrangeira Moderna Do Ensino Fundamental,5,2292.75
Cabreúva,Supervisor De Vigilantes,5,4791.58
Pindamonhangaba,Operador De Máquina De Cortar E Dobrar Papelão,5,2084.52
Americana,Médico Ortopedista E Traumatologista,5,11613.44
Cerquilho,Armador De Estrutura De Concreto Armado,5,2042.42
Boituva,Atendente Comercial (Agência Postal),5,2474.22
Araçariguama,Advogado,5,6971.06
Boituva,Técnico Em Secretariado,5,2040.69
Americana,Encarregado De Equipe De Conservação De Vias Permanentes (Exceto Trilhos),5,5219.05
Itupeva,Químico Industrial,5,4689.99
Pindamonhangaba,Lubrificador Industrial,4,2355.97
Itu,Lubrificador Industrial,4,2782.54
Porto Feliz,Diretor Geral De Empresa E Organizações (Exceto De Interesse Público),4,38845.98
Araçariguama,Técnico Em Atendimento E Vendas,4,8966.81
Araçatuba,Supervisor De Manutenção Eletromecânica (Utilidades),4,7997.94
Macatuba,Auxiliar De Farmácia De Manipulação,4,1919.84
Araçoiaba da Serra,Pesquisador Em Ciências Da Computação E Informática,4,4109.68
Araçatuba,"Costurador De Calçados, A  Máquina",4,1217.12
Araçatuba,Administrador De Redes,4,4393.61
Itupeva,Desenhista Técnico (Eletricidade E Eletrônica),4,4460.45
Araçoiaba da Serra,Avaliador Físico,4,1984.02
Araçariguama,Técnico De Apoio Em Pesquisa E Desenvolvimento (Exceto Agropecuário E Florestal),4,8779.22
Americana,Cirurgião Dentista De Saúde Coletiva,4,9143.09
Araçatuba,Trabalhador Da Elaboração De Pré-Fabricados (Cimento Amianto),4,1986.15
Araçatuba,Consultor Contábil (Técnico),4,3687.12
Cabreúva,Desenhista Técnico Mecânico,4,3813.39
Dourado,Cirurgião Dentista De Saúde Coletiva,4,3629.3
Itapetininga,Técnico Em Administração,4,2790.76
Araçatuba,Operador De Quadro De Distribuição De Energia Elétrica,4,2145.47
Piedade,"Mecânico De Manutenção De Máquinas Cortadoras De Grama, Roçadeiras, Motosserras E Similares",4,1962.7
Americana,Afiador De Ferramentas,4,1977.69
Cerquilho,Operador De Telemarketing Ativo,4,1512.73
Araçatuba,Auditor (Contadores E Afins),4,2341.08
Charqueada,Mestre (Indústria De Borracha E Plástico),4,3716.1
Dourado,Operador De Guindaste Móvel,4,2635.64
Ibiúna,Eletrotécnico,4,17749.54
Araçatuba,Chaveiro,4,2486.74
Cerquilho,Operador Eletromecânico,4,2527.43
Araçatuba,Agente De Recrutamento E Seleção,4,2366.27
Araçatuba,Decapador,4,1669.23
Itu,Agente De Trânsito,4,2393.88
Cabreúva,Técnico Em Mecânica De Precisão,4,9151.55
Araçatuba,Cronometrista,4,1607.73
Cerquilho,"Eletrotécnico Na Fabricação, Montagem E Instalação De Máquinas E Equipamentos",4,4586.92
Araçoiaba da Serra,Topógrafo,4,4775.59
Dourado,Controlador De Pragas,4,1569.23
Araçoiaba da Serra,Agente De Saúde Pública,4,2443.54
Itu,Professor De Filosofia No Ensino Médio,4,1441.29
Cerquilho,Mordomo De Residência,4,1527.06
Itu,Técnico Em Agrimensura,4,3232.45
Pindamonhangaba,Operador De Jato Abrasivo,4,4265.85
Itapeva,Agente De Viagem,4,1456.96
Araçatuba,Professor De Artes No Ensino Médio,4,736.26
Araçatuba,"Técnico De Operação (Química, Petroquímica E Afins)",4,2962.8
Cabreúva,Operador De Bomba De Concreto,4,1321.12
Araçatuba,Analista De Gestão De Estoque,4,2870.48
Boituva,Eletricista De Instalações (Edifícios),4,2392.11
Cerquilho,"Operador De Extrusora (Química, Petroquímica E Afins)",4,2291.53
Araçoiaba da Serra,Motorista Operacional De Guincho,4,2599.55
Pindamonhangaba,Supervisor De Ensino,4,1800.36
Araçariguama,Mestre De Aciaria,4,10854.16
Itupeva,Desenhista Projetista De Eletricidade,4,2674.06
Itu,Professor De Artes No Ensino Médio,4,2100.17
Ibiúna,Médico Anestesiologista,4,13738.96
Pindamonhangaba,Esteticista,4,2376.61
Americana,Psicólogo Hospitalar,4,3471.71
Pindamonhangaba,Mestre (Indústria Petroquímica E Carboquímica),4,9762.26
Piedade,Mestre (Construção Civil),4,2111.26
Boituva,Operador De Time De Montagem,4,1858.77
Americana,Operador De Prensa De Material Reciclável,4,1793.65
Araçoiaba da Serra,Técnico De Desporto Individual E Coletivo (Exceto Futebol),4,2288.97
Araçoiaba da Serra,Operador De Máquina De Produtos Farmacêuticos,4,2851.34
Araçatuba,Encarregado De Manutenção Elétrica De Veículos,4,2369.51
Porto Feliz,"Operador De Estação De Captação, Tratamento E Distribuição De Água",4,3582.72
Boituva,Piloto Comercial (Exceto Linhas Aéreas),4,33185.75
Itupeva,Operador De Processo De Moagem,4,2088.26
Piedade,Apontador De Mão-De-Obra,4,2234.45
Itupeva,Analista De Gestão De Estoque,4,4324.95
Araçoiaba da Serra,Agente De Vendas De Serviços,4,945
Araçariguama,Diretor De Serviços De Saúde,4,3614.97
Itupeva,Analista De Sistemas De Automação,4,6604.36
Itu,Redator De Textos Técnicos,4,2080.89
Itupeva,Colorista De Papel,4,5802.05
Araçatuba,Técnico De Alimentos,4,1856.52
Araçatuba,Inspetor De Sinistros,4,1845.57
Americana,Despachante De Transportes Coletivos (Exceto Trem),4,1886.89
Itupeva,Operador De Telemarketing Técnico,4,1695.47
Macatuba,Gerente De Contas - Pessoa Física E Jurídica,4,6587.95
Americana,Trabalhador No Cultivo De Forrações,4,1375.48
Araçariguama,Cozinheiro Industrial,4,2110.33
Boituva,Técnico Em Radiologia E Imagenologia,4,3415.87
Cabreúva,Químico,4,12119.04
Pindamonhangaba,Gerente De Serviços De Saúde,4,15504.75
Itu,Auxiliar De Enfermagem Do Trabalho,4,2862.15
Pindamonhangaba,Relações Públicas,4,7250.85
Pindamonhangaba,Digitador,4,1370.29
Araçatuba,Secretário  Bilíngüe,4,3524.69
Porto Feliz,Dirigente Do Serviço Público Municipal,4,7236.44
Itupeva,Supervisor De Usina De Concreto,4,4927.52
Araçoiaba da Serra,Churrasqueiro,4,2665.9
Araçatuba,Chefe De Portaria De Hotel,4,2225.35
Araçatuba,Psicopedagogo,4,2399.97
Itu,Mestre (Construção Naval),4,5355.08
Pindamonhangaba,Avaliador Físico,4,1097
Pindamonhangaba,Tesoureiro De Banco,4,4772.05
Charqueada,Farmacêutico,4,3001.95
Cabreúva,Diretor Comercial,4,13580.11
Araçoiaba da Serra,Marmorista (Construção),4,2263.88
Dourado,"Lavadeiro, Em Geral",4,1878.31
Araçatuba,Colorista De Papel,4,2233.5
Americana,Gerente De Grandes Contas (Corporate),4,5937.33
Cerquilho,Professores De Cursos Livres,4,1445.89
Araçatuba,Marinheiro De Máquinas,4,3451.63
Piedade,Operador De Turismo,4,1617.71
Cerquilho,Instrutor De Cursos Livres,4,1494.31
Ibiúna,Balanceiro,4,1688.22
Cerquilho,Analista De Folha De Pagamento,4,2535
Araçatuba,Visual Merchandiser,4,2233.42
Pindamonhangaba,Gerente De Comunicação,4,20577.68
Boituva,Técnico Eletricista,4,4617.3
Porto Feliz,Mordomo De Hotelaria,4,2557.59
Araçariguama,Gerente De Marketing,4,14379.52
Araçoiaba da Serra,Leiturista,4,2311.86
Americana,Serrador De Madeira,4,1720.57
Boituva,Lubrificador De Veículos Automotores (Exceto Embarcações),4,1846.15
Charqueada,Operador De Máquinas De Beneficiamento De Produtos Agrícolas,4,2369.58
Pindamonhangaba,Topógrafo,4,1960.2
Araçatuba,Técnico Mecânico (Aeronaves),4,7529.36
Araçatuba,Montador De Equipamentos Elétricos (Transformadores),4,1649.83
Araçatuba,Operador De Bomba De Concreto,4,2206.79
Macatuba,Expedidor De Mercadorias,4,2583.94
Charqueada,Atendente Comercial (Agência Postal),4,3189.2
Americana,Planejista,4,4181.85
Araçatuba,Preparador De Máquinas-Ferramenta,4,2305.01
Araçatuba,Auxiliar De Estatística,4,2885.61
Cerquilho,Barman,4,1647.65
Pindamonhangaba,Monitor De Transporte Escolar,4,802.53
Araçariguama,Técnico De Suporte Ao Usuário De Tecnologia Da Informação,4,1660.28
Cerquilho,Diretor De Serviços Culturais,4,3993.61
Itapetininga,Forneiro E Operador (Forno Elétrico),4,1938.6
Americana,Avaliador De Imóveis,4,1529.1
Americana,Auxiliar De Judiciário,4,1938.19
Araçoiaba da Serra,Trabalhador No Cultivo De Flores E Folhagens De Corte,4,2014.95
Porto Feliz,Médico Clínico,4,6604.31
Ibiúna,Atendente De Agência,4,2169.48
Araçatuba,Analista De Logistica,4,2103.4
Porto Feliz,Supervisor De Exploração Pecuária,4,4138.64
Araçoiaba da Serra,Lubrificador De Veículos Automotores (Exceto Embarcações),4,1403.3
Porto Feliz,Médico Veterinário,4,6419.27
Cabreúva,Supervisor De Exploração Agropecuária,4,1422.34
Araçoiaba da Serra,Diretor De Instituição Educacional Da Área Privada,4,3371.45
Cabreúva,Auxiliar De Cartório,4,1938.24
Araçariguama,Professor De Nível Superior Na Educação Infantil (Zero A Três Anos),4,1161.76
Macatuba,Serrador De Madeira,4,1190.62
Araçatuba,Técnico De Enfermagem Do Trabalho,4,2813.56
Porto Feliz,Enfermeiro Do Trabalho,4,4912.97
Pindamonhangaba,Técnico Em Óptica E Optometria,4,3168.76
Araçatuba,Massoterapeuta,4,1975.98
Porto Feliz,Analista De Redes E De Comunicação De Dados,4,4868.8
Itu,Tecnólogo Em Secretariado Escolar,4,2228.03
Dourado,Técnico De Planejamento De Produção,4,5030.89
Piedade,Cobrador Externo,4,2820.26
Araçoiaba da Serra,Gerente Financeiro,4,3388.52
Araçatuba,Programador De Máquinas - Ferramenta Com Comando Numérico,4,3105.12
Itapetininga,Supervisor De Vigilantes,4,2685.3
Araçariguama,Técnico Em Administração,4,9328
Araçatuba,Operador De Guilhotina (Corte De Papel),4,3131.55
Itapeva,Gerente De Marketing,4,2323.03
Boituva,Operador De Linha De Montagem (Aparelhos Elétricos),4,1545.71
Cerquilho,Cartazeiro,4,1505.07
Porto Feliz,Masseiro (Massas Alimentícias),4,1916.07
Pindamonhangaba,Gerente De Produção E Operações Agropecuárias,4,7342.74
Cerquilho,Digitador,4,2623.25
Itu,Chefe De Portaria De Hotel,4,2532.06
Itu,"Operador De Máquinas De Fabricação De Doces, Salgados E Massas Alimentícias",4,1602.1
Araçatuba,Controlador De Serviços De Máquinas E Veículos,4,5910.17
Cabreúva,Afiador De Ferramentas,4,2501.93
Piedade,Supervisor De Embalagem E Etiquetagem,4,2065.51
Itu,Gerente De Almoxarifado,4,12127.01
Araçoiaba da Serra,Operador De Máquina Perfuratriz,4,2668.36
Araçatuba,Operador De Ponte Rolante,4,2581.82
Araçoiaba da Serra,Operador De Máquina De Dobrar Chapas,4,2520.99
Piedade,Operador De Jato Abrasivo,4,1743.73
Porto Feliz,Conferente-Expedidor De Roupas (Lavanderias),4,3538.73
Americana,Montador De Equipamentos Elétricos (Transformadores),4,1757.2
Pindamonhangaba,Instalador De Sistemas Eletroeletrônicos De Segurança,4,1700.9
Itupeva,Costureira De Peças Sob Encomenda,4,2657.85
Araçatuba,Analista De Exportação E Importação,4,3827.14
Araçariguama,Auxiliar De Desenvolvimento Infantil,4,3148.07
Porto Feliz,Magarefe,4,3767.97
Araçatuba,Caldeireiro (Chapas De Cobre),4,2909.25
Araçatuba,Passadeira De Peças Confeccionadas,4,1552.92
Piedade,Operador De Telemarketing Técnico,4,1419.27
Araçatuba,Produtor Agrícola Polivalente,4,1725.93
Americana,Pintor De Letreiros,4,3211.99
Porto Feliz,Biólogo,4,4272.5
Araçatuba,Trabalhador No Cultivo De Espécies Frutíferas Rasteiras,4,1532.08
Porto Feliz,"Tecelão De Tapetes, A  Mão",4,2841.94
Piedade,Montador De Equipamentos Eletrônicos (Computadores E Equipamentos Auxiliares),4,2778.01
Ibiúna,Educador Social,4,1933.11
Araçatuba,Professor De História No Ensino Médio,4,2773.52
Charqueada,Instrutor De Auto-Escola,4,1788.61
Pindamonhangaba,Monitor De Sistemas Eletrônicos De Segurança Externo,4,1646.8
Itupeva,Agente Fiscal De Qualidade,4,3777.55
Araçatuba,Diretor Comercial,4,2456.28
Ibiúna,Mecânico De Manutenção E Instalação De Aparelhos De Climatização E  Refrigeração,4,2956.85
Piedade,Professor De Nível Superior Na Educação Infantil (Quatro A Seis Anos),4,1619.98
Porto Feliz,"Confeccionador De Bolsas, Sacos E Sacolas E Papel, A Máquina",4,2227.97
Americana,Analista De Planejamento De Materias,4,4245.86
Porto Feliz,Moldador De Plástico Por Compressão,4,2542.96
Charqueada,Supervisor De Lavanderia,4,1896.38
Porto Feliz,Moleiro De Cereais (Exceto Arroz),4,1864.49
Pindamonhangaba,Supervisor De Contas A Pagar,4,3830.55
Araçatuba,Costureira De Peças Sob Encomenda,4,1393.23
Americana,Trabalhador No Cultivo De Plantas Ornamentais,4,1997.27
Charqueada,Operador De Equipamentos De Refinação De Açúcar (Processo Contínuo),4,3505.97
Piedade,Auxiliar De Veterinário,4,1497.33
Americana,Governanta De Hotelaria,4,2607.43
Araçatuba,Atendente De Lavanderia,4,1046.9
Itapeva,Esteticista,4,1495.7
Porto Feliz,Operador De Colheitadeira,4,2934.19
Araçariguama,Operador De Telemarketing Receptivo,4,1561.16
Pindamonhangaba,Estofador De Móveis,4,1486.99
Piedade,Técnico De Garantia Da Qualidade,4,3452.87
Dourado,Auxiliar De Contabilidade,4,2318.98
Piedade,Abatedor,4,1244.1
Itapetininga,Preparador De Rações,4,2975.76
Cabreúva,"Encarregado De Manutenção De Instrumentos De Controle, Medição E Similares",4,3481.96
Americana,Gerente De Serviços Culturais,4,2365.62
Araçatuba,Avaliador De Bens Móveis,4,3255.4
Itu,Mecânico De Manutenção De Empilhadeiras E Outros Veículos De Cargas Leves,4,5445.49
Americana,Agente De Recrutamento E Seleção,4,2534.11
Araçoiaba da Serra,"Produtor Agropecuário, Em Geral",4,1763.7
Cabreúva,Vendedor Pracista,4,11461.34
Porto Feliz,Professor Instrutor De Ensino E Aprendizagem Em Serviços,4,1239.54
Porto Feliz,Impressor De Ofsete (Plano E Rotativo),4,2356.22
Piedade,Impregnador De Madeira,4,1439.82
Cabreúva,Lubrificador Industrial,4,1442.82
Itu,Engenheiro De Materiais,4,5533.05
Piedade,Técnico Em Secretariado,4,3204.5
Araçatuba,Professor De História Do Ensino Superior,4,7003.64
Araçoiaba da Serra,Atendente Comercial (Agência Postal),4,3720.86
Americana,Operador De Caminhão (Minas E Pedreiras),4,1696.05
Cabreúva,Auxiliar De Laboratório De Análises Físico-Químicas,4,1844.88
Piedade,Supervisor De Caixas E Bilheteiros (Exceto Caixa De Banco),4,2079.55
Charqueada,Visitador Sanitário,4,2121.56
Araçatuba,Supervisor Da Indústria De Minerais Não Metálicos (Exceto Os Derivados De Petróleo E Carvão),4,7120.8
Charqueada,Administrador,4,4560.64
Itapetininga,Gerente De Grandes Contas (Corporate),4,5647.74
Americana,Operador De Binadeira,4,1293.01
Itu,"Ferramenteiro De Mandris, Calibradores E Outros Dispositivos",4,3068.09
Cerquilho,Cabeleireiro,4,1546.12
Araçoiaba da Serra,Gerente De Contas - Pessoa Física E Jurídica,4,7101.2
Pindamonhangaba,Gerente De Hotel,4,4000.72
Porto Feliz,Professor De Biologia No Ensino Médio,4,2755.09
Araçariguama,"Encarregado De Manutenção De Instrumentos De Controle, Medição E Similares",4,3139.47
Americana,Auxiliar De Serviços De Importação E Exportação,4,2890.05
Charqueada,Professor De Geografia Do Ensino Fundamental,4,1819.85
Itupeva,Artista De Circo (Outros),4,2558.33
Macatuba,Técnico Químico,4,2674.42
Porto Feliz,Adestrador De Animais,4,2719.7
Araçariguama,Engenheiro De Materiais,4,23999.05
Itapeva,Ajudante De Confecção,4,1461.56
Araçatuba,Codificador De Dados,4,1680.91
Ibiúna,Cozinhador (Conservação De Alimentos),4,1725.07
Itapetininga,Auxiliar De Corte (Preparação Da Confecção De Roupas),4,1314.87
Boituva,Controlador De Pragas,4,1490.69
Araçariguama,Documentalista,4,4803.26
Araçariguama,Mestre De Laminação,4,11952.54
Itapetininga,Técnico De Laboratório Industrial,4,3636.81
Americana,Fosfatizador,4,2792.84
Piedade,Mestre De Produção Química,4,6283.51
Boituva,Mecânico De Manutenção De Máquinas-Ferramentas (Usinagem De Metais),4,3404.24
Cabreúva,Calandrista De Borracha,4,2092.63
Porto Feliz,Mecânico De Manutenção De Tratores,4,2344.97
Piedade,Operador De Laminador,4,3101.29
Dourado,Agente De Saúde Pública,4,2480.9
Boituva,Auxiliar De Laboratório De Análises Clínicas,4,1420.33
Itapetininga,Operador De Bomba De Concreto,4,2182.92
Pindamonhangaba,Consultor Contábil (Técnico),4,3625.93
Piedade,Economista Financeiro,4,3556.9
Cerquilho,Visitador Sanitário,4,1667.29
Itu,Forneiro E Operador (Refino De Metais Não-Ferrosos),4,3484.88
Americana,"Lavador De Garrafas, Vidros E Outros Utensílios",4,0
Porto Feliz,Fotógrafo Publicitário,4,1896.46
Cerquilho,Analista De Exportação E Importação,4,4746.5
Itapeva,Advogado (Direito Público),4,5604.87
Araçoiaba da Serra,Supervisor De Produção Da Indústria Alimentícia,4,4332.62
Itupeva,Gerente De Hotel,4,5438.06
Americana,Desenhista Copista,4,2466.28
Americana,"Bobinador Eletricista, À Mão",4,3587.04
Americana,Trabalhador No Cultivo De Flores Em Vaso,4,2847.36
Araçoiaba da Serra,Gerente De Suporte Técnico De Tecnologia Da Informação,4,7231.68
Dourado,Advogado,4,7574.73
Pindamonhangaba,Gerente De Serviços Culturais,4,4331.35
Araçariguama,Engenheiro De Segurança Do Trabalho,4,11559.35
Americana,"Supervisor De Operação Elétrica (Geração, Transmissão E Distribuição De Energia Elétrica)",4,3931.45
Itapeva,"Embalador, A Máquina",4,2422.1
Araçatuba,Diretor De Marketing,4,4118.34
Cabreúva,"Supervisor De Fabricação De Produtos Cerâmicos, Porcelanatos E Afins",4,3677.29
Macatuba,Desenhista Projetista Mecânico,4,8283.45
Porto Feliz,Professor De Educação Física Do Ensino Fundamental,4,2238.69
Americana,Diretor De Serviços De Saúde,4,11237.29
Americana,Auxiliar De Banco De Sangue,4,2443.06
Itupeva,Sushiman,4,4141.76
Cabreúva,"Operador De Bobinadeira De Tiras A Quente, No Acabamento De Chapas E Metais",4,2611.14
Macatuba,Contramestre De Acabamento (Indústria Têxtil),4,4733.2
Itupeva,"Supervisor De Fabricação De Produtos Cerâmicos, Porcelanatos E Afins",4,5287.79
Ibiúna,Cronoanalista,4,4193.39
Araçariguama,Analista De Exportação E Importação,4,5820.82
Piedade,Nutricionista,4,3806.86
Araçariguama,Agente De Vendas De Serviços,4,4239.86
Macatuba,Cirurgião Dentista De Saúde Coletiva,4,7915.15
Ibiúna,Tradutor,4,3692.04
Itupeva,Professor De Nível Médio No Ensino Profissionalizante,4,1789.15
Cerquilho,Operador De Exaustor (Coqueria),4,2030.41
Itupeva,"Confeccionador De Escovas, Pincéis E Produtos Similares (A Máquina)",4,3715.31
Ibiúna,Operador De Caldeira,4,5375.2
Araçariguama,Gerente De Operações De Serviços De Assistência Técnica,4,20775.64
Itupeva,Técnico Em Administração,4,2392.63
Cerquilho,"Operador De Máquina De Usinagem Madeira, Em Geral",4,3550.31
Itu,Forneiro E Operador (Forno Elétrico),4,1831.18
Itupeva,Monitor De Sistemas Eletrônicos De Segurança Externo,4,1734.29
Dourado,Gerente De Restaurante,4,4800.9
Cabreúva,Auxiliar De Lavanderia,4,1909.32
Boituva,Operador De Zincagem (Processo Eletrolítico),4,2256.7
Itapeva,Psicólogo Educacional,4,3040.66
Americana,Encarregado De Manutenção Elétrica De Veículos,4,4751.29
Porto Feliz,Técnico Agrícola,4,7062.02
Macatuba,Recreador,4,2787.15
Americana,Supervisor De Vigilantes,4,5170.63
Macatuba,Balanceiro,4,2746.35
Piedade,Operador De Máquinas De Usinar Madeira (Cnc),4,1954.3
Porto Feliz,Gerente De Hotel,4,8673.41
Piedade,"Encarregado De Manutenção De Instrumentos De Controle, Medição E Similares",4,2258.96
Cabreúva,Motorista Operacional De Guincho,4,2194.33
Pindamonhangaba,Gerente De Infraestrutura De Tecnologia Da Informação,4,16290.45
Itapeva,Operador De Telemarketing Ativo E Receptivo,4,985.71
Macatuba,Camareiro  De Hotel,4,1673.28
Itu,Administrador De Banco De Dados,4,6395.86
Itapeva,Psicopedagogo,4,3538.03
Americana,Operador De Motoniveladora,4,2690.47
Americana,Psicólogo Educacional,4,3415.23
Araçariguama,Instalador De Tubulações,4,6744.48
Araçatuba,Pintor Por Imersão,4,2325.64
Dourado,Gerente De Produção E Operações Agropecuárias,4,4174.06
Itapetininga,Operador De Telemarketing Receptivo,4,1363.72
Macatuba,Motorista De Furgão Ou Veículo Similar,4,2334.38
Porto Feliz,Supervisor De Manutenção Elétrica De Alta Tensão Industrial,4,8400.45
Americana,Trabalhador Do Acabamento De Artefatos De Tecidos E Couros,4,1458.34
Araçoiaba da Serra,Médico Veterinário,4,6895.27
Araçatuba,Chefe De Contabilidade (Técnico),4,4509.95
Macatuba,Auxiliar De Laboratório De Análises Físico-Químicas,4,1883.01
Ibiúna,Professor De Educação Física Do Ensino Fundamental,4,2260.38
Itupeva,Fonoaudiólogo Geral,4,6906.69
Araçatuba,Bilheteiro No Serviço De Diversões,4,760.26
Itupeva,Calandrista De Borracha,4,2919.68
Ibiúna,"Operador De Utilidade (Produção E Distribuição De Vapor, Gás, Óleo, Combustível, Energia, Oxigênio)",4,5602.65
Cerquilho,Professor De Nível Médio No Ensino Fundamental,4,1730.64
Americana,Modelador De Metais (Fundição),4,2054.68
Americana,Atleta Profissional De Futebol,4,1073.72
Piedade,Auxiliar De Laboratório De Análises Clínicas,4,1485.21
Pindamonhangaba,Mestre De Trefilação De Metais,4,5332.9
Americana,Enfermeiro Obstétrico,4,6290.25
Macatuba,Trabalhador Agropecuário Em Geral,4,1377.05
Itupeva,Mecânico De Manutenção De Tratores,4,3405.82
Itapetininga,Agente De Defesa Ambiental,4,5303.41
Itapetininga,Operador De Acabamento (Indústria Gráfica),4,2033.72
Dourado,Motorista De Ônibus Urbano,4,1408.04
Ibiúna,Pintor De Veículos (Reparação),4,3153.84
Itupeva,Desenhista Projetista De Arquitetura,4,2568.34
Itu,Operador De Incubadora,4,2223.14
Cerquilho,Professor De Língua Portuguesa Do Ensino Fundamental,4,2319
Itapetininga,Colorista De Papel,4,2305.65
Itapetininga,Professor De Língua Estrangeira Moderna Do Ensino Fundamental,4,2336.47
Dourado,Assistente Social,4,2948.85
Cerquilho,Gerente De Logística (Armazenagem E Distribuição),4,9540.51
Itapetininga,Operador De Torno Com Comando Numérico,4,2890.79
Araçariguama,Montador De Calçados,4,2097.92
Ibiúna,Forneiro (Materiais De Construção),4,2652.93
Itapeva,Técnico De Controle De Meio Ambiente,4,6975.67
Pindamonhangaba,Mestre De Fundição,4,6454.74
Porto Feliz,Passador De Roupas Em Geral,4,1748.67
Charqueada,Vigilante,4,2427.07
Charqueada,Governanta De Hotelaria,4,1412.11
Ibiúna,Caminhoneiro Autônomo (Rotas Regionais E Internacionais),4,2602.42
Piedade,Pesquisador De Engenharia Mecânica,4,7491.05
Itapetininga,Engenheiro Eletricista,4,9936.69
Boituva,Operador De Pá Carregadeira,4,3296.87
Boituva,Mecânico De Refrigeração,4,2114.27
Cabreúva,Mecânico De Manutenção De Motocicletas,4,1576.22
Araçariguama,Bombeiro Civil,4,0
Piedade,Professor De Língua Inglesa,4,3238.2
Araçoiaba da Serra,Rebarbador De Metal,4,2576.29
Pindamonhangaba,Gerente De Almoxarifado,4,2977.64
Itapeva,Mecânico Montador De Motores De Explosão E Diesel,4,1242.35
Pindamonhangaba,Projetista De Móveis,4,1698.06
Itupeva,Advogado (Direito Público),4,3290.31
Cerquilho,Telefonista,4,1700.73
Piedade,Leiturista,4,1759.37
Itapetininga,Auxiliar De Produção Farmacêutica,4,1431.07
Itapeva,"Produtor Agropecuário, Em Geral",4,2313.63
Cerquilho,Gerente De Produção E Operações Da Construção Civil E Obras Públicas,4,5049.77
Porto Feliz,Galvanizador,4,3920.84
Cerquilho,Químico,4,8851.19
Dourado,Chefe De Cozinha,4,3990.97
Itu,Arquiteto De Soluções De Tecnologia Da Informação,4,10688.93
Boituva,Monitor De Sistemas Eletrônicos De Segurança Externo,4,3748.31
Araçatuba,Supervisor Técnico Operacional De Sistemas De Televisão E Produtoras De Vídeo,4,4312.19
Itupeva,Pedreiro De Edificações,4,2073.59
Araçatuba,Operador De Rádio-Chamada,4,809.06
Cerquilho,Auxiliar De Lavanderia,4,1173.71
Itupeva,Instalador De Linhas Elétricas De Alta E Baixa - Tensão (Rede Aérea E Subterrânea),4,3219.14
Pindamonhangaba,Engenheiro Químico,4,11648.3
Boituva,"Técnico De Utilidade (Produção E Distribuição De Vapor, Gases, Óleos, Combustíveis, Energia)",4,4156.31
Itupeva,Nutricionista,4,4085.3
Boituva,Agente De Ação Social,4,2461.06
Ibiúna,Banhista De Animais Domésticos,4,1211.75
Itupeva,Diretor Financeiro,4,17018.47
Itapetininga,Encarregado De Equipe De Conservação De Vias Permanentes (Exceto Trilhos),4,1632.63
Cerquilho,Demonstrador De Mercadorias,4,1441.37
Boituva,Carpinteiro,4,1569.3
Araçariguama,Camareiro  De Hotel,4,1685.62
Itu,"Trabalhador Na Olericultura (Talos, Folhas E Flores)",4,1260.58
Cerquilho,Professor De Geografia Do Ensino Fundamental,4,1714.72
Cerquilho,"Técnico Mecânico (Calefação, Ventilação E Refrigeração)",4,2724.36
Boituva,Gerente De Operações De Serviços De Assistência Técnica,4,2253.16
Itu,Operador De Processos Químicos E Petroquímicos,4,4331.51
Porto Feliz,Diretor De Mídia (Publicidade),4,5726.43
Boituva,Supervisor De Embalagem E Etiquetagem,4,2987.03
Itu,Técnico Químico De Petróleo,4,2555.7
Charqueada,Operador De Mídia Audiovisual,4,793.14
Pindamonhangaba,Abatedor,4,1577.68
Americana,Trabalhador Na Olericultura (Legumes),4,1594.95
Cabreúva,Gerente De Operações De Transportes,4,3981.32
Araçoiaba da Serra,Auxiliar De Veterinário,4,1608.73
Americana,Mestre De Produção Farmacêutica,4,3239.92
Cerquilho,Publicitário,4,1590.44
Araçariguama,Operador De Máquina De Lavar Fios E Tecidos,4,1943.22
Araçariguama,Economista Do Setor Público,4,4147.93
Araçoiaba da Serra,Mestre Carpinteiro,4,3156.45
Cabreúva,Advogado,4,5409.27
Boituva,Técnico Em Eletromecânica,4,3619.65
Itapetininga,Professor De Ensino Superior Na Área De Prática De Ensino,4,996.21
Americana,Fiscal De Transportes Coletivos (Exceto Trem),4,2241.3
Cabreúva,Auxiliar De Enfermagem Do Trabalho,4,2435.87
Boituva,Impressor De Corte E Vinco,4,2068.65
Itapetininga,Passador De Roupas Em Geral,4,1076.75
Itu,Engenheiro Civil (Transportes E Trânsito),4,3639.56
Charqueada,Mecânico De Manutenção De Máquinas Agrícolas,4,2997.43
Itupeva,Tecnólogo Em Segurança Do Trabalho,4,3758.8
Boituva,Trabalhador Da Avicultura De Postura,4,2537.17
Porto Feliz,"Supervisor De Operação De Fluidos (Distribuição, Captação, Tratamento De Água, Gases, Vapor)",4,7254.43
Boituva,Gerente De Bar,4,2047.4
Itu,Gerente De Operações De Correios E Telecomunicações,4,3173.84
Charqueada,Apontador De Produção,4,2918.63
Cabreúva,Mecânico De Manutenção De Equipamento De Mineração,4,7453.77
Itu,Técnico De Manutenção Eletrônica (Circuitos De Máquinas Com Comando Numérico),4,3423.83
Porto Feliz,Analista De Negócios,4,2634.84
Araçatuba,Diretor De Mídia (Publicidade),4,3909.1
Pindamonhangaba,Desenhista Projetista De Eletricidade,4,2870.72
Cerquilho,Auxiliar De Prótese Dentária,4,1335.69
Pindamonhangaba,"Técnico Mecânico (Calefação, Ventilação E Refrigeração)",4,2451.65
Itu,Aplicador De Asfalto Impermeabilizante (Coberturas),4,2416.94
Ibiúna,Médico Do Trabalho,4,12056.26
Americana,Controlador De Serviços De Máquinas E Veículos,4,3465.04
Charqueada,Pesquisador Em Ciências Agronômicas,4,8290.71
Cerquilho,Funileiro De Veículos (Reparação),4,3182.75
Itapetininga,Instalador De Tubulações De Vapor (Produção E Distribuição),4,1850.55
Araçoiaba da Serra,Auxiliar Em Saúde Bucal,4,1479.81
Cerquilho,"Confeccionador De Escovas, Pincéis E Produtos Similares (A Máquina)",4,1759.43
Americana,Condutor De Processos Robotizados De Pintura,4,1956.17
Itupeva,Carpinteiro,4,2859.92
Cabreúva,Técnico Em Mecatrônica - Automação Da Manufatura,4,5831.95
Itupeva,Modelo Artístico,4,2599.81
Itupeva,Mecânico De Manutenção De Máquinas-Ferramentas (Usinagem De Metais),4,5506.95
Itupeva,Operador De Esmaltadeira,4,3945.49
Dourado,Padeiro,4,2022.07
Itapetininga,Modelador De Madeira,4,1426.12
Macatuba,Técnico Agrícola,4,4696.32
Araçariguama,Gerente De Departamento Pessoal,4,5621.4
Macatuba,Técnico Em Radiologia E Imagenologia,4,4954.74
Dourado,Motofretista,4,1523.93
Cerquilho,Carregador (Veículos De Transportes Terrestres),4,2395.17
Boituva,Visual Merchandiser,4,1854.1
Ibiúna,Supervisor De Logística,4,3052.76
Itupeva,Inspetor De Risco,4,1654.34
Dourado,Diretor De  Produção E Operações De Alimentação,4,19560
Itu,Supervisor De Manutenção Eletromecânica (Utilidades),4,9592.74
Ibiúna,Auxiliar De Serviços Jurídicos,4,6917.62
Itupeva,Tecnólogo Em Gestão Da Tecnologia Da Informação,4,6072.29
Itupeva,Operador De Usinagem Convencional Por Abrasão,4,2695.98
Piedade,Operador De Telemarketing Ativo E Receptivo,4,1098.01
Cerquilho,Engenheiro De Segurança Do Trabalho,4,6823.86
Macatuba,Inspetor De Terraplenagem,4,3305.51
Americana,Auxiliar De Radiologia (Revelação Fotográfica),4,2742.8
Americana,Jornalista,4,4370.34
Ibiúna,Assessor De Imprensa,4,3929.63
Itapetininga,Engenheiro Químico,4,12162.82
Pindamonhangaba,Arquivista De Documentos,4,1484.2
Americana,Montador De Máquinas Têxteis,4,6238.45
Itu,Químico,4,6866.56
Cerquilho,Mecânico De Manutenção De Compressores De Ar,4,1940.11
Cerquilho,Gerente Financeiro,4,6925.73
Cerquilho,Professor De Educação Artística Do Ensino Fundamental,4,1695.98
Itapetininga,Médico Cirurgião Geral,4,8761.58
Piedade,Vidraceiro,4,1063.75
Ibiúna,Gerente De Compras,4,8333.47
Macatuba,Professor Prático No Ensino Profissionalizante,4,2201.07
Charqueada,Agente Comunitário De Saúde,4,1483.21
Itapeva,Gerente De Produção E Operações  Florestais,4,11864.78
Itapetininga,Gerente De Comunicação,4,7727.88
Charqueada,Auxiliar De Enfermagem,4,1724.69
Boituva,Gerente De Operações De Transportes,4,6881.61
Porto Feliz,Mestre De Ferramentaria,4,7016.47
Araçariguama,"Moldador De Abrasivos Na Fabricação De Cerâmica, Vidro E Porcelana",4,1511.11
Itapeva,Diretor Administrativo E Financeiro,4,8717.75
Itu,Ajustador Ferramenteiro,4,2731.76
Dourado,Psicólogo Clínico,4,3018.16
Araçoiaba da Serra,Engenheiro Civil (Estruturas Metálicas),4,7570.95
Charqueada,Operador De Moenda Na Fabricação De Açúcar,4,2676.37
Itapetininga,Ajustador Mecânico (Usinagem Em Bancada E Em Máquinas-Ferramentas),4,2717.11
Itapetininga,Professor De Contabilidade,4,0
Itupeva,Impressor De Ofsete (Plano E Rotativo),4,3925.57
Itapetininga,Operador De Usinagem Convencional Por Abrasão,4,1874.55
Cerquilho,Professor De História Do Ensino Fundamental,4,2285.7
Itu,Operador De Câmaras Frias,4,2050.07
Itapeva,Preparador De Máquinas-Ferramenta,4,1358.28
Itapetininga,Ciclista Mensageiro,4,2259.84
Americana,"Costurador De Artefatos De Couro, A  Máquina (Exceto Roupas E Calçados)",4,1405.33
Cerquilho,Gerente De Departamento Pessoal,4,5151.53
Cabreúva,Mecânico De Refrigeração,4,5820.93
Itu,Operador De Painel De Controle,4,2666.65
Cerquilho,Operador De Máquina De Lavar Fios E Tecidos,4,2530.59
Itupeva,Colchoeiro (Confecção De Colchões),4,2157.68
Cerquilho,Encarregado De Corte Na Confecção Do Vestuário,4,2441.98
Itu,Visual Merchandiser,4,2611.08
Araçariguama,Técnico De Vendas,4,4105.88
Cabreúva,Borracheiro,4,2153.67
Itapeva,Mecânico De Manutenção De Máquinas-Ferramentas (Usinagem De Metais),4,1880.13
Itu,Digitador,4,2439.11
Itu,"Mestre (Indústria De Celulose, Papel E Papelão)",4,7572.4
Itu,Professor De Língua Estrangeira Moderna Do Ensino Fundamental,4,2657.49
Itapeva,Estofador De Móveis,4,1910.53
Itu,Professor De Ciências Exatas E Naturais Do Ensino Fundamental,4,2705.37
Porto Feliz,Diretor Administrativo E Financeiro,4,5792.53
Porto Feliz,Gerente De Agência,4,12371.46
Macatuba,Técnico De Garantia Da Qualidade,4,5506.39
Cerquilho,Técnico De Planejamento E Programação Da Manutenção,4,2651.88
Itu,Auxiliar De Serviços De Importação E Exportação,4,2823.93
Itu,Montador De Equipamentos Eletrônicos (Máquinas Industriais),4,3437.05
Cabreúva,Operador De Máquina De Moldar Automatizada,4,3531.19
Cerquilho,Operador De Jato Abrasivo,4,1711.28
Itupeva,Instalador-Reparador De Linhas E Aparelhos De Telecomunicações,4,2556.22
Dourado,Encanador,4,2661.87
Charqueada,Padeiro,4,1811.04
Boituva,Administrador Em Segurança Da Informação,4,9865.42
Itupeva,Cozinheiro Industrial,4,1980.14
Cerquilho,Operador De Máquinas Operatrizes,4,1440.6
Americana,Assentador De Revestimentos Cerâmicos,4,2855.05
Cabreúva,Maître,4,2842.92
Piedade,Analista De Exportação E Importação,4,4643.04
Pindamonhangaba,Assentador De Canalização (Edificações),4,1693.65
Itu,Piloto De Aeronaves,4,4913.93
Piedade,Instalador De Sistemas Eletroeletrônicos De Segurança,4,1367.15
Boituva,Engenheiro Eletrônico,4,9269.12
Porto Feliz,Diretor Administrativo,4,29778.24
Cabreúva,Forneiro Na Fundição De Vidro,4,1952.3
Cabreúva,Operador De Torno Com Comando Numérico,4,3111.18
Americana,Montador De Equipamentos Eletrônicos (Aparelhos Médicos),4,1599.29
Macatuba,Copeiro De Hospital,4,1774.79
Itupeva,Inspetor De Serviços De Transportes Rodoviários (Passageiros E Cargas),4,2786.78
Charqueada,Técnico Agrícola,4,3724.03
Charqueada,Operador De Caldeira,4,3647.97
Pindamonhangaba,Desenhista Técnico (Construção Civil),4,2350.31
Itupeva,Manobrador,4,2389.09
Charqueada,Operador De Máquina Bordatriz,4,2353.96
Itu,Operador De Máquina De Etiquetar,4,2256.58
Macatuba,Instrutor De Auto-Escola,4,2379.86
Boituva,Mestre (Indústria De Máquinas E Outros Equipamentos Mecânicos),4,6117.79
Porto Feliz,Professor De Matemática Do Ensino Fundamental,4,4000.29
Charqueada,Gerente De Agência,4,7076.56
Boituva,Supervisor De Telemarketing E Atendimento,4,4095.99
Ibiúna,Maître,4,3706.13
Americana,Dirigente De Entidade De Trabalhadores,4,4820.21
Cabreúva,Técnico De Laboratório De Análises Físico-Químicas (Materiais De Construção),4,2684.06
Itupeva,Técnico Em Piscicultura,4,2185.9
Cabreúva,Técnico De Controle De Meio Ambiente,4,5821.92
Itapeva,Auxiliar De Corte (Preparação Da Confecção De Roupas),4,1348.02
Itupeva,Gestor Em Segurança,4,6923.74
Araçatuba,Técnico Em Manutenção De Hidrômetros,4,3184.56
Cabreúva,Forneiro (Materiais De Construção),4,2616.14
Ibiúna,Técnico Em Administração,4,1459.37
Cerquilho,Leiturista,4,3856.19
Americana,Técnico De Matéria-Prima E Material,4,2792.4
Itu,"Bobinador Eletricista, À Mão",4,2988.66
Araçariguama,Supervisor De Produção Da Indústria Alimentícia,4,4172.22
Itapetininga,Chaveiro,4,1427.7
Charqueada,Psicólogo Clínico,4,2739.4
Pindamonhangaba,Cumim,4,1384.63
Itupeva,Operador De Linha De Montagem (Aparelhos Eletrônicos),4,1610.3
Pindamonhangaba,Diretor De Manutenção,4,6551.87
Dourado,Confeiteiro,4,2285.34
Itapetininga,Professor De Nível Médio No Ensino Profissionalizante,4,1484.62
Cabreúva,Operador De Linha De Montagem (Aparelhos Eletrônicos),4,1787.74
Araçariguama,Professor De Língua Espanhola,4,4049.75
Cabreúva,"Operador De Utilidade (Produção E Distribuição De Vapor, Gás, Óleo, Combustível, Energia, Oxigênio)",4,5161.41
Ibiúna,Técnico De Controle De Meio Ambiente,4,12144.16
Macatuba,Gerente De Produção E Operações,4,7543.6
Cerquilho,Passadeira De Peças Confeccionadas,4,869.97
Cabreúva,Professor De Educação Física Do Ensino Fundamental,4,1771.34
Charqueada,Cirurgião Dentista - Clínico Geral,4,5438.1
Itupeva,Publicitário,4,3853.25
Cabreúva,Professor De Ciências Exatas E Naturais Do Ensino Fundamental,4,2060.78
Americana,Químico Industrial,4,7077.7
Boituva,Tecnólogo Em Produção Industrial,4,0
Cerquilho,Gerente De Compras,4,6066.58
Boituva,Técnico Em Administração,4,2430.36
Cabreúva,Supervisor De Carga E Descarga,4,6119.71
Itu,Operador De Máquina De Fabricar Papel E Papelão,4,1983.42
Pindamonhangaba,Supervisor De Caixas E Bilheteiros (Exceto Caixa De Banco),4,2314.95
Pindamonhangaba,"Supervisor De Fabricação De Produtos Cerâmicos, Porcelanatos E Afins",4,6247.84
Cerquilho,Desenhista Projetista Mecânico,4,4480.72
Itu,Queijeiro Na Fabricação De Laticínio,4,1822.37
Cabreúva,Engenheiro De Segurança Do Trabalho,4,11884.27
Araçariguama,Químico Industrial,4,7877.13
Porto Feliz,Carregador (Veículos De Transportes Terrestres),4,2692.77
Pindamonhangaba,Chefe De Serviços Bancários,4,4843.56
Itapetininga,Advogado De Empresa,4,18402.53
Porto Feliz,Técnico Em Mecatrônica - Automação Da Manufatura,4,3832.45
Ibiúna,"Operador De Estação De Captação, Tratamento E Distribuição De Água",4,1814.79
Itu,Gerente De Produtos Bancários,4,9173.84
Itapeva,Supervisor De Compras,4,7695.64
Araçatuba,Confeccionador De Artefatos De Couro (Exceto Sapatos),4,1733.1
Itapetininga,Oxicortador A Mão E A  Máquina,4,2289.81
Itu,Salva-Vidas,4,2089.74
Itupeva,Operador De Motosserra,4,2210.9
Itapeva,"Pintor, A  Pistola (Exceto Obras E Estruturas Metálicas)",4,1682.55
Pindamonhangaba,Técnico Em Petroquímica,4,6725.88
Itu,"Trabalhador Da Exploração De Árvores E Arbustos Produtores De Substâncias Aromát., Medic. E Tóxicas",4,1729.85
Americana,Gerente De Instituição Educacional Da Área Privada,4,1276.53
Cabreúva,Gerente De Projetos De Tecnologia Da Informação,4,11072.19
Boituva,Produtor De Espécies Frutíferas Rasteiras,4,7669.95
Itapeva,Eletrotécnico,4,3416.92
Itu,Mantenedor De Equipamentos De Parques De Diversões E Similares,4,1944.3
Cabreúva,Mestre De Caldeiraria,4,5297
Itapeva,Técnico De Vendas,4,3238.67
Itapeva,Analista De Planejamento De Manutenção,4,1287.96
Itapetininga,Repórter De Mídias Audiovisuais,4,4864
Porto Feliz,Auxiliar De Serviços De Importação E Exportação,4,1484.87
Cabreúva,Serrador De Madeira (Serra Circular Múltipla),4,3146.66
Boituva,Médico Do Trabalho,4,10199.02
Cabreúva,Supervisor De Orçamento,4,7474.98
Itu,Guardador De Veículos,4,1928.56
Itapetininga,Operador De Escória E Sucata,4,2125.13
Itupeva,Trabalhador De Pecuária Polivalente,4,2242.91
Itapetininga,Instalador-Reparador De Redes Telefônicas E De Comunicação De Dados,4,1623.32
Araçatuba,Diretor De Instituição Educacional Pública,4,3781.49
Piedade,Analista De Desenvolvimento De Sistemas,4,4606.1
Itapeva,Assistente Comercial De Seguros,4,1995
Porto Feliz,Funileiro De Veículos (Reparação),4,2451.34
Araçatuba,Trabalhador No Cultivo De Flores Em Vaso,4,1516.95
Itu,Diretor De Arte,4,2977.9
Ibiúna,Gestor Em Segurança,4,4934.32
Dourado,Carteiro,4,3959.36
Itu,Churrasqueiro,4,1725.91
Itu,Avaliador De Imóveis,4,1083.27
Pindamonhangaba,Pesquisador De Engenharia E Tecnologia (Outras Áreas Da Engenharia),4,9687.71
Ibiúna,Fundidor De Metais,4,3008.12
Araçariguama,Trabalhador De Fabricação De Vinhos,4,2919.27
Itu,Chefe De Serviços Bancários,4,5138.7
Itapetininga,Médico Dermatologista,4,9824.98
Ibiúna,Engenheiro Civil,4,6239.23
Ibiúna,"Costureiro, A  Máquina  Na Confecção Em Série",4,1476.5
Itapetininga,Técnico De Manutenção Eletrônica,4,1383.53
Itu,Canteiro,4,2477.28
Americana,"Operador De Máquina Eletroerosão, À Fio, Com Comando Numérico",4,3431.18
Boituva,Técnico Mecânico Na Fabricação De Ferramentas,4,4965.14
Itupeva,Engenheiro Mecânico Automotivo,4,8748.17
Itapeva,Montador De Estruturas Metálicas,4,1464.13
Itupeva,Colorista Têxtil,4,3404.35
Porto Feliz,Desenhista Detalhista,4,3302.77
Itapetininga,Visual Merchandiser,4,1964.06
Dourado,Instrutor De Auto-Escola,4,2305.47
Piedade,Pintor De Estruturas Metálicas,4,1405.97
Ibiúna,Analista De Pesquisa De Mercado,4,3424.38
Americana,Mãe Social,4,1772.98
Cabreúva,Impressor De Corte E Vinco,4,4194.91
Itu,Emissor De Passagens,4,1736.87
Itapetininga,Professor De Técnicas Comerciais E Secretariais,4,1161.61
Dourado,Operador De Acabamento (Indústria Gráfica),4,0
Itapetininga,Cobrador De Transportes Coletivos (Exceto Trem),4,1409.53
Dourado,Operador De Estação De Tratamento De Água E Efluentes,4,3101.98
Itapeva,Engenheiro Civil,4,11589.83
Araçariguama,Controlador De Pragas,4,1915.74
Pindamonhangaba,Técnico De Refratário Em Siderurgia,4,3730.01
Pindamonhangaba,Carpinteiro De Obras,4,2480.35
Piedade,Borracheiro,4,1633.23
Cabreúva,Lavador De Roupas  A Maquina,4,2464.93
Macatuba,Mestre (Construção Civil),4,3035.77
Itapeva,Desenhista Projetista De Construção Civil,4,2151.09
Ibiúna,Cobrador Externo,4,3391.71
Itapeva,Serrador De Bordas No Desdobramento De Madeira,4,1442.9
Cerquilho,Supervisor De Logística,4,5729.74
Pindamonhangaba,Operador De Usinagem Convencional Por Abrasão,4,2158.03
Itupeva,Xaropeiro,4,2269.49
Araçatuba,Intérprete De Língua De Sinais,4,1641.46
Araçatuba,"Supervisor De Manutenção Eletromecânica Industrial, Comercial E Predial",4,3260.36
Boituva,Temperador De Metais E De Compósitos,4,2018.52
Pindamonhangaba,Técnico De Sistemas Audiovisuais,4,2010.4
Macatuba,Montador De Estruturas Metálicas,4,2898.64
Ibiúna,Engenheiro Eletricista,4,13256.51
Ibiúna,Recebedor De Apostas (Loteria),4,1443.56
Itapetininga,Inspetor De Sinistros,4,1349.56
Boituva,"Supervisor De Operação Elétrica (Geração, Transmissão E Distribuição De Energia Elétrica)",4,2386.26
Cabreúva,Rebarbador De Metal,4,2600.07
Itapeva,Farmacêutico Analista Clínico,4,3313.49
Itapetininga,Supervisor De Tesouraria,4,3293.88
Itupeva,Professor De Alunos Com Deficiência Múltipla,4,5358.84
Americana,Artesão Tecelão,4,1760.37
Itapetininga,Carpinteiro De Fôrmas Para Concreto,4,2209.78
Itupeva,"Mestre (Indústria De Celulose, Papel E Papelão)",4,6801.7
Pindamonhangaba,Gerente De Serviços Sociais,4,3772.28
Boituva,Assentador De Canalização (Edificações),4,1712.97
Ibiúna,Técnico Em Radiologia E Imagenologia,4,2461.42
Ibiúna,Agente Funerário,4,2993.24
Itu,Forneiro E Operador De Forno De Redução Direta,4,2174.99
Itapetininga,Operador De Guindaste Móvel,4,1640.78
Itapetininga,Inseminador,4,2311.18
Porto Feliz,Soprador De Convertedor,4,2086.23
Itu,Operador De Torno Automático (Usinagem De Madeira),4,2624.13
Itapeva,Forneiro (Materiais De Construção),4,2461.37
Ibiúna,Agente De Segurança,4,3806.32
Itapetininga,Secretário  Bilíngüe,4,3876.82
Itu,Operador De Trator Florestal,4,1313.85
Araçatuba,Operador De Centro De Controle (Ferrovia E Metrô),4,1646.55
Araçoiaba da Serra,Técnico Agrícola,4,4345.48
Porto Feliz,Trabalhador De Pecuária Polivalente,4,2803.08
Itapeva,Supervisor De Vendas De Serviços,4,5477.85
Itupeva,Orientador Educacional,4,1881.11
Piedade,Agente De Pátio,4,2476.13
Itupeva,Engenheiro Eletricista De Projetos,4,8711.94
Porto Feliz,Impressor Digital,4,1904.17
Porto Feliz,Cilindrista (Petroquímica E Afins),4,1993.15
Piedade,Barman,4,2156.89
Itu,Professor De Técnicas De Enfermagem,4,1118.66
Porto Feliz,Supervisor De Embalagem E Etiquetagem,4,4085.8
Itupeva,Técnico Em Nutrição E Dietética,4,3999.7
Porto Feliz,Eletricista De Instalações (Edifícios),4,2201.92
Itapetininga,Calceteiro,4,2437.74
Boituva,"Instalador De Material Isolante, A Mão (Edificações)",4,1761.12
Itapetininga,"Montador De Máquinas, Motores E Acessórios (Montagem Em Série)",4,1164.87
Itapeva,"Mestre (Indústria De Celulose, Papel E Papelão)",4,3282.85
Itapeva,Operador De Máquina Cortadora (Minas E Pedreiras),4,1920.52
Boituva,Cortador De Roupas,4,2441.73
Cabreúva,Mecânico De Manutenção De Bombas,4,7265.79
Itu,Consultor Contábil (Técnico),4,1435.36
Itupeva,Supervisor De Cobrança,4,6152.04
Itapetininga,Fermentador,4,1972
Piedade,Pintor De Veículos (Reparação),4,2528.29
Itu,Operador De Máquina De Cortar E Dobrar Papelão,4,1885.09
Americana,Trabalhador Da Fabricação De Resinas E Vernizes,4,1733.31
Ibiúna,Operador De Estação De Tratamento De Água E Efluentes,4,4262.67
Itu,Diretor De Serviços De Saúde,4,10565.49
Araçatuba,Desenhista Detalhista,4,2584.6
Itapetininga,Operador De Guilhotina (Corte De Papel),4,1904.13
Itapetininga,Médico Do Trabalho,4,12285.33
Cerquilho,"Operador De Máquinas De Fabricação De Doces, Salgados E Massas Alimentícias",4,2444.34
Itu,Trabalhador Da Elaboração De Pré-Fabricados (Cimento Amianto),4,3082.73
Itupeva,Diretor De Pesquisa E Desenvolvimento (P&D),4,31345.61
Cerquilho,Professor De Química No Ensino Médio,4,1240.59
Itu,Diretor De Marketing,4,16535.77
Cerquilho,Instalador De Tubulações,4,3287.69
Itu,Museólogo,4,6698.82
Itupeva,Técnico De Contabilidade,4,7176.66
Porto Feliz,Desossador,4,1938.18
Itu,Gerente De Riscos,4,7264.31
Ibiúna,"Encarregado De Manutenção De Instrumentos De Controle, Medição E Similares",4,2637.25
Itupeva,Enfermeiro Obstétrico,4,4916.86
Ibiúna,Operador De Draga,4,1849.93
Charqueada,Motorista Operacional De Guincho,4,2860.01
Cerquilho,Desenhista Industrial De Produto (Designer De Produto),4,8127.38
Ibiúna,Armador De Estrutura De Concreto,4,1930.9
Itupeva,Trabalhador Da Cultura De Cana-De-Açúcar,4,1606.51
Ibiúna,Supervisor De Recepcionistas,4,2319.69
Araçariguama,Supervisor De Vendas De Serviços,4,8178.55
Ibiúna,Consultor Jurídico,4,4770.54
Itapetininga,Trabalhador De Preparação De Pescados (Limpeza),4,1826.58
Cabreúva,Engenheiro Eletrônico De Manutenção,4,9335.54
Itu,Foguista (Locomotivas A Vapor),4,2013.27
Itupeva,Supervisor Das Artes Gráficas  (Indústria Editorial E Gráfica),4,6151.97
Itapetininga,Analista De Exportação E Importação,4,2968.1
Pindamonhangaba,Operador De Processo De Moagem,4,2387.66
Itapeva,Balanceador,4,2739.56
Itapeva,Técnico Mecânico,4,1788.34
Ibiúna,Supervisor De Transportes,4,2848.94
Pindamonhangaba,Apontador De Mão-De-Obra,3,3681.3
Araçoiaba da Serra,Técnico De Apoio Em Pesquisa E Desenvolvimento (Exceto Agropecuário E Florestal),3,1889.06
Ibiúna,Operador De Plaina Desengrossadeira,3,1505.31
Araçatuba,Instalador De Isolantes Térmicos (Refrigeração E Climatização),3,1889.79
Itu,Enfermeiro Auditor,3,5383.16
Itapetininga,Magarefe,3,497.73
Itapetininga,Técnico Em Eletromecânica,3,3644.23
Itu,Feirante,3,2611.7
Itupeva,Diretor De Suprimentos,3,22223.06
Ibiúna,Analista De Folha De Pagamento,3,2187.65
Porto Feliz,Cobrador Externo,3,2470.29
Itapetininga,Operador De Instalação De Ar-Condicionado,3,2142.16
Itapeva,Funileiro Industrial,3,2867.05
Araçatuba,Médico Infectologista,3,6883.32
Itapeva,Masseiro (Massas Alimentícias),3,2197.86
Itapetininga,Polidor De Metais,3,1726.36
Piedade,Moldador De Borracha Por Compressão,3,2257.72
Itapetininga,Redator De Publicidade,3,2010.18
Itapetininga,Consultor Jurídico,3,3932.33
Macatuba,Vidraceiro,3,1846.86
Itupeva,Professor De Educação Artística Do Ensino Fundamental,3,2005.11
Porto Feliz,Agente De Viagem,3,5056.37
Boituva,"Operador De Sala De Controle De Instalações Químicas, Petroquímicas E Afins",3,2498.34
Itapeva,Armador De Estrutura De Concreto,3,1711.94
Itupeva,Professor De Artes No Ensino Médio,3,2564.7
Porto Feliz,Vidraceiro,3,1670.15
Ibiúna,Carvoeiro,3,1715.71
Ibiúna,Técnico De Suporte Ao Usuário De Tecnologia Da Informação,3,2932.15
Itapeva,Professor De Artes No Ensino Médio,3,621.84
Boituva,Barista,3,1851.81
Araçoiaba da Serra,Técnico De Matéria-Prima E Material,3,2921.65
Itapetininga,Soldador Elétrico,3,2584.95
Itu,Engenheiro Civil (Rodovias),3,11025.48
Itapeva,Técnico Em Patologia Clínica,3,1398.81
Itapetininga,Psicólogo Hospitalar,3,3780.5
Itapetininga,Técnico Agropecuário,3,2858.06
Porto Feliz,Diretor De Instituição Educacional Da Área Privada,3,3642.03
Porto Feliz,Terapeuta Ocupacional,3,2385.45
Macatuba,Professor De Dança,3,2216.25
Americana,Redeiro (Pesca),3,1574.22
Itupeva,Engenheiro De Controle E Automação,3,11922.69
Araçatuba,Gerente De Projetos De Tecnologia Da Informação,3,8113.23
Itapetininga,Operador De Central Hidrelétrica,3,2056.32
Itapetininga,Cozinhador De Malte,3,2329.76
Itu,Gerente De Serviços Culturais,3,3777
Itapeva,Supervisor De Carga E Descarga,3,5439.65
Itapetininga,Eletricista De Instalações (Edifícios),3,1131.16
Itupeva,Professor De Língua Estrangeira Moderna Do Ensino Fundamental,3,3643.6
Itapeva,Engenheiro Civil (Edificações),3,6136.38
Itupeva,Modelador De Metais (Fundição),3,4945.59
Itapeva,Trabalhador Da Pecuária (Bovinos Leite),3,2681.78
Itapetininga,Médico Endocrinologista E Metabologista,3,16468.31
Araçatuba,"Passador De Roupas, À Mão",3,1245.51
Itapetininga,Analista De Transporte Em Comércio Exterior,3,3057.43
Araçatuba,Operador De Evaporador Na Destilação,3,3753.47
Pindamonhangaba,Barista,3,2008.79
Ibiúna,Mecânico De Manutenção De Máquinas De Construção E Terraplenagem,3,4826.65
Piedade,Tesoureiro De Banco,3,2395.66
Itapetininga,"Bordador, À Máquina",3,2084.45
Porto Feliz,Operador De Máquina De Lavar Fios E Tecidos,3,2839.92
Macatuba,Zelador De Edifício,3,1168.63
Porto Feliz,Supervisor De Manutenção De Máquinas Industriais Têxteis,3,3924.79
Boituva,Trefilador De Borracha,3,4030.75
Itapeva,Diretor Comercial,3,6632.62
Itapetininga,Massoterapeuta,3,1500.62
Porto Feliz,Engenheiro Agrônomo,3,7826.4
Araçatuba,Químico,3,4735.66
Boituva,Gerente De Infraestrutura De Tecnologia Da Informação,3,13149.08
Itu,Operador De Urdideira,3,1694.35
Itapeva,Agente De Pátio,3,3272.82
Itapeva,Gerente De Hotel,3,3863.59
Pindamonhangaba,Supervisor De Transportes,3,5223.08
Araçoiaba da Serra,Técnico De Rede (Telecomunicações),3,1482.35
Itapetininga,Auxiliar De Biblioteca,3,1948.42
Itu,Passador De Roupas Em Geral,3,1494.32
Araçatuba,Sonoplasta,3,1816.27
Araçatuba,Avaliador De Imóveis,3,1416.72
Boituva,Desenhista Técnico Mecânico,3,4118.26
Boituva,"Operador De Máquina Eletroerosão, À Fio, Com Comando Numérico",3,2333.04
Ibiúna,Supervisor De Vendas De Serviços,3,2186.31
Itupeva,Professor De Língua E Literatura Brasileira No Ensino Médio,3,4865.23
Itu,Analista De Gestão De Estoque,3,2729.28
Ibiúna,Churrasqueiro,3,1776.19
Americana,Eletrotécnico (Produção De Energia),3,3300.51
Itapetininga,Operador De Carregadeira,3,2542.66
Pindamonhangaba,Conferente Mercadoria (Exceto Carga E Descarga),3,1940
Itapetininga,Analista De Seguros (Técnico),3,1676.92
Ibiúna,Operador De Computador,3,2453.85
Itapeva,Instalador De Sistemas Eletroeletrônicos De Segurança,3,1547.41
Itapetininga,Educador Social,3,2057.66
Boituva,Rebitador A  Martelo Pneumático,3,2183.79
Itupeva,Operador De Instalação De Ar-Condicionado,3,1705.74
Itapetininga,Enfermeiro Do Trabalho,3,4865.43
Itapeva,Emissor De Passagens,3,1900.05
Pindamonhangaba,Assessor De Imprensa,3,7286.23
Pindamonhangaba,Operador De Linha De Montagem (Aparelhos Eletrônicos),3,2505.37
Americana,Operador De Laminador De Barras A Quente,3,1949.96
Itu,Mecânico De Manutenção De Máquinas Agrícolas,3,8124.38
Macatuba,Apontador De Mão-De-Obra,3,5809.45
Boituva,Funileiro De Veículos (Reparação),3,3614.14
Pindamonhangaba,Assistente De Operações Audiovisuais,3,1890.04
Itu,Operador De Central Hidrelétrica,3,1899.83
Itapetininga,Locutor De Mídias Audiovisuais,3,847.12
Araçatuba,Pesquisador Em Ciências Da Computação E Informática,3,7007.81
Itapeva,Vendedor Pracista,3,4763.26
Itapetininga,Impressor Flexográfico,3,3261.12
Itapeva,Operador De Máquina Perfuradora (Minas E Pedreiras),3,1642.48
Itupeva,Alinhador De Pneus,3,1822.21
Itupeva,Gerente De Comunicação,3,4363.57
Pindamonhangaba,Tecnólogo Em Produção Industrial,3,2760.35
Itupeva,Operador De Mandriladora Com Comando Numérico,3,6059.42
Cabreúva,Supervisor De Transportes,3,4162.29
Boituva,Inspetor De Serviços De Transportes Rodoviários (Passageiros E Cargas),3,3359.75
Ibiúna,Terapeuta Ocupacional,3,4576.65
Itupeva,Diretor De Arte (Publicidade),3,2249.46
Cabreúva,Lavador De Veículos,3,1008.08
Ibiúna,Médico Psiquiatra,3,7513.37
Boituva,Diretor De Planejamento Estratégico,3,2860.27
Ibiúna,Professor De Química No Ensino Médio,3,2422.2
Itu,"Supervisor De Operação Elétrica (Geração, Transmissão E Distribuição De Energia Elétrica)",3,8966.08
Porto Feliz,Operador De Central De Concreto,3,2299.84
Itapeva,Banhista De Animais Domésticos,3,1319.32
Pindamonhangaba,Processador De Fumo,3,3871.22
Ibiúna,"Operador De Máquina De Usinagem Madeira, Em Geral",3,1553.76
Itupeva,Especialista Em Pesquisa Operacional,3,7265.63
Cerquilho,Técnico De Imobilização Ortopédica,3,3730.97
Itu,Secretária Trilíngüe,3,5188.97
Araçariguama,Montador De Andaimes (Edificações),3,1924.48
Itapetininga,Gerente De Clientes Especiais (Private),3,5890.7
Itapeva,Gerente De Produtos Bancários,3,5835.11
Itu,Lustrador De Piso,3,2239.36
Porto Feliz,Cortador De Laminados De Madeira,3,1403.54
Ibiúna,Diretor De Serviços De Saúde,3,6436.99
Cerquilho,"Ferramenteiro De Mandris, Calibradores E Outros Dispositivos",3,2020.27
Itapeva,Técnico De Manutenção Eletrônica,3,2947.49
Piedade,Engenheiro De Controle De Qualidade,3,7804.09
Ibiúna,Operador Eletromecânico,3,2949.84
Araçoiaba da Serra,Supervisor De Manutenção Elétrica De Alta Tensão Industrial,3,3794.68
Boituva,Porteiro (Hotel),3,2136.86
Macatuba,Engenheiro Civil,3,6422.53
Pindamonhangaba,Despachante De Transportes Coletivos (Exceto Trem),3,937.69
Itapeva,Analista De Pesquisa De Mercado,3,1895.05
Ibiúna,Preparador Físico,3,1648.09
Itapeva,"Mecânico De Manutenção De Aeronaves, Em Geral",3,2622.64
Itu,Arquivista,3,1980.43
Ibiúna,Inspetor De Sinistros,3,1369.24
Araçoiaba da Serra,Instalador De Sistemas Eletroeletrônicos De Segurança,3,1135.41
Cerquilho,Tecnólogo Em Eletrônica,3,6919.76
Piedade,Fisioterapeuta Geral,3,3566.59
Boituva,Editor,3,5050.66
Itapeva,Gerente De Operações De Serviços De Assistência Técnica,3,2652.84
Cabreúva,Caseiro (Agricultura),3,1296.73
Itapetininga,Médico Urologista,3,11850.93
Araçariguama,Contínuo,3,1035.39
Itupeva,Professor De Nível Superior Na Educação Infantil (Zero A Três Anos),3,1776.54
Itupeva,Inspetor De Alunos De Escola Privada,3,1850.72
Piedade,Diretor Administrativo,3,2867.8
Itapetininga,Supervisor Da Aqüicultura,3,5354.75
Americana,Analista De Informações (Pesquisador De Informações De Rede),3,3079.52
Itapeva,Auxiliar De Serviços Jurídicos,3,2199.71
Itu,Contramestre De Tecelagem (Indústria Têxtil),3,8279.4
Ibiúna,Eletricista De Instalações (Edifícios),3,1903.87
Macatuba,Topógrafo,3,3325.64
Itupeva,Técnico De Seguros,3,4353.27
Ibiúna,Impressor (Serigrafia),3,1919.46
Dourado,Técnico De Garantia Da Qualidade,3,3849.9
Itupeva,Churrasqueiro,3,1208.93
Piedade,Guardador De Veículos,3,1439.14
Ibiúna,Protético Dentário,3,2504.41
Cabreúva,Coordenador De Operações De Combate À Poluição No Meio Aquaviário,3,6756.84
Araçariguama,Desenhista Projetista De Arquitetura,3,4745.54
Cabreúva,Tecnólogo Em Segurança Do Trabalho,3,5308.2
Americana,Economista Industrial,3,4035.51
Itapetininga,Pintor De Estruturas Metálicas,3,1077.05
Americana,Sommelier,3,2487.37
Boituva,Engenheiro Eletricista,3,7475.41
Pindamonhangaba,Atendente De Lavanderia,3,1484.29
Itupeva,Trabalhador No Cultivo De Plantas Ornamentais,3,1579.01
Pindamonhangaba,Lavador De Artefatos De Tapeçaria,3,1248.98
Americana,Estatístico,3,3811.24
Itu,"Supervisor De Manutenção De Bombas, Motores, Compressores E Equipamentos De Transmissão",3,4179.34
Cabreúva,Engenheiro Mecânico,3,8058.86
Piedade,Cuidador De Idosos,3,1590.93
Araçoiaba da Serra,Engenheiro Civil (Edificações),3,5697.33
Itapeva,Mestre Carpinteiro,3,1783.04
Itupeva,"Supervisor De Manutenção De Bombas, Motores, Compressores E Equipamentos De Transmissão",3,7429.66
Itu,Médico Em Radiologia E Diagnóstico Por Imagem,3,11689.74
Araçatuba,Tapeceiro De Autos,3,1748.66
Boituva,Diretor De Instituição Educacional Da Área Privada,3,4039.69
Itupeva,Operador De Concentração,3,3111.76
Itu,Supervisor Da Área Florestal,3,3036.37
Itu,Desidratador De Alimentos,3,1965.08
Pindamonhangaba,Técnico De Enfermagem Da Estratégia De Saúde Da Família,3,1705.94
Araçariguama,Desenhista Industrial Gráfico (Designer Gráfico),3,2975.22
Ibiúna,Técnico Em Nutrição E Dietética,3,2149.85
Boituva,Preparador De Sucata E Aparas,3,1893.09
Ibiúna,Mecânico De Manutenção De Motores Diesel (Exceto De Veículos Automotores),3,1400.51
Ibiúna,Moldador De Plástico Por Injeção,3,1832.26
Boituva,Organizador De Evento,3,2277.61
Americana,Despachante De Trânsito,3,1810.43
Itapetininga,Entregador De Publicações,3,1641.47
Pindamonhangaba,Desenhista Projetista De Construção Civil,3,1414.93
Itu,Tesoureiro De Banco,3,3122.92
Ibiúna,Instrumentador Cirúrgico,3,2112.59
Itu,Montador De Fotolito (Analógico E Digital),3,3604.42
Porto Feliz,Organizador De Evento,3,2798.46
Cerquilho,Supervisor Da Manutenção E Reparação De Veículos Pesados,3,6860.79
Boituva,Supervisor Da Mecânica De Precisão,3,6036.45
Macatuba,Administrador,3,2602.74
Itapetininga,Desenvolvedor Web (Técnico),3,2054.33
Cabreúva,Trabalhador No Cultivo De Plantas Ornamentais,3,1324.72
Itu,Analista De Informações (Pesquisador De Informações De Rede),3,3326.97
Ibiúna,Operador De Serras No Desdobramento De Madeira,3,2339.84
Ibiúna,Criador De Animais Domésticos,3,1353.08
Pindamonhangaba,Agente De Portaria,3,1786.45
Americana,Técnico De Seguros,3,2853.87
Americana,Agente De Trânsito,3,2577.97
Cabreúva,Ajustador Mecânico (Usinagem Em Bancada E Em Máquinas-Ferramentas),3,1273.28
Porto Feliz,Analista De Testes De Tecnologia Da Informação,3,2088.1
Americana,Desenhista Industrial De Produto (Designer De Produto),3,3212.06
Itapetininga,Publicitário,3,1488.21
Americana,Operador De Rede De Teleprocessamento,3,4070.43
Americana,Propagandista De Produtos Famacêuticos,3,5147.94
Americana,Costureiro De Roupa De Couro E Pele,3,2015.23
Boituva,Mestre De Galvanoplastia,3,3282.31
Itu,Sondador De Poços (Exceto De Petróleo E Gás),3,3021.72
Dourado,Analista De Redes E De Comunicação De Dados,3,4093.93
Dourado,Editor De Texto E Imagem,3,4483.17
Cabreúva,Administrador De Redes,3,942.2
Americana,Produtor De Espécies Frutíferas Rasteiras,3,3312.21
Pindamonhangaba,Cozinhador (Conservação De Alimentos),3,1647.61
Macatuba,Químico,3,4753.63
Cabreúva,Telefonista,3,3259.81
Cabreúva,Professor De Nível Superior Na Educação Infantil (Zero A Três Anos),3,1974.93
Cabreúva,Inspetor De Alunos De Escola Privada,3,1274.44
Cerquilho,Médico Do Trabalho,3,3842.17
Ibiúna,Técnico Químico,3,7073.4
Charqueada,Advogado,3,5346.27
Itu,Montador De Equipamentos Elétricos (Centrais Elétricas),3,1909.78
Itu,Designer De Vitrines,3,2368.82
Itapetininga,Desenhista Projetista De Construção Civil,3,4594.62
Americana,Desenhista Técnico (Cartografia),3,3794.76
Itu,Tecnólogo Em Automação Industrial,3,4981.13
Americana,Gravador De Matriz Para Rotogravura (Eletromecânico E Químico),3,2204.11
Charqueada,Supervisor De Tesouraria,3,3538.15
Charqueada,Supervisor Da Área Florestal,3,4819
Itapetininga,"Supervisor Da Confecção De Artefatos De Tecidos, Couros E Afins",3,3163.47
Cerquilho,Mecânico De Manutenção De Empilhadeiras E Outros Veículos De Cargas Leves,3,2881.86
Americana,Desenhista Projetista Eletrônico,3,2658.21
Itupeva,Pintor De Veículos (Fabricação),3,1879.19
Cabreúva,Impressor (Serigrafia),3,1853.83
Pindamonhangaba,Gerente De Operação De Tecnologia Da Informação,3,13631.32
Pindamonhangaba,Despachante De Trânsito,3,1423.67
Boituva,Operador Eletromecânico,3,4547.91
Cerquilho,Técnico Em Mecatrônica - Automação Da Manufatura,3,3661.56
Itu,Tecnólogo Em Meio Ambiente,3,4459.6
Itu,Instalador De Linhas Elétricas De Alta E Baixa - Tensão (Rede Aérea E Subterrânea),3,2140.24
Boituva,Educador Social,3,2667.52
Charqueada,Rebarbador De Metal,3,2052.17
Itupeva,Gerente De Operação De Tecnologia Da Informação,3,7768.72
Itapeva,Professor De Ensino Superior Na Área De Prática De Ensino,3,1150.45
Boituva,Auxiliar De Serviços Jurídicos,3,2728.54
Americana,"Macheiro, A Mão",3,2029.94
Itupeva,Analista De Planejamento E Orçamento - Apo,3,1263.56
Araçariguama,"Cortador De Solas E Palmilhas, A  Máquina",3,1976.53
Cabreúva,Agente De Vendas De Serviços,3,3464.9
Americana,Operador De Britadeira (Tratamentos Químicos E Afins),3,3213.43
Cerquilho,Auxiliar Técnico Em Laboratório De Farmácia,3,1613.6
Dourado,Operador De Motosserra,3,2292.42
Charqueada,Gerente De Produção E Operações,3,4016.4
Boituva,Encarregado De Costura Na Confecção Do Vestuário,3,3431.41
Boituva,Chefe De Serviço De Transporte Rodoviário (Passageiros E Cargas),3,3682.55
Ibiúna,Agente De Vendas De Serviços,3,1795.84
Dourado,"Eletrotécnico Na Fabricação, Montagem E Instalação De Máquinas E Equipamentos",3,3791.87
Americana,Operador De Central De Concreto,3,3530.12
Piedade,Preparador De Máquinas-Ferramenta,3,2739.76
Araçariguama,"Operador De Tesoura Mecânica E Máquina De Corte, No Acabamento De Chapas E Metais",3,2950.9
Itu,Fotógrafo,3,4220.96
Cerquilho,Auxiliar De Seguros,3,3420.63
Itapeva,Barman,3,1408.67
Itupeva,Engenheiro De Telecomunicações,3,2067.18
Boituva,Telefonista,3,3156.68
Itu,Técnico Em Laboratório De Farmácia,3,2559.94
Itapeva,Auxiliar De Enfermagem Do Trabalho,3,1607.58
Dourado,Barman,3,2127.51
Araçariguama,Mecânico De Veículos Automotores A Diesel (Exceto Tratores),3,2180.25
Macatuba,Supervisor Da Manutenção E Reparação De Veículos Pesados,3,4412.38
Cerquilho,Prensista (Operador De Prensa),3,1709.53
Cerquilho,Operador De Computador,3,5041.91
Cabreúva,Lubrificador De Veículos Automotores (Exceto Embarcações),3,3439.13
Cabreúva,"Mecânico De Manutenção De Máquinas Cortadoras De Grama, Roçadeiras, Motosserras E Similares",3,1722.51
Itupeva,Supervisor De Andar,3,3091.32
Itapeva,Monitor De Transporte Escolar,3,1093.36
Americana,Técnico Em Soldagem,3,1129.72
Itupeva,Operador De Central De Concreto,3,2220.75
Itupeva,Tosador De Animais Domésticos,3,2073.98
Itapeva,Professor De História No Ensino Médio,3,1563.71
Itupeva,Despachante Documentalista,3,2990.99
Itu,Supervisor De Andar,3,2477.8
Porto Feliz,Técnico Eletricista,3,6579.3
Cabreúva,Instrutor De Aprendizagem E Treinamento Industrial,3,3523.65
Ibiúna,Instalador De Som E Acessórios De Veículos,3,1497.28
Itapetininga,Desenhista Projetista De Arquitetura,3,1751.24
Itupeva,Atendente De Agência,3,2851.4
Itu,Engenheiro Civil (Estruturas Metálicas),3,13568.68
Pindamonhangaba,Operador De Laços De Cabos De Aço,3,1446.41
Dourado,"Operador De Máquinas Fixas, Em Geral",3,1043.26
Itupeva,Professor De História Do Ensino Fundamental,3,3137.25
Cerquilho,Gerente De Produção E Operações Agropecuárias,3,3846.42
Araçatuba,Torneiro (Lavra De Pedra),3,2388.09
Cabreúva,Montador De Equipamentos Elétricos (Centrais Elétricas),3,3559.89
Itu,Socorrista (Exceto Médicos E Enfermeiros),3,1150.91
Araçariguama,Desenvolvedor De Sistemas De Tecnologia Da Informação (Técnico),3,7471
Macatuba,Operador De Máquinas Operatrizes,3,1510.67
Cabreúva,Desenhista Técnico (Ilustrações Artísticas),3,5279.97
Charqueada,Carteiro,3,3921.77
Macatuba,"Operador De Máquinas Fixas, Em Geral",3,2917.7
Itapeva,Operador De Máquina De Costura De Acabamento,3,849.3
Itupeva,Trabalhador No Cultivo De Árvores Frutíferas,3,1482.56
Itapeva,Técnico Em Administração,3,2794.23
Cabreúva,Psicopedagogo,3,6081.23
Itupeva,Professor De História No Ensino Médio,3,3243.76
Itapetininga,Aplicador De Asfalto Impermeabilizante (Coberturas),3,1820.78
Cabreúva,Operador De Máquina De Costura De Acabamento,3,1318.88
Pindamonhangaba,Montador De Veículos (Linha De Montagem),3,2064.65
Piedade,Instalador De Som E Acessórios De Veículos,3,1777.65
Cerquilho,Apontador De Mão-De-Obra,3,2167.13
Itupeva,Operador De Máquina De Etiquetar,3,2316.87
Piedade,Diretor Comercial,3,14107.69
Piedade,Mecânico De Manutenção De Tratores,3,3031.17
Pindamonhangaba,Técnico Mecânico Na Fabricação De Ferramentas,3,2073.54
Americana,Salgador De Alimentos,3,1445.37
Cerquilho,Contramestre De Fiação (Indústria Têxtil),3,2589.92
Pindamonhangaba,Gerente De Projetos De Tecnologia Da Informação,3,5595.7
Itapeva,Técnico De Laboratório De Análises Físico-Químicas (Materiais De Construção),3,1858.49
Piedade,Auxiliar De Enfermagem Do Trabalho,3,2582.26
Charqueada,Promotor De Vendas Especializado,3,1750.64
Cabreúva,Engenheiro Mecânico Automotivo,3,5968.49
Itu,Supervisor De Manutenção De Máquinas Operatrizes E De Usinagem,3,9239.97
Porto Feliz,"Encarregado De Manutenção De Instrumentos De Controle, Medição E Similares",3,4706.24
Porto Feliz,Engenheiro De Segurança Do Trabalho,3,8502.03
Charqueada,Gerente De Vendas,3,7125.74
Ibiúna,Preparador De Máquinas-Ferramenta,3,1492.05
Boituva,Gerente De Comunicação,3,10710.58
Itapeva,Preparador Físico,3,2108.41
Itapetininga,Médico Cardiologista,3,7153.18
Itu,"Técnico Em Materiais, Produtos Cerâmicos E Vidros",3,1348.05
Itupeva,Impressor De Corte E Vinco,3,1926.92
Charqueada,Professor De Alunos Com Deficiência Física,3,1477.79
Cerquilho,Esteticista,3,1634.26
Araçariguama,Marmorista (Construção),3,1957.18
Araçatuba,Despachante Documentalista,3,1755.28
Cerquilho,Gerente De Infraestrutura De Tecnologia Da Informação,3,8055.14
Cerquilho,Zelador De Edifício,3,2181.78
Pindamonhangaba,Trabalhador No Cultivo De Flores E Folhagens De Corte,3,1465.78
Porto Feliz,Gerente De Operação De Tecnologia Da Informação,3,7255.99
Americana,Preparador De Rações,3,1751.45
Itu,Trabalhador Da Avicultura De Postura,3,1681.47
Cerquilho,Terapeuta Ocupacional,3,2665.3
Cerquilho,Auxiliar De Laboratório De Análises Clínicas,3,1562.7
Araçariguama,Supervisor De Lavanderia,3,2273.09
Itapeva,Médico Ginecologista E Obstetra,3,11614.65
Araçatuba,Diretor De Serviços De Saúde,3,8437.99
Macatuba,Encanador,3,2497.73
Boituva,Engenheiro Ambiental,3,9439.34
Porto Feliz,Lavador De Veículos,3,1692.74
Americana,Manobrador,3,1849.54
Itu,Supervisor De Telefonistas,3,3406.83
Cerquilho,Costureira De Peças Sob Encomenda,3,1417.44
Araçariguama,Cobrador Interno,3,3577.09
Itu,Operador De Docagem,3,2277.54
Itapeva,"Encarregado De Manutenção De Instrumentos De Controle, Medição E Similares",3,1655.86
Itu,Mestre De Fundição,3,3830.02
Araçariguama,Operador De Computador,3,2120.94
Boituva,Pintor De Veículos (Reparação),3,1663.16
Ibiúna,Montador De Veículos (Reparação),3,2823.21
Cabreúva,Zootecnista,3,1241.88
Americana,Analista De Testes De Tecnologia Da Informação,3,2762.15
Pindamonhangaba,Professor De Língua Estrangeira Moderna No Ensino Médio,3,1387.75
Pindamonhangaba,Professor De Dança,3,1249.68
Cerquilho,Recreador,3,1162.78
Charqueada,Vendedor Em Comércio Atacadista,3,2266.43
Macatuba,Técnico Em Patologia Clínica,3,2069.27
Itapetininga,Engenheiro Eletricista De Manutenção,3,12347.6
Dourado,Diretor Financeiro,3,13328.08
Dourado,Atendente De Farmácia - Balconista,3,1377.18
Itu,Mecânico De Manutenção De Motores E Equipamentos Navais,3,3032.4
Americana,Técnico Em Agrimensura,3,3167.87
Itupeva,Trabalhador Na Olericultura (Legumes),3,1585.3
Cerquilho,Supervisor De Manutenção Eletromecânica,3,7540.88
Itapeva,Supervisor De Tesouraria,3,5541.85
Boituva,Operador De Trator De Lâmina,3,1896.8
Charqueada,"Operador De Alambique De Funcionamento Contínuo (Produtos Químicos, Exceto Petróleo)",3,3575.87
Boituva,Trabalhador Da Pecuária (Bovinos Leite),3,896.98
Boituva,Trabalhador Da Cultura De Café,3,1932.85
Ibiúna,Gerente De Recursos Humanos,3,6874.1
Itu,Operador De Máquina De Usinagem De Madeira (Produção Em Série),3,1956.72
Cerquilho,Desenhista Projetista De Eletricidade,3,2246.32
Ibiúna,Gerente De Almoxarifado,3,7425.03
Charqueada,Ajustador Mecânico,3,1070.82
Itapetininga,Cartazeiro,3,1995.94
Boituva,Decorador De Vidro,3,2075.3
Itapetininga,Gerente De Operações De Serviços De Assistência Técnica,3,7270.49
Cerquilho,Instalador De Som E Acessórios De Veículos,3,1385.95
Charqueada,Serralheiro,3,1543.05
Itupeva,"Diretor De Produção E Operações Da Indústria De Transformação, Extração Mineral E Utilidades",3,43218.99
Americana,Treinador Profissional De Futebol,3,1853.98
Boituva,Forjador,3,2926.12
Cabreúva,Operador De Cortadeira De Papel,3,2122.05
Araçoiaba da Serra,Gerente De Produção E Operações  Florestais,3,6907.27
Cerquilho,Operador De Máquina De Fabricar Papel E Papelão,3,1645.35
Cerquilho,Modelador De Madeira,3,2275.99
Charqueada,"Operador De Processo (Química, Petroquímica E Afins)",3,1759.83
Cerquilho,Trabalhador Da Pecuária (Bovinos Corte),3,1856.3
Araçariguama,Instrutor De Auto-Escola,3,1197.27
Cerquilho,Programador De Máquinas - Ferramenta Com Comando Numérico,3,1935.42
Itu,Editor De Revista,3,3347.22
Americana,Supervisor Da Área Florestal,3,2838.98
Boituva,Estampador De Tecido,3,1223.33
Cerquilho,Instalador De Sistemas Eletroeletrônicos De Segurança,3,1612.13
Itu,Auxiliar De Judiciário,3,4063.38
Cerquilho,Técnico Têxtil De Tecelagem,3,1507.64
Boituva,Passador De Roupas Em Geral,3,1475.8
Itupeva,Cronometrista,3,3683.56
Cerquilho,Banhista De Animais Domésticos,3,1383.27
Itapeva,Operador De Negócios,3,1681.99
Itapeva,Operador De Computador,3,969.71
Itu,Professor De Sociologia No Ensino Médio,3,1459.57
Charqueada,Atendente De Agência,3,2642.23
Cabreúva,Desenhista Projetista De Máquinas,3,3730.41
Itapeva,Preparador De Estruturas Metálicas,3,1173.75
Charqueada,Trabalhador Da Cultura De Milho E Sorgo,3,1705.29
Boituva,Mestre De Produção Farmacêutica,3,3278.06
Boituva,Forneiro De Fundição (Forno De Redução),3,3597.25
Itapeva,Lavador De Peças,3,1215.74
Ibiúna,Chefe De Portaria De Hotel,3,2135.47
Cerquilho,Professor De Disciplinas Pedagógicas No Ensino Médio,3,5836.56
Ibiúna,Feirante,3,1422.55
Araçariguama,Psicólogo Social,3,2441.18
Cabreúva,Desenhista Detalhista,3,3363.86
Charqueada,Auxiliar Em Saúde Bucal,3,1491.07
Porto Feliz,"Eletricista De Instalações (Veículos Automotores E Máquinas Operatrizes, Exceto Aeronaves E Embarcações)",3,1950.87
Ibiúna,Publicitário,3,1441.5
Americana,Assistente Técnico De Seguros,3,2376.17
Itapetininga,Técnico Em Sonorização,3,3184.12
Itapeva,Analista De Suporte Computacional,3,2827.69
Itupeva,Auxiliar De Veterinário,3,1520.05
Dourado,Vendedor Em Comércio Atacadista,3,1588.62
Boituva,Serrador De Madeira (Serra Circular Múltipla),3,1516.44
Americana,Apontador De Mão-De-Obra,3,2576.52
Porto Feliz,Ministro De Culto Religioso,3,1194.15
Cabreúva,Professores De Cursos Livres,3,1386.61
Ibiúna,Cortador De Pedras,3,1566.87
Boituva,Monitor De Transporte Escolar,3,587.84
Americana,Especialista Em Pesquisa Operacional,3,5002.09
Boituva,Sushiman,3,2132.09
Americana,Lapidador De Vidros E Cristais,3,2172.67
Itupeva,Técnico Em Saúde Bucal,3,1565.57
Itapetininga,Desenhista Projetista De Máquinas,3,3024.96
Itupeva,Técnico Mecânico (Motores),3,4973.26
Ibiúna,Forneiro E Operador (Refino De Metais Não-Ferrosos),3,3138.02
Boituva,Despachante Aduaneiro,3,1850.53
Piedade,Varredor De Rua,3,1683.85
Itapeva,Gerente De Suporte Técnico De Tecnologia Da Informação,3,6768.2
Cerquilho,Eletrotécnico,3,2929.39
Itapeva,Trabalhador Da Suinocultura,3,1652.75
Araçatuba,Tabelião De Notas,3,30150.27
Americana,Auxiliar De Produção Farmacêutica,3,1659.73
Americana,"Mecânico De Manutenção De Aeronaves, Em Geral",3,3744.77
Boituva,Operador De Guilhotina (Corte De Papel),3,2279.48
Porto Feliz,Operador De Serras No Desdobramento De Madeira,3,2734.82
Piedade,Gerente De Pesquisa E Desenvolvimento (P&D),3,14688.87
Araçariguama,Controlador De Serviços De Máquinas E Veículos,3,3617.56
Pindamonhangaba,Chefe De Serviço De Transporte Rodoviário (Passageiros E Cargas),3,3975.06
Itapeva,Engenheiro Eletricista,3,13082.89
Boituva,"Operador De Máquina De Fabricação De Produtos De Higiene E Limpeza (Sabão, Sabonete, Detergente, Absorvente, Fraldas Cotonetes E Outros)",3,2123.77
Cerquilho,Diretor Comercial,3,15543.13
Itupeva,"Desenhista Técnico De Embalagens, Maquetes E Leiautes",3,3520.53
Itupeva,Impregnador De Madeira,3,3247.69
Cerquilho,Gerente De Desenvolvimento De Sistemas,3,14060.58
Boituva,Operador De Lixadeira (Usinagem De Madeira),3,4358.98
Itapeva,Operador De Cortadeira De Papel,3,1143.61
Itapeva,Criador De Bovinos (Leite),3,4652.91
Itapeva,Atendente De Lavanderia,3,1305.57
Araçariguama,Pedreiro (Material Refratário),3,3564.76
Porto Feliz,Técnico Em Instrumentação,3,4897.74
Piedade,Cortador De Artefatos De Couro (Exceto Roupas E Calçados),3,1736.02
Boituva,Gerente De Hotel,3,2024.7
Araçariguama,Motofretista,3,2053.3
Americana,Operador De Torno Automático (Usinagem De Madeira),3,2503.82
Itupeva,Maître,3,4314.41
Boituva,Biomédico,3,3358.3
Boituva,Enfermeiro Do Trabalho,3,4125.33
Itu,Psicólogo Do Trabalho,3,3729.41
Itapeva,Piloto Agrícola,3,3378.21
Cerquilho,Engenheiro De Produção,3,6992.99
Americana,Eletromecânico De Manutenção De Portas Automáticas,3,3575.71
Cabreúva,Trabalhador Da Pecuária (Bovinos Corte),3,2204.58
Araçariguama,"Confeccionador De Velas Náuticas, Barracas E Toldos",3,2300.3
Cerquilho,Representante Comercial Autônomo,3,1309.1
Americana,Engenheiro Eletrônico De Projetos,3,6461.23
Itupeva,Forjador Prensista,3,3270.5
Itupeva,Técnico Em Laboratório De Farmácia,3,4664.15
Ibiúna,Trabalhador Da Avicultura De Corte,3,1502.66
Boituva,Mestre De Pintura (Tratamento De Superfícies),3,5148.27
Porto Feliz,Queijeiro Na Fabricação De Laticínio,3,2111.19
Itapeva,Fundidor De Metais,3,2641.1
Pindamonhangaba,Tecnólogo Em Metalurgia,3,10551.15
Boituva,Engenheiro Mecânico Industrial,3,8035.11
Araçariguama,Montador De Equipamentos Elétricos (Elevadores E Equipamentos Similares),3,3220.81
Itupeva,Hidrogenador De Óleos E Gorduras,3,5849.08
Itupeva,Professor Instrutor De Ensino E Aprendizagem Em Serviços,3,1506.26
Boituva,Engenheiro Eletrônico De Projetos,3,7678.66
Americana,Preparador De Tintas (Fábrica De Tecidos),3,1048.13
Boituva,Supervisor De Orçamento,3,6719.62
Itapeva,Sepultador,3,1622.6
Ibiúna,Administrador De Edifícios,3,1589.67
Itapetininga,Secador De Madeira,3,1868.57
Itu,Torneiro Na Usinagem Convencional De Madeira,3,3605.16
Araçatuba,Encarregado De Costura Na Confecção Do Vestuário,3,2909.91
Dourado,Cuidador De Idosos,3,1294.21
Itapeva,Avaliador Físico,3,1715.61
Itu,Operador De Betoneira,3,3661.77
Itu,Professores De Cursos Livres,3,1457.01
Boituva,Montador De Equipamentos Eletrônicos (Máquinas Industriais),3,3280.72
Araçariguama,Lavador De Veículos,3,1471.07
Pindamonhangaba,Operador De Telemarketing Ativo E Receptivo,3,906.83
Itupeva,Engenheiro Metalurgista,3,6966.76
Boituva,Mestre De Fundição,3,4769.99
Cerquilho,Artista (Artes Visuais),3,1013.68
Itapetininga,Operador De Máquina De Cortar E Dobrar Papelão,3,1522.31
Itapetininga,Técnico Em Agrimensura,3,6325.58
Macatuba,Supervisor De Produção Da Indústria Alimentícia,3,10485
Macatuba,Supervisor De Manutenção De Máquinas Operatrizes E De Usinagem,3,13480.16
Itapetininga,Professor De Educação Física No Ensino Médio,3,2010.13
Itu,Supervisor De Fabricação De Produtos De Vidro,3,7849.44
Cerquilho,Vendedor Ambulante,3,2647.14
Americana,Gerente De Crédito E Cobrança,3,3880.97
Itu,Massoterapeuta,3,1894.87
Itapeva,Psicólogo Social,3,3663.86
Cabreúva,Operador De Pá Carregadeira,3,4740.64
Itu,Técnico De Imobilização Ortopédica,3,2228.96
Araçariguama,Mestre De Alto-Forno,3,7296.22
Araçariguama,Técnico De Manutenção Eletrônica,3,1663.42
Itupeva,Médico Veterinário,3,8523.57
Itapetininga,Auditor (Contadores E Afins),3,2454.4
Porto Feliz,Supervisor Da Indústria De Minerais Não Metálicos (Exceto Os Derivados De Petróleo E Carvão),3,14711.89
Macatuba,Lavador De Veículos,3,2001.66
Araçatuba,Ministro De Culto Religioso,3,3015.96
Itapeva,Professor De Biologia No Ensino Médio,3,1587.97
Macatuba,Comerciante Varejista,3,3012.58
Itupeva,Gerente De Suporte Técnico De Tecnologia Da Informação,3,16765.82
Porto Feliz,Tecnólogo Em Meio Ambiente,3,11355.89
Cabreúva,Operador De Estação De Tratamento De Água E Efluentes,3,2522.76
Itapeva,Assessor De Imprensa,3,3463.62
Araçariguama,Tecnólogo Em Produção Industrial,3,5435.89
Itu,Mecânico De Manutenção De Bombas,3,2657.54
Americana,Advogado (Direito Público),3,6045.77
Araçariguama,Planejista,3,4663.77
Cabreúva,Pintor A Pincel E Rolo (Exceto Obras E Estruturas Metálicas),3,1902.27
Araçatuba,Ortoptista,3,5594.15
Dourado,Mestre (Construção Civil),3,6315.47
Araçariguama,Agente De Defesa Ambiental,3,5020.27
Araçatuba,Gerente De Comunicação,3,9772.77
Cerquilho,Trabalhador Da Elaboração De Pré-Fabricados (Cimento Amianto),3,1506.2
Araçariguama,Técnico De Enfermagem Do Trabalho,3,4754.63
Itu,Limpador De Piscinas,3,2158.39
Araçariguama,Engenheiro De Controle De Qualidade,3,10929.1
Itapeva,"Operador De Produção (Química, Petroquímica E Afins)",3,1951.28
Boituva,Desenhista Projetista Eletrônico,3,4470.12
Cabreúva,Técnico De Telecomunicações (Telefonia),3,2055.96
Pindamonhangaba,Gerente De Clientes Especiais (Private),3,6770.73
Charqueada,Cortador De Pedras,3,1780.52
Itapetininga,Supervisor De Manutenção Eletromecânica (Utilidades),3,6537.17
Boituva,Supervisor Da Manutenção E Reparação De Veículos Pesados,3,5239.57
Piedade,Eletrotécnico,3,6816.27
Macatuba,Operador De Inspeção De Qualidade,3,2657.72
Cabreúva,Professor De Matemática No Ensino Médio,3,4581.64
Porto Feliz,Gerente De Operações De Serviços De Assistência Técnica,3,11282.66
Araçoiaba da Serra,Arquivista De Documentos,3,688.55
Itapetininga,Bibliotecário,3,2981.94
Americana,Piloto De Aeronaves,3,6579.47
Cerquilho,Operador De Acabamento (Indústria Gráfica),3,1760.16
Araçariguama,Supervisor De Compras,3,6528.77
Americana,Mestre De Ferramentaria,3,6251.35
Pindamonhangaba,Documentalista,3,4912.84
Macatuba,Fonoaudiólogo Geral,3,2708.12
Pindamonhangaba,Especialista Em Calibrações Metrológicas,3,7197.13
Itu,Manobrador,3,1404.55
Pindamonhangaba,Enfermeiro Auditor,3,4844.73
Americana,Recuperador De Guias E Cilindros,3,1747.96
Itupeva,Gerente De Almoxarifado,3,4143.5
Ibiúna,Técnico Agrícola,3,4563.84
Cerquilho,Churrasqueiro,3,1801.38
Cabreúva,Operador De Cardas,3,1840.85
Itapetininga,Operador De Máquinas De Usinar Madeira (Cnc),3,2466.61
Itu,Sommelier,3,1479.12
Itupeva,Contramestre De Tecelagem (Indústria Têxtil),3,331.34
Itapetininga,Operador De Serras No Desdobramento De Madeira,3,2411.83
Pindamonhangaba,Pedagogo,3,3917.56
Itupeva,Mecânico De Manutenção De Bicicletas E Veículos Similares,3,1857.14
Cerquilho,Técnico De Contabilidade,3,3783.34
Cabreúva,Leiturista,3,2780.23
Macatuba,Supervisor De Lavanderia,3,4441.25
Itapeva,Supervisor De Usina De Concreto,3,1811.2
Americana,Médico Otorrinolaringologista,3,7421.62
Charqueada,Técnico De Rede (Telecomunicações),3,1981.76
Americana,Analista De Planejamento E Orçamento - Apo,3,8193.99
Piedade,Montador De Artefatos De Couro (Exceto Roupas E Calçados),3,1385.74
Itapetininga,Chefe De Serviços Bancários,3,4742.91
Pindamonhangaba,Analista De Redes E De Comunicação De Dados,3,5879.31
Macatuba,Carteiro,3,4401.88
Americana,Produtor De Texto,3,2679.7
Ibiúna,Farmacêutico Analista Clínico,3,1632.99
Porto Feliz,Supervisor De Montagem E Instalação Eletroeletrônica,3,3529.72
Dourado,Escrevente,3,1200
Charqueada,Motorista De Carro De Passeio,3,2279.44
Charqueada,"Supervisor De Fabricação De Produtos Cerâmicos, Porcelanatos E Afins",3,3447.95
Araçariguama,Carteiro,3,4448.16
Americana,Diretor De Tecnologia Da Informação,3,21138.25
Itu,Instalador De Som E Acessórios De Veículos,3,2627.6
Pindamonhangaba,Corretor De Seguros,3,1317.89
Piedade,Gerente De Bar,3,1403.65
Porto Feliz,Técnico Em Fotônica,3,3723.35
Itapetininga,Médico Ortopedista E Traumatologista,3,5870.77
Pindamonhangaba,Mecânico De Manutenção De Instalações Mecânicas De Edifícios,3,3270.1
Araçatuba,Montador De Andaimes (Edificações),3,1906.89
Porto Feliz,Confeccionador De Pneumáticos,3,1774.2
Pindamonhangaba,"Bobinador Eletricista, À Máquina",3,2418.33
Araçatuba,Professor De Química (Ensino Superior),3,2783.35
Americana,"Confeccionador De Velas Náuticas, Barracas E Toldos",3,850.54
Boituva,Trabalhador Na Produção De Mudas E Sementes,3,988.45
Araçatuba,Engenheiro Eletricista De Manutenção,3,7346.98
Araçariguama,Operador De Máquina Perfuratriz,3,3002.68
Americana,Diretor De Pesquisa E Desenvolvimento (P&D),3,6269.35
Ibiúna,Auxiliar De Enfermagem Do Trabalho,3,4020.59
Porto Feliz,Tecnólogo Em Automação Industrial,3,2686.79
Piedade,Instalador-Reparador De Linhas E Aparelhos De Telecomunicações,3,2287.12
Itapetininga,Gerente De Turismo,3,4609.82
Itapeva,Operador De Rebobinadeira Na Fabricação De Papel E Papelão,3,2237.63
Porto Feliz,Pintor De Veículos (Reparação),3,2463.27
Itupeva,Revisor De Tecidos Acabados,3,1038.98
Porto Feliz,Mestre (Indústria De Madeira E Mobiliário),3,4514.58
Pindamonhangaba,Estivador,3,2340.4
Americana,Auxiliar De Estatística,3,1448.17
Araçatuba,"Limpador A Seco, À Máquina",3,0
Pindamonhangaba,Operador De Bate-Estacas,3,2888.86
Pindamonhangaba,Supervisor Da Manutenção E Reparação De Veículos Leves,3,2139.16
Araçariguama,Impressor (Serigrafia),3,1938.41
Americana,Operador De Projetor Cinematográfico,3,3853.25
Piedade,Instalador-Reparador De Redes Telefônicas E De Comunicação De Dados,3,1954.25
Porto Feliz,Preparador De Tintas (Fábrica De Tecidos),3,3151.19
Araçariguama,Médico Do Trabalho,3,9879.16
Araçoiaba da Serra,Mestre De Soldagem,3,4423.73
Cabreúva,Inspetor De Risco,3,1642.81
Americana,Forneiro Na Fundição De Vidro,3,766.05
Porto Feliz,Editor De Texto E Imagem,3,2276.41
Itu,Balanceador,3,1891.35
Porto Feliz,Contramestre De Fiação (Indústria Têxtil),3,4648.55
Piedade,Dirigente Do Serviço Público Municipal,3,3977.94
Araçatuba,Professor De Sociologia Do Ensino Superior,3,3067.12
Itapeva,Moleiro De Minérios,3,2997.51
Piedade,Técnico Mecânico,3,4249.67
Itupeva,Armador De Estrutura De Concreto,3,2471.72
Itapeva,Classificador De Grãos,3,2205.45
Piedade,Agente De Saúde Pública,3,2362.68
Porto Feliz,Auxiliar De Produção Farmacêutica,3,1913.5
Porto Feliz,Arrematadeira,3,1724.33
Araçatuba,Psicólogo Educacional,3,3349.87
Araçariguama,Tecnólogo Em Automação Industrial,3,4863.02
Piedade,"Instalador De Material Isolante, A Mão (Edificações)",3,2543.91
Araçariguama,Operador De Calandras (Tecidos),3,1962.35
Americana,Gerente De Operação De Tecnologia Da Informação,3,11277.45
Itapetininga,Operador De Betoneira,3,1990.06
Itu,Reparador De Equipamentos De Escritório,3,2504.07
Americana,Operador De Bobinadeira,3,2187.86
Porto Feliz,Supervisor De Produção Da Indústria Alimentícia,3,4323.55
Itapeva,Operador De Escória E Sucata,3,1952.24
Araçatuba,Mecânico De Manutenção De Empilhadeiras E Outros Veículos De Cargas Leves,3,1832.8
Araçoiaba da Serra,"Supervisor De Operação De Fluidos (Distribuição, Captação, Tratamento De Água, Gases, Vapor)",3,7111.03
Itapetininga,Inspetor De Serviços De Transportes Rodoviários (Passageiros E Cargas),3,6914.17
Araçoiaba da Serra,Camareiro  De Hotel,3,1946.73
Araçariguama,Torrador De Café,3,3167.54
Araçariguama,Secretária(O) Executiva(O),3,966.67
Pindamonhangaba,Redator De Publicidade,3,2155.36
Cabreúva,Operador De Passador (Fiação),3,1771.26
Araçatuba,Gerente De Crédito E Cobrança,3,4337.89
Porto Feliz,Polidor De Pedras,3,1500
Cabreúva,Supervisor De Recepcionistas,3,2246.09
Araçariguama,Diretor Administrativo,3,17363.77
Araçatuba,Professor Prático No Ensino Profissionalizante,3,3833.49
Araçatuba,Profissional De Relações Com Investidores,3,10637.7
Porto Feliz,Sondador De Poços (Exceto De Petróleo E Gás),3,1307.73
Araçariguama,"Pintor, A  Pistola (Exceto Obras E Estruturas Metálicas)",3,2301.91
Araçatuba,Professor De Computação (No Ensino Superior),3,9618.29
Pindamonhangaba,Programador De Máquinas - Ferramenta Com Comando Numérico,3,3953.06
Araçatuba,Operador De Máquina Copiadora (Exceto Operador De Gráfica Rápida),3,1590.27
Itu,Lapidador De Vidros E Cristais,3,1489.22
Pindamonhangaba,Gerente De Suporte Técnico De Tecnologia Da Informação,3,3134.79
Itu,Diretor De Mídia (Publicidade),3,3410.79
Americana,Fermentador,3,1790.78
Americana,"Rebitador, A  Mão",3,1738.8
Americana,Perfumista,3,2094.17
Araçoiaba da Serra,Trabalhador De Pecuária Polivalente,3,1627.8
Araçoiaba da Serra,Trabalhador No Cultivo De Plantas Ornamentais,3,1179.69
Araçatuba,Técnico Agropecuário,3,4203.78
Araçatuba,Diretor De Tecnologia Da Informação,3,22910.3
Macatuba,Fiscal De Loja,3,2055.86
Itupeva,Biólogo,3,4936.52
Piedade,Ajudante De Confecção,3,1267.52
Araçoiaba da Serra,Fonoaudiólogo Geral,3,2380.71
Piedade,Operador De Máquinas De Beneficiamento De Produtos Agrícolas,3,2380.49
Porto Feliz,Corretor De Imóveis,3,1528.33
Americana,Diretor De Manutenção,3,19413.7
Porto Feliz,Cozinhador De Carnes,3,1864.37
Charqueada,Preparador Físico,3,2403.02
Piedade,Operador De Máquina De Dobrar Chapas,3,2165.6
Araçatuba,Trabalhador Da Pecuária (Asininos E Muares),3,893.25
Americana,Técnico Em Gravação De Áudio,3,2868.57
Porto Feliz,Lavador De Roupas  A Maquina,3,1403.8
Itapetininga,Limpador De Piscinas,3,1410.65
Araçoiaba da Serra,Técnico Em Tratamento De Efluentes,3,2996.97
Porto Feliz,Trabalhador Da Pecuária (Asininos E Muares),3,3169.98
Cerquilho,Gerente De Bar,3,3387.13
Boituva,Professor De Língua Inglesa,3,1079.7
Cerquilho,Caseiro (Agricultura),3,1832.68
Itupeva,Encanador,3,4156.26
Piedade,Inspetor De Alunos De Escola Pública,3,1526.24
Araçoiaba da Serra,Auxiliar De Seguros,3,1136.32
Pindamonhangaba,Agente De Ação Social,3,1509.76
Pindamonhangaba,Lavador De Roupas  A Maquina,3,1657.62
Ibiúna,Operador De Linha De Montagem (Aparelhos Elétricos),3,1662.65
Itu,Montador De Equipamentos Elétricos (Instrumentos De Medição),3,2644.73
Americana,Alfaiate,3,2432.26
Pindamonhangaba,Mestre De Ferramentaria,3,6210.13
Porto Feliz,Jornaleiro (Em Banca De Jornal),3,1844.1
Araçariguama,Professor De Filosofia No Ensino Médio,3,3534.3
Porto Feliz,Operador De Acabamento De Peças Fundidas,3,2140.06
Araçatuba,Professor De Filosofia Do Ensino Superior,3,2670.67
Araçatuba,Professor De Desenho Técnico,3,2959.68
Cerquilho,Instrutor De Aprendizagem E Treinamento Industrial,3,1932.78
Araçatuba,Professor De Matemática Pura (No Ensino Superior),3,2684.12
Americana,Ourives,3,1872.18
Araçatuba,Professor De Línguas Estrangeiras Modernas,3,586.21
Pindamonhangaba,Operador De Destilação E Subprodutos De Coque,3,7217.3
Araçariguama,Ajustador Mecânico,3,2323.95
Porto Feliz,Gerente De Operações De Transportes,3,4064.03
Porto Feliz,Cronoanalista,3,2440.67
Cerquilho,Mecânico De Manutenção De Bombas,3,1571.99
Cerquilho,Tecnólogo Em Gestão Administrativo- Financeira,3,3941.51
Itu,Analista De Cobrança (Instituições Financeiras),3,2640.81
Itupeva,Cartazeiro,3,4739.36
Dourado,Operador De Máquina De Usinagem De Madeira (Produção Em Série),3,1569.81
Itu,Auxiliar De Produção Farmacêutica,3,2097.42
Araçatuba,Auxiliar De Veterinário,3,1575.53
Piedade,Operador De Estação De Tratamento De Água E Efluentes,3,2148.9
Itupeva,Gerente De Serviços Culturais,3,6572.48
Araçatuba,Lustrador De Peças De Madeira,3,2565.72
Porto Feliz,Supervisor De Exploração Agrícola,3,3520.74
Araçatuba,Costureira De Reparação De Roupas,3,1414.25
Boituva,Assistente De Laboratório Industrial,3,2548.04
Cabreúva,Economista Industrial,3,5972.31
Araçatuba,Professor De Filosofia No Ensino Médio,3,2315.39
Porto Feliz,Operador De Máquina De Abrir Valas,3,4457.43
Charqueada,Professor De Ciências Exatas E Naturais Do Ensino Fundamental,3,2222.21
Charqueada,Analista De Folha De Pagamento,3,2630.38
Dourado,Supervisor De Contas A Pagar,3,4123.09
Americana,Linotipista,3,1916.15
Porto Feliz,Retalhador De Carne,3,1374.95
Araçariguama,Tecnólogo Em Secretariado Escolar,3,2509.77
Pindamonhangaba,"Produtor Agropecuário, Em Geral",3,1886.41
Itapeva,Carpinteiro De Obras,3,1581.12
Cerquilho,Reparador De Aparelhos Eletrodomésticos (Exceto Imagem E Som),3,1489.57
Araçariguama,Destroçador De Pedra,3,2239.44
Pindamonhangaba,Operador De Motosserra,3,1031.59
Porto Feliz,Árbitro Desportivo,3,4951.7
Araçoiaba da Serra,Operador De Betoneira,3,2495.17
Itapetininga,Instalador Eletricista (Tração De Veículos),3,1955.44
Pindamonhangaba,Costureira De Peças Sob Encomenda,3,416.23
Charqueada,Operador De Inspeção De Qualidade,3,1783.49
Dourado,Analista De Transporte Em Comércio Exterior,3,4593.79
Cerquilho,Operador De Motoniveladora,3,3029.92
Cerquilho,Operador De Compactadora De Solos,3,2496.64
Dourado,Inspetor De Qualidade,3,4629.51
Americana,Professor De Desenho Técnico,3,879.42
Itu,Técnico Em Turismo,3,3129.29
Piedade,Tratador De Animais,3,1811.82
Porto Feliz,Arquivista,3,2858.96
Araçariguama,Auxiliar Em Saúde Bucal,3,1580.71
Araçoiaba da Serra,Operador De Torno Com Comando Numérico,3,3329.57
Americana,Técnico Têxtil (Tratamentos Químicos),3,4029.83
Porto Feliz,Vendedor Em Domicílio,3,2555.05
Pindamonhangaba,Operador De Trator De Lâmina,3,1518.73
Cabreúva,Funileiro De Veículos (Reparação),3,2299.4
Itu,Administrador De Sistemas Operacionais,3,11818.52
Pindamonhangaba,Técnico Químico De Petróleo,3,3136.72
Cerquilho,Fiscal De Atividades Urbanas,3,4267.54
Porto Feliz,Operador De Prensa De Material Reciclável,3,1680.93
Dourado,Eletricista De Instalações,3,2573.41
Araçoiaba da Serra,Técnico Em Atendimento E Vendas,3,1544.27
Araçoiaba da Serra,Técnico Em Laboratório De Farmácia,3,3956.65
Itupeva,Técnico Em Tratamento De Efluentes,3,2076.49
Araçoiaba da Serra,Economista Financeiro,3,2763.96
Araçatuba,"Operador De Pavimentadora (Asfalto, Concreto E Materiais Similares)",3,3341.23
Itupeva,Pesquisador De Engenharia E Tecnologia (Outras Áreas Da Engenharia),3,6183.27
Araçoiaba da Serra,,3,2424.02
Piedade,Chefe De Cozinha,3,3175.91
Ibiúna,Vendedor Em Domicílio,3,2242
Itu,Supervisor De Exploração Agrícola,3,2041.91
Piedade,Pizzaiolo,3,1858.62
Cabreúva,Supervisor De Crédito E Cobrança,3,9496.82
Porto Feliz,"Operador De Pavimentadora (Asfalto, Concreto E Materiais Similares)",3,4585.64
Porto Feliz,Chefe De Portaria De Hotel,3,3318.03
Americana,Fotógrafo Retratista,3,997.06
Porto Feliz,Analista De Planejamento E Orçamento - Apo,3,5190.38
Itupeva,,3,1385.47
Araçatuba,Babá,3,2256.78
Itu,Assentador De Canalização (Edificações),3,1482.02
Itupeva,Moldador De Borracha Por Compressão,3,1913.44
Cabreúva,Operador De Ponte Rolante,3,2918.79
Porto Feliz,"Mecânico De Manutenção De Máquinas Cortadoras De Grama, Roçadeiras, Motosserras E Similares",3,1892.01
Cabreúva,Caminhoneiro Autônomo (Rotas Regionais E Internacionais),3,1881.68
Araçoiaba da Serra,Médico Do Trabalho,3,4339.46
Charqueada,Comprador,3,2251.04
Porto Feliz,Trabalhador De Fabricação De Tintas,3,6503.07
Araçatuba,Artesão Bordador,3,2105.16
Araçatuba,Operador De Prensa De Enfardamento,3,1418.95
Araçatuba,Cortador De Tapeçaria,3,1614.01
Dourado,Administrador,3,2123.49
Cerquilho,Auxiliar De Veterinário,3,1503.38
Ibiúna,Técnico De Manutenção Eletrônica (Circuitos De Máquinas Com Comando Numérico),3,1368.2
Itu,Ouvidor,3,4950.52
Araçoiaba da Serra,Acabador De Embalagens (Flexíveis E Cartotécnicas),3,1712.03
Itapetininga,Balanceador,3,2217.83
Itapetininga,Diretor Administrativo E Financeiro,3,2074.59
Piedade,Montador De Estruturas Metálicas,3,1645.87
Pindamonhangaba,Professor Prático No Ensino Profissionalizante,3,887.2
Araçatuba,Balanceiro,3,1896.89
Araçariguama,Representante Comercial Autônomo,3,2405.4
Piedade,Supervisor De Exploração Agropecuária,3,2334.24
Americana,Técnico De Saneamento,3,5614.34
Itupeva,Fiscal De Transportes Coletivos (Exceto Trem),3,1592.56
Itupeva,Diretor De Instituição Educacional Da Área Privada,3,6254.94
Piedade,Gerente De Logística (Armazenagem E Distribuição),3,3470.81
Cabreúva,Operador De Compactadora De Solos,3,2277.17
Macatuba,Caixa De Banco,3,2881.49
Porto Feliz,Professor De História Do Ensino Fundamental,3,2460.41
Araçoiaba da Serra,Tosador De Animais Domésticos,3,1529.05
Cabreúva,Gerente De Suporte Técnico De Tecnologia Da Informação,3,9806.05
Boituva,Churrasqueiro,3,1686.89
Ibiúna,Técnico Em Fotônica,3,2482.58
Pindamonhangaba,Gerente De Bar,3,1649.93
Araçatuba,Montador De Máquinas-Ferramentas (Usinagem De Metais),3,2873.3
Cerquilho,Técnico Em Óptica E Optometria,3,2553.98
Cabreúva,Técnico Mecânico Na Fabricação De Ferramentas,3,9201.81
Araçatuba,Acabador De Superfícies De Concreto,3,1797.64
Macatuba,Eletricista De Manutenção Eletroeletrônica,3,2019.7
Macatuba,Enfestador De Roupas,3,1682.5
Americana,Classificador De Madeira,3,1024.23
Ibiúna,Magarefe,3,1493.4
Araçariguama,Comerciante Atacadista,3,2106.96
Porto Feliz,Telefonista,3,2318.27
Araçatuba,Mecânico De Manutenção De Compressores De Ar,3,2618.25
Araçoiaba da Serra,Supervisor De Tesouraria,3,3395.1
Porto Feliz,Pizzaiolo,3,1944
Charqueada,Auxiliar De Contabilidade,3,1896.18
Pindamonhangaba,Supervisor De Orçamento,3,8231.9
Araçariguama,Mecânico Montador De Turboalimentadores,3,1262.93
Cerquilho,Pintor De Veículos (Reparação),3,2752.94
Itu,Montador De Artefatos De Couro (Exceto Roupas E Calçados),3,1398.76
Araçatuba,Piloto Fluvial,3,2893.85
Pindamonhangaba,Agente De Viagem,3,1907.34
Itupeva,Trabalhador Da Fabricação De Resinas E Vernizes,3,2293.93
Araçoiaba da Serra,"Operador De Utilidade (Produção E Distribuição De Vapor, Gás, Óleo, Combustível, Energia, Oxigênio)",3,3737.3
Americana,Médico Em Medicina Intensiva,3,21212.07
Itupeva,Adestrador De Animais,3,2510.04
Porto Feliz,Instalador-Reparador De Redes E Cabos Telefônicos,3,2664.94
Pindamonhangaba,Coordenador De Programação,3,5064.32
Cerquilho,Professor De Língua Espanhola,3,1693.43
Ibiúna,Gerente De Pesquisa E Desenvolvimento (P&D),3,19326.63
Araçatuba,"Instalador De Material Isolante, A Mão (Edificações)",3,1627.92
Itu,Tecnólogo Em Produção Industrial,3,6302.91
Itu,Operador De Compactadora De Solos,3,2787.95
Macatuba,Operador De Carregadeira,3,1227.55
Boituva,Técnico Mecânico (Motores),3,1521.78
Araçatuba,Desenhista Técnico (Arquitetura),3,2437.11
Araçatuba,Editor,3,2906.91
Araçatuba,Tecnólogo Em Gestão Da Tecnologia Da Informação,3,3785.28
Araçoiaba da Serra,Instalador-Reparador De Redes Telefônicas E De Comunicação De Dados,3,1618.26
Porto Feliz,"Operador De Tesoura Mecânica E Máquina De Corte, No Acabamento De Chapas E Metais",3,2806.67
Itu,Locutor De Mídias Audiovisuais,3,2020.01
Araçatuba,Instalador De Sistemas Fotovoltaicos,3,1874.6
Araçariguama,Caldeireiro (Chapas De Cobre),3,3866.78
Piedade,Professor De Língua Estrangeira Moderna Do Ensino Fundamental,3,1475.72
Cabreúva,Tecnólogo Em Construção Civil,3,9631.29
Charqueada,Encarregado De Manutenção Mecânica De Sistemas Operacionais,3,4618.83
Araçariguama,Programador De Máquinas - Ferramenta Com Comando Numérico,3,4530.85
Itapetininga,Assistente De Laboratório Industrial,3,2128.83
Cerquilho,Babá,3,940.25
Americana,Médico Em Radiologia E Diagnóstico Por Imagem,3,10747.78
Araçoiaba da Serra,Supervisor De Compras,3,2588.58
Charqueada,Zelador De Edifício,3,1758.17
Boituva,Assistente Comercial De Seguros,3,2794.67
Araçoiaba da Serra,Gerente De Serviços De Saúde,3,4451.95
Americana,Professor De Ciências Biológicas Do Ensino Superior,3,1123.79
Araçatuba,Entrevistador De Preços,3,1950.28
Itupeva,Professor De Química No Ensino Médio,3,4172.6
Araçoiaba da Serra,Professor De Alunos Com Deficiência Mental,3,1749.79
Cabreúva,Supervisor De Telemarketing E Atendimento,3,6697.72
Itapeva,Médico Pediatra,3,11438.84
Araçatuba,Aplicador De Asfalto Impermeabilizante (Coberturas),3,1480.46
Dourado,Supervisor De Telemarketing E Atendimento,3,4372.86
Cerquilho,Operador De Centrifugadora (Tratamentos Químicos E Afins),3,2725.94
Boituva,Técnico Em Manutenção De Equipamentos De Informática,3,1633.83
Itu,Gerente De Comunicação,3,4315.74
Pindamonhangaba,Supervisor De Manutenção Elétrica De Alta Tensão Industrial,3,7978.69
Pindamonhangaba,Bilheteiro No Serviço De Diversões,3,2183.35
Macatuba,Professor De Nível Superior Do Ensino Fundamental (Primeira A Quarta Série),3,2275.66
Araçatuba,"Supervisor Da Confecção De Artefatos De Tecidos, Couros E Afins",3,3244.99
Charqueada,Operador De Tratamento De Calda Na Refinação De Açúcar,3,3614.61
Porto Feliz,Supervisor De Compras,3,5104.09
Araçoiaba da Serra,Engenheiro De Produção,3,4614.13
Americana,Tecnólogo Em Secretariado Escolar,3,4734
Cerquilho,Sepultador,3,1402.91
Araçoiaba da Serra,Professor De Educação Física No Ensino Médio,3,1572.17
Itapeva,Trabalhador Da Elaboração De Pré-Fabricados (Concreto Armado),3,1551
Araçatuba,Operador De Central De Concreto,3,3506.24
Araçatuba,Operador De Britadeira (Tratamentos Químicos E Afins),3,2201.26
Americana,Técnico Em Óptica E Optometria,3,3392.13
Araçoiaba da Serra,Operador De Guindaste Móvel,3,2972.68
Itapetininga,"Revestidor De Interiores (Papel, Material Plástico E Emborrachados)",3,1939.08
Piedade,Desenhista Projetista De Construção Civil,3,2241.14
Boituva,Técnico Em Manutenção De Máquinas,3,2959.58
Araçatuba,Mestre Carpinteiro,3,2806.87
Araçariguama,Químico,3,7427.67
Porto Feliz,Cozinheiro De Hospital,3,1594.14
Porto Feliz,Atendente De Lavanderia,3,1117.62
Piedade,Diretor De Instituição Educacional Da Área Privada,3,2190.32
Araçatuba,Entregador De Publicações,3,2233.63
Araçatuba,Montador De Equipamentos Elétricos (Centrais Elétricas),3,2149.56
Boituva,Operador De Usinagem Convencional Por Abrasão,3,3123.37
Araçatuba,Operador De Motosserra,3,1810.1
Araçoiaba da Serra,Montador De Estruturas Metálicas,3,1751.97
Araçatuba,Cozinhador De Carnes,3,2478.33
Charqueada,Cozinheiro De Hospital,3,1884.1
Itapeva,Professor De Nível Médio No Ensino Profissionalizante,3,1034.27
Porto Feliz,Operador De Torno Com Comando Numérico,3,2683.6
Porto Feliz,Publicitário,3,2795.3
Cabreúva,Gerente De Suprimentos,3,16247.17
Cerquilho,Engenheiro Civil (Rodovias),3,3538.24
Itupeva,Engenheiro Eletrônico De Manutenção,3,5396.88
Piedade,Operador De Prensa De Material Reciclável,3,2781.14
Itu,Operador De Serras No Desdobramento De Madeira,3,2280.31
Boituva,Chapeador,3,0
Araçoiaba da Serra,Montador De Máquinas-Ferramentas (Usinagem De Metais),3,3761.42
Americana,Engenheiro Eletrônico De Manutenção,3,8064.02
Pindamonhangaba,Mecânico De Manutenção De Motocicletas,3,2317.15
Americana,Contramestre De Malharia (Indústria Têxtil),3,3546.44
Araçariguama,Limpador De Vidros,3,1347.23
Araçatuba,Perito Contábil,3,3387.12
Americana,Repórter (Exclusive Rádio E Televisão),3,4349.55
Araçoiaba da Serra,Técnico Em Secretariado,3,1337.92
Ibiúna,Supervisor De Carga E Descarga,3,2941.66
Araçariguama,Maître,3,10070.5
Porto Feliz,Psicólogo Social,3,4411.55
Dourado,Diretor Geral De Empresa E Organizações (Exceto De Interesse Público),3,3590.16
Pindamonhangaba,Supervisor De Entrevistadores E Recenseadores,3,4374.79
Cabreúva,Gerente De Bar,3,2759.15
Itu,Gerente De Produção E Operações  Aqüícolas,3,17888.11
Dourado,Técnico Em Secretariado,3,3620.67
Ibiúna,Supervisor De Contas A Pagar,3,2371.71
Porto Feliz,Operador De Prensa De Enfardamento,3,3256.27
Ibiúna,Operador De Martelete,3,2104.81
Cabreúva,Polidor De Pedras,3,2216.21
Porto Feliz,Operador De Urdideira,3,2116.83
Araçoiaba da Serra,Gerente De Compras,3,4217.25
Ibiúna,Soldador A  Oxigás,3,3739.16
Charqueada,Vidraceiro,3,1781.35
Araçatuba,"Costurador De Artefatos De Couro, A  Máquina (Exceto Roupas E Calçados)",3,1617.69
Cerquilho,Supervisor De Vendas De Serviços,3,2818.4
Itapeva,Tecnólogo Em Secretariado Escolar,3,1899.62
Araçatuba,Impressor De Corte E Vinco,3,3237.79
Porto Feliz,Supervisor De Telemarketing E Atendimento,3,4925.43
Araçatuba,Engenheiro Projetista De Telecomunicações,3,4154.38
Boituva,Operador De Máquina De Etiquetar,3,1614.26
Araçariguama,Gerente De Contas - Pessoa Física E Jurídica,3,8496.4
Araçariguama,Técnico Gráfico,3,7905.69
Araçatuba,"Supervisor De Manutenção De Aparelhos Térmicos, De Climatização E De Refrigeração",3,6692.95
Cabreúva,Operador De Acabamento De Peças Fundidas,3,1960.32
Boituva,Mecânico De Manutenção De Aparelhos De Levantamento,3,3907.86
Boituva,Instrutor De Aprendizagem E Treinamento Industrial,3,5917.39
Itupeva,Técnico Em Secretariado,3,4498.61
Itupeva,Enfermeiro De Centro Cirúrgico,2,2206.55
Piedade,Oleiro (Fabricação De Tijolos),2,1513.92
Araçatuba,Montador De Calçados,2,1831.78
Piedade,Eletricista De Instalações (Edifícios),2,2357.71
Araçoiaba da Serra,Mecânico De Veículos Automotores A Diesel (Exceto Tratores),2,4247.81
Boituva,Lubrificador Industrial,2,2461.2
Cabreúva,Armador De Estrutura De Concreto,2,2153.45
Araçatuba,Pesquisador Em Ciências Agronômicas,2,6968.78
Itupeva,"Corretor De Valores, Ativos Financeiros, Mercadorias E Derivativos",2,2853.55
Itupeva,Tecnólogo Em Produção Industrial,2,4270.01
Araçatuba,Médico Oftalmologista,2,7968.9
Araçoiaba da Serra,Diretor De Serviços De Saúde,2,7768.16
Charqueada,Mãe Social,2,1277.27
Araçoiaba da Serra,Pesquisador De Engenharia E Tecnologia (Outras Áreas Da Engenharia),2,9175.28
Araçatuba,Oficial Do Registro Civil De Pessoas Naturais,2,2738.5
Ibiúna,Operador De Máquina Perfuratriz,2,1931.88
Araçatuba,Biotecnologista,2,7866.2
Itapetininga,Professor De Língua Espanhola,2,784.16
Itapetininga,Engenheiro Mecânico,2,11201.6
Itupeva,Topógrafo,2,3990.39
Araçatuba,Supervisor De Fabricação De Instrumentos Musicais,2,3167.16
Araçoiaba da Serra,Supervisor De Manutenção De Máquinas Industriais Têxteis,2,4667.6
Itu,Operador De Motoniveladora,2,3307.16
Itapeva,Inspetor De Risco,2,1039.94
Itapetininga,Despachante Documentalista,2,1785.19
Ibiúna,Cortador De Roupas,2,1841.29
Araçatuba,Gravador De Matriz Para Flexografia (Clicherista),2,3223.72
Charqueada,Recebedor De Apostas (Loteria),2,1201.26
Araçatuba,Diretor De Arte (Publicidade),2,1775.41
Itapeva,Recebedor De Apostas (Loteria),2,1297.38
Itupeva,Técnico De Apoio À Bioengenharia,2,4356.75
Itapeva,Montador De Instrumentos De Óptica,2,1721.28
Araçatuba,Operador De Acabamento De Peças Fundidas,2,1879.5
Itupeva,Técnico Em Turismo,2,4516.48
Itu,Operador De Máquina Extrusora De Varetas E Tubos De Vidro,2,3190.08
Araçatuba,Tecnólogo Em Gastronomia,2,1504.42
Porto Feliz,Operador De Máquinas Florestais Estáticas,2,2749.56
Itapetininga,Avaliador De Bens Móveis,2,1322.12
Porto Feliz,Operador De Linha De Montagem (Aparelhos Elétricos),2,2028.14
Araçoiaba da Serra,Sepultador,2,2144.3
Araçatuba,Técnico De Seguros,2,3604.32
Porto Feliz,Agente Funerário,2,2019.81
Itu,Técnico De Sistemas Audiovisuais,2,978.87
Araçatuba,Montador De Veículos (Linha De Montagem),2,2114.82
Araçoiaba da Serra,Gerente De Produção E Operações Da Construção Civil E Obras Públicas,2,2663.39
Porto Feliz,Supervisor De Contas A Pagar,2,3257.97
Itapetininga,"Corretor De Valores, Ativos Financeiros, Mercadorias E Derivativos",2,1963.26
Itapetininga,Supervisor De Caixas E Bilheteiros (Exceto Caixa De Banco),2,1659.34
Araçoiaba da Serra,Desenhista Projetista De Construção Civil,2,2555.22
Araçatuba,Moldador De Plástico Por Injeção,2,2599.68
Araçoiaba da Serra,Supervisor De Caixas E Bilheteiros (Exceto Caixa De Banco),2,2269.08
Araçatuba,Diretor De Produção,2,2437.1
Araçatuba,Auxiliar De Maquinista De Trem,2,978.88
Araçatuba,Assessor De Imprensa,2,2909.95
Araçatuba,Operador De Máquina Misturadeira (Tratamentos Químicos E Afins),2,2924.14
Cabreúva,Agente De Portaria,2,1663.18
Itu,Professor De Alunos Com Deficiência Visual,2,2373.34
Itapeva,Supervisor De Transportes,2,3484.77
Araçoiaba da Serra,Mecânico De Refrigeração,2,2127.05
Araçatuba,Enfermeiro De Terapia Intensiva,2,1705.13
Pindamonhangaba,Químico Industrial,2,12359.95
Ibiúna,Técnico Mecânico (Máquinas),2,2332.34
Cabreúva,Analista De Redes E De Comunicação De Dados,2,2911.44
Araçoiaba da Serra,Supervisor Da Manutenção E Reparação De Veículos Leves,2,1075
Itapeva,Desenhista Técnico (Construção Civil),2,2266.66
Itapetininga,Médico Infectologista,2,8472.23
Itu,Mestre De Ferramentaria,2,11120.94
Ibiúna,Governanta De Hotelaria,2,2004.6
Araçoiaba da Serra,Colorista Têxtil,2,2200.13
Piedade,Advogado,2,2068.86
Boituva,Analista De Transporte Em Comércio Exterior,2,4957.15
Araçoiaba da Serra,Fiscal De Loja,2,2019.96
Pindamonhangaba,Secretário  Bilíngüe,2,11282.53
Porto Feliz,Mecânico Montador De Turboalimentadores,2,3289.77
Itapetininga,Porteiro (Hotel),2,1783.13
Araçoiaba da Serra,Professores De Cursos Livres,2,4173.72
Porto Feliz,Técnico De Controle De Meio Ambiente,2,3629.83
Araçatuba,Chefe De Confeitaria,2,3144.27
Araçatuba,Trabalhador Polivalente Da Confecção De Calçados,2,2441.72
Piedade,Gerente De Suprimentos,2,9403.56
Itapetininga,Supervisor Da Manutenção E Reparação De Veículos Pesados,2,7244.74
Piedade,Supervisor De Compras,2,4927.18
Cabreúva,Montador De Veículos (Linha De Montagem),2,2034.54
Itupeva,Analista De Planejamento De Manutenção,2,4115.66
Itapetininga,Atendente De Lavanderia,2,879.57
Cabreúva,Forneiro E Operador (Refino De Metais Não-Ferrosos),2,2948.23
Pindamonhangaba,Mestre De Pintura (Tratamento De Superfícies),2,7572.07
Araçatuba,Supervisor De Lavanderia,2,1710.38
Itupeva,"Supervisor De Operação De Fluidos (Distribuição, Captação, Tratamento De Água, Gases, Vapor)",2,7371.54
Araçatuba,Tecnólogo Em Telecomunicações,2,1626.3
Araçatuba,Trabalhador Na Operação De Sistema De Irrigação Localizada (Microaspersão E Gotejamento),2,1970.66
Itapetininga,Administrador De Redes,2,8929.28
Itu,Árbitro De Futebol,2,2233.65
Araçatuba,Chefe De Bar,2,1754.11
Araçatuba,Mecânico De Manutenção De Instalações Mecânicas De Edifícios,2,1728.05
Araçatuba,Mecânico De Manutenção De Motores E Equipamentos Navais,2,1982.37
Cerquilho,Operador De Negócios,2,1426.84
Araçatuba,Tecnólogo Em Construção Civil,2,2772.28
Araçoiaba da Serra,Carpinteiro (Esquadrias),2,1625.1
Araçatuba,Operador De Carregadeira,2,2544.22
Cabreúva,"Mecânico De Manutenção De Aeronaves, Em Geral",2,1755.17
Araçoiaba da Serra,Técnico De Comunicação De Dados,2,1657.81
Araçatuba,Técnico Operacional De Serviços De Correios,2,9360.2
Pindamonhangaba,Calafetador,2,1792.9
Itupeva,Técnico Em Agrimensura,2,4878.38
Boituva,Técnico Mecânico Na Manutenção De Ferramentas,2,3483.27
Araçatuba,Operador De Rede De Teleprocessamento,2,2730.11
Araçoiaba da Serra,Operador De Máquina De Usinagem De Madeira (Produção Em Série),2,2835.52
Araçoiaba da Serra,Secretária(O) Executiva(O),2,4828.99
Araçatuba,"Moldador De Abrasivos Na Fabricação De Cerâmica, Vidro E Porcelana",2,1887.09
Pindamonhangaba,Educador Social,2,1791.97
Araçatuba,Operador De Cobrança Bancária,2,1568.17
Porto Feliz,Professor De Artes Do Espetáculo No Ensino Superior,2,2849.41
Araçatuba,Engenheiro Civil (Edificações),2,6059.25
Porto Feliz,Fisioterapeuta Esportivo,2,2880.82
Araçoiaba da Serra,Operador De Negócios,2,1976.01
Araçoiaba da Serra,Operador De Triagem E Transbordo,2,2071.78
Ibiúna,Instalador-Reparador De Redes E Cabos Telefônicos,2,2007.02
Araçatuba,Ascensorista,2,2259.59
Porto Feliz,Operador De Trator Florestal,2,1567.02
Itu,Engenheiro Eletricista,2,1926.86
Araçoiaba da Serra,Desenhista Técnico (Artes Gráficas),2,2078.03
Itapetininga,Corretor De Seguros,2,2805.01
Itupeva,Ouvidor,2,3205.36
Cabreúva,Inspetor De Serviços De Transportes Rodoviários (Passageiros E Cargas),2,4736.19
Itapetininga,Cortador De Vidro,2,1758.26
Porto Feliz,Operador De Britador De Mandíbulas,2,2893.57
Pindamonhangaba,Serrador De Madeira,2,1708.31
Araçatuba,Operador De Projetor Cinematográfico,2,1958.98
Itupeva,Operador De Processo De Tratamento De Imagem,2,6065.86
Porto Feliz,Mestre De Usinagem,2,3517.41
Araçoiaba da Serra,Vendedor  Permissionário,2,1678.5
Pindamonhangaba,Operador De Carregadeira,2,2543.05
Ibiúna,Ciclista Mensageiro,2,1917.2
Piedade,Professor De Dança,2,699.42
Porto Feliz,Modelador De Madeira,2,3245.66
Araçoiaba da Serra,Instalador-Reparador De Redes E Cabos Telefônicos,2,3153.48
Araçatuba,Vidraceiro (Edificações),2,1500
Araçatuba,Técnico De Painel De Controle,2,2480.84
Araçoiaba da Serra,Agente Funerário,2,2043.29
Itu,Médico Endocrinologista E Metabologista,2,3362.5
Araçatuba,Trabalhador Na Cultura Do Girassol,2,2396.86
Araçoiaba da Serra,Auxiliar De Serviços Jurídicos,2,1348.38
Araçatuba,Mestre (Indústria Petroquímica E Carboquímica),2,2741.08
Araçoiaba da Serra,Operador De Telemarketing Ativo E Receptivo,2,2657.13
Piedade,Mecânico De Manutenção De Motocicletas,2,1570.32
Cerquilho,Auxiliar De Biblioteca,2,1570.42
Araçatuba,Mestre De Produção Farmacêutica,2,3118.56
Araçoiaba da Serra,"Operador De Tesoura Mecânica E Máquina De Corte, No Acabamento De Chapas E Metais",2,2684.61
Itupeva,Engenheiro De Materiais,2,7216.08
Ibiúna,Técnico Em Atendimento E Vendas,2,2424.49
Porto Feliz,"Operador De Aparelho De Reação E Conversão (Produtos Químicos, Exceto Petróleo)",2,3948.31
Porto Feliz,"Operador De Processo (Química, Petroquímica E Afins)",2,5164.31
Araçoiaba da Serra,Cortador De Laminados De Madeira,2,1731.03
Porto Feliz,Maître,2,5959.2
Cerquilho,Professor De Nível Médio Na Educação Infantil,2,3138.22
Porto Feliz,Médico Pediatra,2,5158.49
Piedade,Operador De Prensa De Enfardamento,2,1700.89
Itu,Magarefe,2,1887
Araçoiaba da Serra,Operador De Máquina De Moldar Automatizada,2,1802.39
Porto Feliz,Tecelão (Tear Automático),2,2188.42
Pindamonhangaba,Operador De Máquina Copiadora (Exceto Operador De Gráfica Rápida),2,1612.01
Charqueada,Ajudante De Motorista,2,1480.19
Itu,Leiturista,2,1587.09
Araçatuba,Diretor De Planejamento Estratégico,2,2167.18
Araçatuba,Técnico De Manutenção Elétrica De Máquina,2,3052.24
Pindamonhangaba,Banhista De Animais Domésticos,2,1180.53
Itu,Eletrotécnico (Produção De Energia),2,6864.13
Dourado,Maître,2,3530.1
Araçatuba,"Cortador De Calçados, A  Máquina (Exceto Solas E Palmilhas)",2,1442.66
Itapeva,Operador De Inspeção De Qualidade,2,2193.26
Piedade,Chefe De Bar,2,1583.39
Araçatuba,Mestre Serralheiro,2,1845.27
Piedade,Desenhista Industrial Gráfico (Designer Gráfico),2,1175.11
Araçatuba,Localizador (Cobrador),2,2660.69
Araçoiaba da Serra,Trabalhador No Cultivo De Trepadeiras Frutíferas,2,1631.94
Boituva,Desenhista Detalhista,2,3316.52
Porto Feliz,"Trefilador De Metais, À Máquina",2,2247.68
Itupeva,Técnico Mecânico Na Manutenção De Ferramentas,2,6450.93
Araçoiaba da Serra,Trabalhador Da Cultura De Arroz,2,1281.72
Araçoiaba da Serra,Psicopedagogo,2,2590.71
Araçatuba,Revisor De Tecidos Acabados,2,1587.19
Americana,Diretor De Marketing,2,12525.2
Araçariguama,Demonstrador De Mercadorias,2,2040.43
Porto Feliz,Professores De Cursos Livres,2,2511.2
Ibiúna,Professores De Cursos Livres,2,1465.99
Cerquilho,Preparador De Sucata E Aparas,2,1720.03
Araçatuba,Professor De Sociologia No Ensino Médio,2,1500.47
Araçatuba,Professor De Língua Espanhola,2,457.27
Cabreúva,Operador De Guindaste (Fixo),2,2482.2
Itapetininga,Preparador De Tintas,2,2294.22
Araçatuba,Entrevistador De Pesquisa De Opinião E Mídia,2,1152.47
Ibiúna,Técnico Eletrônico,2,1666.86
Itapetininga,"Tecelão De Tapetes, A  Máquina",2,826.04
Araçatuba,Jornaleiro (Em Banca De Jornal),2,803.17
Pindamonhangaba,Acabador De Superfícies De Concreto,2,2055.21
Araçoiaba da Serra,"Eletricista De Instalações (Veículos Automotores E Máquinas Operatrizes, Exceto Aeronaves E Embarcações)",2,2596.27
Araçatuba,Operador De Instalação De Ar-Condicionado,2,3185.94
Dourado,Diretor De Serviços De Saúde,2,3773.69
Pindamonhangaba,Adestrador De Animais,2,2335.39
Pindamonhangaba,Operador De Caminhão (Minas E Pedreiras),2,2130.11
Pindamonhangaba,Operador De Aparelho De Flotação,2,2283.24
Araçoiaba da Serra,Publicitário,2,1367.95
Pindamonhangaba,Analista De Informações (Pesquisador De Informações De Rede),2,2864.6
Araçoiaba da Serra,Impressor (Serigrafia),2,4970.79
Itupeva,Operador De Torno Automático (Usinagem De Madeira),2,2915.61
Porto Feliz,Monitor De Dependente Químico,2,1265.85
Araçoiaba da Serra,Documentalista,2,4917.14
Pindamonhangaba,Pedreiro De Edificações,2,1870.24
Itu,Chefe De Contabilidade (Técnico),2,7863.19
Araçatuba,Queijeiro Na Fabricação De Laticínio,2,2298.99
Itupeva,Arquiteto De Edificações,2,7642.98
Araçariguama,Diretor Comercial,2,19943.14
Itu,Médico Otorrinolaringologista,2,6006.7
Piedade,Operador De Desempenadeira Na Usinagem Convencional De Madeira,2,2651.28
Itupeva,Professor De Física No Ensino Médio,2,2857.86
Itupeva,Professor De Serviço Social Do Ensino Superior,2,6675.74
Itapeva,Dirigente De Entidade De Trabalhadores,2,3901.7
Araçoiaba da Serra,Técnico De Manutenção Eletrônica,2,2501.64
Itapetininga,Esteticista,2,2004.1
Araçoiaba da Serra,Analista De Exportação E Importação,2,5017.98
Piedade,Analista De Suporte Computacional,2,2403.46
Araçatuba,Engenheiro Eletrônico,2,8146.2
Itu,Contramestre De Cabotagem,2,5001.7
Araçoiaba da Serra,"Supervisor De Operação Elétrica (Geração, Transmissão E Distribuição De Energia Elétrica)",2,4768.11
Cerquilho,Conferente Mercadoria (Exceto Carga E Descarga),2,1707.95
Araçoiaba da Serra,Caixa De Banco,2,3802.61
Cerquilho,Agente De Saúde Pública,2,2332.16
Araçoiaba da Serra,Gerente De Agência,2,12273.61
Araçoiaba da Serra,Gerente De Operação De Tecnologia Da Informação,2,11012.05
Araçatuba,"Desenhista Técnico De Embalagens, Maquetes E Leiautes",2,5195.7
Piedade,Preparador De Tintas,2,1601.13
Araçatuba,Agente De Ação Social,2,3818.95
Araçatuba,Tecnólogo Em Automação Industrial,2,6883.6
Araçoiaba da Serra,Engenheiro De Segurança Do Trabalho,2,7985.46
Charqueada,Auxiliar De Serviços Jurídicos,2,3114.27
Itu,Técnico Em Manutenção De Balanças,2,2718.22
Piedade,Mecânico De Manutenção E Instalação De Aparelhos De Climatização E  Refrigeração,2,1615.45
Piedade,Montador De Instrumentos De Óptica,2,1964.92
Itupeva,Mestre De Ferramentaria,2,9473.53
Dourado,Gerente De Contas - Pessoa Física E Jurídica,2,3785.13
Araçatuba,Técnico Mecânico Na Fabricação De Ferramentas,2,8540.44
Porto Feliz,Fonoaudiólogo Geral,2,3834.99
Piedade,Eletrotécnico (Produção De Energia),2,4357.94
Araçatuba,Desenvolvedor Web (Técnico),2,3084.72
Araçatuba,Engenheiro Florestal,2,6136.6
Cabreúva,"Salsicheiro (Fabricação De Lingüiça, Salsicha E Produtos Similares)",2,3441.93
Itupeva,Diretor De  Produção E Operações De Alimentação,2,18861.81
Araçoiaba da Serra,Médico Pediatra,2,7412.11
Cerquilho,Pedagogo,2,3633.79
Porto Feliz,Supervisor De Produção Na Mineração,2,6041.35
Piedade,Gerente De Departamento Pessoal,2,1698.8
Araçatuba,Gerente De Produção E Operações  Florestais,2,7341.02
Piedade,Pintor De Obras,2,1670.66
Araçatuba,Supervisor De Transportes,2,7915.38
Itapetininga,Vaqueador De Couros E Peles,2,2493.52
Itu,Mecânico De Manutenção De Bomba Injetora (Exceto De Veículos Automotores),2,3533.19
Araçatuba,Psicólogo Do Trabalho,2,4516.69
Cabreúva,Mecânico De Manutenção De Motores Diesel (Exceto De Veículos Automotores),2,1838.9
Cerquilho,Impressor Flexográfico,2,3044.32
Araçoiaba da Serra,Instrutor De Aprendizagem E Treinamento Industrial,2,7865.51
Itupeva,Diretor De Planejamento Estratégico,2,22917.78
Porto Feliz,Xaropeiro,2,1726.23
Americana,Mestre Serralheiro,2,3269.65
Itu,Instalador De Isolantes Acústicos,2,2502.24
Piedade,Pesquisador Em Ciências Da Pesca E Aqüicultura,2,2345.69
Cabreúva,Operador De Motoniveladora,2,2514.73
Cerquilho,Encarregado De Manutenção Mecânica De Sistemas Operacionais,2,6634.04
Araçoiaba da Serra,Farmacêutico Hospitalar E Clínico,2,2136.37
Itapetininga,Desenhista Técnico (Artes Gráficas),2,3573.6
Itupeva,Reparador De Aparelhos Eletrodomésticos (Exceto Imagem E Som),2,2775.25
Cerquilho,Supervisor De Lavanderia,2,2105.89
Araçoiaba da Serra,Criador De Eqüínos,2,1130.55
Itapetininga,Pintor De Letreiros,2,1778.12
Itapetininga,Agente Fiscal De Qualidade,2,2088.84
Itu,Supervisor De Usina De Concreto,2,4105.65
Itupeva,Engenheiro Químico,2,13871.9
Ibiúna,Operador De Acabamento (Indústria Gráfica),2,1777.76
Itu,Gerente De Produção E Operações  Florestais,2,12975.33
Itapeva,Impressor Flexográfico,2,1504.6
Itupeva,Administrador De Edifícios,2,2726.74
Porto Feliz,Operador De Telemarketing Receptivo,2,1266.35
Pindamonhangaba,Operador De Máquina De Cilindrar Chapas,2,3307.96
Araçoiaba da Serra,Gerente De Restaurante,2,2952.33
Araçatuba,Engenheiro Ambiental,2,9058.13
Pindamonhangaba,Técnico Em Tratamento De Efluentes,2,4028.09
Araçariguama,Tecnólogo Em Gestão Da Tecnologia Da Informação,2,1494.53
Charqueada,Gerente De Recursos Humanos,2,3663.28
Pindamonhangaba,Mecânico De Manutenção De Tratores,2,3255.98
Cabreúva,Cortador De Roupas,2,2014.16
Pindamonhangaba,Controlador De Serviços De Máquinas E Veículos,2,3415.44
Americana,Professor De Antropologia Do Ensino Superior,2,1081.53
Cabreúva,Operador De Binadeira,2,1825.34
Araçariguama,Desenhista Projetista Mecânico,2,3282.86
Cabreúva,Operador De Prensa De Enfardamento,2,1781.99
Piedade,Operador De Negócios,2,2052.6
Araçariguama,Médico Veterinário,2,7124.68
Pindamonhangaba,Tecnólogo Em Meio Ambiente,2,5178.44
Charqueada,Caixa De Banco,2,3625.86
Piedade,Supervisor De Controle Patrimonial,2,2822.12
Itapetininga,Professor De Computação (No Ensino Superior),2,858.02
Americana,Desenhista Técnico Aeronáutico,2,6342.36
Piedade,Professor Instrutor De Ensino E Aprendizagem Em Serviços,2,2753.9
Itu,Mecânico De Manutenção De Aparelhos De Levantamento,2,3048.49
Piedade,Instrutor De Cursos Livres,2,2555.77
Araçatuba,Mestre De Galvanoplastia,2,3703.01
Americana,Médico Cirurgião Pediátrico,2,5513.24
Macatuba,Gerente De Serviços Sociais,2,3844.06
Americana,Técnico De Manutenção De Sistemas E Instrumentos,2,5693.77
Pindamonhangaba,Operador De Rede De Teleprocessamento,2,4078.86
Itapetininga,Operador De Ponte Rolante,2,2285.86
Macatuba,Gerente De Produção E Operações  Florestais,2,7246.73
Americana,Supervisor De Produção Na Mineração,2,4829.4
Americana,Colorista De Papel,2,4115.69
Americana,"Técnico De Operação (Química, Petroquímica E Afins)",2,1761.55
Americana,Técnico Têxtil De Malharia,2,4218
Macatuba,Diretor Geral De Empresa E Organizações (Exceto De Interesse Público),2,7213.39
Americana,Agente Fiscal De Qualidade,2,3808.19
Macatuba,Trabalhador Na Operação De Sistemas Convencionais De Irrigação Por Aspersão,2,4281.07
Piedade,Motorista Operacional De Guincho,2,2114.97
Macatuba,Gerente De Departamento Pessoal,2,3800.84
Porto Feliz,Técnico Em Atendimento E Vendas,2,1766.23
Macatuba,Agente Fiscal De Qualidade,2,4761.77
Piedade,Tecnólogo Em Radiologia,2,3517.98
Araçatuba,Diretor De Recursos Humanos,2,13366.57
Piedade,Técnico De Manutenção Elétrica,2,5784.19
Pindamonhangaba,Mestre Carpinteiro,2,4626.02
Macatuba,Analista De Suporte Computacional,2,4570.24
Pindamonhangaba,Gerente De Produtos Bancários,2,7241.93
Cabreúva,Professor De Educação Artística Do Ensino Fundamental,2,2112.11
Araçoiaba da Serra,Engenheiros De Sistemas Operacionais Em Computação,2,9252.52
Itapetininga,Arquivista,2,941.68
Macatuba,Encarregado De Manutenção Mecânica De Sistemas Operacionais,2,5827.93
Araçoiaba da Serra,Secretário - Executivo,2,3126.9
Macatuba,Conferente Mercadoria (Exceto Carga E Descarga),2,3368.36
Piedade,Bibliotecário,2,5000.01
Macatuba,Operador De Máquinas De Beneficiamento De Produtos Agrícolas,2,2569.01
Macatuba,Instrutor De Cursos Livres,2,2261.95
Itupeva,Operador De Jato Abrasivo,2,2665.97
Itapetininga,Dançarino Tradicional,2,961
Americana,Operador De Compactadora De Solos,2,1274.68
Macatuba,Assentador De Canalização (Edificações),2,1570.68
Itapetininga,Psicopedagogo,2,1354.18
Americana,Moleiro De Minérios,2,3920.34
Pindamonhangaba,Engenheiro Mecânico Industrial,2,8885.53
Charqueada,Porteiro De Edifícios,2,1686.47
Americana,"Macheiro, A  Máquina",2,3347.29
Araçariguama,Selecionador De Material Reciclável,2,3530.8
Cerquilho,Contramestre De Malharia (Indústria Têxtil),2,2423.38
Charqueada,Conferente De Carga E Descarga,2,2214.41
Araçariguama,Técnico De Matéria-Prima E Material,2,4971.96
Araçariguama,Operador De Britadeira (Tratamentos Químicos E Afins),2,3534.45
Itupeva,Tratador De Animais,2,1778.22
Pindamonhangaba,Técnico De Telecomunicações (Telefonia),2,3167.24
Araçariguama,Consultor Jurídico,2,10571.6
Araçariguama,Gerente De Operações De Transportes,2,8931.92
Macatuba,Operador De Britadeira (Tratamentos Químicos E Afins),2,1381.15
Pindamonhangaba,Monitor De Dependente Químico,2,1184.38
Itupeva,Técnico De Mineração,2,5443.65
Itapetininga,Professor De Nível Superior Na Educação Infantil (Zero A Três Anos),2,908.7
Araçatuba,Técnico Em Mecatrônica - Robótica,2,3176.93
Macatuba,Nutricionista,2,4998.98
Pindamonhangaba,Operador De Filtro-Prensa (Tratamentos Químicos E Afins),2,2407.74
Charqueada,Marmorista (Construção),2,2199.24
Americana,Engenheiro De Aplicativos Em Computação,2,9844.19
Macatuba,Pesquisador Em Biologia De Microorganismos E Parasitas,2,8549.08
Pindamonhangaba,Enfermeiro De Terapia Intensiva,2,1533.31
Cabreúva,Professor De Física No Ensino Médio,2,3377.72
Itu,Profissonal De Relações Internacionais,2,22632.1
Charqueada,Cortador De Laminados De Madeira,2,1497.14
Araçariguama,Operador De Acabamento De Peças Fundidas,2,2048.7
Americana,Escriturário  Em  Estatística,2,2025.7
Americana,Supervisor De Transportes,2,2852.75
Itapetininga,Operador De Máquina De Usinagem De Madeira (Produção Em Série),2,2704.13
Americana,Engenheiro Eletricista De Manutenção,2,6134.99
Pindamonhangaba,Supervisor De Controle Patrimonial,2,6452.98
Araçariguama,Costureira De Peças Sob Encomenda,2,2907.26
Ibiúna,Vigia Portuário,2,3597.32
Porto Feliz,Operador De Linha De Montagem (Aparelhos Eletrônicos),2,1518.75
Pindamonhangaba,"Supervisor De Operação De Fluidos (Distribuição, Captação, Tratamento De Água, Gases, Vapor)",2,8108.2
Araçatuba,Técnico De Controle De Meio Ambiente,2,4673.18
Itu,Moço De Convés (Marítimo E Fluviário),2,7563.38
Boituva,Técnico De Manutenção Elétrica De Máquina,2,5728.73
Itu,"Macheiro, A Mão",2,3116.68
Araçariguama,Supervisor De Manutenção Elétrica De Alta Tensão Industrial,2,5587.95
Itupeva,"Macheiro, A Mão",2,2941.02
Boituva,Mestre (Indústria Petroquímica E Carboquímica),2,4887.78
Boituva,Técnico Em Patologia Clínica,2,3452.65
Cerquilho,Tecnólogo Em Radiologia,2,3903.16
Itapetininga,Queijeiro Na Fabricação De Laticínio,2,1495
Porto Feliz,Gerente De Produção E Operações  Florestais,2,21590.62
Porto Feliz,Avicultor,2,1540
Boituva,Sondador De Poços (Exceto De Petróleo E Gás),2,3817.12
Araçariguama,Montador De Equipamentos Eletrônicos (Máquinas Industriais),2,1897.83
Boituva,Oleiro (Fabricação De Tijolos),2,2296.8
Araçariguama,Operador De Fresadora Com Comando Numérico,2,2749.04
Boituva,Marcador De Produtos (Siderúrgico E Metalúrgico),2,2668.73
Boituva,Operador De Acabamento De Peças Fundidas,2,1853.59
Boituva,Fermentador,2,3760.98
Itu,Diretor De Recursos Humanos,2,22698.45
Araçatuba,Maître,2,1490.95
Araçatuba,Piloto Comercial (Exceto Linhas Aéreas),2,16329.9
Americana,Tecnólogo Em Produção Industrial,2,3604.63
Itapetininga,Operador De Impermeabilizador De Tecidos,2,1544.63
Araçatuba,Gerente De Serviços Culturais,2,11396.5
Charqueada,Jardineiro,2,1515.2
Boituva,Auxiliar De Enfermagem Do Trabalho,2,2032.48
Cerquilho,Engenheiro Eletrônico,2,2357.87
Americana,Operador De Britador De Mandíbulas,2,3278.46
Dourado,Operador De Máquinas De Usinar Madeira (Cnc),2,2445.47
Boituva,Caminhoneiro Autônomo (Rotas Regionais E Internacionais),2,2119.78
Charqueada,Documentalista,2,1870.67
Itu,Técnico De Enfermagem Da Estratégia De Saúde Da Família,2,1142.13
Cerquilho,Xaropeiro,2,1331.61
Araçatuba,Impressor Digital,2,843.5
Boituva,Oleiro (Fabricação De Telhas),2,1602.11
Dourado,Monitor De Transporte Escolar,2,1386.77
Itupeva,Auxiliar De Estatística,2,10764.11
Dourado,Técnico Em Radiologia E Imagenologia,2,5933.69
Itapetininga,Desenhista Detalhista,2,4046.37
Ibiúna,Pintor De Veículos (Fabricação),2,2140.57
Pindamonhangaba,Avaliador De Bens Móveis,2,2285.4
Cerquilho,Agente De Viagem,2,1529.32
Araçatuba,Operador De Triagem E Transbordo,2,4243.91
Boituva,Oxicortador A Mão E A  Máquina,2,1910.38
Ibiúna,Contramestre De Acabamento (Indústria Têxtil),2,3072.97
Porto Feliz,Professor De Educação Física No Ensino Médio,2,805.1
Boituva,Bamburista,2,1837.03
Itapeva,"Bordador, À Máquina",2,1330.14
Itupeva,Secretário  Bilíngüe,2,15559.69
Araçatuba,"Diretor De Produção E Operações Da Indústria De Transformação, Extração Mineral E Utilidades",2,20269.23
Americana,Tecnólogo Em Gestão Da Tecnologia Da Informação,2,2320.5
Itu,Gravador De Matriz Serigráfica,2,2928.93
Americana,Decorador De Interiores De Nível Superior,2,3551
Itapetininga,Professor De Psicologia Do Ensino Superior,2,671.41
Americana,Gerontólogo,2,5219.87
Itapetininga,Desenhista Projetista Mecânico,2,3572.45
Araçariguama,Garagista,2,2432.03
Boituva,Editor De Texto E Imagem,2,1745.12
Macatuba,Gerente De Agência,2,9902.59
Cerquilho,Professor De Educação Física Do Ensino Fundamental,2,2754.49
Itupeva,Babá,2,13949.43
Boituva,Jóquei,2,1522.72
Itu,Encarregado De Costura Na Confecção Do Vestuário,2,2828.29
Dourado,Analista De Desenvolvimento De Sistemas,2,2429.41
Cerquilho,Economista Do Setor Público,2,2431.35
Dourado,Impressor De Ofsete (Plano E Rotativo),2,1356.3
Araçatuba,Auxiliar De Banco De Sangue,2,2082.86
Dourado,Gerente De Logística (Armazenagem E Distribuição),2,2705.7
Araçatuba,Serrador De Madeira,2,1515.93
Itapetininga,Modelista De Roupas,2,1667.2
Araçoiaba da Serra,Professor De Língua Portuguesa,2,1693.14
Macatuba,Consultor Jurídico,2,6660.72
Itapeva,Supervisor Da Aqüicultura,2,2319.51
Cerquilho,Consultor Jurídico,2,4574.91
Cerquilho,Técnico De Saneamento,2,3484.23
Itupeva,Advogado,2,3266.84
Dourado,Farmacêutico Em Saúde Pública,2,3176.59
Itupeva,"Encarregado De Manutenção De Instrumentos De Controle, Medição E Similares",2,2572.07
Boituva,Laminador De Plástico,2,2327.11
Itu,Operador De Máquina Misturadeira (Tratamentos Químicos E Afins),2,1813.56
Itapetininga,Operador De Máquina De Fundição,2,1262.31
Cerquilho,Cortador De Pedras,2,2032.23
Charqueada,Instalador-Reparador De Linhas E Aparelhos De Telecomunicações,2,1846.82
Araçatuba,Engenheiro Metalurgista,2,7752.43
Cerquilho,Preparador De Rações,2,1409.98
Cerquilho,Sushiman,2,1758.13
Cerquilho,Lavador De Roupas,2,2325.76
Porto Feliz,Engenheiro De Alimentos,2,16931.79
Araçatuba,"Supervisor De Operação Elétrica (Geração, Transmissão E Distribuição De Energia Elétrica)",2,7819.59
Charqueada,Motofretista,2,1566.53
Americana,Mecânico De Manutenção De Máquinas Gráficas,2,4337.92
Itapeva,Professores De Cursos Livres,2,1283.28
Cerquilho,Desenhista Técnico,2,3334.66
Porto Feliz,Gerente De Desenvolvimento De Sistemas,2,6100.93
Americana,Xaropeiro,2,1316.97
Charqueada,Técnico Em Administração,2,1443.86
Itupeva,Visual Merchandiser,2,8652.48
Pindamonhangaba,Representante Comercial Autônomo,2,1326.32
Itupeva,Técnico Mecânico Na Fabricação De Ferramentas,2,2650.92
Boituva,Garagista,2,1317.43
Piedade,Professor De Artes No Ensino Médio,2,1016.17
Dourado,Operador De Mídia Audiovisual,2,1736.53
Macatuba,Terapeuta Ocupacional,2,4291.26
Itapeva,Mecânico De Manutenção De Bomba Injetora (Exceto De Veículos Automotores),2,2990.47
Pindamonhangaba,Professor De Língua Espanhola,2,1505.73
Cerquilho,Ajustador Mecânico Em Bancada,2,4819.52
Boituva,Tecnólogo Em Automação Industrial,2,8163.56
Cerquilho,Topógrafo,2,2239.92
Araçariguama,Supervisor De Caixas E Bilheteiros (Exceto Caixa De Banco),2,2060.36
Araçatuba,Operador De Sonda Rotativa,2,0
Cerquilho,Gerente De Suporte Técnico De Tecnologia Da Informação,2,1496.79
Itu,Administrador Em Segurança Da Informação,2,7596.79
Cerquilho,Professor De Língua Portuguesa,2,2289.26
Araçoiaba da Serra,Médico Ginecologista E Obstetra,2,6532.57
Ibiúna,"Mecânico De Manutenção De Máquinas Cortadoras De Grama, Roçadeiras, Motosserras E Similares",2,933.86
Itu,Cafeicultor,2,1268.86
Araçariguama,Analista De Sistemas De Automação,2,11990.82
Piedade,Operador De Motosserra,2,790.41
Cabreúva,Desenhista Industrial Gráfico (Designer Gráfico),2,1911.68
Cerquilho,Tecnólogo Em Secretariado Escolar,2,1900.34
Americana,Eletromecânico De Manutenção De Elevadores,2,3444.24
Dourado,Fiscal De Tributos Municipal,2,2612.16
Itapetininga,Gerente De Almoxarifado,2,2061.15
Itu,Atendente De Lavanderia,2,1326.79
Cerquilho,Professor De Sociologia No Ensino Médio,2,1325.47
Boituva,Administrador De Redes,2,7529.19
Pindamonhangaba,Cortador De Roupas,2,1325.87
Boituva,"Supervisor De Operação De Fluidos (Distribuição, Captação, Tratamento De Água, Gases, Vapor)",2,5194.56
Boituva,Diretor De Operações De Serviços De Transporte,2,32566.1
Itupeva,Médico Endocrinologista E Metabologista,2,10903.59
Pindamonhangaba,Engenheiro Químico (Utilidades E Meio Ambiente),2,5219.85
Dourado,Copeiro,2,1902.73
Macatuba,Esteticista De Animais Domésticos,2,1514.91
Dourado,Operador De Incubadora,2,2132.89
Itu,Passadeira De Peças Confeccionadas,2,1759.01
Macatuba,Promotor De Vendas,2,1832.02
Itapetininga,Vendedor Ambulante,2,1854.47
Cabreúva,Técnico Em Mecatrônica - Robótica,2,8747.58
Itapeva,Bloqueiro (Trabalhador Portuário),2,1500
Piedade,Supervisor De Almoxarifado,2,3212.77
Cabreúva,Analista De Folha De Pagamento,2,4408.84
Piedade,Ciclista Mensageiro,2,2841.78
Itapeva,Telhador (Telhas De Argila E Materiais Similares),2,1448.88
Ibiúna,Gerente De Marketing,2,6370.39
Americana,Mecânico Montador De Motores De Explosão E Diesel,2,2789.63
Itapetininga,Técnico Em Automobilística,2,2380.84
Cerquilho,Riscador De Roupas,2,1551.88
Piedade,Banhista De Animais Domésticos,2,1461
Cerquilho,Planejista,2,1629.7
Americana,Torneiro Na Usinagem Convencional De Madeira,2,4148.08
Dourado,Impressor De Corte E Vinco,2,842.54
Itapetininga,Inspetor De Risco,2,1450.55
Americana,Calceteiro,2,1916.26
Macatuba,Gerente De Compras,2,4447.14
Itapetininga,Professor De Dança,2,561.28
Macatuba,Operador De Máquina De Envasar Líquidos,2,1600.45
Cerquilho,Operador De Zincagem (Processo Eletrolítico),2,1013.14
Americana,Operador De Equipamentos De Preparação De Areia,2,2472.87
Itupeva,Técnico De Telecomunicações (Telefonia),2,323.87
Cabreúva,Bombeiro Civil,2,3941.03
Dourado,Operador De Máquinas Operatrizes,2,2172.26
Cabreúva,Afiador De Serras,2,3204.58
Itapeva,Auxiliar De Laboratório De Imunobiológicos,2,1698.22
Cerquilho,Mecânico De Manutenção De Motocicletas,2,2036.51
Cabreúva,Técnico De Contabilidade,2,7514.8
Piedade,Professor De Terapia Ocupacional,2,4548.02
Cabreúva,Governanta De Hotelaria,2,2589.73
Araçoiaba da Serra,Trabalhador Na Olericultura (Legumes),2,1225.76
Cabreúva,Supervisor De Cobrança,2,2338.55
Cabreúva,Encarregado De Equipe De Conservação De Vias Permanentes (Exceto Trilhos),2,2832.16
Itupeva,Concierge,2,8801.72
Itu,Procurador Do Município,2,9183.81
Itapeva,Ajustador Mecânico (Usinagem Em Bancada E Em Máquinas-Ferramentas),2,1563.88
Piedade,Monitor De Sistemas Eletrônicos De Segurança Interno,2,1501.31
Dourado,Contínuo,2,1847.65
Cabreúva,Analista De Planejamento E Orçamento - Apo,2,3177.81
Cabreúva,Moleiro (Tratamentos Químicos E Afins),2,2655.53
Itapeva,"Salsicheiro (Fabricação De Lingüiça, Salsicha E Produtos Similares)",2,2610.16
Araçatuba,Operador De Sonda De Percussão,2,1758.3
Dourado,Controlador De Serviços De Máquinas E Veículos,2,2616.36
Cabreúva,Biólogo,2,3610.99
Cabreúva,Operador De Usinagem Convencional Por Abrasão,2,2902.85
Cabreúva,Preparador De Estruturas Metálicas,2,2853.15
Cabreúva,Farmacêutico Industrial,2,2512.14
Porto Feliz,Diretor Comercial,2,16727.88
Araçoiaba da Serra,Pesquisador Em Medicina Veterinária,2,5109.88
Macatuba,Técnico De Obras Civis,2,5232
Macatuba,Auxiliar De Cartório,2,1187.34
Araçoiaba da Serra,Adestrador De Animais,2,1406.22
Itapeva,Operador De Máquina De Dobrar Chapas,2,1832.49
Porto Feliz,Intérprete,2,7922.81
Cabreúva,Técnico Em Manutenção De Máquinas,2,2502.76
Cerquilho,Operador De Draga,2,1901.24
Dourado,Gerente De Projetos E Serviços De Manutenção,2,4414.31
Cabreúva,Agente Funerário,2,2148.59
Cerquilho,Diretor De Suprimentos,2,3674.56
Cabreúva,Cozinheiro De Hospital,2,2138.39
Americana,Traçador De Pedras,2,2687.36
Macatuba,Contínuo,2,1755.5
Cabreúva,Professor De História Do Ensino Fundamental,2,3254.73
Piedade,Supervisor De Carga E Descarga,2,2282.99
Cabreúva,Agente De Defesa Ambiental,2,2678.13
Cerquilho,Corretor De Seguros,2,2035.07
Cabreúva,Gerente De Produção E Operações Agropecuárias,2,1871.02
Cerquilho,Advogado,2,2147
Cabreúva,Encarregado Geral De Operações De Conservação De Vias Permanentes (Exceto Trilhos),2,3671.19
Porto Feliz,Gerente De Produção E Operações Da Construção Civil E Obras Públicas,2,16357.72
Cerquilho,Operador De Bomba De Concreto,2,2560.63
Itu,Médico Cardiologista,2,11305.2
Cerquilho,Analista De Transporte Em Comércio Exterior,2,2799.79
Cabreúva,Classificador De Madeira,2,1631.68
Americana,Supervisor De Controle Patrimonial,2,5545.4
Itapeva,Supervisor Da Manutenção E Reparação De Veículos Pesados,2,5427.08
Cerquilho,"Encarregado De Manutenção De Instrumentos De Controle, Medição E Similares",2,3068.54
Itupeva,Encarregado De Corte Na Confecção Do Vestuário,2,2020.99
Macatuba,Gerente De Vendas,2,3865.2
Cerquilho,Camareiro  De Hotel,2,1217.53
Americana,Impressor Tipográfico,2,3484.06
Cerquilho,Engenheiro Civil,2,3641.44
Cerquilho,Motorista Operacional De Guincho,2,1610.49
Dourado,Caminhoneiro Autônomo (Rotas Regionais E Internacionais),2,2508.97
Boituva,Operador De Draga,2,2377.01
Dourado,Instalador De Sistemas Eletroeletrônicos De Segurança,2,1847.26
Ibiúna,Técnico Em Secretariado,2,1580.13
Cerquilho,Alambiqueiro,2,2522.73
Itapeva,"Bobinador Eletricista, À Mão",2,1694.78
Dourado,Gerente De Serviços Culturais,2,2652.14
Cabreúva,Operador De Abertura (Fiação),2,1799.27
Charqueada,Agente De Trânsito,2,2532.69
Macatuba,Caseiro (Agricultura),2,1728.61
Itu,Técnico Em Piscicultura,2,1564.38
Itapetininga,Guardador De Veículos,2,1215.41
Americana,Calandrista De Borracha,2,3335.86
Americana,Tecelão De Meias (Máquina Circular),2,2161.51
Dourado,Mecânico De Veículos Automotores A Diesel (Exceto Tratores),2,1421.33
Pindamonhangaba,"Operador De Bobinadeira De Tiras A Quente, No Acabamento De Chapas E Metais",2,2875.13
Araçariguama,Operador De Processo De Moagem,2,2305.18
Cabreúva,Queijeiro Na Fabricação De Laticínio,2,1698.95
Araçatuba,Médico Otorrinolaringologista,2,6850.78
Piedade,Médico Ortopedista E Traumatologista,2,9029.48
Charqueada,Lavador De Roupas  A Maquina,2,2135.11
Itapeva,Professor De Línguas Estrangeiras Modernas,2,947.63
Cabreúva,Técnico Em Secretariado,2,2121.39
Araçariguama,Instrutor De Cursos Livres,2,2047.19
Cabreúva,Instalador-Reparador De Redes Telefônicas E De Comunicação De Dados,2,1744.11
Americana,Decapador,2,2751.64
Americana,Babá,2,1518.03
Americana,Tesoureiro De Banco,2,2261.62
Araçoiaba da Serra,Desenhista Projetista Mecânico,2,3013.31
Macatuba,Cozinheiro Do Serviço Doméstico,2,1530.37
Cerquilho,Polidor De Metais,2,1405.79
Cerquilho,Eletrotécnico (Produção De Energia),2,5053.1
Cabreúva,Técnico Em Soldagem,2,3702.6
Araçariguama,Agente De Portaria,2,1833.21
Macatuba,Analista De Pesquisa De Mercado,2,2323.81
Americana,Operador De Máquinas De Beneficiamento De Produtos Agrícolas,2,1799.65
Macatuba,Funileiro Industrial,2,942.26
Macatuba,Secretária Trilíngüe,2,1237.5
Macatuba,"Pintor, A  Pistola (Exceto Obras E Estruturas Metálicas)",2,2109.14
Macatuba,Operador De Computador,2,2283.7
Macatuba,Analista De Sistemas De Automação,2,4359.25
Macatuba,Gerente De Pesquisa E Desenvolvimento (P&D),2,27622.03
Ibiúna,Professor De Biologia No Ensino Médio,2,1064.63
Charqueada,Mestre (Indústria Petroquímica E Carboquímica),2,4558.24
Itapetininga,Diretor Comercial,2,6640.64
Americana,Técnico De Sistemas Audiovisuais,2,2192.18
Dourado,Gerente De Produção E Operações,2,7572.59
Cabreúva,Cozinhador (Conservação De Alimentos),2,1485.43
Itupeva,Limpador De Piscinas,2,2914.98
Porto Feliz,Topógrafo,2,1323.14
Macatuba,Desenhista Industrial De Produto De Moda (Designer De Moda),2,5151.69
Cabreúva,Técnico Mecânico (Motores),2,1523.26
Itapeva,Técnico Do Mobiliário,2,1979.86
Boituva,Operador De Equipamento De Destilação De Álcool,2,0
Araçatuba,Operador De Filtro-Prensa (Tratamentos Químicos E Afins),2,1706.88
Charqueada,Operador De Máquinas De Construção Civil E Mineração,2,4507.11
Araçariguama,Operador De Ponte Rolante,2,1999.73
Americana,Arrematadeira,2,1262.26
Boituva,Produtor De Televisão,2,8603.47
Cerquilho,Diretor De Tecnologia Da Informação,2,7709.68
Araçariguama,Técnico De Obras Civis,2,6283.15
Pindamonhangaba,Agente Fiscal Metrológico,2,4064.53
Pindamonhangaba,Professor De Sociologia No Ensino Médio,2,1906.05
Itapetininga,Jornalista,2,2968.48
Cerquilho,Diretor Administrativo,2,4534.79
Americana,Mecânico De Manutenção De Bombas,2,1814.22
Araçariguama,Recepcionista De Hotel,2,1731.93
Piedade,Despachante Documentalista,2,3078.34
Dourado,Operador De Trator Florestal,2,2186.3
Itapetininga,Editor,2,6703
Itapeva,Operador De Triagem E Transbordo,2,1828.48
Araçariguama,Auxiliar De Cartório,2,1868.26
Itapetininga,Cozinheiro Industrial,2,664.5
Itu,Criador De Bovinos (Leite),2,2341.15
Boituva,Mestre De Produção Química,2,4261.88
Araçatuba,Laminador De Plástico,2,1549.19
Araçoiaba da Serra,Ceramista Prensador,2,1403.66
Araçatuba,Ceramista,2,1331.81
Itapeva,Cortador De Laminados De Madeira,2,2222.49
Cabreúva,Supervisor De Fabricação De Produtos De Vidro,2,10059.15
Itupeva,Operador Polivalente Da Indústria Têxtil,2,899.75
Boituva,"Técnico Mecânico (Calefação, Ventilação E Refrigeração)",2,2152.72
Itupeva,Administrador De Sistemas Operacionais,2,4079.35
Itu,Editor,2,1970.46
Cerquilho,Gerente De Operações De Transportes,2,12114.64
Itupeva,Funileiro Industrial,2,0
Boituva,Agente De Viagem,2,2150.49
Itapetininga,Cuidador Em Saúde,2,1279.2
Ibiúna,Professor De Matemática Do Ensino Fundamental,2,2643.46
Itapeva,Pizzaiolo,2,1128.95
Araçariguama,Diretor De Instituição Educacional Da Área Privada,2,578.84
Charqueada,Operador De Estação De Tratamento De Água E Efluentes,2,1290.2
Itapetininga,Analista De Folha De Pagamento,2,2831.76
Itapetininga,Técnico Mecânico (Máquinas),2,1704.11
Itapetininga,Redator De Textos Técnicos,2,7160.3
Itu,Entregador De Publicações,2,494.22
Ibiúna,Técnico Mecânico (Motores),2,2594.35
Ibiúna,Montador De Instrumentos De Óptica,2,1785.61
Araçariguama,Pedreiro De Edificações,2,1631.88
Araçatuba,"Confeccionador De Instrumentos De Percussão (Pele, Couro Ou Plástico)",2,1499.74
Piedade,Supervisor De Recepcionistas,2,3126.3
Americana,Diretor De Criação,2,4482.32
Itu,Tecnólogo Em Fabricação Mecânica,2,7470.29
Boituva,Supervisor De Transportes,2,5031.81
Itapeva,Agente De Ação Social,2,3646.84
Boituva,Supervisor De Controle Patrimonial,2,3942.31
Cerquilho,Professor De Língua E Literatura Brasileira No Ensino Médio,2,3212.74
Itapeva,Professor De Química No Ensino Médio,2,2342.47
Itapeva,Analista De Cobrança (Instituições Financeiras),2,1495.83
Ibiúna,Auxiliar De Biblioteca,2,1815.69
Itapeva,Fiscal De Transportes Coletivos (Exceto Trem),2,5747.77
Ibiúna,Gerente De Logística (Armazenagem E Distribuição),2,6942.91
Cerquilho,Professor De Matemática No Ensino Médio,2,2519.64
Itupeva,Mestre De Siderurgia,2,7127.4
Itapetininga,Técnico Em Estruturas Metálicas,2,3556.7
Boituva,Técnico De Matéria-Prima E Material,2,4483.47
Americana,Filtrador De Cerveja,2,2117.55
Itapetininga,Tecnólogo Em Segurança Do Trabalho,2,6113.37
Itu,Operador De Guindaste (Fixo),2,2112.5
Itupeva,Técnico Em Manutenção De Instrumentos De Medição E Precisão,2,9710.61
Pindamonhangaba,Metalizador A Pistola,2,3906.34
Boituva,Tecnólogo Em Radiologia,2,2626.23
Cerquilho,Recepcionista De Hotel,2,2160.76
Itapeva,Corretor De Imóveis,2,1293.34
Itu,Médico Oftalmologista,2,5379.77
Itapetininga,Procurador Do Município,2,4196.06
Boituva,Supervisor De Compras,2,3437.09
Itapeva,Enfermeiro Do Trabalho,2,5461.6
Itupeva,"Técnico Mecânico (Calefação, Ventilação E Refrigeração)",2,2147.82
Araçatuba,Mestre (Indústria De Automotores E Material De Transportes),2,5111.31
Itupeva,Gerente De Infraestrutura De Tecnologia Da Informação,2,13786.82
Araçariguama,Técnico De Fundição Em Siderurgia,2,3883.59
Boituva,Designer De Interiores,2,3255.22
Ibiúna,Lavador De Roupas,2,2333.24
Itapeva,Técnico Em Mecânica De Precisão,2,4578.1
Piedade,Engenheiro De Minas (Processo),2,4309.24
Araçariguama,Eletromecânico De Manutenção De Portas Automáticas,2,2514.6
Itupeva,Engenheiro Mecatrônico,2,11955.31
Piedade,Diretor De Serviços De Saúde,2,5273.8
Araçatuba,Professor De Psicologia No Ensino Médio,2,1460.3
Itapeva,Advogado De Empresa,2,3118.14
Boituva,Gerente De Suprimentos,2,3820.7
Porto Feliz,Inspetor De Risco,2,1598.5
Pindamonhangaba,Supervisor De Digitação E Operação,2,3582.63
Pindamonhangaba,Soldador A  Oxigás,2,1090.85
Itapetininga,Engenheiro Ambiental,2,7343.53
Itapeva,Eletricista De Instalações (Edifícios),2,1234.29
Itapetininga,Professor De Educação Artística Do Ensino Fundamental,2,1781.53
Itapetininga,Instrumentador Cirúrgico,2,2528.9
Pindamonhangaba,"Operador De Máquina Eletroerosão, À Fio, Com Comando Numérico",2,2924.93
Dourado,Terapeuta Ocupacional,2,2130.78
Araçoiaba da Serra,Encarregado De Acabamento De Chapas E Metais  (Têmpera),2,3724.68
Itu,Supervisor De Manutenção Elétrica De Alta Tensão Industrial,2,2510.82
Araçatuba,Mecânico De Manutenção De Bomba Injetora (Exceto De Veículos Automotores),2,2504.8
Pindamonhangaba,"Encarregado De Manutenção De Instrumentos De Controle, Medição E Similares",2,2748.12
Itapetininga,Trabalhador No Cultivo De Flores Em Vaso,2,1692.97
Itapeva,Supervisor De Exploração Pecuária,2,2131.43
Americana,Advogado (Áreas Especiais),2,6122.52
Araçoiaba da Serra,Contínuo,2,1393.01
Itapeva,Tesoureiro De Banco,2,2922.39
Piedade,Cobrador De Transportes Coletivos (Exceto Trem),2,1841.47
Itupeva,Mestre De Soldagem,2,4647.66
Ibiúna,Mecânico De Manutenção De Bomba Injetora (Exceto De Veículos Automotores),2,2773.88
Pindamonhangaba,Engenheiro Químico (Petróleo E Borracha),2,21360.22
Cerquilho,Analista De Logistica,2,2601.01
Dourado,Fisioterapeuta Geral,2,2810.13
Pindamonhangaba,Mestre De Galvanoplastia,2,7285.1
Piedade,Remetedor De Fios,2,1392.76
Itapetininga,Analista De Pcp (Programação E Controle Da Produção),2,2940.89
Piedade,Médico Psiquiatra,2,10946.3
Boituva,Técnico Em Mecatrônica - Automação Da Manufatura,2,5537.41
Boituva,Supervisor De Exploração Agrícola,2,3238.18
Itapetininga,Mecânico De Manutenção De Máquinas Operatrizes (Lavra De Madeira),2,3340.95
Cabreúva,Cumim,2,1621.24
Piedade,Agente De Trânsito,2,2000.07
Itu,"Bordador, A  Mão",2,1447.41
Itapeva,Analista De Redes E De Comunicação De Dados,2,2849.65
Araçatuba,Vendedor Ambulante,2,1603.89
Pindamonhangaba,Dietista,2,2656.94
Porto Feliz,Sondador (Poços De Petróleo E Gás),2,2515.24
Itu,Diretor De Pesquisa E Desenvolvimento (P&D),2,31753.44
Porto Feliz,Cortador De Tapeçaria,2,1496.22
Itupeva,Instrutor De Aprendizagem E Treinamento Comercial,2,7682.77
Itu,"Pesquisador De Engenharia Metalúrgica, De Minas E De Materiais",2,12084.78
Pindamonhangaba,Treinador Profissional De Futebol,2,1975.62
Cerquilho,Limpador De Vidros,2,878.59
Boituva,"Lavadeiro, Em Geral",2,1724.74
Itapetininga,Gerente De Crédito E Cobrança,2,2672.5
Itu,Técnico Em Programação Visual,2,4404.66
Itu,Secretário  Bilíngüe,2,6556.49
Itapeva,Bibliotecário,2,3946.48
Piedade,"Eletrotécnico Na Fabricação, Montagem E Instalação De Máquinas E Equipamentos",2,1574.38
Ibiúna,Controlador De Pragas,2,1796.41
Itapetininga,Salva-Vidas,2,2451
Boituva,Kardexista,2,1431.88
Boituva,Cartazeiro,2,2061.66
Itapetininga,Supervisor De Lavanderia,2,3607.49
Itapetininga,Artista (Artes Visuais),2,1840.07
Itapeva,Condutor De Ambulância,2,3633.86
Itapetininga,Operador De Máquina De Abrir Valas,2,1943.38
Itapeva,Biólogo,2,3037.72
Araçariguama,Diretor De Operações De Obras Pública E Civil,2,3947.88
Itapetininga,Lavador De Roupas,2,1674.95
Itupeva,Gerente De Projetos De Tecnologia Da Informação,2,18875.5
Itapetininga,Escrivão Extra - Judicial,2,5721.16
Itapeva,Tecnólogo Em Logística De Transporte,2,2447.95
Ibiúna,Maquinista De Trem Metropolitano,2,2655.84
Itu,Carpinteiro (Esquadrias),2,1713.72
Americana,Magarefe,2,1955.8
Boituva,Montador De Veículos (Linha De Montagem),2,2002.91
Pindamonhangaba,Operador De Colheitadeira,2,2934.2
Ibiúna,Montador De Equipamentos Elétricos (Aparelhos Eletrodomésticos),2,1615.34
Cerquilho,Engenheiro Eletricista,2,4868.14
Itapetininga,Gerente De Serviços De Saúde,2,2540.66
Cabreúva,Trabalhador Da Cultura De Café,2,1402.88
Pindamonhangaba,Operador De Máquina De Fabricar Papel  (Fase Úmida),2,2321.23
Itu,Preparador De Massa De Argila,2,2453.02
Itapetininga,Desenhista Industrial De Produto (Designer De Produto),2,1812.33
Itapetininga,Montador De Filmes,2,1784.91
Itapetininga,Lavador De Peças,2,1516.94
Itapeva,Chefe De Serviço De Transporte Rodoviário (Passageiros E Cargas),2,3660.95
Itapetininga,Biólogo,2,5434.84
Itapetininga,Torneiro (Lavra De Pedra),2,3206.7
Americana,Instalador De Isolantes Acústicos,2,1709.8
Itapetininga,Mecânico De Manutenção De Compressores De Ar,2,2444.44
Porto Feliz,Advogado De Empresa,2,4183.2
Dourado,Supervisor De Exploração Agropecuária,2,4290.73
Porto Feliz,Mecânico De Manutenção De Empilhadeiras E Outros Veículos De Cargas Leves,2,2235.64
Ibiúna,Mecânico De Manutenção De Motocicletas,2,1567.33
Ibiúna,Polidor De Metais,2,1599.29
Itapeva,Inspetor De Terraplenagem,2,2609.58
Itu,Médico Ginecologista E Obstetra,2,6445.39
Araçatuba,Repórter (Exclusive Rádio E Televisão),2,1400
Itu,Pesquisador Em Biologia Ambiental,2,5741.68
Piedade,Desenhista Técnico,2,2495.05
Dourado,Gerente Financeiro,2,14611.11
Cerquilho,Engenheiro De Controle De Qualidade,2,8390.86
Itapeva,Gerente De Suprimentos,2,7049.17
Cerquilho,Engenheiro Eletricista De Manutenção,2,14460.94
Boituva,Operador De Laminador,2,2438.49
Itapeva,Técnico De Planejamento E Programação Da Manutenção,2,5192.61
Porto Feliz,Mecânico De Manutenção De Máquinas Agrícolas,2,4695.31
Itu,"Cartonageiro, A Máquina",2,2086.64
Macatuba,Auxiliar De Corte (Preparação Da Confecção De Roupas),2,1410.62
Araçatuba,Engenheiro De Controle De Qualidade,2,6658.25
Porto Feliz,Assistente De Laboratório Industrial,2,2524.8
Ibiúna,Professor De Educação Artística Do Ensino Fundamental,2,1325.96
Itapeva,Limpador De Fachadas,2,1995.83
Piedade,Carpinteiro,2,3126.72
Boituva,Impressor Tipográfico,2,2299.77
Porto Feliz,Contramestre De Tecelagem (Indústria Têxtil),2,2539.36
Piedade,Técnico De Apoio Em Pesquisa E Desenvolvimento Agropecuário Florestal,2,2337.43
Itu,Controlador De Serviços De Máquinas E Veículos,2,3567.23
Ibiúna,Professor De Física No Ensino Médio,2,1267.65
Itu,Mecânico De Manutenção De Máquinas Operatrizes (Lavra De Madeira),2,3787.12
Itapeva,Governanta De Hotelaria,2,4794.9
Ibiúna,Recepcionista De Hotel,2,1648.93
Itapetininga,Churrasqueiro,2,1950.24
Itu,Mestre De Produção Farmacêutica,2,6539.84
Itapetininga,Gerente De Serviços Culturais,2,5565.91
Boituva,Balanceiro,2,2611.63
Itapetininga,Médico Hematologista,2,4009.62
Itu,Coletor De Resíduos Sólidos De Serviços De Saúde,2,1378.34
Boituva,Datilógrafo,2,1603.8
Itupeva,Trabalhador Na Olericultura (Frutos E Sementes),2,1846.11
Itupeva,Operador De Máquina De Cortar E Dobrar Papelão,2,2271.59
Itu,Trabalhador No Cultivo De Plantas Ornamentais,2,1391.64
Americana,Camareiro De Teatro,2,1503.2
Araçoiaba da Serra,Gerente De Bar,2,1962.17
Itupeva,Desenhista Copista,2,6118.19
Charqueada,Engenheiro Agrônomo,2,8204.69
Boituva,Chefe De Serviços Bancários,2,4418.91
Itapetininga,Gerente De Projetos De Tecnologia Da Informação,2,1606.28
Araçoiaba da Serra,Mestre De Pintura (Tratamento De Superfícies),2,3061.78
Piedade,Analista De Pesquisa De Mercado,2,1525.18
Itu,Relações Públicas,2,3751.32
Itapetininga,Fiscal De Atividades Urbanas,2,2451.36
Itu,Chaveiro,2,1314.93
Itu,Artífice Do Couro,2,1536.81
Porto Feliz,Operador De Centro De Controle ( Sinterização),2,3542.35
Itupeva,Rebitador A  Martelo Pneumático,2,2916.81
Dourado,Diretor De Serviços Sociais,2,4033.6
Itapetininga,Gerente De Suporte Técnico De Tecnologia Da Informação,2,2500
Itapeva,Chapeador,2,1717.74
Itapetininga,Supervisor De Compras,2,9720.35
Itapetininga,Fisioterapeuta  Do Trabalho,2,4541.63
Itapetininga,Cozinhador De Pescado,2,1557.35
Dourado,Diretor De Marketing,2,38839.35
Piedade,Biomédico,2,3325.99
Itu,Técnico Em Manutenção De Instrumentos De Medição E Precisão,2,3551.63
Ibiúna,Topógrafo,2,2145.51
Pindamonhangaba,Editor De Mídia Eletrônica,2,3152.18
Itupeva,Filtrador De Cerveja,2,2336.13
Porto Feliz,Acabador De Embalagens (Flexíveis E Cartotécnicas),2,2552.18
Itapetininga,Taquígrafo,2,3601.39
Ibiúna,Auxiliar De Seguros,2,1532.41
Itapeva,Locutor De Mídias Audiovisuais,2,1600.86
Porto Feliz,Mecânico De Manutenção De Aparelhos De Levantamento,2,5366.26
Itapeva,Vistoriador Naval,2,2770.64
Macatuba,Engenheiro De Produção,2,7275.16
Itapetininga,Barman,2,1165.77
Araçariguama,Laminador De Plástico,2,2296.26
Araçariguama,Auxiliar De Laboratório De Análises Clínicas,2,2293.48
Cabreúva,Professor Prático No Ensino Profissionalizante,2,2335.28
Itupeva,Enfermeiro Do Trabalho,2,4007.26
Itu,Instrumentador Cirúrgico,2,2330.49
Itu,Instalador-Reparador De Linhas E Aparelhos De Telecomunicações,2,2894.89
Itapeva,Motorista De Táxi,2,1424.22
Itu,Relojoeiro (Reparação),2,1511.56
Itupeva,Lubrificador De Veículos Automotores (Exceto Embarcações),2,2217.19
Araçatuba,Médico Neurologista,2,11985.85
Pindamonhangaba,Eletricista De Instalações (Cenários),2,2904.05
Ibiúna,Operador De Molduradora (Usinagem De Madeira),2,1291.34
Pindamonhangaba,Administrador De Sistemas Operacionais,2,5063.93
Americana,Professor De Alunos Com Deficiência Visual,2,1871.59
Itapetininga,"Confeccionador De Velas Náuticas, Barracas E Toldos",2,1445.08
Americana,Sapateiro (Calçados Sob Medida),2,1838.07
Pindamonhangaba,Instalador De Isolantes Térmicos (Refrigeração E Climatização),2,2015.91
Boituva,Diretor De Marketing,2,3528.81
Ibiúna,Despachante Documentalista,2,1655.87
Boituva,Gerente De Riscos,2,20660.15
Ibiúna,Armazenista,2,1231.24
Araçariguama,Vendedor  Permissionário,2,2245.58
Piedade,Gerente De Projetos E Serviços De Manutenção,2,3336.77
Itapeva,"Eletricista De Manutenção De Linhas Elétricas, Telefônicas E De Comunicação De Dados",2,1596.28
Dourado,Diretor Comercial,2,25569.23
Pindamonhangaba,Tecnólogo Em Gestão Administrativo- Financeira,2,1718.16
Cerquilho,Mestre De Produção Química,2,3221.14
Piedade,Gerente De Operações De Transportes,2,4303.45
Porto Feliz,Montador De Equipamentos Elétricos,2,2074.51
Itu,Professor De Computação (No Ensino Superior),2,2233.82
Itu,Pesquisador De Engenharia Mecânica,2,9507.08
Cerquilho,Inspetor De Serviços De Transportes Rodoviários (Passageiros E Cargas),2,3739.43
Dourado,Torrador De Café,2,1794.5
Itapetininga,Arquiteto De Edificações,2,5588.68
Cerquilho,Supervisor De Crédito E Cobrança,2,7833.78
Pindamonhangaba,Técnico De Acabamento Em Siderurgia,2,13033.46
Itapeva,"Confeccionador De Velas Náuticas, Barracas E Toldos",2,1416.4
Itupeva,Técnico Em Farmácia,2,1916.38
Dourado,Diretor Administrativo,2,22181.48
Ibiúna,Montador De Equipamentos Eletrônicos (Aparelhos Médicos),2,1181.24
Itu,Chefe De Confeitaria,2,2651.89
Pindamonhangaba,Mestre (Indústria De Automotores E Material De Transportes),2,4539.44
Cerquilho,Médico Veterinário,2,8984.19
Cabreúva,Secretário  Bilíngüe,2,4173.16
Itapetininga,"Mecânico De Manutenção De Aeronaves, Em Geral",2,1494.31
Itapetininga,"Bordador, A  Mão",2,1318.82
Piedade,Consultor Jurídico,2,5160.72
Itupeva,Tecelão De Malhas (Máquina Circular),2,2094.9
Pindamonhangaba,Maquinista De Cinema E Vídeo,2,1976.53
Pindamonhangaba,Diretor De Tecnologia Da Informação,2,11391.9
Boituva,Vendedor  Permissionário,2,2462.96
Porto Feliz,Carregador (Armazém),2,1035.2
Cabreúva,Operador De Britador De Mandíbulas,2,1147.63
Itu,Impressor De Rotativa,2,4037.34
Boituva,Engenheiro De Controle De Qualidade,2,5812.97
Cabreúva,Professor De Nível Médio No Ensino Fundamental,2,2739.68
Itapeva,Trabalhador Da Avicultura De Corte,2,1752.71
Pindamonhangaba,Maquiador,2,2445.11
Americana,Engenheiro De Telecomunicações,2,4401.55
Araçariguama,Técnico De Manutenção Elétrica De Máquina,2,2574.75
Araçariguama,"Costureiro, A  Máquina  Na Confecção Em Série",2,2213.86
Itu,Cirurgião Dentista - Odontologista Legal,2,1544.15
Itu,Técnico Em Pesquisa Mineral,2,1831.96
Piedade,Gerente De Clientes Especiais (Private),2,6013.36
Cerquilho,Chefe De Serviço De Transporte Rodoviário (Passageiros E Cargas),2,7082.96
Cabreúva,Moldador (Vidros),2,1592.52
Boituva,Arquivista De Documentos,2,900
Cerquilho,Mecânico De Manutenção De Bicicletas E Veículos Similares,2,1683.18
Pindamonhangaba,Técnico Em Soldagem,2,6696.84
Itu,Colorista Têxtil,2,1317.87
Itupeva,"Supervisor De Manutenção De Aparelhos Térmicos, De Climatização E De Refrigeração",2,8462.21
Itupeva,Mecânico De Manutenção De Máquinas Gráficas,2,3352.53
Pindamonhangaba,Engenheiro Agrônomo,2,5957.52
Pindamonhangaba,Diretor De Marketing,2,21388.41
Itu,Sinaleiro (Ponte-Rolante),2,1913
Itapeva,Professor Prático No Ensino Profissionalizante,2,1640.37
Americana,Emendador De Cabos Elétricos E Telefônicos (Aéreos E Subterrâneos),2,1518.29
Porto Feliz,Médico Psiquiatra,2,3604.93
Ibiúna,Professor De Geografia No Ensino Médio,2,2172.64
Itupeva,Redator De Publicidade,2,4710.72
Araçariguama,Preparador De Solas E Palmilhas,2,1684.67
Ibiúna,Auditor (Contadores E Afins),2,3848.14
Ibiúna,Professor De Língua Inglesa,2,1336.95
Boituva,Gerente De Projetos De Tecnologia Da Informação,2,6191.2
Ibiúna,Ajudante De Confecção,2,1370.76
Itapetininga,Assistente Comercial De Seguros,2,3240.83
Itapeva,Reparador De Equipamentos De Escritório,2,3421.72
Araçariguama,Tesoureiro De Banco,2,3041.59
Ibiúna,Carregador (Armazém),2,1329.47
Itu,Ourives,2,1786.05
Porto Feliz,Produtor Agrícola Polivalente,2,1195.33
Araçariguama,Encanador,2,2554.2
Pindamonhangaba,Auxiliar De Prótese Dentária,2,1210.2
Itapetininga,Montador De Equipamentos Eletrônicos,2,2419.09
Charqueada,Lubrificador Industrial,2,2617.91
Boituva,Biólogo,2,10014.01
Itapetininga,Montador De Instrumentos De Óptica,2,1886.28
Ibiúna,Operador De Britador De Mandíbulas,2,0
Boituva,Supervisor De Manutenção Eletromecânica (Utilidades),2,6857.68
Itu,"Operador De Forno (Fabricação De Pães, Biscoitos E Similares)",2,1570.72
Cerquilho,Supervisor De Telemarketing E Atendimento,2,2796.14
Itapetininga,Cirurgião Dentista - Endodontista,2,3577
Porto Feliz,Árbitro De Futebol,2,3541.11
Itupeva,Jornaleiro (Em Banca De Jornal),2,1181.14
Ibiúna,Gesseiro,2,1100
Itu,Engenheiro Eletricista De Manutenção,2,4367.13
Itupeva,Desenvolvedor Web (Técnico),2,2263.18
Itupeva,Caldeireiro (Chapas De Cobre),2,3703.76
Itu,Desenvolvedor De Multimídia,2,1651.3
Itupeva,Operador De Guindaste Móvel,2,2304.09
Itapeva,Médico Do Trabalho,2,15929.67
Itu,Recepcionista De Seguro Saúde,2,1308.88
Itu,Professor De Outras Línguas E Literaturas,2,2830.17
Ibiúna,Professor Instrutor De Ensino E Aprendizagem Em Serviços,2,2927.37
Itapetininga,Supervisor De Contas A Pagar,2,2947.01
Itapeva,Auxiliar De Veterinário,2,1585.12
Itu,Barista,2,1503.39
Itu,Diretor De Serviços Sociais,2,2265.59
Itapetininga,Professor De Filosofia No Ensino Médio,2,2404.91
Cerquilho,Desenhista Industrial De Produto De Moda (Designer De Moda),2,3573.15
Itu,Mecânico De Manutenção De Aparelhos Esportivos E De Ginástica,2,2220.26
Itupeva,"Operador De Estação De Captação, Tratamento E Distribuição De Água",2,2320.06
Ibiúna,Professor De Nível Médio No Ensino Profissionalizante,2,2545.44
Itu,Mestre De Pintura (Tratamento De Superfícies),2,7114.19
Americana,Operador De Compressor De Ar,2,3240.76
Itapetininga,Auxiliar De Enfermagem Do Trabalho,2,1700.28
Porto Feliz,Controlador De Pragas,2,3197.03
Itapetininga,Moço De Convés (Marítimo E Fluviário),2,1371.2
Dourado,Coordenador Pedagógico,2,5776.42
Ibiúna,Lustrador De Peças De Madeira,2,1576.97
Itupeva,Analista De Informações (Pesquisador De Informações De Rede),2,5274.87
Pindamonhangaba,Analista De Transporte Em Comércio Exterior,2,1451.21
Charqueada,Operador De Escavadeira,2,4282.32
Cabreúva,Professor De Geografia No Ensino Médio,2,2077.84
Cerquilho,Gerente De Suprimentos,2,4201.37
Boituva,Operador De Máquina De Eletroerosão,2,2950.86
Cerquilho,Operador De Mandriladora Com Comando Numérico,2,7597.8
Ibiúna,Técnico Eletricista,2,10349.14
Ibiúna,Biomédico,2,1543.74
Araçoiaba da Serra,Professor De Alunos Com Deficiência Auditiva E Surdos,2,1677.18
Itupeva,Operador De Máquina De Fabricar Papel E Papelão,2,2385.51
Charqueada,Auxiliar De Pessoal,2,1937.68
Ibiúna,Gerente De Produção E Operações Da Construção Civil E Obras Públicas,2,11643.15
Cerquilho,Técnico Mecânico Na Fabricação De Ferramentas,2,11224.65
Araçoiaba da Serra,Professor De Artes No Ensino Médio,2,2119.44
Cabreúva,Condutor De Processos Robotizados De Soldagem,2,6645.9
Cerquilho,Engenheiro De Tempos E Movimentos,2,8815.89
Cabreúva,Programador De Máquinas - Ferramenta Com Comando Numérico,2,6048.7
Araçariguama,Porteiro (Hotel),2,2241.64
Itapetininga,Médico Pneumologista,2,11985.54
Itapetininga,"Trabalhador Na Olericultura (Raízes, Bulbos E Tubérculos)",2,2695.28
Cabreúva,Diretor De Pesquisa E Desenvolvimento (P&D),2,8572.91
Itupeva,Operador De Máquina Cortadora (Minas E Pedreiras),2,3433.56
Boituva,Alinhador De Pneus,2,2441.05
Itupeva,Mecânico De Manutenção De Instalações Mecânicas De Edifícios,2,3107.3
Pindamonhangaba,Teleoperador,2,1151.05
Americana,Carregador (Aeronaves),2,1831.27
Itu,Operador De Forno De Tratamento Térmico De Metais,2,3002.11
Cabreúva,Supervisor Da Manutenção E Reparação De Veículos Pesados,2,7691.3
Cerquilho,"Supervisor De Manutenção Eletromecânica Industrial, Comercial E Predial",2,9276.2
Cerquilho,Enfermeiro Do Trabalho,2,4891.11
Itu,Fosfatizador,2,2939.83
Itapeva,Engenheiro Florestal,2,8942.84
Itupeva,Ceramista,2,2986.16
Itupeva,Ajustador Mecânico (Usinagem Em Bancada E Em Máquinas-Ferramentas),2,2296.2
Itapeva,Técnico Em Geologia,2,6400.07
Itupeva,Agente De Defesa Ambiental,2,5558.14
Itu,Operador De Vazamento,2,3329.4
Dourado,Gerente De Loja E Supermercado,2,2296.35
Cabreúva,Professor De Filosofia No Ensino Médio,2,5621.89
Porto Feliz,Supervisor De Usina De Concreto,2,3711.02
Americana,Engenheiro Químico (Indústria Química),2,7503.36
Araçariguama,Eletricista De Instalações (Edifícios),2,3591.11
Itapeva,Conferente Mercadoria (Exceto Carga E Descarga),2,1556.42
Araçariguama,Técnico De Imobilização Ortopédica,2,2127.23
Charqueada,Supervisor De Produção Da Indústria Alimentícia,2,6990.23
Boituva,Esteticista,2,1257.44
Porto Feliz,Supervisor De Transportes,2,7811.73
Piedade,Vistoriador Naval,2,2478.98
Itu,Técnico Em Farmácia,2,3077.24
Itupeva,Economista,2,2594.81
Boituva,Montador De Veículos (Reparação),2,2181.26
Cerquilho,Instalador De Linhas Elétricas De Alta E Baixa - Tensão (Rede Aérea E Subterrânea),2,2988.61
Ibiúna,Técnico De Contabilidade,2,3650.86
Itapetininga,Analista De Informações (Pesquisador De Informações De Rede),2,4805.21
Itupeva,Cortador De Pedras,2,1857.14
Araçoiaba da Serra,Banhista De Animais Domésticos,2,1464.47
Itu,Produtor Cultural,2,2114.93
Ibiúna,Psicopedagogo,2,3880.55
Cabreúva,Técnico Em Radiologia E Imagenologia,2,3329.14
Itupeva,Arquivista De Documentos,2,3305.23
Piedade,Preparador Físico,2,998.37
Araçariguama,Trabalhador Agropecuário Em Geral,2,1768.45
Itupeva,Diretor De Leasing,2,2794.18
Itapeva,Professor De Física No Ensino Médio,2,1770.06
Cabreúva,Supervisor De Embalagem E Etiquetagem,2,3831.37
Americana,Trabalhador Da Pecuária (Eqüinos),2,2569.22
Dourado,Advogado (Direito Público),2,5334.43
Cerquilho,Gerente De Operações De Serviços De Assistência Técnica,2,5085.78
Itapetininga,Diretor De Marketing,2,3998.18
Araçariguama,Borracheiro,2,2178.36
Porto Feliz,Diretor De Serviços De Saúde,2,5576.06
Itupeva,Encarregado De Equipe De Conservação De Vias Permanentes (Exceto Trilhos),2,3481.5
Piedade,Vigilante,2,1833.89
Ibiúna,Comissário De Trem,2,1795.71
Piedade,Trabalhador No Cultivo De Árvores Frutíferas,2,1644.7
Ibiúna,Médico Cirurgião Do Aparelho Digestivo,2,10932.72
Itupeva,"Operador De Calandra (Química, Petroquímica E Afins)",2,4251.8
Itupeva,Mestre De Fundição,2,5556.06
Cabreúva,Eletricista De Instalações (Edifícios),2,2949.54
Cabreúva,Supervisor De Vendas De Serviços,2,4144.77
Itupeva,Operador De Equipamento De Secagem De Pintura,2,2529.35
Pindamonhangaba,Tecnólogo Em Secretariado Escolar,2,2118.28
Americana,Assoalhador,2,1456.38
Americana,Maquiador,2,1986.88
Itapeva,Analista De Mídias Sociais,2,549.66
Itu,Técnico Em Calibração,2,2754.66
Itu,Engenheiro De Controle E Automação,2,3159.98
Dourado,Secretário - Executivo,2,4852.16
Itu,Técnico De Painel De Controle,2,4579.91
Porto Feliz,Supervisor Da Manutenção E Reparação De Veículos Pesados,2,8991.46
Ibiúna,Encarregado Geral De Operações De Conservação De Vias Permanentes (Exceto Trilhos),2,1870.38
Dourado,Comerciante Varejista,2,1183.61
Ibiúna,Engenheiro Agrônomo,2,6524.28
Itupeva,Auxiliar De Seguros,2,1843.26
Boituva,Ajustador Mecânico (Usinagem Em Bancada E Em Máquinas-Ferramentas),2,2498.18
Itu,Gerente De Turismo,2,3151.94
Ibiúna,Alinhador De Pneus,2,2498.85
Charqueada,Operador De Central De Concreto,2,1585.68
Itu,Médico Pediatra,2,5764.35
Itu,Técnico Em Gravação De Áudio,2,4808.97
Itu,Mestre Carpinteiro,2,2952.46
Itupeva,Professor De Música No Ensino Superior,2,3877.37
Itupeva,Professor De Biologia No Ensino Médio,2,4876.96
Itu,Fisioterapeuta Esportivo,2,3055.89
Itapetininga,Tecnólogo Em Radiologia,2,3699.56
Cerquilho,Forneiro De Fundição (Forno De Redução),2,2010.35
Cerquilho,Ajustador Mecânico,2,1699.68
Itapetininga,Operador De Centrifugadora (Tratamentos Químicos E Afins),2,2143.13
Itupeva,Forneiro Na Fundição De Vidro,2,4544.55
Ibiúna,Técnico De Obras Civis,2,3846.86
Itapetininga,Maître,2,2613.64
Americana,Técnico De Painel De Controle,2,0
Itapeva,Técnico De Estradas,2,3489.14
Cabreúva,Operador De Refrigeração (Coqueria),2,2766.66
Ibiúna,"Pintor, A  Pistola (Exceto Obras E Estruturas Metálicas)",2,2746.63
Itapetininga,Operador De Central Termoelétrica,2,2888.9
Itapetininga,Mecânico De Manutenção De Máquinas-Ferramentas (Usinagem De Metais),2,2859.65
Americana,Cirurgião Dentista - Traumatologista Bucomaxilofacial,2,7747.17
Boituva,Planejista,2,3271.39
Itapetininga,Operador De Máquina Perfuratriz,2,1488.89
Cabreúva,Lapidador De Vidros E Cristais,2,2465.24
Araçariguama,Encarregado De Equipe De Conservação De Vias Permanentes (Exceto Trilhos),2,2958.8
Itupeva,Supervisor Da Mecânica De Precisão,2,8673.01
Americana,Gerente De Captação (Fundos E Investimentos Institucionais),2,7556.23
Itupeva,Médico Ortopedista E Traumatologista,2,8305.47
Americana,Operador De Máquina Bordatriz,2,1784.19
Itu,Adestrador De Animais,2,2582.57
Americana,Supervisor De Fabricação De Produtos De Vidro,2,4973.94
Itapetininga,Médico Reumatologista,2,3918.51
Americana,Operador De Centro De Usinagem De Madeira (Cnc),2,6152.41
Itapetininga,Auxiliar De Judiciário,2,2618.05
Araçariguama,Engenheiro Eletricista De Manutenção,2,13324.19
Itupeva,Diretor De Operações Comerciais (Comércio Atacadista E Varejista),2,3781.76
Porto Feliz,Locutor De Mídias Audiovisuais,2,686.31
Boituva,Gerente De Operação De Tecnologia Da Informação,2,9012.17
Americana,Engenheiro De Alimentos,2,5461.56
Itapetininga,Supervisor De Cobrança,2,4119.09
Itapetininga,Diretor Geral De Empresa E Organizações (Exceto De Interesse Público),2,5688.01
Araçariguama,Médico Pediatra,2,4839.85
Itapetininga,Técnico De Contabilidade,2,4191.91
Araçatuba,Analista De Transporte Em Comércio Exterior,2,2781.77
Cabreúva,Professor De Língua Inglesa,2,2140.66
Cerquilho,Alinhador De Pneus,2,1928.84
Itapetininga,Assessor De Imprensa,2,4529.39
Araçatuba,Condutor De Processos Robotizados De Soldagem,2,1872.63
Araçariguama,Montador De Fotolito (Analógico E Digital),2,5758
Americana,Dirigente E Administrador De Organização Religiosa,2,4372.84
Boituva,Contramestre De Acabamento (Indústria Têxtil),2,3023.64
Cerquilho,Empregado Doméstico  Faxineiro,2,854.96
Ibiúna,Técnico Em Patologia Clínica,2,1146.53
Araçoiaba da Serra,Analista De Logistica,2,2628.76
Itapetininga,Torneiro Na Usinagem Convencional De Madeira,2,1610.79
Porto Feliz,Gerente De Comunicação,2,10398.5
Charqueada,Fisioterapeuta Geral,2,2171.34
Porto Feliz,Relações Públicas,2,11618.79
Araçariguama,Fiscal De Tributos Municipal,2,3533.91
Araçariguama,Professor De Nível Superior Do Ensino Fundamental (Primeira A Quarta Série),2,3148.44
Americana,Engenheiro Mecânico Automotivo,2,11626.51
Araçoiaba da Serra,Pedreiro De Edificações,2,2349.31
Cerquilho,Professor Prático No Ensino Profissionalizante,2,1280.7
Itapetininga,Operador De Telemarketing Ativo E Receptivo,2,1418.49
Boituva,Plataformista (Petróleo),2,4364.51
Araçariguama,"Supervisor De Manutenção Eletromecânica Industrial, Comercial E Predial",2,5244.37
Porto Feliz,Diretor De Recursos Humanos,2,25579.62
Araçariguama,Supervisor De Cobrança,2,1944.61
Araçariguama,Engenheiro De Controle E Automação,2,4281.28
Araçariguama,Encarregado De Manutenção Elétrica De Veículos,2,3581.38
Charqueada,Camareiro  De Hotel,2,1306.79
Dourado,Chefe De Bar,2,1884.64
Cerquilho,Pizzaiolo,2,2489.92
Araçariguama,Técnico Mecânico (Máquinas),2,3473.32
Ibiúna,Forneiro De Fundição (Forno De Redução),2,3073.84
Itu,Psicólogo Social,2,2076.49
Americana,Psicopedagogo,2,3690.7
Piedade,Instalador-Reparador De Redes E Cabos Telefônicos,2,2007.97
Cabreúva,Montador De Estruturas Metálicas,2,2146.89
Itu,Operador De Mídia Audiovisual,2,2049.56
Cerquilho,Desenvolvedor Web (Técnico),2,1449.85
Americana,Supervisor De Andar,2,1173.69
Americana,Profissional De Relações Com Investidores,2,6241.17
Porto Feliz,Professor De Artes No Ensino Médio,2,1229.2
Cabreúva,Operador De Computador,2,964.35
Araçatuba,Operador De Abastecimento De Combustível De Aeronave,2,3097.96
Porto Feliz,Supervisor De Vendas De Serviços,2,1768.47
Americana,Psicólogo Do Trabalho,2,2160.66
Porto Feliz,Operador De Trator De Lâmina,2,1900.94
Macatuba,Analista De Exportação E Importação,2,5236
Americana,Instalador De Linhas Elétricas De Alta E Baixa - Tensão (Rede Aérea E Subterrânea),2,2927.66
Itu,Trabalhador No Cultivo De Flores E Folhagens De Corte,2,1402.76
Cerquilho,Montador De Equipamentos Elétricos (Centrais Elétricas),2,1154.19
Araçatuba,Revestidor De Superfícies De Concreto,2,1672
Porto Feliz,Revisor De Tecidos Acabados,2,2008.25
Itapeva,Desenhista Técnico (Artes Gráficas),2,1666.87
Macatuba,Economista Financeiro,2,4723.19
Macatuba,Psicólogo Educacional,2,3100.85
Americana,Condutor Maquinista Motorista Fluvial,2,3273.48
Cerquilho,Mestre De Usinagem,2,5962.36
Macatuba,Técnico Em Farmácia,2,2779.68
Americana,Operador De Montagem De Cilindros E Mancais,2,3407.15
Itapeva,Tecnólogo Em Eletrônica,2,1518.67
Ibiúna,Gerente De Clientes Especiais (Private),2,5943.84
Itu,"Desenhista Técnico De Embalagens, Maquetes E Leiautes",2,2558.68
Americana,Tecnólogo Em Eletrônica,2,3805.99
Itapetininga,Assentador De Canalização (Edificações),2,1455.85
Itu,Confeccionador De Brinquedos De Pano,2,1584.9
Araçatuba,Chapeador,2,1771.38
Pindamonhangaba,Desenhista Técnico (Artes Gráficas),2,1301.75
Piedade,Visitador Sanitário,2,2422.65
Cerquilho,Gerente De Clientes Especiais (Private),2,6637.37
Macatuba,Confeiteiro,2,2349.91
Cabreúva,Diretor Financeiro,2,43398.66
Americana,Afretador,2,6211.43
Macatuba,Afiador De Serras,2,2403.47
Porto Feliz,Instalador De Sistemas Eletroeletrônicos De Segurança,2,1694.14
Porto Feliz,Conferente Mercadoria (Exceto Carga E Descarga),2,2276.53
Macatuba,Operador De Centrifugadora (Tratamentos Químicos E Afins),2,2246.04
Porto Feliz,Professor De Química No Ensino Médio,2,1499.11
Itu,Editor De Mídia Eletrônica,2,2164.32
Boituva,Impressor De Rotativa,2,2320.2
Cabreúva,Topógrafo,2,1571.93
Dourado,Vigia,2,2330.66
Americana,Operador De Rebobinadeira Na Fabricação De Papel E Papelão,2,1406.3
Itu,"Confeccionador De Velas Náuticas, Barracas E Toldos",2,1679.74
Boituva,Tecelão De Malhas (Máquina Circular),2,3167.36
Itu,Operador De Lixadeira (Usinagem De Madeira),2,2223.4
Porto Feliz,Desenhista Industrial De Produto De Moda (Designer De Moda),2,1796.91
Itapeva,Supervisor De Montagem E Instalação Eletroeletrônica,2,6993.23
Americana,Conferente-Expedidor De Roupas (Lavanderias),2,2437.22
Itapeva,Jornalista,2,4903.07
Cerquilho,Operador De Projetor Cinematográfico,2,1552.82
Americana,Montador De Fotolito (Analógico E Digital),2,2545.2
Itu,Mecânico De Manutenção De Compressores De Ar,2,2567.02
Ibiúna,Gerente De Serviços De Saúde,2,5838.44
Porto Feliz,Montador De Equipamentos Elétricos (Instrumentos De Medição),2,2382.39
Porto Feliz,Redator De Publicidade,2,1870.92
Charqueada,Balanceiro,2,2270.43
Araçatuba,Teleoperador,2,1683.39
Pindamonhangaba,Organizador De Evento,2,3604.63
Cerquilho,Operador De Quadro De Distribuição De Energia Elétrica,2,5176.71
Itupeva,Operador De Instalação De Refrigeração,2,1024.75
Pindamonhangaba,Vendedor Ambulante,2,1658.25
Macatuba,Analista De Recursos Humanos,2,3153.59
Itapeva,Mecânico De Refrigeração,2,0
Porto Feliz,Costureira De Peças Sob Encomenda,2,1633.74
Itu,Cozinheiro Do Serviço Doméstico,2,1714.29
Itupeva,Supervisor De Controle Patrimonial,2,7394.6
Boituva,Impressor Digital,2,1847.93
Itu,Entrevistador De Preços,2,3503.59
Porto Feliz,Técnico De Alimentos,2,2471.68
Americana,Caseiro (Agricultura),2,1707.53
Itapeva,Mecânico De Manutenção De Equipamento De Mineração,2,3402.31
Itapeva,Professor De Língua Espanhola,2,2384.8
Piedade,Operador De Máquina Cortadora (Minas E Pedreiras),2,3627.69
Cerquilho,Técnico De Controle De Meio Ambiente,2,3906.24
Itu,"Cartonageiro, A Mão (Caixas De Papelão)",2,1515.86
Cerquilho,Operador De Cristalização Na Refinação De Açucar,2,3618.42
Porto Feliz,Auxiliar De Biblioteca,2,2178.71
Charqueada,Supervisor De Transportes,2,3352.87
Pindamonhangaba,Supervisor De Cobrança,2,2516.45
Charqueada,Supervisor De Compras,2,3749.4
Itupeva,Analista De Crédito (Instituições Financeiras),2,1530.91
Cabreúva,Operador De Jato Abrasivo,2,2092.57
Araçariguama,Churrasqueiro,2,2698.56
Araçoiaba da Serra,Coordenador De Programação,2,1713.39
Araçariguama,Técnico De Telecomunicações (Telefonia),2,2568.78
Piedade,Criador De Bovinos (Leite),2,834.15
Cerquilho,"Operador De Forno (Fabricação De Pães, Biscoitos E Similares)",2,1902.13
Porto Feliz,Engenheiro Mecânico Automotivo,2,3257.59
Americana,Relojoeiro (Reparação),2,1727.99
Porto Feliz,Desenhista Industrial De Produto (Designer De Produto),2,2637.45
Cerquilho,Técnico Mecânico,2,3077.06
Porto Feliz,Desenhista Técnico,2,2435.2
Americana,Agente De Microcrédito,2,1858.38
Americana,Tecnólogo Em Soldagem,2,8607.24
Porto Feliz,Modelador De Metais (Fundição),2,2304.88
Porto Feliz,"Moldador, A  Máquina",2,2298.35
Araçariguama,Operador De Prensa De Material Reciclável,2,1694.81
Itu,Operador De Acabamento De Peças Fundidas,2,1660.93
Porto Feliz,Operador De Máquina Recobridora De Arame,2,2701.07
Americana,Técnico Mecânico (Motores),2,4847.72
Porto Feliz,Pintor De Estruturas Metálicas,2,2416.91
Porto Feliz,Técnico De Saneamento,2,2547.86
Boituva,Técnico De Enfermagem Do Trabalho,2,2707.81
Dourado,Analista De Suporte Computacional,2,1687.74
Porto Feliz,Caminhoneiro Autônomo (Rotas Regionais E Internacionais),2,1896.52
Macatuba,Montador De Fotolito (Analógico E Digital),2,2548.57
Charqueada,Engenheiro Civil,2,2897.43
Itupeva,Auxiliar Técnico Em Laboratório De Farmácia,2,1923.22
Cabreúva,Professor Instrutor De Ensino E Aprendizagem Em Serviços,2,1327.02
Itupeva,Forneiro De Fundição (Forno De Redução),2,2680.46
Ibiúna,Instalador-Reparador De Linhas E Aparelhos De Telecomunicações,2,1104.76
Ibiúna,Ajustador Mecânico Em Bancada,2,3479.7
Americana,Técnico Em Métodos Eletrográficos Em Encefalografia,2,2183.93
Araçariguama,Analista De Crédito (Instituições Financeiras),2,4011.74
Araçariguama,Tecnólogo Em Processos Químicos,2,2589.59
Charqueada,Analista Financeiro (Instituições Financeiras),2,2083.49
Araçatuba,Operador De Jato Abrasivo,2,3342.6
Americana,Analista De Câmbio,2,3528.78
Ibiúna,Cartazeiro,2,1156.91
Araçariguama,"Operador De Forno (Fabricação De Pães, Biscoitos E Similares)",2,1838.73
Araçatuba,"Supervisor De Fabricação De Produtos Cerâmicos, Porcelanatos E Afins",2,2324.85
Porto Feliz,Fiscal De Transportes Coletivos (Exceto Trem),2,1513.69
Charqueada,Expedidor De Mercadorias,2,2417.69
Dourado,Cabeleireiro,2,1805.88
Cabreúva,Sushiman,2,1750
Macatuba,Cronoanalista,2,1543.4
Itupeva,Tecelão (Redes),2,1483.02
Cerquilho,Analista De Negócios,2,2433.55
Itapeva,Administrador De Sistemas Operacionais,2,5732.3
Cabreúva,Supervisor De Manutenção Eletromecânica (Utilidades),2,9507.88
Americana,Editor,2,1439.94
Cerquilho,Técnico De Desporto Individual E Coletivo (Exceto Futebol),2,2224.32
Cerquilho,Operador De Instalação De Ar-Condicionado,2,2010.78
Pindamonhangaba,Chapeador,2,1682.29
Ibiúna,Farmacêutico Hospitalar E Clínico,2,4217.01
Porto Feliz,Gerente De Serviços De Saúde,2,6213.99
Cerquilho,Operador De Máquina De Etiquetar,2,1691.82
Dourado,Supervisor De Crédito E Cobrança,2,3517.91
Itapetininga,Montador De Equipamentos Elétricos,2,1579.29
Porto Feliz,Técnico De Manutenção Elétrica De Máquina,2,6017.5
Americana,"Supervisor De Fabricação De Produtos Cerâmicos, Porcelanatos E Afins",2,3796.34
Porto Feliz,Gerente De Clientes Especiais (Private),2,5948.7
Cerquilho,Telhador (Telhas De Argila E Materiais Similares),2,1513.79
Araçariguama,Técnico Mecânico Na Manutenção De Ferramentas,2,4365.85
Cerquilho,Técnico Em Laboratório De Farmácia,2,2070.01
Boituva,Maître,2,1810.89
Itu,Lavador De Roupas  A Maquina,2,1620.45
Itu,Técnico Em Tratamento De Efluentes,2,2305.05
Ibiúna,Trabalhador Na Olericultura (Frutos E Sementes),2,1433.94
Macatuba,Montador De Veículos (Reparação),2,1336.47
Boituva,"Mecânico De Manutenção De Máquinas Cortadoras De Grama, Roçadeiras, Motosserras E Similares",2,2797.64
Pindamonhangaba,Auxiliar De Seguros,2,1462.27
Araçariguama,Analista De Gestão De Estoque,2,3552.26
Cabreúva,Marcador De Produtos (Siderúrgico E Metalúrgico),2,2434.09
Americana,Bilheteiro De Transportes Coletivos,2,1249.23
Boituva,Comerciante Atacadista,2,970.17
Itu,Tapeceiro De Autos,2,2916.62
Dourado,Técnico Em Nutrição E Dietética,2,2381.45
Cabreúva,Mestre (Indústria De Automotores E Material De Transportes),2,8529.73
Cerquilho,Médico Ginecologista E Obstetra,2,5513.56
Cerquilho,Diretor De Operações De Obras Pública E Civil,2,4690.81
Cabreúva,Supervisor De Controle Patrimonial,2,11857.37
Araçariguama,Diretor Administrativo E Financeiro,2,26409.1
Cabreúva,Mestre (Indústria Têxtil E De Confecções),2,10872.07
Piedade,Esteticista,2,1359.54
Boituva,Ajustador Mecânico,2,2855.1
Americana,Diretor De Planejamento Estratégico,2,12819.9
Araçatuba,Técnico Gráfico,2,2194.22
Piedade,Modelador De Madeira,2,2081.48
Dourado,Agente De Portaria,2,1807.66
Pindamonhangaba,Inspetor De Risco,2,1542.86
Itupeva,Projetista De Móveis,2,1448.61
Americana,Limpador De Vidros,2,1417.5
Americana,Médico Oftalmologista,2,7737.63
Americana,Advogado (Direito Do Trabalho),2,10094.02
Araçoiaba da Serra,Operador De Caldeira,2,2107.34
Itapetininga,"Ferramenteiro De Mandris, Calibradores E Outros Dispositivos",2,7595.3
Itu,Técnico Agropecuário,2,3519.12
Boituva,Dirigente Do Serviço Público Federal,2,5471.47
Itu,Supervisor Técnico Operacional De Sistemas De Televisão E Produtoras De Vídeo,2,3112.6
Araçariguama,Operador De Máquinas De Construção Civil E Mineração,2,2268.59
Boituva,Moleiro (Tratamentos Químicos E Afins),2,2252.23
Porto Feliz,Engenheiro Eletricista,2,8929.15
Cerquilho,Promotor De Vendas,2,1518.87
Pindamonhangaba,Lapidador De Vidros E Cristais,2,2204.35
Charqueada,Tingidor De Roupas,2,1803.55
Araçoiaba da Serra,Auxiliar Técnico Em Laboratório De Farmácia,2,2515.32
Itupeva,Soldador A  Oxigás,2,2230.92
Piedade,Cozinheiro De Hospital,2,1551.49
Cerquilho,Tosador De Animais Domésticos,2,914.81
Ibiúna,Criador De Suínos,2,1784.49
Dourado,Trabalhador Da Pecuária (Bovinos Corte),2,2117.83
Cerquilho,Professor Instrutor De Ensino E Aprendizagem Em Serviços,2,1110.44
Cabreúva,Lavador De Roupas,2,1415.91
Porto Feliz,Médico Oftalmologista,2,6568.28
Cabreúva,Médico Do Trabalho,2,16457.26
Porto Feliz,Engenheiro Químico,2,7062.45
Macatuba,Atendente Comercial (Agência Postal),2,6134.05
Cerquilho,Administrador De Sistemas Operacionais,2,2205.58
Araçariguama,Chefe De Contabilidade (Técnico),2,7015
Dourado,Cobrador Interno,2,2898.8
Itu,Tecnólogo Em Construção Civil,2,2610
Itu,Editor De Jornal,2,2620.34
Araçariguama,Diretor De Suprimentos No Serviço Público,2,3544.9
Americana,Operador De Mídia Audiovisual,2,1974.36
Araçariguama,Diretor De Pesquisa E Desenvolvimento (P&D),2,3595.03
Araçariguama,Operador De Telemarketing Ativo E Receptivo,2,989.1
Itupeva,Médico Oftalmologista,2,8888.33
Itapeva,Operador De Central De Concreto,2,1802.01
Itapeva,Operador De Maçaroqueira,2,2063.55
Americana,Chaveiro,2,1593.94
Itupeva,Gerente De Clientes Especiais (Private),2,4895.06
Araçariguama,Laboratorista Fotográfico,2,11509.78
Araçariguama,Gerente De Suprimentos,2,8416.66
Porto Feliz,Técnico Mecânico Na Fabricação De Ferramentas,2,5737.94
Pindamonhangaba,Psicopedagogo,2,1424.22
Itapeva,Operador De Máquina Misturadeira (Tratamentos Químicos E Afins),2,0
Cerquilho,"Operador De Processo (Química, Petroquímica E Afins)",2,1111.61
Americana,Pedreiro (Material Refratário),2,2354.36
Araçariguama,Técnico Eletricista,2,4986.62
Itapeva,Operador De Acabamento (Indústria Gráfica),2,987.08
Americana,Operador De Máquina De Moldar Automatizada,2,1971.26
Itupeva,Árbitro De Judô,2,2224.61
Dourado,"Operador De Tesoura Mecânica E Máquina De Corte, No Acabamento De Chapas E Metais",2,2505.01
Americana,Artista (Artes Visuais),2,1653.99
Boituva,"Instalador De Cortinas E Persianas, Portas Sanfonadas E Boxe",2,2141.32
Americana,Médico Neurocirurgião,2,3600.36
Araçariguama,Banhista De Animais Domésticos,2,1145.92
Araçariguama,Supervisor De Manutenção De Máquinas Operatrizes E De Usinagem,2,8481.08
Cerquilho,Arrematadeira,2,1350.95
Araçariguama,Supervisor De Manutenção De Máquinas Industriais Têxteis,2,5730.27
Americana,Eletricista De Instalações (Aeronaves),2,4965.39
Boituva,Operador De Máquinas De Usinar Madeira (Cnc),2,0
Itupeva,Limpador De Vidros,2,1358.86
Boituva,Tecelão (Tear Automático),2,1910.66
Araçatuba,Analista De Crédito Rural,2,2643.14
Itu,Operador De Máquina De Lavar Fios E Tecidos,2,1549.35
Americana,Operador De Triagem E Transbordo,2,6348.09
Piedade,Foguista (Locomotivas A Vapor),2,2052.91
Cerquilho,Assistente Comercial De Seguros,2,2577.47
Porto Feliz,Mestre (Indústria De Máquinas E Outros Equipamentos Mecânicos),2,6823.54
Boituva,Agente De Recrutamento E Seleção,2,3094.69
Araçariguama,Mestre (Indústria Têxtil E De Confecções),2,5787.64
Araçariguama,"Eletricista De Manutenção De Linhas Elétricas, Telefônicas E De Comunicação De Dados",2,3708.59
Itupeva,"Técnico Em Materiais, Produtos Cerâmicos E Vidros",2,1933.27
Itapetininga,Produtor De Rádio,2,1774.24
Americana,Intérprete De Língua De Sinais,1,2105.53
Itu,Professor De Língua Espanhola,1,683.99
Araçariguama,Engenheiro Agrônomo,1,11881.73
Porto Feliz,Auxiliar De Radiologia (Revelação Fotográfica),1,5123.53
Araçariguama,Supervisor De Telemarketing E Atendimento,1,11725.26
Porto Feliz,Técnico Em Sonorização,1,4178.44
Porto Feliz,Supervisor De Controle Patrimonial,1,5125.88
Porto Feliz,Administrador Em Segurança Da Informação,1,8877.16
Porto Feliz,Desenhista Técnico (Instalações Hidrossanitárias),1,9636.03
Porto Feliz,Impressor Flexográfico,1,2402.93
Porto Feliz,Gerente De Suprimentos,1,0
Araçariguama,Supervisor De Produção Na Mineração,1,8782.48
Americana,Reparador De Aparelhos Eletrodomésticos (Exceto Imagem E Som),1,1100
Porto Feliz,Gerente De Produtos Bancários,1,0
Porto Feliz,Gerente De Serviços Culturais,1,8450.07
Porto Feliz,Médico Ginecologista E Obstetra,1,8459.95
Porto Feliz,Chefe De Serviços Bancários,1,4668.33
Porto Feliz,Mestre De Siderurgia,1,6923.5
Porto Feliz,Engenheiro Ambiental,1,8809.3
Porto Feliz,Engenheiro Civil (Estruturas Metálicas),1,6388.34
Porto Feliz,Gerente De Crédito E Cobrança,1,7316.33
Porto Feliz,Cozinheiro Do Serviço Doméstico,1,5813.71
Porto Feliz,Professor De Alunos Com Deficiência Auditiva E Surdos,1,3435.09
Porto Feliz,Apresentador De Eventos,1,4116.11
Porto Feliz,Tecnólogo Em Fabricação Mecânica,1,4707.07
Porto Feliz,Mestre Serralheiro,1,3851.57
Porto Feliz,"Desenhista Técnico De Embalagens, Maquetes E Leiautes",1,4127.36
Porto Feliz,Pedagogo,1,3721.31
Porto Feliz,Técnico Em Eletromecânica,1,3683.54
Porto Feliz,Funileiro Industrial,1,2850.08
Porto Feliz,Agente De Pátio,1,2635.55
Porto Feliz,Chefe De Confeitaria,1,3631.31
Porto Feliz,Eletromecânico De Manutenção De Portas Automáticas,1,3787
Porto Feliz,Operador De Fresadora Com Comando Numérico,1,3586.89
Porto Feliz,Biomédico,1,3006.16
Porto Feliz,Inspetor De Sinistros,1,2295
Porto Feliz,Tesoureiro De Banco,1,3194.21
Porto Feliz,"Supervisor De Manutenção De Bombas, Motores, Compressores E Equipamentos De Transmissão",1,2328.8
Porto Feliz,Eletrotécnico,1,3029.57
Porto Feliz,Bamburista,1,1981.39
Porto Feliz,Operador De Máquina Bordatriz,1,2379.48
Porto Feliz,Técnico Agropecuário,1,2639.23
Porto Feliz,Auxiliar De Enfermagem Do Trabalho,1,1602.64
Porto Feliz,Professor De Geografia No Ensino Médio,1,2016.89
Porto Feliz,Arquiteto Urbanista,1,1967.06
Porto Feliz,Economista Industrial,1,2017.37
Porto Feliz,Visual Merchandiser,1,1808.4
Porto Feliz,Instalador De Som E Acessórios De Veículos,1,1494.07
Porto Feliz,Mestre De Pintura (Tratamento De Superfícies),1,1632.01
Porto Feliz,Trabalhador Da Pecuária (Bovinos Leite),1,1959.88
Porto Feliz,Médico Pneumologista,1,1532.33
Porto Feliz,Monitor De Sistemas Eletrônicos De Segurança Interno,1,1245.2
Porto Feliz,Operador De Mídia Audiovisual,1,1120
Porto Feliz,Mecânico De Manutenção De Motores Diesel (Exceto De Veículos Automotores),1,1567.7
Porto Feliz,Trabalhador Da Elaboração De Pré-Fabricados (Cimento Amianto),1,1436.91
Porto Feliz,Cafeicultor,1,1247.44
Porto Feliz,Professor De Língua Portuguesa,1,1021.04
Porto Feliz,"Diretor De Produção E Operações Da Indústria De Transformação, Extração Mineral E Utilidades",1,85759.39
Porto Feliz,Oficial Do Registro De Distribuições,1,16509.78
Porto Feliz,Supervisor De Orçamento,1,13946.6
Porto Feliz,Engenheiro Eletricista De Manutenção,1,13888.66
Porto Feliz,Engenheiro Eletrônico De Projetos,1,11177.34
Itu,Atleta Profissional De Luta,1,814.33
Itupeva,Representante Comercial Autônomo,1,0
Itu,Engenheiro De Tempos E Movimentos,1,6588.45
Itupeva,Médico Neurologista,1,7777.1
Itupeva,Supervisor Da Indústria De Fumo,1,6956.99
Itupeva,Engenheiro Agrícola,1,7730.83
Itupeva,Médico Gastroenterologista,1,7621.4
Itu,Tecnólogo Em Eletrônica,1,5465.74
Itupeva,Técnico Em Mecatrônica - Robótica,1,7448.65
Itupeva,Engenheiro Químico (Petróleo E Borracha),1,7090.82
Americana,Trabalhador No Cultivo De Espécies Frutíferas Rasteiras,1,1627.11
Itupeva,Documentalista,1,5642.06
Itupeva,Operador De Laminador De Metais Não-Ferrosos,1,4563.42
Itu,Mestre (Afiador De Ferramentas),1,4255.64
Itupeva,Técnico De Celulose E Papel,1,5156.7
Itu,Ministro De Culto Religioso,1,4234.15
Itu,Criador De Eqüínos,1,4521.42
Itu,Guia De Turismo,1,2836.14
Itu,Mantenedor De Sistemas Eletroeletrônicos De Segurança,1,5035.81
Itu,Comerciante Atacadista,1,3534.24
Itupeva,Operador De Máquina Intercaladora De Placas (Compensados),1,2935.61
Itu,Tecnólogo Em Eletricidade,1,3756.27
Itupeva,Especialista Em Instrumentação Metrológica,1,3151.41
Itupeva,"Trefilador De Metais, À Máquina",1,3079.74
Araçariguama,Cartazeiro,1,1180
Americana,Analista De Projetos Logisticos,1,1117.15
Itupeva,Trabalhador Na Fabricação De Produtos Abrasivos,1,3758.45
Itupeva,Impressor De Rotativa,1,4388.89
Itupeva,Operador De Máquina Perfuratriz,1,3771.92
Itupeva,Supervisor De Exploração Pecuária,1,4012.38
Itu,Produtor De Texto,1,2681.13
Araçariguama,Despachante De Trânsito,1,1136.95
Itu,Técnico Em Museologia,1,2830.33
Itu,Desenvolvedor Web (Técnico),1,1613.15
Itu,Psicopedagogo,1,3143.74
Itupeva,Diretor De Câmbio E Comércio Exterior,1,2878.28
Itupeva,Operador De Prensa De Material Reciclável,1,1885.74
Itu,Diretor De Contas (Publicidade),1,2325.26
Itu,Instalador-Reparador De Redes E Cabos Telefônicos,1,2066.59
Itupeva,Montador De Veículos (Reparação),1,2515.98
Itu,Técnico Em Automobilística,1,2483.95
Itupeva,Técnico Em Calibração,1,2420.55
Americana,Restaurador De Instrumentos Musicais (Exceto Cordas Arcadas),1,1259.82
Itu,Operador De Centro De Usinagem De Madeira (Cnc),1,2367.94
Itu,Laminador De Metais Preciosos A  Mão,1,2878.17
Itu,Mestre De Alto-Forno,1,2858.07
Araçariguama,Trabalhador Da Pecuária (Bovinos Corte),1,1800
Itupeva,Moleiro De Cereais (Exceto Arroz),1,2296.12
Itupeva,Marcador De Peças Confeccionadas Para Bordar,1,2041.91
Americana,Trabalhador De Tratamento Do Leite E Fabricação De Laticínios E Afins,1,1765.91
Itupeva,Especialista Em Calibrações Metrológicas,1,2519.26
Itupeva,"Instalador De Material Isolante, À Máquina (Edificações)",1,3025.4
Itupeva,Contramestre De Acabamento (Indústria Têxtil),1,2346.31
Americana,Operador De Instalação De Refrigeração,1,1726
Itupeva,Inseminador,1,3470.32
Itupeva,Passador De Roupas Em Geral,1,2004.29
Itu,Barbeiro,1,1866.83
Itu,Cozinheiro De Hospital,1,1865.3
Itu,Boiadeiro,1,1876.46
Itu,"Confeccionador De Móveis De Vime, Junco E Bambu",1,1460.75
Itu,Técnico Em Óptica E Optometria,1,1476.02
Itu,Operador De Máquina Cortadora (Minas E Pedreiras),1,1258.09
Itupeva,Eletricista De Bordo,1,2214.88
Araçariguama,Operador De Rebobinadeira Na Fabricação De Papel E Papelão,1,1832.44
Itupeva,Operador De Sonda De Percussão,1,1537.77
Itupeva,Assistente Comercial De Seguros,1,1975.84
Itupeva,Operador De Prensa De Embutir Papelão,1,1887.71
Itu,Tecelão (Tear Mecânico Liso),1,1989.38
Itupeva,Criador De Eqüínos,1,2124.11
Itupeva,Professor De Educação Física No Ensino Médio,1,1333.91
Americana,Ceramista Modelador,1,1740.94
Itu,Professor De Música No Ensino Superior,1,1472.19
Itu,Trabalhador Da Pecuária (Bubalinos),1,1300
Itu,Turismólogo,1,1153.05
Itu,Operador De Triagem E Transbordo,1,1386.81
Itu,Dirigente E Administrador De Organização Religiosa,1,1100
Itupeva,Técnico De Enfermagem De Terapia Intensiva,1,748.03
Itu,Ciclista Mensageiro,1,892.18
Itu,Especialista Em Calibrações Metrológicas,1,797.3
Itu,Encarregado De Manutenção Elétrica De Veículos,1,6817.16
Americana,Pesquisador De Engenharia Elétrica E Eletrônica,1,16654.3
Itupeva,Inspetor De Estamparia (Produção Têxtil),1,1064.97
Itupeva,Comerciante Atacadista,1,30028.84
Itupeva,Cirurgião Dentista - Traumatologista Bucomaxilofacial,1,18386.19
Itu,Arquiteto De Interiores,1,12833.53
Itu,Engenheiros De Sistemas Operacionais Em Computação,1,11252.58
Itupeva,"Pesquisador De Engenharia Metalúrgica, De Minas E De Materiais",1,14729.1
Itu,Médico Infectologista,1,3694.24
Americana,Atleta Profissional (Outras Modalidades),1,376.18
Araçariguama,Engenheiro Civil (Edificações),1,13638.84
Araçariguama,Gerente De Clientes Especiais (Private),1,10840.25
Dourado,Procurador Do Município,1,5759.95
Cerquilho,Diretor De Serviços De Saúde,1,7571.95
Araçariguama,Comerciante Varejista,1,2200
Cerquilho,Supervisor De Manutenção De Máquinas Industriais Têxteis,1,8396.54
Americana,Tecnólogo Em Gastronomia,1,1556.01
Cerquilho,Advogado De Empresa,1,7624.8
Dourado,Supervisor De Tesouraria,1,7218.54
Dourado,Gerente De Hotel,1,5646.15
Charqueada,Eletrotécnico,1,5165.81
Cerquilho,Técnico Eletricista,1,3923.29
Araçariguama,Operador De Câmera De Televisão,1,1831.14
Dourado,Auxiliar De Logistica,1,4240.65
Cerquilho,Diretor De Suprimentos No Serviço Público,1,4626.55
Dourado,Apontador De Produção,1,3969.55
Charqueada,Encarregado De Acabamento De Chapas E Metais  (Têmpera),1,5729.32
Cerquilho,"Operador De Produção (Química, Petroquímica E Afins)",1,3450.42
Americana,Recepcionista De Seguro Saúde,1,2174.16
Cerquilho,Analista De Crédito (Instituições Financeiras),1,4797.25
Cerquilho,"Supervisor De Operação De Fluidos (Distribuição, Captação, Tratamento De Água, Gases, Vapor)",1,4014.81
Cerquilho,Remetedor De Fios,1,3550.13
Charqueada,Professor Da  Educação De Jovens E Adultos Do Ensino Fundamental (Primeira A Quarta Série),1,4247.24
Charqueada,Diretor De Operações De Obras Pública E Civil,1,3946.25
Charqueada,Tesoureiro De Banco,1,3502.09
Charqueada,Diretor De Recursos Humanos,1,3737.91
Charqueada,Consultor Jurídico,1,4255.24
Cerquilho,Desenhista Projetista De Construção Civil,1,3808.02
Cerquilho,Operador De Centro De Usinagem Com Comando Numérico,1,2640.49
Araçariguama,Sepultador,1,1922.43
Charqueada,Forneiro De Fundição (Forno De Redução),1,3037.02
Charqueada,Analista De Logistica,1,3728.98
Dourado,Atleta Profissional De Futebol,1,3792
Americana,Secretário - Executivo,1,1485.98
Americana,Técnico Em Saúde Bucal Da Estratégia De Saúde Da Família,1,2030.39
Americana,Sacristão,1,1556.06
Dourado,Auxiliar Geral De Conservação De Vias Permanentes (Exceto Trilhos),1,3217.72
Cerquilho,Supervisor De Recepcionistas,1,2588.3
Cerquilho,Terapeuta Holístico,1,3029.01
Americana,Supervisor Da Indústria De Bebidas,1,2696.19
Dourado,Consultor Jurídico,1,2408.25
Charqueada,Gerente De Serviços Culturais,1,2404.26
Charqueada,Gerente De Produção E Operações  Aqüícolas,1,2404.26
Americana,Porteiro (Hotel),1,2691.6
Charqueada,Gerente De Serviços Educacionais Da Área Pública,1,3158.55
Americana,"Tecelão De Tapetes, A  Máquina",1,1742
Cerquilho,Gerente De Almoxarifado,1,2300.22
Americana,Operador De Serras No Desdobramento De Madeira,1,2406.66
Araçariguama,Supervisor De Manutenção De Máquinas Gráficas,1,11552.44
Cerquilho,Técnico Em Turismo,1,2300.22
Charqueada,Carpinteiro,1,2444.93
Cerquilho,Técnico Em Instrumentação,1,2400
Cerquilho,Desenhista Detalhista,1,2500.77
Cerquilho,"Supervisor De Fabricação De Produtos Cerâmicos, Porcelanatos E Afins",1,2657.03
Charqueada,"Pintor, A  Pistola (Exceto Obras E Estruturas Metálicas)",1,3375.84
Charqueada,Controlador De Serviços De Máquinas E Veículos,1,2118.48
Americana,Cortador De Vidro,1,1949.69
Dourado,Serrador De Madeira (Serra Circular Múltipla),1,1902.88
Araçariguama,Cortador De Pedras,1,2713.37
Cerquilho,Técnico Têxtil,1,2322.92
Dourado,Supervisor De Almoxarifado,1,2209.93
Charqueada,Estampador De Tecido,1,1870
Cerquilho,"Cenotécnico (Cinema, Vídeo, Televisão, Teatro E Espetáculos)",1,1442.26
Charqueada,Recepcionista De Hotel,1,1576.86
Dourado,Auxiliar De Biblioteca,1,1898.58
Araçariguama,Montador De Equipamentos Elétricos,1,3701.46
Cerquilho,Telhador (Telhas Metálicas),1,2078.44
Cerquilho,Eletricista De Instalações (Edifícios),1,1685.02
Dourado,Encarregado De Acabamento De Chapas E Metais  (Têmpera),1,1995.12
Americana,"Moldador, A  Mão",1,2604.58
Cerquilho,Técnico De Laboratório Industrial,1,1741.16
Cerquilho,Montador De Equipamentos Eletrônicos (Aparelhos Médicos),1,1952.23
Charqueada,Impressor De Ofsete (Plano E Rotativo),1,1351.67
Cerquilho,Costureiro De Roupa De Couro E Pele,1,1601.68
Dourado,Auxiliar De Produção Farmacêutica,1,2072.17
Araçariguama,Engenheiro Eletricista,1,2500
Charqueada,Trabalhador Da Pecuária (Bovinos Leite),1,1872.75
Araçariguama,Operador De Máquina De Dobrar Chapas,1,2145.39
Dourado,Recepcionista De Consultório Médico Ou Dentário,1,1066.58
Cerquilho,Auxiliar De Serviços Jurídicos,1,1318.59
Dourado,Garagista,1,1653.37
Charqueada,Inspetor De Sinistros,1,1357.64
Cerquilho,Designer De Vitrines,1,1675.72
Americana,Retalhador De Carne,1,3228.32
Americana,Instalador Eletricista (Tração De Veículos),1,2713.55
Charqueada,Auxiliar De Cartório,1,1141.48
Americana,Gravador De Matriz Para Flexografia (Clicherista),1,2203.62
Americana,Montador De Equipamentos Eletrônicos (Computadores E Equipamentos Auxiliares),1,2284.7
Dourado,Auxiliar De Cartório,1,1089.29
Cerquilho,Agenciador De Propaganda,1,1600
Americana,Montador De Máquinas Operatrizes Para Madeira,1,2855.36
Charqueada,Supervisor De Vendas De Serviços,1,1266.21
Americana,Atendente De Judiciário,1,2655.36
Dourado,Locutor De Mídias Audiovisuais,1,1674.44
Americana,Tecnólogo Em Gestão Administrativo- Financeira,1,2372.13
Dourado,Montador De Equipamentos Eletrônicos,1,1573.33
Cerquilho,Técnico Químico De Petróleo,1,1237.5
Araçariguama,"Montador De Equipamentos Eletrônicos (Estação De Rádio, Tv E Equipamentos De Radar)",1,2120.75
Araçariguama,Operador De Equipamentos De Preparação De Areia,1,2428.66
Cerquilho,Gesseiro,1,1506.91
Charqueada,Borracheiro,1,1648.44
Charqueada,Pintor De Veículos (Reparação),1,1600
Araçariguama,Chefe De Portaria De Hotel,1,3084.24
Americana,Analista De Cobrança (Instituições Financeiras),1,2344.72
Charqueada,Caseiro (Agricultura),1,1234.99
Dourado,Trabalhador Da Pecuária (Bovinos Leite),1,1384.65
Dourado,Caseiro (Agricultura),1,1470
Charqueada,Cuidador De Idosos,1,1322.68
Araçariguama,Biólogo,1,2060.15
Cerquilho,Professor De Filosofia No Ensino Médio,1,2567.13
Dourado,Gerente De Operações De Serviços De Assistência Técnica,1,1950.06
Araçariguama,Técnico Em Nutrição E Dietética,1,3344.64
Charqueada,Fermentador,1,2913.73
Cerquilho,Diretor De Marketing,1,31560.98
Dourado,Supervisor De Orçamento,1,18266.17
Americana,Operador De Calcinação (Tratamento Químico E Afins),1,3228.22
Dourado,Diretor De Recursos Humanos,1,12671.29
Piedade,Costureira De Reparação De Roupas,1,0
Piedade,Poceiro (Edificações),1,2220.54
Pindamonhangaba,Impressor De Ofsete (Plano E Rotativo),1,0
Piedade,Pintor A Pincel E Rolo (Exceto Obras E Estruturas Metálicas),1,0
Araçariguama,Condutor De Máquinas,1,2597.11
Piedade,Montador De Andaimes (Edificações),1,1671.84
Pindamonhangaba,Engenheiro Civil (Estruturas Metálicas),1,0
Araçariguama,Operador De Negócios,1,3235.76
Piedade,Farmacêutico Hospitalar E Clínico,1,8021.74
Araçariguama,Supervisor De Manutenção Eletromecânica (Utilidades),1,3557.49
Piedade,Médico Oftalmologista,1,8961.75
Pindamonhangaba,Engenheiro Ambiental,1,11026.85
Pindamonhangaba,Engenheiro De Aplicativos Em Computação,1,5419.58
Americana,Tropeiro,1,2841.55
Pindamonhangaba,"Supervisor De Manutenção De Bombas, Motores, Compressores E Equipamentos De Transmissão",1,6906.13
Piedade,Engenheiro Químico,1,6762.54
Piedade,Médico Veterinário,1,6462.39
Americana,"Supervisor De Manutenção De Aparelhos Térmicos, De Climatização E De Refrigeração",1,3400.88
Piedade,Chefe De Serviços Bancários,1,4629.31
Piedade,"Supervisor De Manutenção De Aparelhos Térmicos, De Climatização E De Refrigeração",1,5939.4
Piedade,Mestre De Trefilação De Metais,1,4702.01
Araçariguama,Mestre (Indústria De Máquinas E Outros Equipamentos Mecânicos),1,3544.81
Americana,Chefe De Portaria De Hotel,1,3805.8
Pindamonhangaba,"Técnico De Utilidade (Produção E Distribuição De Vapor, Gases, Óleos, Combustíveis, Energia)",1,6337.13
Araçariguama,Operador De Máquina De Usinagem De Madeira (Produção Em Série),1,3639.51
Pindamonhangaba,Fitotecário,1,2868.73
Pindamonhangaba,Engenheiro Civil (Saneamento),1,5643.17
Piedade,Cobrador Interno,1,4576.17
Araçariguama,Professor De Sociologia No Ensino Médio,1,4375.09
Piedade,Professor De Matemática No Ensino Médio,1,3348.85
Araçariguama,Diretor De Compliance,1,3681.96
Piedade,Economista Do Setor Público,1,3680.77
Pindamonhangaba,Operador De Fresadora (Usinagem De Madeira),1,3225.68
Americana,Professor De Estatística (No Ensino Superior),1,3641.21
Americana,Tecnólogo Em Radiologia,1,3425.41
Americana,Editor De Mídia Eletrônica,1,3515.7
Americana,Fiscal De Tributos Estadual,1,3704.45
Pindamonhangaba,Tradutor,1,3353.23
Piedade,Tecnólogo Em Metalurgia,1,2925.8
Pindamonhangaba,Operador De Fresadora Com Comando Numérico,1,3017.85
Pindamonhangaba,Técnico Em Estruturas Metálicas,1,3051.59
Piedade,Operador De Inspeção De Qualidade,1,3499.74
Americana,Pesquisador Em Biologia Vegetal,1,4757.28
Pindamonhangaba,Gerente De Instituição Educacional Da Área Privada,1,2403.92
Araçariguama,Agente De Saúde Pública,1,4443.89
Araçariguama,Médico Oftalmologista,1,5115.93
Araçariguama,Fonoaudiólogo Em Linguagem,1,5069.91
Americana,Pesquisador Em Saúde Coletiva,1,5393.97
Araçariguama,"Eletricista De Instalações (Veículos Automotores E Máquinas Operatrizes, Exceto Aeronaves E Embarcações)",1,6898.98
Araçariguama,Supervisor De Crédito E Cobrança,1,4437.9
Americana,Operador De Máquina Extrusora De Varetas E Tubos De Vidro,1,4684.63
Piedade,Professor De Física No Ensino Médio,1,2996.66
Araçariguama,Agente Fiscal De Qualidade,1,5361.7
Araçariguama,Operador De Guindaste (Fixo),1,7612.64
Araçariguama,Mestre (Indústria De Madeira E Mobiliário),1,4269.54
Piedade,Fonoaudiólogo Geral,1,2371.03
Piedade,Cerimonialista,1,3121.79
Americana,Cozinhador De Carnes,1,4783.63
Americana,Arquiteto Paisagista,1,7723.94
Araçariguama,Desenhista Técnico (Construção Civil),1,3998.73
Piedade,Supervisor De Produção Da Indústria Alimentícia,1,2370.17
Araçariguama,Administrador De Sistemas Operacionais,1,9020
Americana,Procurador Autárquico,1,8127
Americana,Tecnólogo Em Construção Civil,1,9271.65
Araçariguama,Administrador Em Segurança Da Informação,1,5391.92
Araçariguama,Supervisor De Perfuração E Desmonte,1,7091.28
Araçariguama,Bibliotecário,1,8593.5
Araçariguama,Atendente De Judiciário,1,6681.03
Americana,Trabalhador Polivalente Da Confecção De Calçados,1,3685.07
Americana,Preparador De Calçados,1,0
Pindamonhangaba,Supervisor Das Artes Gráficas  (Indústria Editorial E Gráfica),1,2060.94
Araçariguama,"Engenheiro Químico (Mineração, Metalurgia, Siderurgia, Cimenteira E Cerâmica)",1,13952.7
Piedade,Gerente De Restaurante,1,2213.16
Americana,Brasador,1,2548.31
Araçariguama,Passadeira De Peças Confeccionadas,1,0
Americana,Operador De Prensa De Enfardamento,1,0
Piedade,Supervisor De Lavanderia,1,2330.39
Americana,"Ferramenteiro De Mandris, Calibradores E Outros Dispositivos",1,0
Americana,Professor De Administração,1,571.57
Piedade,Administrador De Edifícios,1,2337.75
Araçariguama,Professor Instrutor De Ensino E Aprendizagem Em Serviços,1,3530.19
Pindamonhangaba,Operador De Lixadeira (Usinagem De Madeira),1,2252.79
Porto Feliz,Supervisor De Caixas E Bilheteiros (Exceto Caixa De Banco),1,3406.48
Piedade,Operador De Central De Concreto,1,2812.13
Piedade,Operador De Máquina Misturadeira (Tratamentos Químicos E Afins),1,2571.61
Pindamonhangaba,Supervisor  (Indústria De Calçados E Artefatos De Couro),1,1933.59
Piedade,"Supervisor Da Confecção De Artefatos De Tecidos, Couros E Afins",1,1874.55
Piedade,Auxiliar De Laboratório De Análises Físico-Químicas,1,2037.02
Pindamonhangaba,Técnico Em Manutenção De Instrumentos De Medição E Precisão,1,1608.12
Porto Feliz,"Moldador, A  Mão",1,3097.55
Piedade,Arquivista De Documentos,1,1717.99
Pindamonhangaba,Técnico Em Mecânica De Precisão,1,1876.94
Piedade,"Bilheteiro (Estações De Metrô, Ferroviárias E Assemelhadas)",1,1769.95
Pindamonhangaba,Estampador De Tecido,1,1822.26
Pindamonhangaba,Caminhoneiro Autônomo (Rotas Regionais E Internacionais),1,1831.33
Piedade,Retalhador De Carne,1,1997.99
Pindamonhangaba,Funileiro Industrial,1,1923.07
Piedade,"Operador De Máquina De Usinagem Madeira, Em Geral",1,1782.95
Piedade,Cartazeiro,1,1339.21
Porto Feliz,Professor De Nível Superior Na Educação Infantil (Quatro A Seis Anos),1,2876.6
Piedade,Supervisor De Telemarketing E Atendimento,1,2237.51
Porto Feliz,Bibliotecário,1,3156.21
Piedade,Recreador,1,1497.22
Pindamonhangaba,Artista (Artes Visuais),1,1128
Piedade,Diretor Geral De Empresa E Organizações (Exceto De Interesse Público),1,1546.37
Piedade,Lavador De Artefatos De Tapeçaria,1,1433.03
Piedade,Criador De Peixes,1,1460.48
Piedade,Arquiteto Paisagista,1,1441.91
Americana,Médico De Família E Comunidade,1,15752.18
Pindamonhangaba,Diretor De Recursos Humanos,1,37247.37
Porto Feliz,Operador De Escória E Sucata,1,2353.91
Piedade,Gerente De Marketing,1,10979.96
Pindamonhangaba,Farmacêutico Analista Clínico,1,12962.81
Piedade,Supervisor Da Indústria De Bebidas,1,9968.41
Porto Feliz,Forneiro E Operador (Refino De Metais Não-Ferrosos),1,2462.22
Araçoiaba da Serra,Agente De Viagem,1,2214.77
Araçatuba,Controlador De Tráfego Aéreo,1,7374.64
Araçoiaba da Serra,Gesseiro,1,0
Porto Feliz,Reparador De Aparelhos Eletrodomésticos (Exceto Imagem E Som),1,2381.48
Araçoiaba da Serra,Advogado De Empresa,1,0
Araçoiaba da Serra,Mecânico De Manutenção De Empilhadeiras E Outros Veículos De Cargas Leves,1,0
Araçatuba,Mestre (Indústria De Máquinas E Outros Equipamentos Mecânicos),1,0
Araçoiaba da Serra,Médico Dermatologista,1,7627.83
Araçoiaba da Serra,Engenheiro De Equipamentos Em Computação,1,9473.18
Araçoiaba da Serra,Gerente De Recursos Humanos,1,9528.65
Araçatuba,Pesquisador Em Saúde Coletiva,1,6643.82
Araçoiaba da Serra,Médico Psiquiatra,1,5676.13
Araçatuba,Desenhista Técnico Mecânico,1,3679.49
Araçatuba,Zootecnista,1,6755.05
Araçatuba,Kardexista,1,2927.02
Araçoiaba da Serra,Editor De Mídia Audiovisual,1,3944.28
Araçatuba,Pesquisador Em Ciências Da Zootecnia,1,3977.3
Araçoiaba da Serra,Escrivão Extra - Judicial,1,4380.3
Araçoiaba da Serra,Supervisor De Recepcionistas,1,3794.51
Araçatuba,Supervisor De Operações (Mídias Audiovisuais),1,4286.37
Ibiúna,Limpador De Fachadas,1,397.51
Porto Feliz,Ajustador De Instrumentos De Precisão,1,2837.91
Itapeva,Técnico Em Mecatrônica - Robótica,1,537.16
Araçatuba,Analista De Projetos Logisticos,1,3424.31
Araçatuba,Eletromecânico De Manutenção De Elevadores,1,3334.38
Araçoiaba da Serra,Cobrador Externo,1,3456.51
Araçoiaba da Serra,Operador De Abastecimento De Combustível De Aeronave,1,3702.19
Araçatuba,Mecânico De Manutenção De Máquinas Gráficas,1,3807.4
Araçatuba,Torneiro Na Usinagem Convencional De Madeira,1,3748
Araçoiaba da Serra,Técnico Em Mecatrônica - Automação Da Manufatura,1,3120.94
Araçoiaba da Serra,Mecânico De Manutenção De Aparelhos De Levantamento,1,3750
Ibiúna,Gerente De Operações De Transportes,1,15428.11
Araçoiaba da Serra,Eletrotécnico (Produção De Energia),1,4861.42
Araçatuba,Operador De Forno (Serviços Funerários),1,3406.31
Araçatuba,Técnico De Matéria-Prima E Material,1,3531.47
Ibiúna,Mestre De Produção Farmacêutica,1,10335.11
Araçatuba,"Tecelão De Tapetes, A  Máquina",1,1899.45
Itapetininga,Engenheiro De Controle E Automação,1,8246.18
Araçatuba,Técnico Em Sonorização,1,3218.16
Ibiúna,Engenheiro Mecânico Industrial,1,16168.06
Araçoiaba da Serra,"Trabalhador Na Olericultura (Talos, Folhas E Flores)",1,2453.46
Araçoiaba da Serra,Despachante Documentalista,1,1522.87
Ibiúna,Técnico De Manutenção Eletrônica,1,16869.46
Araçatuba,Profissional De Educação Física Na Saúde,1,2056.55
Araçoiaba da Serra,Professor De Filosofia No Ensino Médio,1,2755.57
Araçoiaba da Serra,Professor De História No Ensino Médio,1,2921.45
Araçoiaba da Serra,Funileiro De Veículos (Reparação),1,4017.38
Araçatuba,Atendente De Judiciário,1,2452.6
Araçatuba,Pesquisador De Engenharia Civil,1,3275.13
Araçatuba,Operador De Telemarketing Técnico,1,2630.9
Araçatuba,Metalizador (Banho Quente),1,2278.83
Araçatuba,Taquígrafo,1,3104.72
Porto Feliz,Cobrador Interno,1,2453.21
Araçoiaba da Serra,Advogado,1,2500
Araçoiaba da Serra,Técnico Em Administração,1,2128.88
Araçoiaba da Serra,Mecânico De Manutenção De Máquinas Têxteis,1,2924.16
Araçoiaba da Serra,Supervisor De Embalagem E Etiquetagem,1,2547.47
Araçoiaba da Serra,Supervisor De Exploração Agropecuária,1,2900.01
Araçatuba,Soldador A  Oxigás,1,3022.97
Araçatuba,Datilógrafo,1,1927.41
Araçoiaba da Serra,Professor De Língua Inglesa,1,2009.95
Araçatuba,Agente De Higiene E Segurança,1,1964.77
Araçatuba,Mecânico Montador De Motores De Explosão E Diesel,1,2261.54
Araçatuba,Joalheiro,1,1592.18
Araçatuba,Montador De Equipamentos Eletrônicos (Computadores E Equipamentos Auxiliares),1,1489
Araçatuba,Operador De Serras No Desdobramento De Madeira,1,2056.09
Itapeva,Engenheiro Mecânico,1,16933.26
Itapeva,Engenheiro De Segurança Do Trabalho,1,20110.28
Itapeva,Gerente De Projetos De Tecnologia Da Informação,1,17514.57
Araçoiaba da Serra,Vidraceiro,1,1892.77
Araçoiaba da Serra,Projetista De Móveis,1,1616.56
Araçatuba,Operador De Guindaste (Fixo),1,1881.53
Araçatuba,Técnico Em Petroquímica,1,1729.2
Araçatuba,Tecnólogo Em Produção Industrial,1,1755.86
Araçoiaba da Serra,Criador Em Pecuária Polivalente,1,1820.51
Araçoiaba da Serra,Mecânico De Manutenção De Máquinas Agrícolas,1,1597.22
Araçoiaba da Serra,Professor De Alunos Com Deficiência Visual,1,1682.16
Araçatuba,Supervisor De Produção Na Mineração,1,1626.72
Araçatuba,Barista,1,1250
Araçoiaba da Serra,Montador De Máquinas Agrícolas,1,1151.11
Araçatuba,Desenhista Técnico (Construção Civil),1,1504.63
Araçoiaba da Serra,Armazenista,1,1157.72
Porto Feliz,Operador De Máquina Perfuradora (Minas E Pedreiras),1,3466.8
Porto Feliz,Zootecnista,1,3221.5
Araçoiaba da Serra,Técnico Eletricista,1,1672.1
Araçatuba,Professor De Estatística (No Ensino Superior),1,1160.91
Araçatuba,Sacristão,1,852.58
Araçatuba,Empregado Doméstico Diarista,1,612
Araçoiaba da Serra,Criador De Bovinos (Corte),1,1130.55
Araçatuba,Editor De Mídia Eletrônica,1,11807.39
Araçoiaba da Serra,Diretor De Suprimentos,1,14432.12
Araçoiaba da Serra,Diretor De Pesquisa E Desenvolvimento (P&D),1,10867.75
Araçoiaba da Serra,Gerente De Logística (Armazenagem E Distribuição),1,11583.33
Araçatuba,Cerimonialista,1,20810.91
Macatuba,Mecânico Montador De Motores De Explosão E Diesel,1,0
Macatuba,Economista Agroindustrial,1,5417.03
Macatuba,Técnico De Alimentos,1,6442.12
Macatuba,Médico Oftalmologista,1,5568.41
Macatuba,Médico Veterinário,1,4870.79
Macatuba,Gerente De Suprimentos,1,4651.36
Macatuba,Bibliotecário,1,4080.82
Macatuba,Supervisor De Manutenção Eletromecânica (Utilidades),1,3241.04
Macatuba,Economista Do Setor Público,1,3320.16
Macatuba,Mestre De Produção Química,1,2690.42
Macatuba,Professor Instrutor De Ensino E Aprendizagem Em Serviços,1,2149.35
Macatuba,Supervisor De Compras,1,2818.42
Macatuba,Gerente De Restaurante,1,2304.13
Macatuba,Masseiro (Massas Alimentícias),1,2327.86
Macatuba,Instalador De Isolantes Térmicos De Caldeira E Tubulações,1,2986.01
Macatuba,Trabalhador De Fabricação De Sorvete,1,2255.08
Macatuba,Professor De Educação Física No Ensino Superior,1,1747.19
Macatuba,Cozinhador (Conservação De Alimentos),1,1476.29
Macatuba,Mecânico De Manutenção De Máquinas Gráficas,1,1560.08
Macatuba,Desenhista Técnico Mecânico,1,1764.62
Macatuba,Cortador De Pedras,1,1734.48
Macatuba,Técnico De Manutenção Elétrica,1,1943
Macatuba,Técnico Em Saúde Bucal,1,1136.21
Ibiúna,Professor De Artes No Ensino Médio,1,993.01
Macatuba,Eletricista De Instalações,1,1513.19
Itapeva,Professor De Música No Ensino Superior,1,998.85
Macatuba,Mecânico De Manutenção E Instalação De Aparelhos De Climatização E  Refrigeração,1,1235.98
Macatuba,Carpinteiro De Obras,1,1000
Macatuba,Diretor De  Produção E Operações De Alimentação,1,22459.72
Macatuba,Engenheiro Agrônomo,1,13937.78
Boituva,Médico Cardiologista,1,1622.91
Boituva,Chefe De Confeitaria,1,2506.73
Boituva,Escolhedor De Papel,1,0
Boituva,Operador De Máquina Copiadora (Exceto Operador De Gráfica Rápida),1,0
Boituva,Pedagogo,1,9301.17
Boituva,Engenheiro Civil (Edificações),1,7993.54
Boituva,Gerente De Serviços Culturais,1,5672.95
Itapeva,Atleta Profissional De Luta,1,851.04
Boituva,Gerente De Instituição Educacional Da Área Privada,1,6193.21
Boituva,Médico Hematologista,1,5862.31
Boituva,Médico Cirurgião Geral,1,6312.27
Boituva,Cozinheiro Do Serviço Doméstico,1,4408.54
Ibiúna,Promotor De Justiça,1,1495.68
Boituva,Modelador De Metais (Fundição),1,5672.17
Ibiúna,Cozinheiro Do Serviço Doméstico,1,1309.21
Boituva,Desenhista Copista,1,6210.77
Boituva,Mestre De Construção De Fornos,1,6430.17
Boituva,Supervisor De Manutenção Elétrica De Alta Tensão Industrial,1,3614.85
Boituva,Mestre Carpinteiro,1,3899
Itapeva,Produtor Na Olericultura De Frutos E Sementes,1,1219.77
Ibiúna,Trabalhador No Cultivo De Mudas,1,1541.66
Boituva,Impressor Tampográfico,1,4384.89
Boituva,Serrador De Madeira (Serra De Fita Múltipla),1,4054.5
Boituva,Farmacêutico Analista Clínico,1,2841.14
Boituva,Afiador De Ferramentas,1,3376.47
Boituva,Técnico De Fundição Em Siderurgia,1,3302.49
Itapetininga,Trabalhador Da Pecuária (Bubalinos),1,1195.87
Boituva,Técnico Em Mecânica De Precisão,1,5095.41
Boituva,"Mecânico De Manutenção De Aeronaves, Em Geral",1,2893.74
Boituva,"Tecelão De Tapetes, A  Mão",1,2389.53
Boituva,Gerente De Produção E Operações  Aqüícolas,1,2346.79
Boituva,Inspetor De Sinistros,1,1765.43
Boituva,Limpador De Vidros,1,1700.91
Boituva,Desenhista Projetista De Arquitetura,1,1426.34
Boituva,Desenhista Técnico (Arquitetura),1,2000
Boituva,Fiscal De Transportes Coletivos (Exceto Trem),1,1440
Boituva,Vidraceiro (Edificações),1,1769.06
Boituva,Mecânico De Manutenção De Bicicletas E Veículos Similares,1,1606.5
Boituva,Pedreiro De Edificações,1,1841.67
Boituva,Operador De Fresadora (Usinagem De Madeira),1,1934.02
Boituva,Operador De Moenda Na Fabricação De Açúcar,1,2229.64
Boituva,Inspetor De Terraplenagem,1,1749
Itapetininga,Revisor De Texto,1,1208.54
Boituva,Investigador De Polícia,1,1312
Boituva,Operador De Telemarketing Ativo,1,1600
Boituva,Eletrotécnico,1,1518
Boituva,Desenhista Industrial De Produto (Designer De Produto),1,1228.18
Araçariguama,Caseiro (Agricultura),1,1502.75
Americana,Técnico Em Piscicultura,1,1557.02
Boituva,Diretor De Recursos Humanos,1,37663.4
Boituva,"Diretor De Produção E Operações Da Indústria De Transformação, Extração Mineral E Utilidades",1,36531.41
Cabreúva,Diretor De Arte (Publicidade),1,8123.32
Cabreúva,Metrologista,1,4926.16
Itapeva,Gerente De Infraestrutura De Tecnologia Da Informação,1,1300
Cabreúva,Técnico De Manutenção Eletrônica (Circuitos De Máquinas Com Comando Numérico),1,9660.68
Itapeva,Soldador Elétrico,1,1401.62
Cabreúva,Operador De Máquina De Etiquetar,1,8218.73
Cabreúva,Agente De Recrutamento E Seleção,1,6186.94
Cabreúva,Chefe De Serviço De Transporte Rodoviário (Passageiros E Cargas),1,6235.29
Cabreúva,Mestre De Galvanoplastia,1,5347.91
Cabreúva,Engenheiro De Controle E Automação,1,6687.19
Cabreúva,Técnico De Painel De Controle,1,6858.91
Cabreúva,Engenheiro Metalurgista,1,6794.86
Cabreúva,Supervisor De Controle De Tratamento Térmico,1,6273.51
Itapetininga,Operador De Prensa De Material Reciclável,1,1224
Cabreúva,Desenvolvedor Web (Técnico),1,4992.01
Cabreúva,Mestre De Usinagem,1,6011.62
Cabreúva,Mestre De Fundição,1,5382
Cabreúva,Preparador De Massa (Fabricação De Vidro),1,4420.85
Cabreúva,Supervisor De Contas A Pagar,1,4808.8
Cabreúva,Professor De Geografia Do Ensino Fundamental,1,4363.26
Cabreúva,Consultor Contábil (Técnico),1,3921.09
Cabreúva,Analista De Desembaraço Aduaneiro,1,3823.71
Cabreúva,Pintor De Veículos (Fabricação),1,4854.89
Cabreúva,Técnico De Suporte Ao Usuário De Tecnologia Da Informação,1,3609.58
Cabreúva,Operador De Guindaste Móvel,1,3657.3
Cabreúva,Técnico De Enfermagem Do Trabalho,1,4464.59
Cabreúva,Preparador Físico,1,2109.27
Cabreúva,"Bobinador Eletricista, À Mão",1,2866.64
Cabreúva,Vendedor Em Domicílio,1,1968.27
Itapetininga,Moleiro (Tratamentos Químicos E Afins),1,1401.34
Cabreúva,Comerciante Atacadista,1,2118.7
Itapeva,Oficial General Da Marinha,1,1545.32
Cabreúva,Publicitário,1,2087.82
Cabreúva,Metalizador A Pistola,1,2586.21
Cabreúva,Operador De Máquina Perfuratriz,1,2554.97
Cabreúva,Esterilizador De Alimentos,1,2399.61
Cabreúva,Orientador Educacional,1,1935.48
Cabreúva,Professor De Educação Física No Ensino Médio,1,1957.35
Cabreúva,Mototaxista,1,2009.16
Itapeva,Encarregado Geral De Operações De Conservação De Vias Permanentes (Exceto Trilhos),1,1510.75
Cabreúva,Catador De Material Reciclável,1,1562.06
Cabreúva,Contramestre De Acabamento (Indústria Têxtil),1,1455.04
Cabreúva,Boiadeiro,1,1819
Cabreúva,Supervisor De Exploração Pecuária,1,1800
Cabreúva,Tosador De Animais Domésticos,1,1600
Cabreúva,Cabeleireiro,1,1283.7
Cabreúva,Professor De Língua Estrangeira Moderna Do Ensino Fundamental,1,1539.77
Cabreúva,Operador De Triagem E Transbordo,1,1446.27
Cabreúva,Operador De Prensa De Material Reciclável,1,1472.79
Ibiúna,Montador De Bicicletas,1,1355
Cabreúva,Mecânico De Manutenção De Aparelhos Esportivos E De Ginástica,1,1568.29
Cabreúva,Chaveiro,1,1166.66
Ibiúna,Costureira De Peças Sob Encomenda,1,1400
Itapetininga,Relojoeiro (Reparação),1,1351.77
Cabreúva,Montador De Fotolito (Analógico E Digital),1,990.47
Cabreúva,Diretor De Operações De Serviços De Armazenamento,1,35105.07
Itapetininga,"Bobinador Eletricista, À Mão",1,1490.27
Cabreúva,Advogado (Direito Público),1,16989.02
Cabreúva,Economista,1,13273.11
Cabreúva,Profissional De Relações Institucionais E Governamentais,1,10884
Americana,"Operador De Instalação De Extração, Processamento, Envasamento E Distribuição De Gases",1,1199
Itapeva,Mototaxista,1,1235.1
Itapetininga,Professor De Economia,1,0
Ibiúna,Professor De Dança,1,412.92
Itapetininga,Arquivista Pesquisador (Jornalismo),1,0
Itapeva,Costureira De Peças Sob Encomenda,1,0
Ibiúna,"Supervisor De Fabricação De Produtos Cerâmicos, Porcelanatos E Afins",1,1501.78
Itapetininga,"Gravador, À Mão (Encadernação)",1,1226.79
Itapetininga,Trabalhador De Fabricação De Tintas,1,0
Itapeva,Instalador-Reparador De Redes Telefônicas E De Comunicação De Dados,1,1106.88
Ibiúna,Entrevistador De Preços,1,1163.55
Itapeva,Montador De Calçados,1,0
Itapetininga,Cozinheiro Do Serviço Doméstico,1,0
Ibiúna,Auxiliar De Cartório,1,1235.13
Itapetininga,Médico Anestesiologista,1,6450.85
Itapetininga,Diretor Teatral,1,7881.18
Itapeva,Publicitário,1,1267.14
Itapetininga,Especialista Em Ensaios Metrológicos,1,8158.3
Itapetininga,Encarregado De Manutenção Elétrica De Veículos,1,1518.17
Itapetininga,Relações Públicas,1,9374.41
Itapeva,Tecnólogo Em Meio Ambiente,1,6333.33
Itapetininga,Mestre De Pintura (Tratamento De Superfícies),1,5103.13
Itapetininga,Químico Industrial,1,5167.14
Itapetininga,Tecnólogo Em Meio Ambiente,1,5593.98
Ibiúna,Diretor De Instituição Educacional Da Área Privada,1,4736.39
Porto Feliz,Profissional De Educação Física Na Saúde,1,1891.86
Itapeva,Calceteiro,1,3280.94
Itapeva,Desenhista Técnico,1,3750
Itapeva,Pesquisador Em Ciências Florestais,1,4596.79
Itapeva,Analista De Logistica,1,3861.88
Itapetininga,Economista Industrial,1,4745.16
Porto Feliz,Professor De Ciências Biológicas Do Ensino Superior,1,1885.57
Ibiúna,Estatístico,1,5633.1
Itapeva,Trabalhador Da Cultura De Milho E Sorgo,1,4476.19
Itapetininga,Professor De Geologia,1,1892.32
Itapetininga,Professor De Geografia No Ensino Médio,1,4194.5
Itapeva,Mordomo De Residência,1,4258.52
Itapetininga,Professor De Técnicas De Enfermagem,1,4215.93
Itapetininga,Enfermeiro Auditor,1,3763
Porto Feliz,Professor De Língua Espanhola,1,2112.73
Itapeva,Arquivista,1,1460.01
Itapetininga,Engenheiro De Pesca,1,4300.29
Itapetininga,Tesoureiro De Banco,1,4391.28
Itapeva,Mestre De Caldeiraria,1,2742.21
Itapetininga,"Supervisor De Manutenção De Bombas, Motores, Compressores E Equipamentos De Transmissão",1,3544
Itapetininga,Técnico Em Tratamento De Efluentes,1,3705.13
Itapetininga,Especialista Em Pesquisa Operacional,1,3682.86
Itapeva,Supervisor Da Indústria De Minerais Não Metálicos (Exceto Os Derivados De Petróleo E Carvão),1,3828.49
Itapeva,Supervisor De Logística,1,4241.17
Itapeva,Enfermeiro Obstétrico,1,3083.33
Ibiúna,Diretor De Manutenção,1,2741.78
Ibiúna,Adestrador De Animais,1,1300
Itapetininga,Médico Cirurgião Pediátrico,1,2585.62
Itapeva,Técnico De Imobilização Ortopédica,1,2264.35
Ibiúna,Tecnólogo Em Secretariado Escolar,1,2855.83
Ibiúna,Operador De Trator De Lâmina,1,2103.75
Itapetininga,Cirurgião Dentista - Odontopediatra,1,3066
Ibiúna,Técnico Em Agrimensura,1,2407.95
Itapetininga,Desenhista Técnico,1,2870.3
Itapetininga,Inspetor De Terraplenagem,1,2076.71
Itapeva,Enfermeiro Auditor,1,3423.56
Ibiúna,Supervisor Da Manutenção E Reparação De Veículos Pesados,1,2035.79
Itapeva,Localizador (Cobrador),1,2235.4
Itapeva,Eletromecânico De Manutenção De Portas Automáticas,1,3638.38
Itapetininga,Técnico De Apoio Em Pesquisa E Desenvolvimento Agropecuário Florestal,1,3000
Itapetininga,"Costureiro De Roupas De Couro E Pele, A  Máquina Na  Confecção Em Série",1,1471.87
Ibiúna,Mecânico De Manutenção De Aparelhos De Levantamento,1,2681.01
Itapeva,Encarregado De Acabamento De Chapas E Metais  (Têmpera),1,2645.15
Itapetininga,Tecnólogo Em Gestão Hospitalar,1,2259.65
Itapetininga,"Técnico De Utilidade (Produção E Distribuição De Vapor, Gases, Óleos, Combustíveis, Energia)",1,2992.62
Itapetininga,Técnico Em Manutenção De Instrumentos De Medição E Precisão,1,2704.1
Itapeva,Analista De Pcp (Programação E Controle Da Produção),1,2716.98
Itapetininga,Classificador E Empilhador De Tijolos Refratários,1,2946.8
Itapeva,Diretor De Operações De Serviços De Transporte,1,2496.66
Itapetininga,Mosaísta,1,1600.81
Itapetininga,Impressor De Corte E Vinco,1,3460.88
Itapeva,Gerente De Bar,1,2282.9
Itapetininga,Mestre Carpinteiro,1,2625.58
Itapeva,Técnico Agropecuário,1,1866.68
Ibiúna,Operador De Máquinas Operatrizes,1,1870.49
Itapetininga,Professor De Literatura Brasileira,1,1703.41
Itapeva,Sondador De Poços (Exceto De Petróleo E Gás),1,1777.15
Itapeva,Gerente De Crédito E Cobrança,1,2000
Itapetininga,Técnico Em Mecânica De Precisão,1,1688.12
Ibiúna,Carregador (Aeronaves),1,1600.54
Itapetininga,Montador De Veículos (Reparação),1,1933.33
Itapeva,Auxiliar Técnico Em Laboratório De Farmácia,1,2005.33
Itapeva,Operador De Bate-Estacas,1,1794.66
Ibiúna,Cortador De Laminados De Madeira,1,1728.78
Itapeva,Mecânico De Manutenção De Bicicletas E Veículos Similares,1,1229.37
Itapeva,Visual Merchandiser,1,1702.14
Itapeva,"Costurador De Calçados, A  Máquina",1,1954.18
Itapeva,Operador De Usinagem Convencional Por Abrasão,1,1852.27
Itapetininga,Atleta Profissional (Outras Modalidades),1,1339.09
Ibiúna,Coletor De Resíduos Sólidos De Serviços De Saúde,1,1907.18
Ibiúna,Vendedor  Permissionário,1,1577.33
Itapetininga,Desenhista Técnico (Arquitetura),1,1827.83
Ibiúna,Supervisor De Manutenção Elétrica De Alta Tensão Industrial,1,1976.8
Itapetininga,Ajudante De Despachante Aduaneiro,1,2073.11
Itapeva,Gerente De Pesquisa E Desenvolvimento (P&D),1,1754.62
Itapetininga,Adestrador De Animais,1,2103.69
Itapeva,Cozinheiro Do Serviço Doméstico,1,1714.14
Itapetininga,Conferente-Expedidor De Roupas (Lavanderias),1,1912.31
Ibiúna,Mecânico De Manutenção De Máquinas Agrícolas,1,2328.01
Ibiúna,Trabalhador De Pecuária Polivalente,1,1857.16
Ibiúna,Gerente De Hotel,1,1725.8
Itapeva,"Eletrotécnico Na Fabricação, Montagem E Instalação De Máquinas E Equipamentos",1,2038.58
Ibiúna,Empregado  Doméstico  Nos Serviços Gerais,1,1600
Itapetininga,Operador De Rádio-Chamada,1,1771.57
Itapetininga,Secretária Trilíngüe,1,1300
Ibiúna,Advogado De Empresa,1,1590
Itapetininga,Professor Leigo No Ensino Fundamental,1,1400
Ibiúna,Professor De Filosofia No Ensino Médio,1,831.79
Araçariguama,Analista De Redes E De Comunicação De Dados,1,3494.25
Itapeva,Perfumista,1,2144.22
Itapeva,Mecânico Montador De Motores De Aeronaves,1,1485
Ibiúna,Mestre De Soldagem,1,1424.42
Itapetininga,Ascensorista,1,1594.44
Itapeva,Chefe De Confeitaria,1,1410.06
Itapetininga,Engenheiro De Alimentos,1,1882.22
Itapeva,Serrador De Madeira (Serra Circular Múltipla),1,1581.52
Itapeva,Decapador,1,1404.8
Itapeva,Técnico Em Manutenção De Instrumentos De Medição E Precisão,1,1439.48
Ibiúna,Limpador De Piscinas,1,1336.11
Ibiúna,Reparador De Equipamentos De Escritório,1,1300.74
Ibiúna,"Técnico Mecânico (Calefação, Ventilação E Refrigeração)",1,1628.6
Itapeva,Técnico Em Eletromecânica,1,1600
Itapetininga,"Costurador De Artefatos De Couro, A  Máquina (Exceto Roupas E Calçados)",1,1482.6
Itapeva,"Bordador, A  Mão",1,1393.07
Itapeva,Gerente De Produção E Operações  Aqüícolas,1,1467.32
Itapeva,Agente De Defesa Ambiental,1,2146.4
Araçariguama,Montador De Equipamentos Eletrônicos,1,1194.82
Ibiúna,Professor De História No Ensino Médio,1,741.73
Ibiúna,Inspetor De Risco,1,1392
Itapeva,Montador De Equipamentos Eletrônicos,1,1100
Itapetininga,Coletor De Resíduos Sólidos De Serviços De Saúde,1,1100
Ibiúna,Advogado,1,25762.52
Itapetininga,"Diretor De Produção E Operações Da Indústria De Transformação, Extração Mineral E Utilidades",1,39012.6
Itapetininga,Técnico Em Métodos Gráficos Em Cardiologia,1,1735.24
Itapeva,"Diretor De Produção E Operações Da Indústria De Transformação, Extração Mineral E Utilidades",1,68004.09
Itapetininga,Médico Cirurgião Cardiovascular,1,3047.3
Ibiúna,Diretor Comercial,1,27150.71
Itapeva,"Operador De Forno (Fabricação De Pães, Biscoitos E Similares)",1,1634.49
Itapetininga,Produtor Na Olericultura De Frutos E Sementes,1,1500
Ibiúna,Diretor De Operações Comerciais (Comércio Atacadista E Varejista),1,22384.44
Itapeva,Diretor De Recursos Humanos,1,12504.34
Itapeva,Inseminador,1,2920.38
Itapetininga,Médico Mastologista,1,12439.19
Itapetininga,Diretor De Redação,1,13905.93
Itapetininga,Trabalhador Na Apicultura,1,1493.81
Itapeva,Operador De Sonda De Percussão,1,1625.01
Itapetininga,Engenheiro Mecânico Industrial,1,14990.27
Ibiúna,Diretor De Pesquisa E Desenvolvimento (P&D),1,13447.93
Araçariguama,Mordomo De Residência,1,1098.81
Itapeva,Gerente De Comunicação,1,480.19
Americana,Técnico De Comunicação De Dados,1,4745.58
Araçariguama,Operador De Máquinas Florestais Estáticas,1,0
Americana,Operador De Controle Mestre,1,2085.3
Araçariguama,Caixa De Banco,1,0
Americana,Operador De Sonda Rotativa,1,0
Itapetininga,Tecnólogo Em Processos Químicos,1,2729.82
Ibiúna,Desenhista Técnico,1,2949.65
Americana,Sinaleiro (Ponte-Rolante),1,1778.18
Itapeva,Técnico Mecânico (Motores),1,2184.8
Araçariguama,Metrologista,1,3256.11
Araçariguama,Técnico Em Secretariado,1,0
Americana,Forneiro (Materiais De Construção),1,0
Araçariguama,Tecelão De Malhas (Máquina Circular),1,0
Americana,"Carpinteiro De Obras Civis De Arte (Pontes, Túneis, Barragens)",1,1857.06
Araçariguama,Operador De Máquina Cortadora (Minas E Pedreiras),1,0
Americana,Engenheiro Metalurgista,1,7044.83
Araçariguama,Técnico De Manutenção Eletrônica (Circuitos De Máquinas Com Comando Numérico),1,9460.45
Araçariguama,Mestre (Afiador De Ferramentas),1,8648.14
Araçariguama,Diretor De Arte (Publicidade),1,7640.75
Itapetininga,Técnico De Laboratório De Análises Físico-Químicas (Materiais De Construção),1,2201.1
Itapetininga,"Supervisor De Operação Elétrica (Geração, Transmissão E Distribuição De Energia Elétrica)",1,2852.32
Itapetininga,Impressor (Serigrafia),1,2459.08
Americana,Digitador,1,3019.23
Ibiúna,Inspetor De Equipamentos,1,3041.33
Ibiúna,Engenheiro Eletricista De Manutenção,1,2247.58
Americana,Economista,1,5400.96
Americana,Assessor De Imprensa,1,5968.32
Itapeva,Operador De Telemarketing Receptivo,1,2725.83
Itapeva,Comerciante Atacadista,1,2297.5
Ibiúna,Gerente De Câmbio E Comércio Exterior,1,2566.66
Itapetininga,Técnico Em Fotônica,1,2402.26
Itapeva,Técnico Em Óptica E Optometria,1,2902.46
Americana,Desenvolvedor De Multimídia,1,4306.97
Ibiúna,Montador De Equipamentos Elétricos (Instrumentos De Medição),1,2117.82
Ibiúna,Garagista,1,2339.15
Itapetininga,Chefe De Serviço De Transporte Rodoviário (Passageiros E Cargas),1,2703.84
Itapeva,Mestre (Indústria De Borracha E Plástico),1,2132.92
Itapetininga,Operador De Controle Mestre,1,2774.69
Ibiúna,Supervisor De Tesouraria,1,2859.94
Americana,Técnico Em Fotônica,1,6119.49
Americana,Tecnólogo Em Eletricidade,1,5670.32
Itapetininga,Oficial Do Registro Civil De Pessoas Naturais,1,2195.55
Itapeva,Analista De Folha De Pagamento,1,1977.86
Araçariguama,Analista De Folha De Pagamento,1,2891.1
Araçariguama,Médico Infectologista,1,4919.16
Itapetininga,Operador De Prensa De Embutir Papelão,1,2359.29
Americana,Visitador Sanitário,1,3892.98
Itapetininga,Agente De Microcrédito,1,3240.98
Americana,Bombeiro Civil,1,2881.83
Americana,Operador De Guindaste Móvel,1,4400.42
Americana,Gerente De Crédito Imobiliário,1,4149.02
Itapeva,Diretor De Serviços Sociais,1,2372.66
Itapeva,Técnico Em Gravação De Áudio,1,5017.38
Americana,Operador De Máquina Cortadora (Minas E Pedreiras),1,4474.58
Ibiúna,Diretor De Operações De Obras Pública E Civil,1,3242.15
Araçariguama,Moleiro (Tratamentos Químicos E Afins),1,3826.86
Araçariguama,Supervisor De Ensino,1,3450.15
Itapeva,Analista De Planejamento E Orçamento - Apo,1,3097.26
Itapeva,Economista Financeiro,1,3066.27
Araçariguama,Agente Funerário,1,3845.6
Araçariguama,Assessor De Imprensa,1,3733.2
Itapetininga,Tecnólogo Em Eletrônica,1,1786.58
Itapetininga,Governanta De Hotelaria,1,2770.58
Araçariguama,Técnico De Controle De Meio Ambiente,1,3714.68
Itapeva,Técnico Em Hemoterapia,1,2420.2
Araçariguama,Diretor De Serviços Culturais,1,3944.46
Itapeva,Técnico Em Laboratório De Farmácia,1,2781.31
Americana,Emissor De Passagens,1,4185.22
Americana,Marinheiro De Convés (Marítimo E Fluviário),1,4166.67
Itapeva,Professor De Fisioterapia,1,2068.12
Araçariguama,Afretador,1,5030.88
Itapetininga,Psicólogo Educacional,1,3310.88
Araçariguama,Supervisor De Contas A Pagar,1,3566.05
Americana,Processador De Fumo,1,3712.62
Itapetininga,"Operador De Forno (Fabricação De Pães, Biscoitos E Similares)",1,2629.12
Ibiúna,Enfermeiro Do Trabalho,1,3439.91
Americana,Mestre (Afiador De Ferramentas),1,3502.82
Americana,Operador De Carregadeira,1,3031.18
Ibiúna,Impressor De Ofsete (Plano E Rotativo),1,2641.49
Araçariguama,Analista De Planejamento E Orçamento - Apo,1,3385.64
Itapetininga,Supervisor De Montagem E Instalação Eletroeletrônica,1,2866.87
Americana,Técnico De Operações E Serviços Bancários - Câmbio,1,3585.31
Itapeva,Técnico Mecânico (Máquinas),1,3219.14
Americana,Técnico De Enfermagem De Terapia Intensiva,1,1983.99
Americana,Técnico Em Polissonografia,1,1883.11
Araçariguama,Operador De Guindaste Móvel,1,2609.72
Itapeva,Mestre De Usinagem,1,3745.24
Itapeva,Gerente De Turismo,1,2810.01
Americana,Instalador-Reparador De Redes E Cabos Telefônicos,1,2956.43
Ibiúna,Gerente De Serviços Culturais,1,3110.98
Itapeva,Instalador-Reparador De Redes E Cabos Telefônicos,1,3042.54
Itapeva,Técnico De Enfermagem Do Trabalho,1,2556.16
Araçariguama,Publicitário,1,2420.03
Ibiúna,Supervisor De Orçamento,1,3793.8
Araçariguama,Assistente Comercial De Seguros,1,5324.76
Araçariguama,Pintor De Veículos (Fabricação),1,2367.27
Americana,Administrador De Fundos E Carteiras De Investimento,1,2579.24
Americana,Operador De Equipamento De Secagem De Pintura,1,2810.17
Americana,Operador De Sonda De Percussão,1,2899.78
Araçariguama,Mecânico De Manutenção De Máquinas-Ferramentas (Usinagem De Metais),1,1820.41
Itapeva,Fiscal De Atividades Urbanas,1,4323.98
Americana,Metrologista,1,3054.82
Itapeva,Trabalhador No Cultivo De Flores Em Vaso,1,6305.87
Americana,Trabalhador Na Fabricação De Produtos Abrasivos,1,2508.13
Itapetininga,Economista,1,4265.67
Ibiúna,Operador De Máquinas-Ferramenta Convencionais,1,4765.62
Ibiúna,Gerente De Comunicação,1,6029.59
Itapetininga,Gerente De Riscos,1,5376.86
Itapetininga,Médico Em Cirurgia Vascular,1,6780.57
Americana,Coordenador De Operações De Combate À Poluição No Meio Aquaviário,1,2518.01
Americana,Operador De Open-End,1,2268.79
Itapeva,"Trabalhador Na Olericultura (Raízes, Bulbos E Tubérculos)",1,4447.87
Itapeva,Administrador De Redes,1,8607.16
Itapetininga,Operador De Triagem E Transbordo,1,4202.1
Itapetininga,Gerente De Captação (Fundos E Investimentos Institucionais),1,9212.37
Ibiúna,Procurador Do Município,1,9583.66
Itapeva,Médico Infectologista,1,7673.89
Itapeva,Médico Neurologista,1,10087.55
Itapeva,Encarregado De Equipe De Conservação De Vias Permanentes (Exceto Trilhos),1,0
Itapetininga,Piloto Fluvial,1,666.66
Americana,Museólogo,1,1907.17
Itapeva,Mantenedor De Equipamentos De Parques De Diversões E Similares,1,0
Americana,Atleta Profissional De Luta,1,1438.23
Americana,Feirante,1,1421.42
Araçariguama,Auditor (Contadores E Afins),1,1765.47
Americana,Médico Infectologista,1,6139.34
Americana,Professor De Música No Ensino Superior,1,1916
Araçariguama,Sinaleiro (Ponte-Rolante),1,1555.95
Araçariguama,Tosador De Animais Domésticos,1,1521.7
Araçariguama,Engenheiro Mecânico,1,1670.59
Americana,Especialista Em Calibrações Metrológicas,1,1800
Americana,Ciclista Mensageiro,1,2148.08
Americana,Operador De Prensa De Embutir Papelão,1,2027.62
Araçariguama,Acabador De Calçados,1,1570.96
Americana,Bate-Folha A  Máquina,1,1511.99
Cabreúva,Agente Fiscal De Qualidade,1,15451.05
Americana,Operador De Filtro-Prensa (Tratamentos Químicos E Afins),1,1740.21
Americana,Operador De Chamuscadeira De Tecidos,1,1718.59
Cabreúva,Gerente De Departamento Pessoal,1,13515.92
Americana,"Produtor Agropecuário, Em Geral",1,1863.33
Americana,Operador De Trator (Minas E Pedreiras),1,2150
Americana,"Reparador De Rádio, Tv E Som",1,1336.11
Araçariguama,Inspetor De Alunos De Escola Privada,1,1671.44
Americana,Impressor De Rotativa,1,1487.76
Araçariguama,Atendente De Agência,1,1474.56
Araçariguama,Catador De Material Reciclável,1,1327.5
Americana,Operador De Painel De Controle,1,1533.02
Americana,Empregado Doméstico  Faxineiro,1,1380.11
Americana,Professor De Técnicas Comerciais E Secretariais,1,720.99
Americana,Monitor De Teleatendimento,1,1538.12
Cabreúva,Engenheiro Eletricista,1,14318.04
Araçariguama,Auxiliar De Processamento De Fumo,1,1132.96
Americana,Redator De Textos Técnicos,1,1283.56
Americana,Piloto De Competição Automobilística,1,11382.03
Americana,Trabalhador No Cultivo De Mudas,1,1848.77
Araçariguama,Mecânico De Manutenção De Instalações Mecânicas De Edifícios,1,2224.56
Cabreúva,Diretor Administrativo E Financeiro,1,36778.92
Porto Feliz,Técnico Gráfico,1,4705.83
Porto Feliz,Analista De Sistemas De Automação,1,9172.27
Porto Feliz,Engenheiro Mecatrônico,1,9005.88
Porto Feliz,Chefe De Contabilidade (Técnico),1,7132.95
Porto Feliz,Operador De Máquina De Eletroerosão,1,5258.8
Cabreúva,Operador De Banho Metálico De Vidro Por Flutuação,1,720.67
Porto Feliz,Técnico Em Pecuária,1,6027.78
Porto Feliz,Médico Dermatologista,1,5301.06
Porto Feliz,Montador De Instrumentos De Óptica,1,1867.82
Porto Feliz,Desenhista Projetista De Máquinas,1,3869.99
Porto Feliz,Detonador,1,4320.71
Porto Feliz,Técnico Em Administração,1,4109.31
Porto Feliz,Técnico Em Agrimensura,1,4189.83
Porto Feliz,Supervisor De Digitação E Operação,1,5234.42
Porto Feliz,Emendador De Cabos Elétricos E Telefônicos (Aéreos E Subterrâneos),1,2975.05
Porto Feliz,Analista De Gestão De Estoque,1,3477.38
Porto Feliz,Dirigente De Entidade De Trabalhadores,1,3426.9
Porto Feliz,Tecelão (Tear Mecânico De Maquineta),1,3491.79
Porto Feliz,Criador De Bovinos (Leite),1,3256.76
Porto Feliz,Atleta Profissional De Golfe,1,3067.59
Porto Feliz,"Passador De Roupas, À Mão",1,2228.44
Porto Feliz,Ouvidor,1,3299.08
Porto Feliz,Técnico Em Turismo,1,1765.91
Porto Feliz,Operador De Turismo,1,4004.88
Cabreúva,Moleiro De Minérios,1,1289.37
Porto Feliz,Operador De Máquinas De Usinar Madeira (Cnc),1,2102.53
Porto Feliz,"Supervisor De Fabricação De Produtos Cerâmicos, Porcelanatos E Afins",1,2210.32
Cabreúva,Passadeira De Peças Confeccionadas,1,1133.98
Porto Feliz,Eletrotécnico (Produção De Energia),1,2858.18
Porto Feliz,Gerente De Almoxarifado,1,2342.54
Porto Feliz,Técnico Em Administração De Comércio Exterior,1,2635.84
Cabreúva,Cartazeiro,1,1231.89
Porto Feliz,Condutor De Processos Robotizados De Soldagem,1,2611.92
Porto Feliz,Auxiliar De Serviços Jurídicos,1,2792.91
Porto Feliz,Técnico Em Confecções Do Vestuário,1,2647.8
Porto Feliz,Professor De História No Ensino Médio,1,2026.97
Porto Feliz,"Cartonageiro, A Máquina",1,1647.82
Porto Feliz,Carpinteiro (Esquadrias),1,1499.88
Porto Feliz,Empregado  Doméstico  Nos Serviços Gerais,1,1587.75
Porto Feliz,Médico Do Trabalho,1,12040.24
Cabreúva,Corretor De Imóveis,1,1312.03
Cabreúva,Operador De Negócios,1,1329.5
Porto Feliz,Químico,1,14098.67
Itupeva,Terapeuta Ocupacional,1,2864.39
Cabreúva,Colchoeiro (Confecção De Colchões),1,1261.69
Itupeva,Professor De Dança,1,691.68
Itupeva,Lubrificador Industrial,1,0
Itupeva,Técnico Em Caldeiraria,1,4405.89
Itu,Operador De Montagem De Cilindros E Mancais,1,0
Cabreúva,Trabalhador No Cultivo De Flores E Folhagens De Corte,1,1896.76
Itupeva,Coletor De Lixo Domiciliar,1,0
Itupeva,Alvejador (Tecidos),1,566.05
Itupeva,Operador De Máquina De Lavar Fios E Tecidos,1,2415
Itu,Médico Hemoterapeuta,1,9317.18
Itu,Médico Homeopata,1,6150.4
Itupeva,Médico Otorrinolaringologista,1,7886.93
Itu,Supervisor De Entrevistadores E Recenseadores,1,7985.79
Itupeva,Técnico Gráfico,1,8518.55
Itupeva,Administrador De Banco De Dados,1,6766.81
Itupeva,Engenheiro De Minas,1,7386.29
Itupeva,Engenheiro Químico (Indústria Química),1,9860.22
Itupeva,Diretor De Marketing,1,5960
Itupeva,Diretor De Serviços De Saúde,1,6346.09
Cabreúva,Traçador De Pedras,1,1484.41
Itu,Analista De Testes De Tecnologia Da Informação,1,6314.64
Itu,Advogado (Direito Civil),1,6683.32
Cabreúva,"Ferramenteiro De Mandris, Calibradores E Outros Dispositivos",1,1841.55
Itu,"Corretor De Valores, Ativos Financeiros, Mercadorias E Derivativos",1,3924.67
Itupeva,Mecânico De Manutenção De Equipamento De Mineração,1,5849.82
Itupeva,Diretor De Manutenção,1,6023.19
Itupeva,Engenheiro De Manutenção De Telecomunicações,1,6924.4
Cabreúva,Montador De Equipamentos Eletrônicos (Computadores E Equipamentos Auxiliares),1,1727.61
Itupeva,Professor De Língua Portuguesa Do Ensino Fundamental,1,4677.46
Itu,Geógrafo,1,13688.97
Itupeva,Guardador De Veículos,1,3912.86
Cabreúva,Técnico Em Nutrição E Dietética,1,1671.47
Cabreúva,Impressor Tipográfico,1,1818.93
Itupeva,Condutor De Processos Robotizados De Soldagem,1,3177.31
Itu,Diretor De Instituição Educacional Pública,1,4084.41
Itu,Desenhista Técnico (Ilustrações Técnicas),1,1726.03
Itu,Impressor De Rotogravura,1,2354.31
Itu,Supervisor De Digitação E Operação,1,2941.51
Itupeva,Montador De Equipamentos Elétricos (Elevadores E Equipamentos Similares),1,2662.65
Itupeva,Vendedor  Permissionário,1,3299.95
Cabreúva,Mestre (Indústria De Madeira E Mobiliário),1,3558.5
Cabreúva,Operador De Máquinas De Beneficiamento De Produtos Agrícolas,1,2799.2
Itu,Técnico Em Administração De Comércio Exterior,1,2736.38
Cabreúva,Técnico De Manutenção De Sistemas E Instrumentos,1,3120
Itu,Analista De Sistemas De Automação,1,3196.82
Itu,"Operador De Bobinadeira De Tiras A Quente, No Acabamento De Chapas E Metais",1,3137.01
Itupeva,Técnico Em Administração De Comércio Exterior,1,2717.35
Itu,Técnico Gráfico,1,3649.07
Itupeva,Diretor De Mídia (Publicidade),1,3739.58
Cabreúva,Cortador De Vidro,1,1828.29
Cabreúva,"Macheiro, A  Máquina",1,2195.77
Cabreúva,"Moldador, A  Mão",1,2620.76
Itupeva,Trabalhador Da Pecuária (Eqüinos),1,3229.48
Itu,Cortador De Laminados De Madeira,1,2323.15
Itupeva,Planejista,1,2096.98
Itu,Despachante Documentalista,1,2373.87
Itu,Bilheteiro No Serviço De Diversões,1,2028.93
Cabreúva,Eletromecânico De Manutenção De Elevadores,1,2396.29
Itu,Projetista De Sistemas De Áudio,1,1945.87
Itu,Vendedor  Permissionário,1,2134.97
Cabreúva,Sommelier,1,2384.71
Itu,Condutor De Processos Robotizados De Pintura,1,2706.67
Itu,Operador De Bomba De Concreto,1,2143.77
Cabreúva,Técnico De Rede (Telecomunicações),1,2816.66
Itupeva,Instalador De Isolantes Térmicos (Refrigeração E Climatização),1,1847.57
Itupeva,Telhador (Telhas Metálicas),1,2476.96
Itu,Engenheiro Agrimensor,1,2469.96
Cabreúva,Professor De Sociologia No Ensino Médio,1,1925.93
Itupeva,Operador De Zincagem (Processo Eletrolítico),1,2218.31
Itupeva,Supervisor De Exploração Agropecuária,1,2236.5
Itupeva,Trabalhador No Cultivo De Trepadeiras Frutíferas,1,1942.89
Itu,Pesquisador Em História,1,1631.42
Itupeva,Escrivão Extra - Judicial,1,1911
Itu,"Cenotécnico (Cinema, Vídeo, Televisão, Teatro E Espetáculos)",1,1998.25
Itu,Cozinhador De Frutas E Legumes,1,1551.99
Cabreúva,Técnico Florestal,1,3348.09
Itupeva,Designer De Vitrines,1,1797.23
Cabreúva,Bibliotecário,1,4492.79
Cabreúva,Instrutor De Cursos Livres,1,3290.1
Cabreúva,Eletricista De Instalações (Cenários),1,3839.66
Itu,Desenhista Técnico (Artes Gráficas),1,1628.52
Cabreúva,Operador De Mandriladora Com Comando Numérico,1,3826.61
Itu,Emendador De Cabos Elétricos E Telefônicos (Aéreos E Subterrâneos),1,1505.97
Cabreúva,Chefe De Serviços Bancários,1,5306.04
Itu,Lavador De Peças,1,2130.35
Itu,Analista De Planejamento De Manutenção,1,2269.64
Cabreúva,Engenheiro Agrônomo,1,8268.26
Cabreúva,Gerente De Serviços Sociais,1,5166.07
Cabreúva,Engenheiro Químico,1,10964.01
Itupeva,Operador De Reator De Coque De Petróleo,1,1871.64
Cabreúva,Produtor Agrícola Polivalente,1,0
Cabreúva,"Moldador De Abrasivos Na Fabricação De Cerâmica, Vidro E Porcelana",1,1851.6
Cabreúva,Auxiliar De Veterinário,1,0
Itupeva,Acabador De Embalagens (Flexíveis E Cartotécnicas),1,1500.99
Itu,Impregnador De Madeira,1,1914.2
Itupeva,Mestre (Indústria Têxtil E De Confecções),1,2120.08
Itupeva,Abatedor,1,2068
Itu,Abatedor,1,1605
Itu,Analista De Crédito Rural,1,1968.77
Itu,Professor Da Área De Meio Ambiente,1,1651.37
Boituva,Coordenador De Operações De Combate À Poluição No Meio Aquaviário,1,16194.1
Porto Feliz,Tecnólogo Em Gestão Da Tecnologia Da Informação,1,1304.81
Itu,Costureiro De Roupa De Couro E Pele,1,1613.43
Itu,"Passador De Roupas, À Mão",1,1610.84
Itu,Carpinteiro (Telhados),1,1244.44
Americana,Operador De Aciaria (Dessulfuração De Gusa),1,1703.39
Itu,"Supervisor De Operação De Fluidos (Distribuição, Captação, Tratamento De Água, Gases, Vapor)",1,19602.74
Itupeva,Supervisor Técnico Operacional De Sistemas De Televisão E Produtoras De Vídeo,1,13101.38
Porto Feliz,Mecânico De Manutenção De Bombas,1,1888.01
Porto Feliz,Técnico Em Instalação De Equipamentos De Áudio,1,1557.4
Itu,Médico Urologista,1,11011.32
Boituva,Técnico Em Mecatrônica - Robótica,1,550
Boituva,Técnico De Desporto Individual E Coletivo (Exceto Futebol),1,925
Itu,Médico Psiquiatra,1,11843.12
Itu,Diretor De Produção E Operações Em Empresa Agropecuária,1,11921.62
Araçariguama,Instalador De Som E Acessórios De Veículos,1,1700
Araçariguama,"Limpador De Roupas A Seco, À Mão",1,1626.12
Itu,Filtrador De Cerveja,1,13219.28
Americana,Gerente De Produção E Operações  Aqüícolas,1,2007.69
Itupeva,Aromista,1,7271.27
Itupeva,Agenciador De Propaganda,1,550
Americana,Maquiador De Caracterização,1,1990.47
Araçariguama,Instalador De Sistemas Eletroeletrônicos De Segurança,1,1976.25
Itupeva,Mecânico De Manutenção De Máquinas Têxteis,1,642.01
Cerquilho,Comerciante Atacadista,1,0
Cerquilho,"Mecânico De Manutenção De Máquinas Cortadoras De Grama, Roçadeiras, Motosserras E Similares",1,0
Dourado,Supervisor De Manutenção Eletromecânica (Utilidades),1,0
Cerquilho,Mestre De Fundição,1,0
Boituva,Supervisor De Ensino,1,11927.35
Cerquilho,Mecânico De Manutenção De Máquinas-Ferramentas (Usinagem De Metais),1,3217.11
Cerquilho,Bombeiro Civil,1,0
Dourado,Nutricionista,1,3976.81
Cerquilho,"Supervisor De Operação Elétrica (Geração, Transmissão E Distribuição De Energia Elétrica)",1,9250
Dourado,Engenheiro Agrônomo,1,10833
Dourado,Gerente De Departamento Pessoal,1,6324.84
Charqueada,Supervisor De Telemarketing E Atendimento,1,5679.4
Dourado,Instalador De Tubulações,1,6414.09
Charqueada,Mestre (Indústria De Máquinas E Outros Equipamentos Mecânicos),1,6933.22
Charqueada,"Operador De Sala De Controle De Instalações Químicas, Petroquímicas E Afins",1,4535.73
Cerquilho,Diretor De Operações De Serviços De Armazenamento,1,6526.94
Dourado,Médico Veterinário,1,7813.48
Cerquilho,"Reparador De Rádio, Tv E Som",1,5610.54
Charqueada,Supervisor De Exploração Agrícola,1,4756.12
Charqueada,Desenhista Técnico Mecânico,1,4067.56
Dourado,Técnico De Manutenção Elétrica,1,6172.08
Dourado,Supervisor De Compras,1,6676.2
Boituva,"Produtor Agropecuário, Em Geral",1,1515.93
Charqueada,Farmacêutico Hospitalar E Clínico,1,3952.09
Charqueada,Diretor De Planejamento Estratégico,1,1933.25
Dourado,Diretor De Planejamento Estratégico,1,4090.91
Charqueada,Nutricionista,1,3034.43
Dourado,Fonoaudiólogo Geral,1,3759.14
Charqueada,Fonoaudiólogo Geral,1,3226.74
Dourado,Operador De Preparação De Grãos Vegetais (Óleos E Gorduras),1,2057.98
Boituva,Montador De Equipamentos Elétricos (Centrais Elétricas),1,1530.26
Cerquilho,Auditor (Contadores E Afins),1,3694.88
Charqueada,Eletricista De Instalações,1,2953.38
Cerquilho,Operador De Processos Químicos E Petroquímicos,1,2765.39
Cerquilho,Tecnólogo Em Processos Químicos,1,4410.91
Charqueada,Pesquisador Em Biologia De Microorganismos E Parasitas,1,2890.38
Dourado,Supervisor De Exploração Agrícola,1,4076.56
Dourado,Cirurgião Dentista - Odontologia Para Pacientes Com Necessidades Especiais,1,2393.93
Cerquilho,Supervisor De Ensino,1,2109.08
Charqueada,Professor De Alunos Com Deficiência Múltipla,1,3106.88
Boituva,Governanta De Hotelaria,1,1616.69
Charqueada,Jornalista,1,3114.28
Charqueada,Dirigente Do Serviço Público Municipal,1,2554.53
Boituva,Mototaxista,1,1200
Dourado,Encarregado De Manutenção Mecânica De Sistemas Operacionais,1,2576.48
Boituva,Instalador-Reparador De Redes E Cabos Telefônicos,1,1487.58
Charqueada,Agente Fiscal De Qualidade,1,2413.06
Charqueada,Recreador,1,3227.46
Charqueada,Agente De Saúde Pública,1,3079.84
Dourado,Chefe De Portaria De Hotel,1,2722.34
Dourado,Supervisor De Lavanderia,1,1885.03
Charqueada,Escrevente,1,2296.73
Cerquilho,Decorador De Eventos,1,2512.98
Boituva,Avaliador Físico,1,1325
Cerquilho,Supervisor De Cobrança,1,3251.19
Boituva,Chaveiro,1,1080.97
Cerquilho,Mecânico De Refrigeração,1,2277.65
Charqueada,"Ferramenteiro De Mandris, Calibradores E Outros Dispositivos",1,2239.37
Cerquilho,Montador De Veículos (Reparação),1,2927.58
Cerquilho,Operador De Carregadeira,1,1780.59
Dourado,"Operador De Máquina De Usinagem Madeira, Em Geral",1,1947.14
Cerquilho,Lustrador De Peças De Madeira,1,2537.88
Cerquilho,Engenheiro Mecânico,1,2685.63
Charqueada,Condutor De Ambulância,1,2225.34
Charqueada,Fiscal De Tributos Estadual,1,2339.65
Charqueada,Técnico Em Petroquímica,1,4439.43
Cerquilho,Montador De Fotolito (Analógico E Digital),1,2277.98
Dourado,Auxiliar De Laboratório De Análises Físico-Químicas,1,2757.09
Cerquilho,Instalador-Reparador De Linhas E Aparelhos De Telecomunicações,1,1915.77
Boituva,"Examinador De Cabos, Linhas Elétricas E Telefônicas",1,1374.37
Charqueada,Psicólogo Social,1,1940.46
Cerquilho,Técnico Em Farmácia,1,1837.66
Cerquilho,Operador De Máquina Perfuratriz,1,2101.2
Cerquilho,Operador De Trator Florestal,1,2059.77
Cerquilho,Mototaxista,1,1489.55
Dourado,"Eletricista De Instalações (Veículos Automotores E Máquinas Operatrizes, Exceto Aeronaves E Embarcações)",1,1749.66
Boituva,Afretador,1,1610.95
Charqueada,Auxiliar De Farmácia De Manipulação,1,2106.61
Boituva,Pizzaiolo,1,1692.62
Cerquilho,Operador De Linha De Montagem (Aparelhos Elétricos),1,1677.36
Boituva,Cilindreiro Na Preparação De Pasta Para Fabricação De Papel,1,1979.56
Boituva,Técnico De Comunicação De Dados,1,2020.72
Charqueada,Supervisor De Caixas E Bilheteiros (Exceto Caixa De Banco),1,1965.92
Cerquilho,Catador De Material Reciclável,1,1774.51
Boituva,Técnico Em Laboratório De Farmácia,1,2143.05
Cerquilho,Operador De Prensa De Material Reciclável,1,1513.64
Cerquilho,Operador De Sonda Rotativa,1,2200
Charqueada,Carpinteiro De Obras,1,2128.38
Dourado,Desenhista Técnico (Mobiliário),1,1286.63
Cerquilho,Operador De Máquina Rodoferroviária,1,1939.96
Cerquilho,Agente De Recrutamento E Seleção,1,1466.66
Dourado,Operador De Escavadeira,1,1732.87
Cerquilho,Técnico De Enfermagem De Terapia Intensiva,1,1160.71
Cerquilho,Confeccionador De Artefatos De Couro (Exceto Sapatos),1,1407.75
Charqueada,Gerente De Serviços Sociais,1,1650
Americana,Limpador De Fachadas,1,1672.17
Charqueada,Selecionador De Material Reciclável,1,1399.1
Dourado,Motorista De Ônibus Rodoviário,1,1600
Charqueada,Preparador De Estruturas Metálicas,1,1587.29
Cerquilho,Operador De Time De Montagem,1,1589.05
Boituva,Operador De Prensa De Material Reciclável,1,2351.47
Cerquilho,Pintor De Veículos (Fabricação),1,1530.88
Cerquilho,Técnico De Manutenção Eletrônica (Circuitos De Máquinas Com Comando Numérico),1,1525.05
Cerquilho,Psicólogo Do Trabalho,1,1112.67
Cerquilho,Trabalhador No Cultivo De Árvores Frutíferas,1,1874.68
Boituva,Soldador Elétrico,1,2428.12
Cerquilho,Professor De Educação Física No Ensino Médio,1,429.68
Boituva,Encarregado Geral De Operações De Conservação De Vias Permanentes (Exceto Trilhos),1,2847.48
Cerquilho,Despachante De Transportes Coletivos (Exceto Trem),1,1847.07
Boituva,Catador De Material Reciclável,1,1761.37
Cerquilho,Operador De Triagem E Transbordo,1,6509.2
Boituva,Representante Comercial Autônomo,1,1598.05
Boituva,Técnico Em Óptica E Optometria,1,2089.19
Cerquilho,Operador De Torno Com Comando Numérico,1,9872.84
Dourado,Gerente De Suprimentos,1,13968.38
Americana,Astrônomo,1,2086.62
Americana,Professor De Física (Ensino Superior),1,2005.03
Boituva,Avaliador De Imóveis,1,2873.86
Americana,Coletor De Resíduos Sólidos De Serviços De Saúde,1,2117.97
Americana,Citotécnico,1,1975.93
Americana,Despachante Aduaneiro,1,1781.13
Pindamonhangaba,Professor De Engenharia,1,1470.26
Pindamonhangaba,"Técnico De Operação (Química, Petroquímica E Afins)",1,0
Boituva,Supervisor De Exploração Pecuária,1,3806.79
Boituva,Supervisor De Cobrança,1,3436.54
Piedade,Engenheiro Mecânico Industrial,1,10185.17
Pindamonhangaba,Economista Agroindustrial,1,6867.71
Piedade,Técnico Agrícola,1,10450
Boituva,Economista,1,3194.43
Boituva,Serrador De Madeira,1,3389.74
Boituva,Operador De Equipamento De Secagem De Pintura,1,3097.66
Piedade,Arquiteto Urbanista,1,7098.05
Boituva,Professor De Técnicas De Enfermagem,1,3795.27
Piedade,Diretor De Operações De Serviços De Transporte,1,6007.05
Piedade,Diretor De Recursos Humanos,1,6061.66
Boituva,Administrador De Fundos E Carteiras De Investimento,1,4247.5
Boituva,Psicopedagogo,1,4217.94
Boituva,Assessor De Imprensa,1,3916.01
Pindamonhangaba,Economista Ambiental,1,3883.27
Boituva,Dirigente E Administrador De Organização Religiosa,1,4417.81
Boituva,Psicólogo Do Trabalho,1,4862.86
Boituva,Torneiro (Lavra De Pedra),1,4789.15
Pindamonhangaba,Chefe De Portaria De Hotel,1,6087.47
Boituva,Encarregado De Manutenção Elétrica De Veículos,1,4845.69
Pindamonhangaba,Estenotipista,1,2300.9
Piedade,Enfermeiro Auditor,1,3802.32
Boituva,Técnico De Contabilidade,1,6398.49
Boituva,Agente De Defesa Ambiental,1,5738.5
Boituva,Médico Ortopedista E Traumatologista,1,5862.31
Boituva,Engenheiro Agrícola,1,8021.47
Boituva,Engenheiro Mecânico,1,0
Boituva,Operador De Instalação De Ar-Condicionado,1,3459.59
Boituva,Operador De Guindaste Móvel,1,2019.15
Piedade,Gerente De Serviços De Saúde,1,4566.59
Pindamonhangaba,Impressor Tipográfico,1,5457.94
Piedade,Técnico Agropecuário,1,5205.16
Piedade,Analista De Informações (Pesquisador De Informações De Rede),1,3528.16
Pindamonhangaba,Editor,1,2770.87
Piedade,Supervisor De Vendas De Serviços,1,3638.46
Piedade,Gerente De Hotel,1,3605.15
Piedade,Analista De Redes E De Comunicação De Dados,1,2716.91
Piedade,Supervisor De Logística,1,3391.99
Piedade,Especialista Em Ensaios Metrológicos,1,2244.11
Pindamonhangaba,Mecânico Montador De Motores De Explosão E Diesel,1,3062.5
Pindamonhangaba,Supervisor De Produção Na Mineração,1,3473.38
Piedade,Gerente De Instituição Educacional Da Área Privada,1,2591
Macatuba,Pesquisador Em Química,1,10649.55
Pindamonhangaba,Psicólogo Social,1,2524.58
Piedade,Músico Regente,1,2401.49
Piedade,Técnico De Imobilização Ortopédica,1,2757.76
Pindamonhangaba,Fisioterapeuta  Do Trabalho,1,2272.64
Pindamonhangaba,Corretor De Imóveis,1,2465.1
Piedade,Sushiman,1,2567.07
Pindamonhangaba,Montador De Instrumentos De Óptica,1,2195.1
Pindamonhangaba,Tecnólogo Em Gestão Da Tecnologia Da Informação,1,2192.24
Pindamonhangaba,Técnico De Manutenção De Sistemas E Instrumentos,1,4215.5
Piedade,Relações Públicas,1,1856.39
Macatuba,Chapeador,1,1416.92
Macatuba,Mecânico De Manutenção De Motocicletas,1,1514.69
Piedade,Operador De Acabamento De Peças Fundidas,1,1726.42
Pindamonhangaba,Montador De Máquinas-Ferramentas (Usinagem De Metais),1,2214.45
Macatuba,Ajudante De Motorista,1,1500
Piedade,Supervisor De Orçamento,1,2995.47
Pindamonhangaba,Trabalhador Da Fabricação De Resinas E Vernizes,1,2895.55
Pindamonhangaba,Salva-Vidas,1,1382.96
Pindamonhangaba,Professor De Administração,1,1780.72
Pindamonhangaba,Administrador De Edifícios,1,2512.86
Macatuba,Professor De Língua Inglesa,1,1254.16
Piedade,Operador De Telemarketing Ativo,1,1890.03
Pindamonhangaba,Operador De Câmaras Frias,1,1911.36
Macatuba,Operador De Máquina De Fabricação De Cosméticos,1,1613.63
Piedade,Técnico De Manutenção Eletrônica,1,2038.28
Pindamonhangaba,"Operador De Máquina De Usinagem Madeira, Em Geral",1,2017.96
Piedade,"Pintor, A  Pistola (Exceto Obras E Estruturas Metálicas)",1,1698.65
Piedade,Auxiliar Geral De Conservação De Vias Permanentes (Exceto Trilhos),1,1566.48
Pindamonhangaba,"Macheiro, A  Máquina",1,1601.96
Piedade,Cronometrista,1,1661.59
Pindamonhangaba,Magarefe,1,2245.3
Macatuba,Estoquista,1,1612.13
Pindamonhangaba,Operador De Equipamentos De Preparação De Areia,1,1722.01
Macatuba,Advogado,1,1741.96
Macatuba,Tabelião De Protestos,1,1329.05
Piedade,Garagista,1,1665.6
Piedade,Operador De Trator De Lâmina,1,2567.58
Piedade,Professor De Língua Portuguesa,1,1362.27
Macatuba,Funileiro De Veículos (Reparação),1,2754.82
Macatuba,Supervisor De Exploração Agropecuária,1,2436.17
Piedade,Técnico De Saneamento,1,1613.42
Pindamonhangaba,Produtor Cinematográfico,1,1293.89
Piedade,Impressor De Ofsete (Plano E Rotativo),1,1484.98
Piedade,Impressor De Corte E Vinco,1,1484.85
Macatuba,Analista De Planejamento De Manutenção,1,2929
Pindamonhangaba,Masseiro (Massas Alimentícias),1,1279.05
Pindamonhangaba,Operador De Máquinas De Beneficiamento De Produtos Agrícolas,1,1514
Pindamonhangaba,Laboratorista Fotográfico,1,1171.55
Piedade,Auxiliar Técnico Em Laboratório De Farmácia,1,1540.66
Piedade,Costureira De Peças Sob Encomenda,1,1433.03
Macatuba,Gerente De Recursos Humanos,1,4309.92
Pindamonhangaba,Reparador De Aparelhos Eletrodomésticos (Exceto Imagem E Som),1,1514
Pindamonhangaba,Inspetor De Serviços De Transportes Rodoviários (Passageiros E Cargas),1,1684.39
Pindamonhangaba,Montador De Equipamentos Elétricos,1,1479.27
Pindamonhangaba,Porteiro (Hotel),1,1313.53
Piedade,Professor De Química No Ensino Médio,1,775.15
Macatuba,Encarregado De Costura Na Confecção Do Vestuário,1,2659.23
Pindamonhangaba,Pesquisador De Engenharia Civil,1,1130.55
Pindamonhangaba,"Técnico Em Materiais, Produtos Cerâmicos E Vidros",1,1038.48
Macatuba,Operador De Estação De Tratamento De Água E Efluentes,1,2335.09
Piedade,Médico Anestesiologista,1,19064.22
Pindamonhangaba,"Engenheiro Químico (Mineração, Metalurgia, Siderurgia, Cimenteira E Cerâmica)",1,20598.96
Pindamonhangaba,Engenheiro Eletrônico De Manutenção,1,16069.9
Piedade,Médico Cardiologista,1,12144.1
Pindamonhangaba,Administrador Em Segurança Da Informação,1,19678.34
Americana,Operador De Máquinas Do Acabamento De Couros E Peles,1,2041.59
Piedade,Professor De Geografia No Ensino Médio,1,454.09
Pindamonhangaba,Professor De Nível Médio No Ensino Profissionalizante,1,360.51
Americana,Marinheiro De Esporte E Recreio,1,2759.42
Araçariguama,Revisor De Tecidos Acabados,1,1988.86
Araçariguama,Lixador De Couros E Peles,1,2093.02
Porto Feliz,"Trabalhador De Extração Florestal, Em Geral",1,1927.89
Araçariguama,Operador De Máquina De Envasar Líquidos,1,2493.51
Araçoiaba da Serra,Supervisor De Contas A Pagar,1,2480.85
Araçatuba,Inspetor De Terraplenagem,1,2136.34
Araçatuba,Cozinheiro Do Serviço Doméstico,1,0
Araçoiaba da Serra,Encarregado De Equipe De Conservação De Vias Permanentes (Exceto Trilhos),1,7099.33
Araçatuba,Engenheiro Cartógrafo,1,7028.81
Porto Feliz,Operador De Impermeabilizador De Tecidos,1,1832.23
Araçoiaba da Serra,Gerente De Infraestrutura De Tecnologia Da Informação,1,9169
Araçoiaba da Serra,Operador Eletromecânico,1,7882.43
Araçoiaba da Serra,Engenheiro Mecânico,1,8818.62
Araçatuba,Diretor De Programas De Televisão,1,7064.06
Araçoiaba da Serra,Médico Ortopedista E Traumatologista,1,7596.01
Araçatuba,Médico Legista,1,5612.56
Araçatuba,Pesquisador De Engenharia Elétrica E Eletrônica,1,7000
Araçoiaba da Serra,Inspetor De Estamparia (Produção Têxtil),1,4842.65
Porto Feliz,Condutor De Máquinas,1,1960.42
Araçatuba,Diretor De Operações Comerciais (Comércio Atacadista E Varejista),1,42548.51
Araçatuba,Diretor De Operações De Obras Pública E Civil,1,6433.57
Porto Feliz,Motorista De Ônibus Rodoviário,1,2203.56
Araçatuba,Modelador De Metais (Fundição),1,5575.72
Araçatuba,Mestre De Caldeiraria,1,6723.68
Araçatuba,Engenheiro De Pesca,1,5202.53
Araçoiaba da Serra,Professor De Nível Superior Do Ensino Fundamental (Primeira A Quarta Série),1,3616.9
Araçatuba,Mestre De Pintura (Tratamento De Superfícies),1,4044.05
Araçoiaba da Serra,Técnico De Painel De Controle,1,3910.37
Araçatuba,Supervisor  (Indústria De Calçados E Artefatos De Couro),1,3488.82
Araçoiaba da Serra,Cronoanalista,1,4273.28
Araçoiaba da Serra,Engenheiro De Controle De Qualidade,1,4190.46
Araçatuba,Músico Regente,1,2152.18
Porto Feliz,Tecnólogo Em Radiologia,1,1430
Araçoiaba da Serra,Chefe De Serviço De Transporte Rodoviário (Passageiros E Cargas),1,2934.33
Araçatuba,Gerontólogo,1,2543.15
Araçoiaba da Serra,Monitor De Dependente Químico,1,2608.54
Araçatuba,Tecnólogo Em Gestão Hospitalar,1,2138.89
Araçatuba,Auxiliar De Enfermagem Do Trabalho,1,2859.4
Araçatuba,Engenheiro De Redes De Comunicação,1,2390.77
Araçatuba,Redator De Textos Técnicos,1,2663.26
Araçatuba,Moldador De Borracha Por Compressão,1,2842.53
Araçatuba,Oxicortador A Mão E A  Máquina,1,2365.04
Araçatuba,Decorador De Interiores De Nível Superior,1,2872.97
Araçatuba,Entrevistador Censitário E De Pesquisas Amostrais,1,2416.79
Araçoiaba da Serra,Pintor De Veículos (Fabricação),1,2688.45
Araçatuba,Extrusor De Fios Ou Fibras De Vidro,1,2792.03
Porto Feliz,Professor De Língua Estrangeira Moderna No Ensino Médio,1,1278.33
Araçatuba,Caminhoneiro Autônomo (Rotas Regionais E Internacionais),1,2378.56
Araçoiaba da Serra,Instalador De Linhas Elétricas De Alta E Baixa - Tensão (Rede Aérea E Subterrânea),1,2143.92
Araçoiaba da Serra,Técnico Mecânico,1,2439.49
Araçatuba,Desenhista Industrial De Produto (Designer De Produto),1,1973.41
Araçatuba,Polidor De Pedras,1,2731.96
Araçoiaba da Serra,"Diretor De Produção E Operações Da Indústria De Transformação, Extração Mineral E Utilidades",1,14345.64
Araçoiaba da Serra,Tecnólogo Em Processos Químicos,1,2097.66
Araçatuba,Advogado (Direito Civil),1,13762.79
Araçoiaba da Serra,Operador De Máquina De Etiquetar,1,2769.11
Araçatuba,Operador De Máquinas Operatrizes,1,2497.96
Araçatuba,Mestre Fluvial,1,2351.2
Araçoiaba da Serra,Auxiliar De Banco De Sangue,1,2178.19
Araçoiaba da Serra,Mecânico De Manutenção De Aparelhos Esportivos E De Ginástica,1,1957.32
Araçatuba,Montador De Equipamentos Elétricos (Motores E Dínamos),1,1539.13
Araçoiaba da Serra,Instalador-Reparador De Linhas E Aparelhos De Telecomunicações,1,1837.49
Araçoiaba da Serra,Desenvolvedor Web (Técnico),1,1806.46
Araçatuba,Fonoaudiólogo Em Audiologia,1,1850
Araçatuba,Supervisor De Operações Portuárias,1,2047.78
Araçoiaba da Serra,Operador De Instalação De Ar-Condicionado,1,1808.71
Araçatuba,Operador De Aparelho De Flotação,1,2091.58
Araçatuba,Técnico De Saneamento,1,1983.33
Araçoiaba da Serra,Bilheteiro De Transportes Coletivos,1,1977.44
Araçatuba,Marcador De Produtos (Siderúrgico E Metalúrgico),1,1669.51
Araçoiaba da Serra,Operador De Processos Químicos E Petroquímicos,1,2624.77
Araçoiaba da Serra,Secador De Madeira,1,2059.98
Araçatuba,"Confeccionador De Bolsas, Sacos E Sacolas E Papel, A Máquina",1,1779.94
Araçoiaba da Serra,Operador De Ceifadeira Na Conservação De Vias Permanentes,1,2029.51
Araçoiaba da Serra,Inseminador,1,2058.16
Araçoiaba da Serra,Produtor De Flores De Corte,1,1136.82
Araçatuba,Finalizador De Filmes,1,1299.65
Araçoiaba da Serra,Vistoriador Naval,1,1092.56
Porto Feliz,Professor De Física No Ensino Médio,1,1336.35
Araçatuba,Montador De Filmes,1,1234.68
Araçoiaba da Serra,Operador De Telemarketing Receptivo,1,1503
Araçatuba,Lavador De Roupas,1,1373.99
Araçatuba,Agente De Trânsito,1,1190.14
Araçoiaba da Serra,Técnico Em Manutenção De Máquinas,1,1461.13
Araçatuba,Esteticista De Animais Domésticos,1,1516.78
Araçoiaba da Serra,Trabalhador No Cultivo De Flores Em Vaso,1,1545.1
Araçoiaba da Serra,"Examinador De Cabos, Linhas Elétricas E Telefônicas",1,1318.11
Araçatuba,"Bordador, A  Mão",1,1286.71
Araçatuba,Contramestre De Malharia (Indústria Têxtil),1,1476.26
Araçoiaba da Serra,Trabalhador No Cultivo De Árvores Frutíferas,1,974.92
Araçoiaba da Serra,Condutor Maquinista Motorista Fluvial,1,1491.36
Araçatuba,Mecânico Montador De Motores De Aeronaves,1,2187.17
Araçariguama,Tecnólogo Em Meio Ambiente,1,2959.57
Araçoiaba da Serra,Trabalhador Da Caprinocultura,1,1130.55
Porto Feliz,Supervisor De Perfuração E Desmonte,1,5471.63
Araçatuba,Médico De Família E Comunidade,1,13494.55
Araçatuba,Engenheiro Eletricista De Projetos,1,12526.99
Araçatuba,"Mestre (Indústria De Celulose, Papel E Papelão)",1,23443.97
Americana,Serrador De Madeira (Serra De Fita Múltipla),1,3176.25
Araçoiaba da Serra,Auxiliar De Cartório,1,1006.87
Americana,Técnico Em Programação Visual,1,2530.42
Araçariguama,Supervisor Da Área Florestal,1,2528.02
Americana,Vidraceiro (Vitrais),1,2027.62
Americana,Instalador De Tubulações (Aeronaves),1,2962.97
Macatuba,Controlador De Serviços De Máquinas E Veículos,1,0
Macatuba,Mestre De Caldeiraria,1,8992.27
Araçatuba,Limpador De Piscinas,1,704.23
Macatuba,Gerente De Produção E Operações  Aqüícolas,1,7158.83
Macatuba,Vendedor Pracista,1,6658.2
Macatuba,"Eletrotécnico Na Fabricação, Montagem E Instalação De Máquinas E Equipamentos",1,4609.43
Macatuba,Operador De Guilhotina (Corte De Papel),1,2712.14
Macatuba,Borracheiro,1,2677.75
Macatuba,Engenheiro Civil (Edificações),1,4052
Macatuba,Técnico Em Mecânica De Precisão,1,3491.1
Macatuba,Biomédico,1,3386.17
Macatuba,Carpinteiro,1,2002.1
Macatuba,Supervisor De Logística,1,2700
Macatuba,Operador De Pá Carregadeira,1,2516.14
Macatuba,Moldador De Plástico Por Compressão,1,2382.75
Macatuba,Professor De Educação Física Do Ensino Fundamental,1,1951.92
Macatuba,Motofretista,1,2049.77
Macatuba,Afiador De Ferramentas,1,1569.33
Araçatuba,Produtor De Flores Em Vaso,1,1418.79
Macatuba,Banhista De Animais Domésticos,1,1204.44
Macatuba,Gerente Comercial,1,1592.25
Macatuba,Copeiro,1,1368.9
Araçariguama,Gerente De Hotel,1,2341.08
Macatuba,Procurador Do Município,1,23173.02
Macatuba,Gerente De Projetos E Serviços De Manutenção,1,21664.85
Macatuba,Supervisor De Orçamento,1,9900.1
Boituva,Diretor Financeiro,1,32574.63
Boituva,Zootecnista,1,8186.45
Boituva,Gerente De Segurança Da Informação,1,6062.51
Boituva,Supervisor De Vigilantes,1,5989.16
Boituva,Administrador De Sistemas Operacionais,1,7539.67
Boituva,Analista De Cobrança (Instituições Financeiras),1,5546.47
Boituva,Tecnólogo Em Gestão Administrativo- Financeira,1,5619.25
Boituva,Confeccionador De Pneumáticos,1,3427.09
Boituva,Engenheiro Agrônomo,1,7106.62
Boituva,Operador De Câmera De Televisão,1,7154.05
Boituva,Bibliotecário,1,4871.73
Boituva,Supervisor De Perfuração E Desmonte,1,4952.18
Boituva,Técnico Em Soldagem,1,4706.83
Boituva,Operador De Central De Concreto,1,4382.37
Boituva,Agente De Saúde Pública,1,4362.3
Boituva,Assistente Técnico De Seguros,1,2252.96
Boituva,Calandrista De Borracha,1,2394.69
Boituva,"Técnico Em Materiais, Produtos Cerâmicos E Vidros",1,2497.18
Boituva,Operador De Filtro De Tambor Rotativo (Tratamentos Químicos E Afins),1,2977.99
Boituva,,1,3587.35
Boituva,Preparador De Matrizes De Corte E Vinco,1,3611.39
Araçoiaba da Serra,Tecnólogo Em Meio Ambiente,1,1488.96
Boituva,Sacristão,1,2918.39
Boituva,Professor De Educação Física No Ensino Superior,1,2156.65
Boituva,Conferente De Serviços Bancários,1,2244.61
Boituva,Mecânico De Manutenção De Sistema Hidráulico De Aeronaves (Serviços De Pista E Hangar),1,2323.17
Araçoiaba da Serra,Auxiliar De Enfermagem Do Trabalho,1,1534.44
Boituva,Técnico Em Nutrição E Dietética,1,2149.39
Boituva,Selecionador De Material Reciclável,1,2479.65
Araçoiaba da Serra,Borracheiro,1,1228.63
Boituva,Operador De Processo De Moagem,1,2596
Boituva,Desenhista Técnico (Mobiliário),1,2489.53
Boituva,Montador De Equipamento De Levantamento,1,2336.58
Boituva,Gravador De Vidro A  Jato De Areia,1,2141.93
Boituva,"Operador De Alambique De Funcionamento Contínuo (Produtos Químicos, Exceto Petróleo)",1,4582.44
Boituva,Técnico Florestal,1,3073.01
Boituva,Entrevistador De Pesquisa De Opinião E Mídia,1,2577.15
Boituva,Atendente De Enfermagem,1,1705.94
Boituva,Chefe De Portaria De Hotel,1,1801.15
Boituva,Cortador De Tapeçaria,1,1466.88
Araçoiaba da Serra,Calafetador,1,1376.07
Araçatuba,Ajudante De Carvoaria,1,1099.78
Boituva,Chefe De Bar,1,1692.4
Boituva,Tecnólogo Em Metalurgia,1,1643.26
Boituva,Operador De Retorcedeira,1,1554.57
Boituva,Torneiro Na Usinagem Convencional De Madeira,1,1692.56
Boituva,Operador De Calcinação (Tratamento Químico E Afins),1,1749.59
Boituva,Contramestre De Fiação (Indústria Têxtil),1,1785.46
Boituva,Cuidador Em Saúde,1,1440.83
Boituva,Professor De Física No Ensino Médio,1,1427.03
Araçariguama,Motorista De Ônibus Urbano,1,2301.89
Boituva,Despachante De Trânsito,1,1404.77
Boituva,Professor Instrutor De Ensino E Aprendizagem Em Serviços,1,1429.53
Boituva,Professor De Língua Espanhola,1,825.05
Boituva,Auxiliar De Veterinário,1,804.27
Araçoiaba da Serra,Relações Públicas,1,1300
Boituva,"Supervisor Da Confecção De Artefatos De Tecidos, Couros E Afins",1,1085.82
Americana,Trabalhador Da Pecuária (Bovinos Leite),1,2569.41
Americana,Supervisor  (Indústria De Calçados E Artefatos De Couro),1,2344.9
Boituva,Engenheiro Químico,1,10070.98
Boituva,"Supervisor De Manutenção De Aparelhos Térmicos, De Climatização E De Refrigeração",1,10240.53
Boituva,Técnico De Alimentos,1,1025
Porto Feliz,Operador De Negócios,1,1460.05
Boituva,Diretor Administrativo E Financeiro,1,23611.37
Boituva,Tecnólogo Em Gestão Da Tecnologia Da Informação,1,19793.82
Cabreúva,Mecânico De Manutenção De Empilhadeiras E Outros Veículos De Cargas Leves,1,0
Cabreúva,Mestre De Ferramentaria,1,10118.96
Cabreúva,Perito Contábil,1,7068.71
Cabreúva,Coreógrafo,1,4442.6
Cabreúva,Professor De Matemática Do Ensino Fundamental,1,5490.23
Cabreúva,Técnico Eletricista,1,4515.67
Cabreúva,Desenhista Projetista De Eletricidade,1,4897.38
Cabreúva,Analista De Planejamento De Manutenção,1,4938.7
Araçoiaba da Serra,"Operador De Máquinas De Fabricação De Doces, Salgados E Massas Alimentícias",1,1542.53
Cabreúva,Mecânico De Manutenção De Aparelhos De Levantamento,1,4668.11
Cabreúva,Pesquisador Em Química,1,4044.22
Cabreúva,Arquiteto De Edificações,1,5687.04
Araçatuba,Ferrador De Animais,1,1790.68
Cabreúva,Analista De Sistemas De Automação,1,3999.97
Cabreúva,Condutor De Processos Robotizados De Pintura,1,3612.46
Araçoiaba da Serra,Montador De Equipamentos Eletrônicos,1,1833.23
Cabreúva,Polidor De Metais,1,3952.41
Cabreúva,Diretor De Mídia (Publicidade),1,3381.07
Cabreúva,Operador De Máquina De Cortar E Dobrar Papelão,1,3718.86
Cabreúva,Analista De Planejamento De Materias,1,2134.02
Cabreúva,Gerente De Produção E Operações Da Construção Civil E Obras Públicas,1,2671.63
Araçatuba,Operador De Zincagem (Processo Eletrolítico),1,1874.24
Cabreúva,Encarregado De Corte Na Confecção Do Vestuário,1,2240.49
Cabreúva,Analista De Transporte Em Comércio Exterior,1,2706.31
Cabreúva,Auxiliar De Serviços De Importação E Exportação,1,2092.45
Cabreúva,Forneiro No Recozimento De Vidro,1,2359.09
Cabreúva,"Cartonageiro, A Máquina",1,3002.27
Cabreúva,Bilheteiro No Serviço De Diversões,1,3105.59
Cabreúva,Agente De Viagem,1,1538.84
Cabreúva,Limpador De Piscinas,1,1532.56
Cabreúva,Vendedor  Permissionário,1,1597.33
Cabreúva,Guardador De Veículos,1,1531.56
Cabreúva,Desenhista Técnico (Artes Gráficas),1,1811.48
Araçoiaba da Serra,Desenhista Técnico,1,2112.98
Araçoiaba da Serra,Técnico De Planejamento E Programação Da Manutenção,1,2173.78
Cabreúva,Reparador De Equipamentos De Escritório,1,2009.15
Cabreúva,Encarregado De Costura Na Confecção Do Vestuário,1,1381.01
Araçatuba,Desenhista Projetista De Eletricidade,1,1870.7
Araçatuba,Pintor De Letreiros,1,2278.53
Cabreúva,Criador De Bovinos (Leite),1,1888.5
Cabreúva,Recebedor De Apostas (Loteria),1,1291.8
Cabreúva,Chapeador,1,1764.13
Cabreúva,Montador De Equipamentos Elétricos (Aparelhos Eletrodomésticos),1,1653.44
Cabreúva,Auxiliar De Seguros,1,1389.89
Cabreúva,Promotor De Vendas Especializado,1,1534.75
Cabreúva,Trabalhador Da Pecuária (Eqüinos),1,1312.08
Araçatuba,Classificador De Grãos,1,2034.17
Araçatuba,Prensista De Compensados,1,1737.17
Araçariguama,Professor De Alunos Com Deficiência Auditiva E Surdos,1,2856.42
Araçatuba,Operador De Plaina Desengrossadeira,1,1804.1
Cabreúva,Abatedor,1,1100
Cabreúva,Diretor De Suprimentos,1,52560.36
Araçatuba,Operador De Refrigeração Com Amônia,1,1624.46
Araçariguama,Diretor De Operações De Serviços De Transporte,1,2596.27
Araçatuba,Montador De Máquinas Gráficas,1,1521.69
Cabreúva,Gerente De Operação De Tecnologia Da Informação,1,14314.04
Americana,Enfermeiro Da Estratégia De Saúde Da Família,1,3576.57
Araçatuba,Oficial General Da Aeronáutica,1,1177.68
Araçariguama,Relações Públicas,1,1961.34
Americana,Pesquisador Em Psicologia,1,2650.4
Itapetininga,Músico Intérprete Instrumentista,1,0
Ibiúna,Técnico De Desporto Individual E Coletivo (Exceto Futebol),1,1343.28
Itapetininga,Médico Neurofisiologista Clínico,1,11008.58
Itapeva,Técnico Em Instalação De Equipamentos De Áudio,1,0
Ibiúna,Modelador De Madeira,1,1997.26
Araçatuba,Dirigente Do Serviço Público Federal,1,1645.22
Araçoiaba da Serra,Professor De Geografia No Ensino Médio,1,1932.82
Ibiúna,Serrador De Madeira,1,0
Araçatuba,Professor De Serviço Social Do Ensino Superior,1,2891.73
Itapeva,"Engenheiro Químico (Mineração, Metalurgia, Siderurgia, Cimenteira E Cerâmica)",1,13219.93
Araçatuba,Técnico Em Métodos Eletrográficos Em Encefalografia,1,1680.4
Itapetininga,"Operador De Utilidade (Produção E Distribuição De Vapor, Gás, Óleo, Combustível, Energia, Oxigênio)",1,0
Araçatuba,Oficial Do Registro De Títulos E Documentos,1,2040.5
Itapetininga,Lavador De Artefatos De Tapeçaria,1,1027.8
Itapeva,Podólogo,1,10904.2
Itapeva,Mecânico De Manutenção De Bombas,1,7058.3
Araçatuba,Criador De Bovinos (Corte),1,3232.36
Ibiúna,Psicólogo Do Trabalho,1,9370.3
Itapeva,Técnico De Matéria-Prima E Material,1,6815.02
Itapeva,Diretor De Planejamento Estratégico,1,6554.15
Araçoiaba da Serra,Controlador De Serviços De Máquinas E Veículos,1,2352.13
Araçatuba,Mecânico De Manutenção De Máquinas Têxteis,1,2333.12
Araçatuba,Encarregado De Corte Na Confecção Do Vestuário,1,2529
Araçoiaba da Serra,Caminhoneiro Autônomo (Rotas Regionais E Internacionais),1,2796.99
Itapetininga,Farmacêutico Hospitalar E Clínico,1,7105.29
Araçoiaba da Serra,Impressor De Corte E Vinco,1,2313.53
Itapetininga,Diretor Financeiro,1,6420.5
Araçoiaba da Serra,Pintor De Estruturas Metálicas,1,3637.81
Itapetininga,Diretor De Planejamento Estratégico,1,6414.38
Ibiúna,Gerente De Turismo,1,5785.51
Araçoiaba da Serra,Operador De Pá Carregadeira,1,2752.42
Araçoiaba da Serra,Oxicortador A Mão E A  Máquina,1,2752.15
Ibiúna,Mestre De Usinagem,1,7428.6
Araçatuba,Assistente De Laboratório Industrial,1,2753.62
Araçatuba,Condutor De Processos Robotizados De Pintura,1,2105.39
Itapetininga,Tecnólogo Em Construção Civil,1,7340.73
Itapeva,Mestre (Indústria De Máquinas E Outros Equipamentos Mecânicos),1,5759.15
Itapeva,Supervisor De Vigilantes,1,5498.63
Ibiúna,Instrutor De Aprendizagem E Treinamento Comercial,1,5094.52
Araçoiaba da Serra,Técnico Em Eletromecânica,1,2826.04
Araçatuba,Supervisor De Reparos Linhas Férreas,1,2603.3
Araçoiaba da Serra,Supervisor De Vendas De Serviços,1,2712.77
Ibiúna,Analista De Exportação E Importação,1,6249.65
Araçoiaba da Serra,Técnico Em Manutenção De Instrumentos De Medição E Precisão,1,2332.7
Itapetininga,Tecnólogo Em Sistemas Biomédicos,1,5468.9
Itapeva,Cirurgião Dentista - Auditor,1,5348.86
Araçatuba,Técnico Em Instrumentação,1,2227.02
Ibiúna,Gerente De Riscos,1,4969.92
Itapeva,Chefe De Serviços Bancários,1,4482.97
Araçatuba,Gerente De Produção E Operações Pesqueiras,1,2207.19
Ibiúna,Operador De Triagem E Transbordo,1,3495.34
Araçoiaba da Serra,Tecnólogo Em Logística De Transporte,1,2130.39
Itapeva,Inspetor De Serviços De Transportes Rodoviários (Passageiros E Cargas),1,4552.47
Ibiúna,Chefe De Serviço De Transporte Rodoviário (Passageiros E Cargas),1,3599.65
Itapetininga,Administrador De Edifícios,1,3505.61
Araçatuba,Montador De Equipamentos Elétricos (Aparelhos Eletrodomésticos),1,1859.08
Itapetininga,Técnico Em Manutenção De Equipamentos E Instrumentos Médico-Hospitalares,1,3904.01
Araçatuba,Operador De Turismo,1,2710.31
Itapetininga,Supervisor De Telefonistas,1,3544.46
Araçatuba,Desenhista Técnico (Eletricidade E Eletrônica),1,2914.81
Araçatuba,Diretor De  Produção E Operações De Turismo,1,2222.53
Ibiúna,Engenheiro Agrícola,1,4307.58
Itapetininga,Cirurgião Dentista - Radiologista,1,3577
Itapeva,Secretário - Executivo,1,4285
Ibiúna,Diretor De Serviços Sociais,1,2783.49
Ibiúna,Tecnólogo Em Eletrônica,1,2923.23
Araçoiaba da Serra,Técnico Em Patologia Clínica,1,2527.63
Ibiúna,Ajustador Ferramenteiro,1,3771.25
Itapeva,Fisioterapeuta  Do Trabalho,1,4077.74
Itapetininga,Arquiteto Paisagista,1,2560.82
Ibiúna,Auxiliar Técnico De Sinalização Nautica,1,2693.39
Itapeva,Treinador Profissional De Futebol,1,4325.85
Ibiúna,Médico Infectologista,1,3349.43
Araçoiaba da Serra,Impressor De Ofsete (Plano E Rotativo),1,3305.11
Araçoiaba da Serra,Supervisor Das Artes Gráficas  (Indústria Editorial E Gráfica),1,3602.79
Itapeva,Zootecnista,1,2751.73
Araçatuba,Supervisor De Manutenção De Máquinas Industriais Têxteis,1,3043.54
Araçoiaba da Serra,Serrador De Madeira (Serra De Fita Múltipla),1,3440.53
Itapetininga,Cirurgião Dentista - Periodontista,1,3066
Araçoiaba da Serra,Operador De Máquina Recobridora De Arame,1,3356.86
Araçatuba,Analista De Planejamento De Materias,1,3773.71
Ibiúna,Representante Comercial Autônomo,1,2700.52
Araçatuba,Mecânico De Manutenção De Aparelhos De Levantamento,1,3390.42
Araçoiaba da Serra,Supervisor De Logística,1,3412.19
Araçatuba,Colorista Têxtil,1,2929.46
Araçatuba,Ouvidor,1,3601.73
Araçatuba,Geneticista,1,3709.21
Ibiúna,Cozinheiro Industrial,1,2382.67
Itapeva,Supervisor De Produção Da Indústria Alimentícia,1,2869.73
Araçoiaba da Serra,Consultor Jurídico,1,2713.6
Araçoiaba da Serra,Biomédico,1,3538.7
Araçoiaba da Serra,Professor De Química No Ensino Médio,1,3898.5
Itapetininga,Chefe De Portaria De Hotel,1,2503.55
Araçatuba,Operador De Motoniveladora (Extração De Minerais Sólidos),1,4299.62
Ibiúna,Operador De Guindaste Móvel,1,2274.17
Araçatuba,Pedreiro (Material Refratário),1,3963.47
Ibiúna,Supervisor De Montagem E Instalação Eletroeletrônica,1,2112.65
Araçoiaba da Serra,Mestre Serralheiro,1,4439.76
Itapetininga,Operador De Câmaras Frias,1,1766.42
Araçatuba,Sanitarista,1,4731.82
Araçoiaba da Serra,Engenheiro Ambiental,1,4004.54
Araçatuba,Técnico Em Pecuária,1,4655.8
Araçatuba,"Macheiro, A Mão",1,5357.86
Araçoiaba da Serra,Mecânico De Manutenção De Instalações Mecânicas De Edifícios,1,6549.92
Itapetininga,Operador De Máquina Perfuradora (Minas E Pedreiras),1,2129.51
Ibiúna,Economista Financeiro,1,2267.02
Araçatuba,Tecnólogo Em Secretariado Escolar,1,5423.91
Itapetininga,Montador De Veículos (Linha De Montagem),1,2339.92
Araçatuba,Desenhista Projetista De Máquinas,1,7451.04
Araçoiaba da Serra,Engenheiro Eletricista De Projetos,1,8818.32
Araçoiaba da Serra,Engenheiro Civil (Saneamento),1,7688.07
Araçatuba,Gerente De Desenvolvimento De Sistemas,1,7182.38
Araçatuba,Forjador Prensista,1,0
Araçatuba,Designer De Vitrines,1,2999.77
Araçatuba,Montador De Equipamentos Elétricos (Elevadores E Equipamentos Similares),1,1757.23
Araçatuba,Empregado  Doméstico  Nos Serviços Gerais,1,0
Araçoiaba da Serra,Carpinteiro,1,0
Porto Feliz,Despachante De Trânsito,1,1528
Itapetininga,Operador De Retificadora Com Comando Numérico,1,1924
Itapetininga,Moldador De Plástico Por Injeção,1,2437.66
Itapetininga,Brasador,1,1980.26
Itapeva,"Operador De Utilidade (Produção E Distribuição De Vapor, Gás, Óleo, Combustível, Energia, Oxigênio)",1,2809.14
Itapeva,Técnico De Manutenção De Sistemas E Instrumentos,1,2372.32
Porto Feliz,Administrador De Sistemas Operacionais,1,1447.47
Itapetininga,"Técnico Em Materiais, Produtos Cerâmicos E Vidros",1,2899.91
Ibiúna,Sinaleiro (Ponte-Rolante),1,3203.57
Ibiúna,"Supervisor De Manutenção Eletromecânica Industrial, Comercial E Predial",1,2206.23
Ibiúna,Supervisor De Exploração Pecuária,1,3138.43
Ibiúna,Cozinheiro De Hospital,1,2154.14
Ibiúna,Técnico Em Farmácia,1,1765.1
Porto Feliz,Arquivista De Documentos,1,988.05
Itapetininga,Condutor De Ambulância,1,2337.68
Ibiúna,Gerente De Infraestrutura De Tecnologia Da Informação,1,1580.8
Itapeva,Pintor A Pincel E Rolo (Exceto Obras E Estruturas Metálicas),1,1954.7
Ibiúna,Coordenador De Operações De Combate À Poluição No Meio Aquaviário,1,2006.36
Ibiúna,Agente De Microcrédito,1,1713.12
Itapeva,Auxiliar De Laboratório De Análises Físico-Químicas,1,1672.87
Itapeva,Diretor Geral De Empresa E Organizações (Exceto De Interesse Público),1,1484.44
Itapetininga,Gerente De Serviços Sociais,1,1795.95
Ibiúna,Assistente Comercial De Seguros,1,2217.84
Ibiúna,Lubrificador De Veículos Automotores (Exceto Embarcações),1,1923.45
Itapetininga,Fiscal De Tributos Estadual,1,1647.17
Ibiúna,Operador De Telemarketing Ativo E Receptivo,1,1505.81
Itapetininga,Operador De Câmera De Televisão,1,1688.5
Itapetininga,Analista De Cobrança (Instituições Financeiras),1,1885.56
Itapetininga,Oficial Da Aeronáutica,1,1589.08
Itapeva,Designer De Interiores,1,1660.34
Itapeva,"Montador De Máquinas, Motores E Acessórios (Montagem Em Série)",1,1526.36
Itapetininga,Técnico De Manutenção De Sistemas E Instrumentos,1,1895.97
Ibiúna,Aplicador De Asfalto Impermeabilizante (Coberturas),1,2613.58
Itapetininga,Desenhista Técnico (Construção Civil),1,1705.97
Itapetininga,Operador De Laminador,1,1985.3
Itapeva,Soldador A  Oxigás,1,1768.38
Itapetininga,Atleta Profissional De Tênis,1,1736.75
Itapeva,Operador De Máquinas Especiais Em Conservação De Via Permanente (Trilhos),1,1750.94
Itapeva,Cortador De Roupas,1,1812.74
Itapetininga,Forneiro E Operador (Alto-Forno),1,1401.86
Ibiúna,Trabalhador Da Ovinocultura,1,2216.18
Itapetininga,Trabalhador De Tratamento Do Leite E Fabricação De Laticínios E Afins,1,1959.09
Ibiúna,"Produtor Agropecuário, Em Geral",1,1664.18
Ibiúna,Monitor De Dependente Químico,1,1343.24
Itapeva,Atendente De Enfermagem,1,1260.59
Itapetininga,Cirurgião Dentista - Protesista,1,1500
Itapetininga,Auxiliar De Laboratório De Análises Físico-Químicas,1,1482.54
Itapetininga,Treinador Profissional De Futebol,1,1417.69
Pindamonhangaba,Operador De Painel De Controle,1,11686.13
Americana,Instalador-Reparador De Equipamentos De Transmissão Em Telefonia,1,3038.68
Itapeva,Operador De Telemarketing Técnico,1,1412
Americana,Programador Visual Gráfico,1,2698.38
Ibiúna,Fiscal De Loja,1,1484.93
Ibiúna,Perfumista,1,1292.63
Itapetininga,Sommelier,1,1635.75
Itapetininga,Ferramenteiro,1,1047.19
Itapeva,Montador De Equipamentos Eletrônicos (Computadores E Equipamentos Auxiliares),1,1044.07
Itapeva,Montador De Veículos (Linha De Montagem),1,1212.31
Ibiúna,Auxiliar De Banco De Sangue,1,1364.35
Itapetininga,Mineiro,1,1448.22
Itapeva,Ajustador De Instrumentos De Precisão,1,1323.12
Itapeva,Cortador De Tapeçaria,1,1216.6
Itapeva,"Trabalhador Da Extração De Substâncias Aromáticas, Medicinais E Tóxicas, Em Geral",1,1197.85
Itapetininga,Professor De Sociologia No Ensino Médio,1,826.71
Pindamonhangaba,Gerente De Riscos,1,17757.1
Itapetininga,Reparador De Aparelhos De Telecomunicações Em Laboratório,1,1066.66
Itapetininga,Apicultor,1,1130.55
Itapeva,Magarefe,1,806.72
Araçariguama,Supervisor  (Indústria De Calçados E Artefatos De Couro),1,4049.42
Piedade,Pesquisador De Engenharia E Tecnologia (Outras Áreas Da Engenharia),1,15794.59
Araçariguama,"Mestre (Indústria De Celulose, Papel E Papelão)",1,3384.26
Piedade,Gerente De Operação De Tecnologia Da Informação,1,11179.35
Americana,Impressor Tampográfico,1,3712.52
Ibiúna,Engenheiro Mecânico,1,18688.1
Ibiúna,Dirigente E Administrador De Organização Religiosa,1,14960.24
Americana,Cronometrista,1,2629.15
Araçariguama,Desenhista Copista,1,2951.54
Araçariguama,Oxicortador A Mão E A  Máquina,1,3069.14
Araçariguama,Secretário  Bilíngüe,1,3078.39
Araçariguama,Operador De Fresadora (Usinagem De Madeira),1,3964.87
Americana,Supervisor De Operações Portuárias,1,4296.02
Araçariguama,Supervisor De Operações Portuárias,1,3872.8
Americana,Diretor De Arte,1,3470.52
Araçariguama,Engenheiro Civil,1,7908.76
Araçariguama,Mecânico De Manutenção De Equipamento De Mineração,1,1629.25
Americana,Cortador De Laminados De Madeira,1,0
Americana,Forjador Prensista,1,0
Americana,Oficial General Da Aeronáutica,1,0
Americana,Supervisor De Entrevistadores E Recenseadores,1,7962.78
Piedade,Engenheiro De Produção,1,17195.37
Araçariguama,Forneiro E Operador (Forno Elétrico),1,7472.5
Araçariguama,Gerente De Desenvolvimento De Sistemas,1,11339.17
Araçariguama,Engenheiro Químico (Indústria Química),1,8426.03
Americana,Professor De Ensino Superior Na Área De Orientação Educacional,1,4196.8
Araçariguama,Médico Dermatologista,1,5706.24
Americana,Ouvidor,1,7882.77
Americana,Analista De Produtos Bancários,1,6497.7
Araçariguama,Chefe De Cozinha,1,5433.81
Araçariguama,Analista De Planejamento De Materias,1,4738.28
Americana,Piloto Comercial (Exceto Linhas Aéreas),1,5231.11
Americana,Mecânico De Manutenção De Equipamento De Mineração,1,5283.5
Americana,Engenheiro De Materiais,1,5758.67
Araçariguama,Operador De Centro De Usinagem Com Comando Numérico,1,5202.01
Araçariguama,Técnico Em Plástico,1,4661.52
Araçariguama,Analista De Planejamento De Manutenção,1,2870.8
Araçariguama,Mecânico De Manutenção De Máquinas Têxteis,1,5976.03
Araçariguama,Piloto De Aeronaves,1,6000
Araçariguama,Arquiteto De Edificações,1,5157.99
Araçariguama,Médico Otorrinolaringologista,1,5136.93
Araçariguama,Auxiliar De Serviços Jurídicos,1,3871.46
Americana,Técnico Em Manutenção De Balanças,1,3498.99
Americana,Editor De Livro,1,5273.36
Americana,Técnico Gráfico,1,4758.97
Americana,Mestre De Laminação,1,4570.25
Americana,Analista De Compliance,1,3657.61
Americana,Tecelão De Malhas (Máquina Retilínea),1,3713.27
Americana,Supervisor Da Aqüicultura,1,3527.29
Araçariguama,Diretor De  Produção E Operações De Turismo,1,3637.33
Araçariguama,Professor De Alunos Com Deficiência Mental,1,4386.7
Americana,Supervisor De Digitação E Operação,1,3986.63
Americana,Analista De Sinistros,1,3414.61
Americana,Repórter Fotográfico,1,4107.45
Araçariguama,Diretor De Manutenção,1,3467.7
Araçariguama,Supervisor Da Manutenção E Reparação De Veículos Pesados,1,3779.53
Araçariguama,Agente De Segurança,1,3406.7
Americana,Supervisor De Usina De Concreto,1,4440.5
Araçariguama,Técnico Em Manutenção De Equipamentos De Informática,1,3719.34
Araçariguama,Sapateiro (Calçados Sob Medida),1,3223.25
Americana,Pintor Por Imersão,1,3566.86
Americana,Supervisor De Exploração Agropecuária,1,3300.27
Araçariguama,Mecânico De Manutenção De Máquinas De Construção E Terraplenagem,1,2948.31
Araçariguama,Fiscal De Pátio De Usina De Concreto,1,1954.22
Americana,Marinheiro Auxiliar De Convés (Marítimo E Aquaviario),1,3000
Americana,Supervisor Técnico Operacional De Sistemas De Televisão E Produtoras De Vídeo,1,2552.64
Piedade,Operador De Draga,1,1597.06
Americana,Repórter De Mídias Audiovisuais,1,2328.2
Americana,Operador De Turismo,1,2409.8
Americana,Despachante Documentalista,1,2537.51
Americana,Tapeceiro De Autos,1,2828.65
Americana,Desenhista Técnico (Ilustrações Técnicas),1,2486.54
Pindamonhangaba,Operador De Subestação,1,1602
Americana,Maquinista De Cinema E Vídeo,1,2309.49
Americana,Operador De Entalhadeira (Usinagem De Madeira),1,2797.15
Piedade,Pintor Por Imersão,1,1448.87
Araçariguama,Desenhista Técnico (Artes Gráficas),1,2739.74
Piedade,Projetista De Móveis,1,1533.33
Americana,Técnico Em Administração De Comércio Exterior,1,2713.53
Americana,Técnico Mecânico Na Manutenção De Ferramentas,1,2715.91
Americana,Técnico Em Manutenção De Hidrômetros,1,2914.28
Araçariguama,"Operador De Bobinadeira De Tiras A Quente, No Acabamento De Chapas E Metais",1,2283.99
Americana,Operador De Máquina De Fabricar Papel (Fase Seca),1,2316.9
Americana,Técnico Em Confecções Do Vestuário,1,1871.74
Araçariguama,Tratador De Animais,1,1638.29
Araçariguama,Editor De Mídia Audiovisual,1,1812.79
Araçariguama,Gerente De Produção E Operações Pesqueiras,1,1958.26
Americana,Auxiliar Em Saúde Bucal Da Estratégia De Saúde Da Família,1,1784.47
Americana,Bilheteiro No Serviço De Diversões,1,2080.25
Araçariguama,Demolidor De Edificações,1,1678.24
Araçariguama,Gerente De Agência,1,1742.97
Americana,Operador De Centro De Controle (Ferrovia E Metrô),1,1902.23
Pindamonhangaba,Comissário De Trem,1,1513.25
Araçariguama,Cobrador Externo,1,1779.4
Americana,Reparador De Equipamentos De Escritório,1,1710
Americana,"Trabalhador Na Olericultura (Talos, Folhas E Flores)",1,1744.42
Pindamonhangaba,Chaveiro,1,1530.51
Araçariguama,Auxiliar De Serviços De Importação E Exportação,1,1918.38
Americana,Balanceador,1,2184.31
Americana,Lavador De Peças,1,1427.72
Americana,Abatedor,1,1514.37
Americana,Gravador De Matriz Serigráfica,1,1485.03
Americana,Analista De Planejamento De Manutenção,1,1647.35
Americana,"Tecelão De Meias, A  Máquina",1,1358.51
Americana,Identificador Florestal,1,1515.81
Pindamonhangaba,Governanta De Hotelaria,1,1555.27
Americana,Operador De Máquinas De Fabricação De Chocolates E Achocolatados,1,1661.11
Araçariguama,Abatedor,1,2028.99
Pindamonhangaba,Guia De Turismo,1,1310.92
Americana,Trabalhador De Pecuária Polivalente,1,1600.64
Araçariguama,Tratorista Agrícola,1,1765.87
Americana,Carpinteiro (Esquadrias),1,1174
Americana,Montador De Bicicletas,1,5149.99
Americana,Coordenador De Programação,1,4228.41
Araçariguama,Varredor De Rua,1,1770.94
Araçariguama,Empregado  Doméstico  Nos Serviços Gerais,1,1100
Americana,Operador De Fresadora (Usinagem De Madeira),1,4305.06
Araçariguama,Procurador Do Município,1,4500.17
Araçariguama,Gerente De Produção E Operações Da Construção Civil E Obras Públicas,1,11868
Pindamonhangaba,Mantenedor De Sistemas Eletroeletrônicos De Segurança,1,1363.06
Americana,Médico Cardiologista,1,7313.82
Piedade,Controlador De Pragas,1,1320.43
Araçariguama,Gestor Em Segurança,1,11478.47
Araçariguama,"Supervisor De Fabricação De Produtos Cerâmicos, Porcelanatos E Afins",1,5675.73
Americana,Técnico Em Geologia,1,4784.19
Araçariguama,Médico Ginecologista E Obstetra,1,4919.16
Americana,Médico Pneumologista,1,11869.93
Americana,Operador De Draga,1,2824.37
Araçariguama,Economista Industrial,1,5595.46
Araçariguama,Engenheiro Mecânico Industrial,1,5358.46
Pindamonhangaba,Professor De Técnicas De Enfermagem,1,1310.92
Araçariguama,Supervisor De Orçamento,1,6054.77
Araçariguama,Técnico Em Mecânica De Precisão,1,3950.1
Araçariguama,Médico Pneumologista,1,5706.23
Araçariguama,Especialista Em Pesquisa Operacional,1,8069.94
Americana,Técnico Em Manutenção De Instrumentos De Medição E Precisão,1,8962.43
Americana,Mecânico De Manutenção De Bomba Injetora (Exceto De Veículos Automotores),1,548.62
Americana,Engenheiro Civil (Estruturas Metálicas),1,8791.66
Pindamonhangaba,Psicomotricista,1,1203.79
Pindamonhangaba,Cabeleireiro,1,1159.71
Americana,Mestre De Caldeiraria,1,5936.66
Pindamonhangaba,Bloqueiro (Trabalhador Portuário),1,1918.23
Americana,Diretor Comercial Em Operações De Intermediação Financeira,1,9442.41
Araçariguama,Estivador,1,0
Araçariguama,Armador De Estrutura De Concreto,1,0
Pindamonhangaba,Operador De Máquina De Etiquetar,1,1979.6
Araçariguama,Analista De Seguros (Técnico),1,0
Americana,Estivador,1,0
Americana,Supervisor De Manutenção De Máquinas Gráficas,1,0
Americana,Massoterapeuta,1,0
Itapetininga,"Supervisor De Operação De Fluidos (Distribuição, Captação, Tratamento De Água, Gases, Vapor)",1,538.68
Americana,Engenheiro De Manutenção De Telecomunicações,1,21845.94
Porto Feliz,Entrevistador De Pesquisas De Mercado,1,0
Porto Feliz,Técnico Em Higiene Ocupacional,1,8125.91
Porto Feliz,Tecnólogo Em Eletrônica,1,5219.32
Piedade,Tapeceiro De Autos,1,1545.36
Porto Feliz,Administrador De Redes,1,5533.9
Porto Feliz,Agente De Recrutamento E Seleção,1,4916.1
Porto Feliz,Professor De Geografia Do Ensino Fundamental,1,4732.25
Porto Feliz,Assessor De Imprensa,1,4607.19
Porto Feliz,Técnico De Enfermagem Do Trabalho,1,5103.39
Porto Feliz,Economista,1,6450.04
Piedade,Funileiro De Veículos (Reparação),1,1400
Porto Feliz,Supervisor De Cobrança,1,4649.03
Porto Feliz,Consultor Contábil (Técnico),1,5728.8
Piedade,Técnico Mecânico Na Manutenção De Ferramentas,1,1465.3
Porto Feliz,Encarregado Geral De Operações De Conservação De Vias Permanentes (Exceto Trilhos),1,3675
Porto Feliz,Técnico De Desporto Individual E Coletivo (Exceto Futebol),1,3446.62
Porto Feliz,Advogado (Direito Público),1,4263.57
Pindamonhangaba,Montador De Fotolito (Analógico E Digital),1,1891.75
Pindamonhangaba,Instalador-Reparador De Linhas E Aparelhos De Telecomunicações,1,1742.64
Pindamonhangaba,"Bobinador Eletricista, À Mão",1,2212.45
Piedade,Assistente De Laboratório Industrial,1,1625.61
Porto Feliz,Operador De Transporte Multimodal,1,2635.51
Porto Feliz,Editor De Revista,1,4111.11
Piedade,Ajudante De Carvoaria,1,1621.23
Porto Feliz,Agente De Vendas De Serviços,1,2963.98
Porto Feliz,Técnico De Laboratório De Análises Físico-Químicas (Materiais De Construção),1,3347.36
Porto Feliz,Trabalhador Da Pecuária (Bubalinos),1,3745.17
Pindamonhangaba,Diretor De Programas De Rádio,1,2200.9
Porto Feliz,Gerente De Turismo,1,2328.46
Porto Feliz,Churrasqueiro,1,2397.57
Porto Feliz,Impressor (Serigrafia),1,3154.83
Porto Feliz,Técnico De Manutenção Eletrônica (Circuitos De Máquinas Com Comando Numérico),1,2319.44
Porto Feliz,"Bordador, À Máquina",1,2585.22
Porto Feliz,Operador De Máquina De Etiquetar,1,2139.29
Porto Feliz,Montador De Veículos (Reparação),1,1255.9
Porto Feliz,Inseminador,1,3180.29
Porto Feliz,Psicopedagogo,1,1450.66
Pindamonhangaba,Intérprete De Língua De Sinais,1,1470.09
Porto Feliz,Diretor De Arte (Publicidade),1,1418.4
Porto Feliz,Desenvolvedor Web (Técnico),1,1667.86
Porto Feliz,Guia De Turismo,1,1877.98
Porto Feliz,Técnico Em Óptica E Optometria,1,1888.62
Piedade,Diretor De Mídia (Publicidade),1,1860
Porto Feliz,Armador De Estrutura De Concreto Armado,1,1638.1
Porto Feliz,Serrador De Madeira,1,1431.23
Pindamonhangaba,Supervisor De Exploração Pecuária,1,3065.4
Porto Feliz,Representante Comercial Autônomo,1,1349.1
Porto Feliz,Pintor De Veículos (Fabricação),1,1589.95
Porto Feliz,Aplicador De Asfalto Impermeabilizante (Coberturas),1,1697.07
Porto Feliz,Operador De Rameuse,1,2158.32
Porto Feliz,Pasteurizador,1,1971.05
Piedade,Químico,1,1977.74
Pindamonhangaba,Psicólogo Do Trabalho,1,2245.19
Pindamonhangaba,Operador De Máquina De Moldar Automatizada,1,2914.29
Pindamonhangaba,Afretador,1,1996.82
Porto Feliz,Cabeleireiro,1,1361.15
Porto Feliz,Gerente De Captação (Fundos E Investimentos Institucionais),1,1301
Porto Feliz,Recepcionista De Banco,1,1378
Piedade,Escarfador,1,2579.27
Pindamonhangaba,Montador De Equipamentos Elétricos (Transformadores),1,2161.25
Porto Feliz,Agente De Combate Às Endemias,1,1740.62
Porto Feliz,Professor De Ciências Exatas E Naturais Do Ensino Fundamental,1,1429.48
Porto Feliz,Desenvolvedor De Multimídia,1,1470.29
Porto Feliz,Assistente Comercial De Seguros,1,1203.01
Porto Feliz,Lustrador De Peças De Madeira,1,1579.92
Piedade,Mecânico De Manutenção De Bomba Injetora (Exceto De Veículos Automotores),1,2363.88
Porto Feliz,Supervisor Da Manutenção E Reparação De Veículos Leves,1,1210.58
Porto Feliz,Trabalhador Na Olericultura (Frutos E Sementes),1,1185.45
Pindamonhangaba,Supervisor De Andar,1,2800.52
Piedade,Analista De Sinistros,1,2653.21
Porto Feliz,Supervisor Da Mecânica De Precisão,1,11343.69
Itu,Monitor De Sistemas Eletrônicos De Segurança Externo,1,0
Itu,Mecânico De Manutenção De Instalações Mecânicas De Edifícios,1,878.83
Itupeva,Tecnólogo Em Automação Industrial,1,3453.33
Itupeva,Operador De Laminador De Barras A Frio,1,4385.51
Itupeva,Oxicortador A Mão E A  Máquina,1,0
Piedade,Protético Dentário,1,2800.3
Itupeva,Trabalhador Da Cultura De Café,1,0
Piedade,Professor De Matemática Do Ensino Fundamental,1,2988.81
Piedade,Professor De História No Ensino Médio,1,2724.7
Pindamonhangaba,Embalsamador,1,2598.96
Itupeva,Médico Alergista E Imunologista,1,9759.34
Itupeva,Médico Pneumologista,1,8677.82
Itupeva,Gerente De Produção E Operações  Aqüícolas,1,9746.32
Itu,Coordenador De Programação,1,6829.2
Itupeva,Engenheiro Eletricista De Manutenção,1,10275.84
Itupeva,Gerente De Crédito E Cobrança,1,6246.75
Itu,Técnico Em Estruturas Metálicas,1,8287.92
Itupeva,Gerente De Câmbio E Comércio Exterior,1,9925.76
Piedade,Mecânico De Manutenção De Equipamento De Mineração,1,3112.52
Piedade,Designer De Vitrines,1,2482.2
Pindamonhangaba,Técnico Em Fotônica,1,3863.58
Pindamonhangaba,Agente De Microcrédito,1,2163.66
Pindamonhangaba,Torneiro (Lavra De Pedra),1,3247.46
Pindamonhangaba,Ourives,1,3807.33
Piedade,Analista De Transporte Em Comércio Exterior,1,3435.31
Pindamonhangaba,Operador De Controle Mestre,1,3360.56
Pindamonhangaba,Produtor De Texto,1,4000
Itu,Engenheiro Florestal,1,8821.29
Piedade,Desenvolvedor De Sistemas De Tecnologia Da Informação (Técnico),1,4136.97
Piedade,Professor De Língua Portuguesa Do Ensino Fundamental,1,3343.06
Pindamonhangaba,Economista,1,3454.85
Itupeva,Gerente De Serviços De Saúde,1,4951.86
Piedade,Analista De Planejamento De Materias,1,4841.07
Itupeva,Professor De Língua Portuguesa,1,6149.3
Piedade,Técnico De Laboratório Industrial,1,3790.54
Itu,Médico Pneumologista,1,3961.84
Pindamonhangaba,Comerciante Atacadista,1,4493.52
Piedade,Gerente De Suporte Técnico De Tecnologia Da Informação,1,3503.29
Piedade,Chefe De Contabilidade (Técnico),1,4376.43
Piedade,Diretor De Tecnologia Da Informação,1,4884.41
Itu,Escriturário  Em  Estatística,1,5764.79
Itu,Diretor Comercial Em Operações De Intermediação Financeira,1,7318.16
Itu,Técnico De Fundição Em Siderurgia,1,4406.01
Itu,Mecânico De Manutenção De Veículos Ferroviários,1,4794.47
Pindamonhangaba,Modelista De Roupas,1,3415.3
Piedade,Engenheiro Químico (Indústria Química),1,8286.98
Itupeva,Mestre De Caldeiraria,1,5835.74
Piedade,Médico Urologista,1,9154.42
Itu,Médico Nefrologista,1,3967.71
Pindamonhangaba,Soldador Elétrico,1,0
Piedade,Gesseiro,1,0
Pindamonhangaba,Aplicador De Asfalto Impermeabilizante (Coberturas),1,2527.75
Piedade,Professor De Filosofia No Ensino Médio,1,0
Itupeva,Professor De Biblioteconomia Do Ensino Superior,1,5118.81
Itupeva,Auxiliar De Biblioteca,1,7417.55
Itu,Desenhista Técnico (Arquitetura),1,3741.71
Itu,Pesquisador De Engenharia Química,1,5070.79
Itu,Mestre Serralheiro,1,3678.45
Itupeva,Gerente De Bar,1,4519.73
Itu,Monitor De Teleatendimento,1,4331.5
Itu,Mecânico De Manutenção De Tratores,1,4066.86
Porto Feliz,Operador De Máquina Misturadeira (Tratamentos Químicos E Afins),1,3126.69
Itu,Caldeireiro (Chapas De Cobre),1,4961.49
Itupeva,Tecnólogo Em Mecatrônica,1,4165.48
Itupeva,Economista Industrial,1,4451.27
Itupeva,Pesquisador De Engenharia Elétrica E Eletrônica,1,5274.11
Itupeva,Auxiliar De Enfermagem Do Trabalho,1,3845.23
Dourado,Supervisor De Montagem E Instalação Eletroeletrônica,1,14538.34
Itu,Supervisor Da Indústria De Minerais Não Metálicos (Exceto Os Derivados De Petróleo E Carvão),1,4642.1
Dourado,Engenheiro De Controle De Qualidade,1,13257.22
Itupeva,"Confeccionador De Velas Náuticas, Barracas E Toldos",1,3189.13
Cerquilho,Técnico De Manutenção Elétrica De Máquina,1,10005.88
Itu,Tecnólogo Em Segurança Do Trabalho,1,4699.77
Itu,Operador De Fresadora (Usinagem De Madeira),1,3800
Itu,Psicólogo Hospitalar,1,3565.87
Cerquilho,Mestre De Caldeiraria,1,9259.85
Itupeva,Psicólogo Hospitalar,1,3881.36
Itu,Médico Hematologista,1,3583.97
Itupeva,"Operador De Pavimentadora (Asfalto, Concreto E Materiais Similares)",1,3520.13
Itu,Diretor De Operações De Serviços De Transporte,1,3500
Itupeva,Instalador De Sistemas Eletroeletrônicos De Segurança,1,3519.72
Itu,Tradutor,1,3149.15
Cerquilho,Adestrador De Animais,1,1134.99
Itu,Entrevistador Censitário E De Pesquisas Amostrais,1,2625.08
Itu,Diretor De Redação,1,2987.27
Charqueada,Operador De Sonda De Percussão,1,2368.68
Itupeva,Inspetor De Terraplenagem,1,3296.74
Itu,Engenheiro Eletricista De Projetos,1,3422.59
Itupeva,Forjador,1,2773.99
Itupeva,"Desenhista Técnico (Calefação, Ventilação E Refrigeração)",1,3148.55
Itupeva,Trabalhador De Fabricação De Tintas,1,3277.1
Itupeva,Operador De Área De Corrida,1,4285.03
Charqueada,Afiador De Serras,1,1560.61
Itu,Desenhista Industrial De Produto De Moda (Designer De Moda),1,3649.05
Itupeva,Trabalhador Da Avicultura De Corte,1,4298.07
Itupeva,Cozinheiro Do Serviço Doméstico,1,3771.09
Itupeva,Operador De Trator De Lâmina,1,2011.74
Itu,Diretor De Relações De Trabalho,1,2577.1
Itu,Desenhista Copista,1,2263.32
Itupeva,Diretor De Relações De Trabalho,1,2642.07
Itu,Marinheiro De Esporte E Recreio,1,3250
Itupeva,Chefe De Confeitaria,1,3677.86
Itupeva,Carpinteiro De Carrocerias,1,2045.08
Itupeva,Operador De Máquina De Abrir Valas,1,2578.18
Itupeva,Redator De Textos Técnicos,1,1861.59
Itu,Engastador (Jóias),1,2816.64
Itupeva,Modelo De Modas,1,2547.38
Itupeva,Árbitro De Karatê,1,2386.56
Itupeva,Operador De Acabamento De Peças Fundidas,1,2231.47
Itu,Supervisor  (Indústria De Calçados E Artefatos De Couro),1,1768.11
Cerquilho,Locutor De Mídias Audiovisuais,1,1037.78
Cerquilho,Operador De Mídia Audiovisual,1,860.43
Cerquilho,Desenhista Projetista De Arquitetura,1,997.33
Itupeva,Gandula,1,1244.44
Itu,Professor De Geografia No Ensino Médio,1,1754.55
Itu,Técnico Em Acupuntura,1,2048.64
Itupeva,Desenhista Técnico,1,1960.18
Itupeva,Operador De Máquina De Cilindrar Chapas,1,1749.32
Itu,Diretor De Operações De Obras Pública E Civil,1,2084.13
Itupeva,Relações Públicas,1,1511.41
Itu,Produtor De Rádio,1,2090.56
Itu,Decorador De Interiores De Nível Superior,1,2037.34
Itupeva,Esteticista De Animais Domésticos,1,1673.87
Dourado,Chaveiro,1,616.66
Itu,Reparador De Instrumentos Musicais,1,1909.25
Itu,Auxiliar Técnico Em Laboratório De Farmácia,1,2103.05
Itu,Auxiliar De Estatística,1,1776.47
Itupeva,Pintor De Veículos (Reparação),1,1600.74
Itu,Operador De Caminhão (Minas E Pedreiras),1,1638.72
Itupeva,Mecânico De Manutenção De Motores Diesel (Exceto De Veículos Automotores),1,2025.59
Itupeva,Operador De Serras (Usinagem De Madeira),1,1771.14
Itupeva,Caminhoneiro Autônomo (Rotas Regionais E Internacionais),1,2103.13
Itupeva,Copiador De Chapa,1,1663.03
Itu,Serrador De Madeira (Serra De Fita Múltipla),1,1655.91
Cerquilho,Impressor De Ofsete (Plano E Rotativo),1,1234.28
Itupeva,Cozinhador De Malte,1,1752.12
Itupeva,Técnico Agrícola,1,1906.66
Itu,"Confeccionador De Bolsas, Sacos E Sacolas E Papel, A Máquina",1,1750
Itu,Missionário,1,1186.68
Itu,Operador De Máquina Copiadora (Exceto Operador De Gráfica Rápida),1,1507
Itu,"Limpador A Seco, À Máquina",1,1402.29
Charqueada,Serrador De Madeira,1,1632.88
Charqueada,Técnico Em Secretariado,1,1524.5
Itupeva,Agente De Pátio,1,1575
Itu,Telhador (Telhas Plásticas),1,1449.33
Itu,Trabalhador De Preparação De Pescados (Limpeza),1,1572.8
Cerquilho,Supervisor De Manutenção Elétrica De Alta Tensão Industrial,1,2768.74
Cerquilho,Mestre De Soldagem,1,1537.38
Itu,Revisor De Tecidos Acabados,1,1541.22
Itu,Recepcionista De Casas De Espetáculos,1,1100
Itu,Farmacêutico Analista Clínico,1,930.88
Cerquilho,Oleiro (Fabricação De Telhas),1,1541.66
Cerquilho,Estofador De Móveis,1,1154.33
Itu,Extrusor De Fios Ou Fibras De Vidro,1,1850.18
Itu,Diretor Teatral,1,23624.65
Itu,Engenheiro Mecânico Industrial,1,15608.17
Itupeva,Médico Em Radiologia E Diagnóstico Por Imagem,1,18813.08
Cerquilho,"Pintor, A  Pistola (Exceto Obras E Estruturas Metálicas)",1,1485.77
Itupeva,Diretor De Operações De Serviços De Transporte,1,17827.27
Itupeva,Engenheiro De Aplicativos Em Computação,1,15059.99
Itupeva,Cirurgião Dentista - Odontopediatra,1,14778.1
Itu,Médico Coloproctologista,1,14639.38
Itu,Engenheiro Eletrônico De Projetos,1,12748.41
Cerquilho,Técnico Em Eletromecânica,1,1348.93
Charqueada,Técnico De Suporte Ao Usuário De Tecnologia Da Informação,1,1264.83
Itu,Mestre De Siderurgia,1,16912.71
Itupeva,Tesoureiro De Banco,1,7920.1
Itu,Mestre De Soldagem,1,10489.49
Itupeva,Especialista Em Ensaios Metrológicos,1,9482.08
Itapetininga,Químico,1,11814.33
Cerquilho,Porteiro (Hotel),1,0
Charqueada,Publicitário,1,1020.95
Charqueada,Supervisor Técnico Operacional De Sistemas De Televisão E Produtoras De Vídeo,1,0
Cerquilho,Pintor A Pincel E Rolo (Exceto Obras E Estruturas Metálicas),1,0
Charqueada,Trabalhador De Serviços De Limpeza E Conservação De Áreas Públicas,1,1345.03
Cerquilho,Diretor Financeiro,1,8824.46
Cerquilho,Psicólogo Social,1,8359.04
Dourado,Médico Do Trabalho,1,10170.58
Dourado,"Supervisor De Operação De Fluidos (Distribuição, Captação, Tratamento De Água, Gases, Vapor)",1,12258.86
Dourado,Piloto Comercial (Exceto Linhas Aéreas),1,8173.96
Dourado,Gerente De Desenvolvimento De Sistemas,1,5732.54
Dourado,Leiturista,1,6426.8
Charqueada,Técnico De Planejamento De Produção,1,5805.06
Dourado,Engenheiro Civil,1,5915.87
Cerquilho,Diretor De  Produção E Operações De Alimentação,1,4755.06
Cerquilho,Chefe De Serviços Bancários,1,4954.8
Cerquilho,Secretário  Bilíngüe,1,1265
Charqueada,Operador De Centro De Usinagem Com Comando Numérico,1,3849.59
Charqueada,Psicólogo Educacional,1,935.52
Cerquilho,Cozinheiro Do Serviço Doméstico,1,1391.33
Dourado,Instalador-Reparador De Linhas E Aparelhos De Telecomunicações,1,1469.33
Dourado,Eletricista De Instalações (Edifícios),1,4533.98
Charqueada,Mestre (Construção Civil),1,5344.44
Cerquilho,Procurador Autárquico,1,4435.46
Dourado,Trabalhador No Cultivo De Árvores Frutíferas,1,1934.28
Cerquilho,Pesquisador De Engenharia Civil,1,5730.36
Dourado,Gerente De Compras,1,5033.34
Dourado,Arquiteto De Edificações,1,3768.99
Charqueada,Supervisor Da Manutenção E Reparação De Veículos Pesados,1,4905.79
Cerquilho,Biólogo,1,3500.77
Charqueada,Diretor De Tecnologia Da Informação,1,3539.32
Charqueada,Técnico Da Receita Federal,1,4428.29
Charqueada,Diretor Administrativo,1,3529.03
Charqueada,Gerente De Almoxarifado,1,4312.41
Charqueada,Operador De Cristalização Na Refinação De Açucar,1,3291.98
Dourado,Analista De Pesquisa De Mercado,1,2530.17
Cerquilho,Carpinteiro De Obras,1,3185.04
Cerquilho,Operador De Central De Concreto,1,2694.65
Charqueada,Gerente De Compras,1,3344.09
Charqueada,Encarregado De Costura Na Confecção Do Vestuário,1,3441.09
Dourado,Desenvolvedor De Sistemas De Tecnologia Da Informação (Técnico),1,4626.11
Dourado,Diretor De Instituição Educacional Da Área Privada,1,2564.35
Cerquilho,Engenheiro Mecânico Industrial,1,1905.55
Charqueada,Diretor De Instituição Educacional Da Área Privada,1,2192.76
Cerquilho,Professor De História Do Ensino Superior,1,3275.27
Charqueada,Marceneiro,1,1742.09
Charqueada,Diretor De Serviços De Saúde,1,2782.52
Cerquilho,Supervisor De Transportes,1,2645.27
Dourado,Ouvidor,1,2703.69
Cerquilho,Arquiteto Urbanista,1,1900.36
Cerquilho,Chefe De Bar,1,2183.28
Dourado,Supervisor Da Manutenção E Reparação De Veículos Pesados,1,2902.58
Charqueada,Técnico Em Manutenção De Equipamentos De Informática,1,1675.93
Charqueada,Supervisor De Vendas Comercial,1,1527.61
Charqueada,Supervisor De Carga E Descarga,1,1524.58
Dourado,Auxiliar De Faturamento,1,1605
Cerquilho,Ferramenteiro,1,2064.8
Cerquilho,Técnico Em Manutenção De Equipamentos E Instrumentos Médico-Hospitalares,1,2187.49
Charqueada,Supervisor De Cobrança,1,1493.48
Charqueada,Técnico Eletricista,1,2001.23
Charqueada,Arquiteto De Edificações,1,2532.54
Cerquilho,Desenhista Técnico Mecânico,1,1990.44
Cerquilho,Ceramista Moldador,1,2146.66
Dourado,Engenheiro De Produção,1,2396.22
Cerquilho,Atendente De Enfermagem,1,2725.13
Cerquilho,Visual Merchandiser,1,1503.58
Charqueada,Controlador De Entrada E Saída,1,2017.68
Charqueada,Técnico Em Farmácia,1,2002.5
Cerquilho,Cozinhador (Conservação De Alimentos),1,2857.73
Charqueada,Técnico Em Instrumentação,1,2112.39
Cerquilho,Propagandista De Produtos Famacêuticos,1,2056.88
Cerquilho,Operador De Ponte Rolante,1,3282.42
Charqueada,Supervisor De Exploração Agropecuária,1,2543.06
Dourado,Tratador De Animais,1,3438.4
Cerquilho,Técnico Em Saúde Bucal,1,1580.07
Cerquilho,Professor De Língua Estrangeira Moderna No Ensino Médio,1,1639.17
Charqueada,Desenvolvedor De Sistemas De Tecnologia Da Informação (Técnico),1,1753.33
Dourado,Abatedor,1,2000
Cerquilho,Gravador De Matriz Para Flexografia (Clicherista),1,1816.32
Cerquilho,Riscador De Estruturas Metálicas,1,2186.9
Cerquilho,Montador De Equipamentos Elétricos,1,1978.3
Cerquilho,Montador De Máquinas-Ferramentas (Usinagem De Metais),1,1572.04
Charqueada,Assentador De Revestimentos Cerâmicos,1,1881.86
Charqueada,Técnico Em Borracha,1,2446.04
Dourado,Assessor De Imprensa,1,1493.8
Cerquilho,Operador De Máquina De Usinagem De Madeira (Produção Em Série),1,1566.64
Dourado,Técnico Em Laboratório De Farmácia,1,1726.27
Cerquilho,Produtor De Moda,1,1958.98
Dourado,Filtrador De Cerveja,1,1336.91
Dourado,Inspetor De Risco,1,1162.93
Cerquilho,Jornalista,1,1330.28
Cerquilho,Técnico De Seguros,1,1217.18
Charqueada,Operador De Computador,1,1237.26
Dourado,Professor De Dança,1,1500
Cerquilho,Professor De Geografia No Ensino Médio,1,2012.75
Cerquilho,Técnico Em Instalação De Equipamentos De Áudio,1,1348.27
Cerquilho,Despachante De Trânsito,1,1579.22
Dourado,Desenhista Técnico (Artes Gráficas),1,1512.93
Dourado,Psicopedagogo,1,1883.07
Cerquilho,Cerzidor,1,1362.6
Dourado,Montador De Máquinas,1,1632.93
Charqueada,Conferente-Expedidor De Roupas (Lavanderias),1,1574.43
Charqueada,Tratador De Animais,1,1541.66
Charqueada,Operador De Estação De Bombeamento,1,3808.81
Charqueada,Médico Do Trabalho,1,1258.69
Cerquilho,"Coordenador De Provas (Concurso, Avaliação, Exame)",1,916.66
Charqueada,Lubrificador De Veículos Automotores (Exceto Embarcações),1,2193.84
Dourado,Auditor (Contadores E Afins),1,1860.45
Dourado,Costureiro Na Confecção Em Série,1,682.53
Cerquilho,Diretor Administrativo E Financeiro,1,31636.08
Dourado,Diretor De Suprimentos,1,64403.58
Charqueada,Operador De Centrifugadora (Tratamentos Químicos E Afins),1,2705.18
Cerquilho,Controlador De Serviços De Máquinas E Veículos,1,2507.5
Dourado,Gerente De Operação De Tecnologia Da Informação,1,21966.66
Dourado,Gerente De Agência,1,10498.22
Cerquilho,Diretor De Compliance,1,11764.63
Cerquilho,Gerente De Grandes Contas (Corporate),1,15583.36
Cerquilho,Corretor De Imóveis,1,550
Charqueada,Operador De Usinagem Convencional Por Abrasão,1,1832.58
Pindamonhangaba,Médico Urologista,1,0
Pindamonhangaba,Analista De Produtos Bancários,1,2853.56
Pindamonhangaba,Tapeceiro De Autos,1,0
Pindamonhangaba,Varredor De Rua,1,0
Pindamonhangaba,Coletor De Lixo Domiciliar,1,0
Piedade,Engenheiro Mecânico,1,0
Dourado,Operador De Carregadeira,1,2516.94
Dourado,Bilheteiro De Transportes Coletivos,1,2969.18
Charqueada,Confeiteiro,1,2102.39
Dourado,Chefe De Serviço De Transporte Rodoviário (Passageiros E Cargas),1,2356.39
Charqueada,Auxiliar De Faturamento,1,2237.64
Piedade,Cozinheiro Industrial,1,1725.15
Piedade,Ajustador Mecânico (Usinagem Em Bancada E Em Máquinas-Ferramentas),1,2417.56
Dourado,Coordenador De Operações De Combate À Poluição No Meio Aquaviário,1,2001.92
Cerquilho,Produtor De Rádio,1,2706.84
Charqueada,Instalador-Reparador De Redes Telefônicas E De Comunicação De Dados,1,2974.35
Cerquilho,Tesoureiro De Banco,1,3052.2
Piedade,Ajustador Mecânico,1,0
Pindamonhangaba,"Cenotécnico (Cinema, Vídeo, Televisão, Teatro E Espetáculos)",1,4393.62
Piedade,Gerente De Projetos De Tecnologia Da Informação,1,7956.24
Pindamonhangaba,Aromista,1,6517.14
Cerquilho,Redator De Publicidade,1,2253.55
Piedade,Consultor Contábil (Técnico),1,4648.02
Piedade,Técnico De Controle De Meio Ambiente,1,6530.52
Cerquilho,Gerente De Comunicação,1,2214.02
Cerquilho,Gerente De Serviços De Saúde,1,3177.47
Piedade,Engenheiro Metalurgista,1,3896.06
Cerquilho,Auxiliar De Enfermagem Do Trabalho,1,3225.48
Dourado,Analista De Folha De Pagamento,1,3859.6
Pindamonhangaba,Auxiliar De Serviços De Importação E Exportação,1,4240.5
Pindamonhangaba,Diretor De Pesquisa E Desenvolvimento (P&D),1,5128.77
Charqueada,Operador De Torno Com Comando Numérico,1,3576.41
Pindamonhangaba,Diretor De Serviços De Saúde,1,4887.68
Charqueada,Operador Eletromecânico,1,4975.85
Pindamonhangaba,Terapeuta Ocupacional,1,4662.18
Charqueada,Operador De Máquina Cortadora (Minas E Pedreiras),1,3439.03
Piedade,Gerente De Turismo,1,5084.69
Piedade,Gerente De Riscos,1,3744
Pindamonhangaba,Diretor De Mídia (Publicidade),1,4833.33
Pindamonhangaba,Desenhista Projetista Eletrônico,1,4764.35
Charqueada,Técnico De Laboratório De Análises Físico-Químicas (Materiais De Construção),1,3034.69
Pindamonhangaba,Desenhista Detalhista,1,4384.2
Piedade,Lubrificador De Veículos Automotores (Exceto Embarcações),1,3046.49
Dourado,Diretor De Serviços Culturais,1,3351.83
Piedade,Maître,1,3819.32
Pindamonhangaba,Supervisor De Usina De Concreto,1,3297.32
Cerquilho,Biomédico,1,4726.19
Piedade,Cronoanalista,1,3311.12
Dourado,Economista Financeiro,1,3374.95
Cerquilho,Engenheiro Civil (Saneamento),1,4435.46
Charqueada,Montador De Equipamentos Elétricos (Centrais Elétricas),1,4019.97
Piedade,Técnico De Apoio Em Pesquisa E Desenvolvimento (Exceto Agropecuário E Florestal),1,3743.39
Piedade,Analista De Planejamento E Orçamento - Apo,1,4118.16
Piedade,Ajustador Ferramenteiro,1,3732.36
Cerquilho,Técnico Em Biblioteconomia,1,5383.55
Piedade,Mestre De Usinagem,1,3953.62
Pindamonhangaba,Operador De Máquina De Eletroerosão,1,3094.21
Dourado,Supervisor De Ensino,1,5211.96
Cerquilho,Procurador Do Município,1,4435.46
Piedade,Operador Eletromecânico,1,3447.06
Charqueada,Supervisor De Ensino,1,4425.8
Pindamonhangaba,Protético Dentário,1,2935.04
Charqueada,Gerente Financeiro,1,6456.48
Dourado,"Supervisor De Manutenção Eletromecânica Industrial, Comercial E Predial",1,5903.4
Charqueada,Supervisor Da Manutenção E Reparação De Veículos Leves,1,5109.24
Dourado,Atendente Comercial (Agência Postal),1,4201.66
Cerquilho,Gerente De Produtos Bancários,1,5784.67
Cerquilho,Diretor De Relações De Trabalho,1,9069.58
Cerquilho,"Bordador, A  Mão",1,0
Charqueada,Armador De Estrutura De Concreto Armado,1,1909.6
Cerquilho,Trabalhador Da Avicultura De Postura,1,1419.34
Dourado,Caixa De Banco,1,0
Piedade,Técnico De Contabilidade,1,2305.02
Pindamonhangaba,Auxiliar De Serviços Jurídicos,1,1935.94
Pindamonhangaba,Supervisor Da Manutenção E Reparação De Veículos Pesados,1,2558.49
Pindamonhangaba,Mecânico De Manutenção De Bomba Injetora (Exceto De Veículos Automotores),1,2437.71
Pindamonhangaba,Analista De Planejamento De Manutenção,1,2138.83
Piedade,"Supervisor De Operação Elétrica (Geração, Transmissão E Distribuição De Energia Elétrica)",1,2103.83
Piedade,Supervisor De Contas A Pagar,1,2254.53
Porto Feliz,Diretor De Produção,1,46080.12
Pindamonhangaba,Agenciador De Propaganda,1,2444.25
Porto Feliz,Gerente De Segurança Da Informação,1,17593.67
Piedade,Operador De Usinagem Convencional Por Abrasão,1,2289.6
Pindamonhangaba,Carregador (Aeronaves),1,1922.66
Porto Feliz,Diretor Financeiro,1,21708.12
Piedade,Técnico Em Calibração,1,2876.56
Piedade,Engenheiro Civil (Transportes E Trânsito),1,2280.63
Piedade,Operador De Máquina De Moldar Automatizada,1,2835.4
Piedade,"Trefilador De Metais, À Máquina",1,3006.78
Pindamonhangaba,Planejista,1,2389.33
Pindamonhangaba,Cilindrista (Petroquímica E Afins),1,2589.61
Piedade,Supervisor De Exploração Pecuária,1,2517.19
Piedade,Gerente De Produção E Operações Agropecuárias,1,2733.81
Pindamonhangaba,Coreógrafo,1,1743.87
Pindamonhangaba,Dirigente De Entidade De Trabalhadores,1,1844.53
Piedade,Auxiliar De Banco De Sangue,1,1659.12
Porto Feliz,Supervisor De Manutenção Eletromecânica (Utilidades),1,14332.56
Piedade,Professor De História Do Ensino Fundamental,1,1823.45
Piedade,Arquivista,1,1999.46
Pindamonhangaba,Limpador De Piscinas,1,1847.66
Pindamonhangaba,Despachante Documentalista,1,2047.07
Pindamonhangaba,Encarregado De Costura Na Confecção Do Vestuário,1,1864.91
Itu,Zootecnista,1,11924.53
Pindamonhangaba,Auxiliar De Corte (Preparação Da Confecção De Roupas),1,1471.42
Piedade,Churrasqueiro,1,1784
Pindamonhangaba,Salgador De Alimentos,1,1580.4
Pindamonhangaba,Editor De Livro,1,1551.52
Piedade,Empregado Doméstico  Faxineiro,1,1636.31
Pindamonhangaba,Empregado  Doméstico  Nos Serviços Gerais,1,1866.08
Piedade,Inspetor De Estamparia (Produção Têxtil),1,1440.94
Piedade,Torrador De Café,1,2144.3
Piedade,Entrevistador De Pesquisas De Mercado,1,1750
Piedade,Técnico De Desporto Individual E Coletivo (Exceto Futebol),1,1494.15
Pindamonhangaba,Técnico Em Métodos Eletrográficos Em Encefalografia,1,1219.82
Piedade,Telefonista,1,1541.16
Itu,Tecnólogo Em Metalurgia,1,10569.58
Pindamonhangaba,Professor De Filosofia No Ensino Médio,1,1332.6
Piedade,Professor De Geografia Do Ensino Fundamental,1,1215.65
Piedade,Inspetor De Alunos De Escola Privada,1,1397.49
Pindamonhangaba,Impressor Digital,1,1337.38
Pindamonhangaba,Analista De Crédito (Instituições Financeiras),1,1418.02
Piedade,Governanta De Hotelaria,1,1213.2
Piedade,Feirante,1,1292.17
Piedade,Artesão Escultor,1,1283
Pindamonhangaba,Vendedor  Permissionário,1,1439.79
Piedade,Chefe De Serviço De Transporte Rodoviário (Passageiros E Cargas),1,1382.94
Pindamonhangaba,Instalador De Isolantes Acústicos,1,1491.93
Piedade,Classificador De Madeira,1,1412.5
Piedade,Tosador De Animais Domésticos,1,1500
Piedade,"Bordador, À Máquina",1,1377.81
Piedade,Queijeiro Na Fabricação De Laticínio,1,1484.12
Pindamonhangaba,Criador De Bovinos (Leite),1,1351.66
Piedade,"Produtor Agropecuário, Em Geral",1,1212.38
Pindamonhangaba,Ajudante De Carvoaria,1,1110.18
Piedade,Psicólogo Educacional,1,820
Ibiúna,Diretor Administrativo E Financeiro,1,22085.13
Pindamonhangaba,Diretor De Suprimentos,1,50579.56
Itapetininga,Médico Em Endoscopia,1,17018.37
Itapetininga,Diretor De Produção E Operações Em Empresa Agropecuária,1,25923.81
Piedade,Engenheiro De Controle E Automação,1,14268.59
Pindamonhangaba,Arquiteto De Edificações,1,12818.47
Pindamonhangaba,Gestor Em Segurança,1,15348.88
Pindamonhangaba,Analista De Planejamento De Materias,1,10544.2
Piedade,Técnico Em Atendimento E Vendas,1,12291.51
Itapeva,Impressor Digital,1,770
Araçoiaba da Serra,Arquiteto Paisagista,1,0
Araçoiaba da Serra,Administrador De Edifícios,1,3483.95
Araçatuba,Guia De Turismo,1,0
Araçatuba,Geólogo,1,0
Itu,Gerente De Segurança Da Informação,1,12353.37
Araçatuba,Mestre (Indústria De Borracha E Plástico),1,0
Araçoiaba da Serra,Montador De Máquinas Operatrizes Para Madeira,1,0
Araçatuba,Engenheiro Naval,1,10189
Araçatuba,Engenheiro Civil (Transportes E Trânsito),1,7319.5
Itu,Engenheiro Civil (Pontes E Viadutos),1,13000
Araçoiaba da Serra,Diretor Administrativo E Financeiro,1,7104.58
Araçatuba,Engenheiro De Controle E Automação,1,6386.58
Araçatuba,Gerente De Riscos,1,5753.92
Araçoiaba da Serra,Supervisor De Manutenção De Máquinas Operatrizes E De Usinagem,1,5085.6
Araçoiaba da Serra,Engenheiro Químico,1,5943.6
Araçoiaba da Serra,Gerente De Suprimentos,1,7328.67
Araçatuba,Visitador Sanitário,1,5153.96
Araçoiaba da Serra,Diretor Financeiro,1,5447.22
Araçoiaba da Serra,Supervisor De Vigilantes,1,2860.22
Araçoiaba da Serra,Dirigente E Administrador De Organização Da Sociedade Civil Sem Fins Lucrativos,1,4187.13
Araçatuba,Técnico De Laboratório De Análises Físico-Químicas (Materiais De Construção),1,3315.15
Araçoiaba da Serra,Professor De Matemática No Ensino Médio,1,3545.01
Araçatuba,Gerente De Infraestrutura De Tecnologia Da Informação,1,3154.75
Itu,Professor De História Do Ensino Superior,1,13941.02
Araçatuba,Técnico Em Fotônica,1,2706.97
Araçoiaba da Serra,Supervisor De Transportes,1,3066.95
Araçoiaba da Serra,Desenhista Técnico Mecânico,1,3416.01
Araçatuba,Monitor De Dependente Químico,1,2823.92
Araçoiaba da Serra,Técnico Em Saúde Bucal,1,2443.22
Araçatuba,Bilheteiro De Transportes Coletivos,1,2454.52
Itupeva,Gerente De Segurança Da Informação,1,22000
Araçoiaba da Serra,Gerente De Serviços Sociais,1,2500
Araçatuba,Diretor De Serviços Sociais,1,2480.58
Araçoiaba da Serra,Bibliotecário,1,2873.19
Araçatuba,Trabalhador No Cultivo De Plantas Ornamentais,1,2252.67
Araçatuba,Decorador De Eventos,1,2500
Araçatuba,Operador De Transporte Multimodal,1,2712.94
Itupeva,Diretor De Compliance,1,22653.72
Araçoiaba da Serra,Gerente De Departamento Pessoal,1,2485.45
Araçatuba,Cozinheiro Industrial,1,1816.45
Araçoiaba da Serra,Masseiro (Massas Alimentícias),1,2544.85
Itu,Operador De Calcinação (Tratamento Químico E Afins),1,929.41
Araçatuba,Fiscal De Atividades Urbanas,1,2621.14
Porto Feliz,Designer De Interiores,1,10315.76
Araçatuba,Sinaleiro (Ponte-Rolante),1,1913.33
Araçatuba,Ourives,1,2712.33
Araçatuba,Relojoeiro (Reparação),1,2306.79
Araçatuba,Agente De Microcrédito,1,3129.06
Araçoiaba da Serra,Cortador De Pedras,1,2297.69
Araçoiaba da Serra,Operador De Equipamentos De Preparação De Areia,1,2639.25
Araçoiaba da Serra,"Salsicheiro (Fabricação De Lingüiça, Salsicha E Produtos Similares)",1,2389.93
Araçoiaba da Serra,Magarefe,1,2462.5
Araçoiaba da Serra,Impressor Flexográfico,1,2268.91
Araçatuba,Operador De Equipamento De Secagem De Pintura,1,1688.08
Araçoiaba da Serra,"Instalador De Material Isolante, A Mão (Edificações)",1,2575.14
Araçoiaba da Serra,Supervisor De Crédito E Cobrança,1,2995.28
Araçoiaba da Serra,Tecnólogo Em Sistemas Biomédicos,1,2212.44
Araçatuba,Operador De Centro De Usinagem De Madeira (Cnc),1,2632.65
Araçoiaba da Serra,Soprador De Vidro,1,2050.37
Araçoiaba da Serra,Operador De Central De Concreto,1,2494.77
Araçoiaba da Serra,Moldador De Plástico Por Injeção,1,2029.37
Araçatuba,Afiador De Cutelaria,1,2533.84
Araçoiaba da Serra,Economista Do Setor Público,1,2784.32
Araçoiaba da Serra,Controlador De Tráfego Aéreo,1,2227.1
Araçatuba,Técnico De Manutenção Eletrônica (Circuitos De Máquinas Com Comando Numérico),1,1780.32
Araçatuba,Dirigente E Administrador De Organização Religiosa,1,1906.8
Araçatuba,Avaliador Físico,1,1718.83
Araçatuba,Artesão Escultor,1,1650.35
Araçatuba,Assistente De Coreografia,1,1540
Araçatuba,Advogado (Direito Público),1,1689.36
Araçatuba,Gerente De Crédito Imobiliário,1,2000
Araçatuba,Comerciante Atacadista,1,1751.94
Araçatuba,Profissional De Relações Institucionais E Governamentais,1,1851.2
Araçatuba,Cortador De Artefatos De Couro (Exceto Roupas E Calçados),1,1818.43
Araçoiaba da Serra,Minhocultor,1,1923.78
Araçatuba,Forneiro E Operador De Forno De Redução Direta,1,1704.34
Araçatuba,Operador De Prensa De Material Reciclável,1,1601.54
Araçoiaba da Serra,Ferramenteiro,1,1965.99
Araçatuba,Afretador,1,2226.44
Araçatuba,Técnico Em Automobilística,1,1990.81
Araçatuba,Fundidor De Metais,1,2094.9
Araçoiaba da Serra,Operador De Empilhadeira,1,2368.64
Araçoiaba da Serra,Técnico De Alimentos,1,1506.17
Araçoiaba da Serra,Supervisor De Telemarketing E Atendimento,1,1728
Araçoiaba da Serra,Domador De Animais (Circense),1,2101.99
Araçatuba,"Produtor Agropecuário, Em Geral",1,1732.5
Araçatuba,Seringueiro,1,2068.88
Araçatuba,Técnico Em Gravação De Áudio,1,1361.81
Araçatuba,Técnico De Celulose E Papel,1,1446
Araçatuba,Secador De Madeira,1,1624.6
Araçatuba,Acabador De Calçados,1,1276.22
Itupeva,Professor De Língua Espanhola,1,781.17
Araçoiaba da Serra,"Trabalhador De Extração Florestal, Em Geral",1,1302.85
Araçatuba,Marcador De Peças Confeccionadas Para Bordar,1,1010.79
Araçoiaba da Serra,Diretor De Planejamento Estratégico,1,14227.77
Araçatuba,Preparador De Atleta,1,565.07
Araçoiaba da Serra,Diretor Geral De Empresa E Organizações (Exceto De Interesse Público),1,24810.21
Araçoiaba da Serra,Desenhista Industrial Gráfico (Designer Gráfico),1,1749.39
Itapetininga,Designer De Vitrines,1,1793.36
Itu,Confeccionador De Instrumentos De Corda,1,1100
Macatuba,"Supervisor De Manutenção Eletromecânica Industrial, Comercial E Predial",1,8992.27
Macatuba,Modelista De Roupas,1,4608.37
Macatuba,Economista,1,5513.14
Macatuba,Supervisor De Carga E Descarga,1,4685.42
Macatuba,Fiscal De Tributos Municipal,1,3850.9
Macatuba,Orientador Educacional,1,2157.21
Macatuba,Médico Neurologista,1,2848.52
Macatuba,Secretária(O) Executiva(O),1,2789.41
Macatuba,Modelador De Madeira,1,3066.25
Macatuba,Telefonista,1,2144.13
Macatuba,Supervisor Da Manutenção E Reparação De Veículos Leves,1,1849.82
Macatuba,Cozinheiro De Hospital,1,1949.08
Macatuba,Agente De Microcrédito,1,956.02
Macatuba,Garçom,1,1350
Macatuba,Impressor (Serigrafia),1,1546.41
Macatuba,"Supervisor De Operação Elétrica (Geração, Transmissão E Distribuição De Energia Elétrica)",1,10644.4
Macatuba,Técnico Eletrônico,1,509.49
Boituva,Despachante Documentalista,1,0
Boituva,Auxiliar De Corte (Preparação Da Confecção De Roupas),1,0
Boituva,Médico Psiquiatra,1,6254.05
Boituva,Montador De Equipamentos Eletrônicos (Aparelhos Médicos),1,5868.62
Boituva,Mestre De Ferramentaria,1,5244.63
Itu,Eletricista De Instalações (Cenários),1,1420.69
Boituva,Pesquisador De Engenharia E Tecnologia (Outras Áreas Da Engenharia),1,8440.51
Boituva,Químico,1,7517.71
Boituva,Médico Dermatologista,1,6025.35
Boituva,Engenheiro De Manutenção De Telecomunicações,1,4522.05
Boituva,Topógrafo,1,6359.11
Boituva,Leiturista,1,4351.24
Boituva,Engenheiro Mecatrônico,1,5198.91
Boituva,Analista De Gestão De Estoque,1,3388.14
Boituva,Técnico Em Pecuária,1,4074.04
Boituva,Supervisor De Entrevistadores E Recenseadores,1,4701.8
Itupeva,Preparador De Sucata E Aparas,1,1553.7
Boituva,Desenhista Técnico (Artes Gráficas),1,3451.55
Itu,Operador De Máquinas Especiais Em Conservação De Via Permanente (Trilhos),1,1479.7
Boituva,Acabador De Embalagens (Flexíveis E Cartotécnicas),1,3326.7
Boituva,Mecânico De Manutenção De Máquinas Têxteis,1,3663.7
Boituva,Mecânico De Manutenção De Máquinas Agrícolas,1,3357.61
Boituva,Ouvidor,1,2542.38
Boituva,Profissional De Relações Com Investidores,1,2964.29
Itu,Designer De Interiores,1,1534.82
Boituva,Gerente De Pensão,1,2221.63
Boituva,Desenhista Técnico (Eletricidade E Eletrônica),1,2846.01
Boituva,Mecânico De Manutenção De Motocicletas,1,2112.44
Boituva,Lavador De Peças,1,2149.06
Boituva,Cilindrista (Petroquímica E Afins),1,2082.73
Boituva,Cozinhador De Frutas E Legumes,1,1492.43
Boituva,Operador De Máquina De Cortar E Dobrar Papelão,1,1717.43
Boituva,Aplicador Serigráfico Em Vidros,1,1837.23
Boituva,Auxiliar De Serviços De Importação E Exportação,1,1488.96
Boituva,Montador De Equipamentos Elétricos (Aparelhos Eletrodomésticos),1,843.25
Boituva,Técnico Gráfico,1,1668.12
Boituva,Supervisor Da Aqüicultura,1,1948.01
Boituva,Técnico Em Manutenção De Hidrômetros,1,1926.03
Boituva,Guardador De Veículos,1,1572.41
Boituva,Empregado  Doméstico  Nos Serviços Gerais,1,852.43
Boituva,"Trabalhador Na Olericultura (Talos, Folhas E Flores)",1,1398.04
Itapetininga,Professor De História No Ensino Médio,1,1291.22
Boituva,Analista De Sistemas De Automação,1,12774.79
Boituva,Diretor De Suprimentos,1,33698.62
Cabreúva,Cobrador De Transportes Coletivos (Exceto Trem),1,0
Cabreúva,Engenheiro Eletrônico De Projetos,1,9030.92
Itu,Sacristão,1,1599.67
Cabreúva,Técnico De Manutenção Eletrônica,1,0
Cabreúva,Técnico Em Tratamento De Efluentes,1,0
Cabreúva,Técnico De Fundição Em Siderurgia,1,7252.53
Cabreúva,Químico Industrial,1,7541.72
Cabreúva,Gerente De Câmbio E Comércio Exterior,1,8132.19
Cabreúva,Supervisor De Manutenção Elétrica De Alta Tensão Industrial,1,7745.62
Cabreúva,Engenheiro Mecânico Industrial,1,7974.2
Cabreúva,Gerente De Serviços Culturais,1,5430.42
Cabreúva,Relações Públicas,1,6462.15
Cabreúva,Mestre De Produção Farmacêutica,1,4160.3
Cabreúva,Tesoureiro De Banco,1,6294.3
Itupeva,"Trabalhador De Extração Florestal, Em Geral",1,1896.1
Itu,Produtor Agrícola Polivalente,1,1988.77
Itupeva,Criador De Peixes,1,1662
Cabreúva,Técnico Em Hidrografia,1,4949.32
Cabreúva,Redator De Publicidade,1,5127.88
Cabreúva,Analista De Informações (Pesquisador De Informações De Rede),1,4111.16
Cabreúva,Enfermeiro Do Trabalho,1,3886.13
Cabreúva,Visual Merchandiser,1,2275
Cabreúva,Pintor De Veículos (Reparação),1,3555.38
Cabreúva,"Bobinador Eletricista, À Máquina",1,3777.57
Cabreúva,Caldeireiro (Chapas De Cobre),1,3799.86
Itu,Brasador,1,2065.33
Cabreúva,Desenhista Copista,1,3311.12
Cabreúva,Operador De Fresadora Com Comando Numérico,1,2657.8
Cabreúva,"Moldador, A  Máquina",1,2802.51
Cabreúva,Modelador De Metais (Fundição),1,2213.36
Cabreúva,Trabalhador De Fabricação De Tintas,1,3026.14
Cabreúva,Trabalhador Da Cultura De Milho E Sorgo,1,1995.15
Cabreúva,Professor De Artes No Ensino Médio,1,1623.32
Cabreúva,Limpador De Vidros,1,1506.12
Cabreúva,Instalador De Som E Acessórios De Veículos,1,1899.2
Itupeva,Dietista,1,1850.05
Itupeva,Assentador De Canalização (Edificações),1,1669.33
Cabreúva,Demonstrador De Mercadorias,1,1585.99
Cabreúva,Pedreiro De Edificações,1,1739.65
Itupeva,Carpinteiro De Obras,1,1489.52
Cabreúva,"Bordador, A  Mão",1,1567.86
Cabreúva,Lavador De Lã,1,1734.2
Cabreúva,Trabalhador Da Pecuária (Bovinos Leite),1,1973.71
Cabreúva,Monitor De Sistemas Eletrônicos De Segurança Interno,1,1493.33
Cabreúva,Massoterapeuta,1,1470.91
Cabreúva,Banhista De Animais Domésticos,1,1400
Itupeva,Operador De Prensa De Alta Freqüência Na Usinagem De Madeira,1,1674.99
Cabreúva,Decorador De Cerâmica,1,1237.15
Itu,Montador De Máquinas-Ferramentas (Usinagem De Metais),1,2060.84
Itu,Ajustador De Instrumentos De Precisão,1,1827.05
Cabreúva,"Pintor De Cerâmica, A  Pincel",1,1282.09
Cabreúva,Oleiro (Fabricação De Telhas),1,1498.81
Cabreúva,"Confeccionador De Bolsas, Sacos E Sacolas E Papel, A Máquina",1,1226.66
Itapeva,Auxiliar De Prótese Dentária,1,905.65
Cabreúva,Diretor De Recursos Humanos,1,32880.92
Itu,"Trabalhador De Extração Florestal, Em Geral",1,1291.71
Cabreúva,"Diretor De Produção E Operações Da Indústria De Transformação, Extração Mineral E Utilidades",1,59826.39
Cabreúva,Gerente De Operações De Serviços De Assistência Técnica,1,17952.18
Cabreúva,Tecnólogo Em Fabricação Mecânica,1,10920.46
Itapetininga,Árbitro De Futebol,1,963.96
Itapeva,Fisioterapeuta Respiratória,1,4177.1
Ibiúna,Professor De Língua Espanhola,1,0
Itapeva,Professor De Filosofia No Ensino Médio,1,0
Itu,Instalador Eletricista (Tração De Veículos),1,1723.56
Itapeva,Diretor De Mídia (Publicidade),1,0
Itu,Despachante De Trânsito,1,1486.86
Itupeva,Operador De Negócios,1,2005.87
Itu,Trabalhador De Tratamento Do Leite E Fabricação De Laticínios E Afins,1,1776.84
Ibiúna,Corretor De Imóveis,1,0
Itapeva,Operador De Máquina De Eletroerosão,1,0
Itapetininga,Carpinteiro (Esquadrias),1,1758.35
Itapeva,Químico,1,0
Itapeva,Destilador De Produtos Químicos (Exceto Petróleo),1,0
Itapetininga,Operador De Processo De Tratamento De Imagem,1,2565
Itu,Reparador De Aparelhos De Telecomunicações Em Laboratório,1,1314.63
Ibiúna,Retalhador De Carne,1,0
Itapetininga,Médico Hemoterapeuta,1,9401.88
Itu,Montador De Instrumentos De Óptica,1,1664.1
Itapeva,Diretor De Serviços De Saúde,1,9147.08
Ibiúna,Supervisor De Manutenção Eletromecânica,1,9492.09
Itu,Técnico Têxtil De Fiação,1,1750.02
Itapeva,Tecnólogo Em Rochas Ornamentais,1,6461.38
Itapeva,Engenheiro De Produção,1,6631.46
Itapetininga,Chefe De Contabilidade (Técnico),1,4593.76
Ibiúna,Técnico De Manutenção De Sistemas E Instrumentos,1,4326.53
Ibiúna,Ferramenteiro,1,5848.39
Itapetininga,Planejista,1,4379.44
Itapeva,Técnico Em Madeira,1,5793.78
Itapeva,Engenheiro Agrimensor,1,7133.77
Itapetininga,Gerente De Desenvolvimento De Sistemas,1,6075.61
Itapeva,Analista De Gestão De Estoque,1,4239.8
Ibiúna,Chefe De Serviços Bancários,1,4873.73
Ibiúna,Diretor De Operações De Serviços De Telecomunicações,1,4144.44
Itapeva,Supervisor De Manutenção De Máquinas Industriais Têxteis,1,4930.88
Ibiúna,Biotecnologista,1,3708.41
Itapetininga,Diretor De Serviços De Saúde,1,3322.8
Ibiúna,Professor De Matemática No Ensino Médio,1,3400.95
Ibiúna,Bibliotecário,1,3188.8
Itupeva,Mecânico De Manutenção De Bombas,1,2135.87
Itu,Atendente De Judiciário,1,1883.82
Itu,Supervisor De Coletadores De Apostas E De Jogos,1,1687.74
Itapeva,Diretor De Tecnologia Da Informação,1,4333.55
Itapeva,Diretor De Suprimentos,1,3852.16
Itapetininga,Gerente De Operação De Tecnologia Da Informação,1,2495.16
Itapetininga,Analista De Compliance,1,2851.95
Itapeva,Analista De Câmbio,1,3661.55
Itapeva,Gerente De Operação De Tecnologia Da Informação,1,3325
Itapetininga,Supervisor De Digitação E Operação,1,2980.13
Itapetininga,"Supervisor De Fabricação De Produtos Cerâmicos, Porcelanatos E Afins",1,3661.45
Ibiúna,Operador De Central De Concreto,1,3563.27
Itupeva,Cuidador Em Saúde,1,1777.66
Ibiúna,Pintor A Pincel E Rolo (Exceto Obras E Estruturas Metálicas),1,4000.43
Itapetininga,Criador Em Pecuária Polivalente,1,3349.49
Ibiúna,Supervisor De Controle Patrimonial,1,2797.09
Ibiúna,Biólogo,1,3000
Itupeva,Cortador De Roupas,1,2700
Itapeva,Ouvidor,1,2228.24
Ibiúna,Diretor Geral De Empresa E Organizações (Exceto De Interesse Público),1,2447.22
Itapetininga,Cirurgião Dentista - Estomatologista,1,3066
Itu,Colorista De Papel,1,1973.05
Itapetininga,Diretor De Tecnologia Da Informação,1,2817
Itapetininga,Operador De Turismo,1,2043.89
Itapeva,Mecânico De Manutenção De Máquinas De Construção E Terraplenagem,1,2865.25
Itapetininga,Engenheiro De Minas,1,2998.04
Ibiúna,Domador De Animais (Circense),1,1815.61
Itupeva,Pintor A Pincel E Rolo (Exceto Obras E Estruturas Metálicas),1,3387.72
Itu,Operador De Máquina De Fundição,1,2909.88
Itapetininga,Analista De Gestão De Estoque,1,1983
Itapetininga,Encarregado De Corte Na Confecção Do Vestuário,1,2790
Itu,Diretor De Planejamento Estratégico,1,2156.78
Itapeva,"Supervisor De Fabricação De Produtos Cerâmicos, Porcelanatos E Afins",1,2629.06
Itapetininga,Instalador De Isolantes Acústicos,1,2005.12
Itapeva,Supervisor De Recepcionistas,1,2180.78
Itupeva,Assistente Técnico De Seguros,1,2851.84
Itupeva,Metalizador (Banho Quente),1,3145.16
Ibiúna,Chefe De Bar,1,2546.23
Itapeva,Desossador,1,2334.09
Ibiúna,Montador De Equipamentos Elétricos,1,1859.16
Itapeva,Montador De Máquinas,1,2351.17
Itupeva,Forneiro E Operador (Alto-Forno),1,2745.9
Itapeva,Projetista De Móveis,1,2250.2
Itapetininga,Prensista (Operador De Prensa),1,2157.59
Itupeva,Montador De Andaimes (Edificações),1,2020.08
Itapetininga,Operador De Jato Abrasivo,1,2124.28
Ibiúna,Operador De Pórtico Rolante,1,2413
Ibiúna,Auxiliar De Laboratório De Análises Físico-Químicas,1,2066.31
Itapetininga,Impressor Digital,1,1902.86
Itapetininga,Supervisor De Embalagem E Etiquetagem,1,2027.21
Itapeva,Supervisor De Embalagem E Etiquetagem,1,2813.92
Itu,Eletromecânico De Manutenção De Elevadores,1,2577.25
Itapetininga,Filtrador De Cerveja,1,2268.7
Itapetininga,Identificador Florestal,1,2023.5
Itupeva,"Salsicheiro (Fabricação De Lingüiça, Salsicha E Produtos Similares)",1,2922.4
Ibiúna,Costureira De Reparação De Roupas,1,2000
Itupeva,Sommelier,1,3115.11
Itu,"Supervisor Da Confecção De Artefatos De Tecidos, Couros E Afins",1,1957.47
Itu,Supervisor De Perfuração E Desmonte,1,2207.52
Itapetininga,Projetista De Som,1,1704.51
Ibiúna,Cuidador Em Saúde,1,1842.51
Itapetininga,Protético Dentário,1,1924.03
Itu,Montador De Equipamentos Eletrônicos (Computadores E Equipamentos Auxiliares),1,1706.65
Itupeva,Taquígrafo,1,2183.26
Itapetininga,Acabador De Embalagens (Flexíveis E Cartotécnicas),1,1570.79
Itupeva,Operador De Guindaste (Fixo),1,2572.74
Ibiúna,Técnico De Rede (Telecomunicações),1,2081.1
Itapetininga,Oficial General Da Aeronáutica,1,1615
Itu,Dietista,1,1837.03
Itapetininga,Instalador De Isolantes Térmicos (Refrigeração E Climatização),1,2129.04
Ibiúna,Tecnólogo Em Gestão Da Tecnologia Da Informação,1,1789.36
Itapeva,"Corretor De Valores, Ativos Financeiros, Mercadorias E Derivativos",1,1554.76
Ibiúna,Mestre De Produção Química,1,2148.05
Itu,"Operador De Máquina De Usinagem Madeira, Em Geral",1,2359.48
Itapeva,Técnico Mecânico Na Manutenção De Ferramentas,1,2010.91
Itapeva,Colorista Têxtil,1,1816.04
Itapetininga,Técnico Mecânico Na Manutenção De Ferramentas,1,1963.14
Itapetininga,Operador De Centro De Controle ( Sinterização),1,1716.45
Itapetininga,Técnico De Apoio À Bioengenharia,1,1881.65
Itupeva,Professor De Língua Estrangeira Moderna No Ensino Médio,1,3153.04
Ibiúna,"Lavadeiro, Em Geral",1,1705.41
Itapeva,Assistente De Laboratório Industrial,1,1633.93
Itupeva,Agente De Higiene E Segurança,1,2559.87
Itapeva,Fiscal De Pátio De Usina De Concreto,1,1870.27
Itu,Equoterapeuta,1,2054.13
Ibiúna,Operador De Ponte Rolante,1,1948.49
Itapetininga,Operador De Máquina De Lavar Fios E Tecidos,1,1672.44
Itapetininga,"Trabalhador Na Olericultura (Talos, Folhas E Flores)",1,1341.54
Itapetininga,Tecnólogo Em Secretariado Escolar,1,1567.16
Ibiúna,Agente De Saúde Pública,1,1506.57
Ibiúna,Diretor Financeiro,1,1233.33
Ibiúna,Inspetor De Serviços De Transportes Rodoviários (Passageiros E Cargas),1,1119.53
Itupeva,Cortador De Vidro,1,3155.21
Itapeva,Despachante Documentalista,1,1348.94
Itu,Operador De Britador De Mandíbulas,1,3233.61
Itupeva,Operador De Equipamentos De Preparação De Areia,1,3576.43
Itapetininga,Analista De Produtos Bancários,1,1145.72
Itu,Operador De Retificadora Com Comando Numérico,1,3778.68
Itapetininga,Oficial Do Registro De Títulos E Documentos,1,1134.83
Itu,Supervisor De Joalheria,1,3230.92
Itapetininga,Auxiliar De Seguros,1,1442
Itupeva,Operador De Compactadora De Solos,1,4194.3
Itupeva,"Instalador De Material Isolante, A Mão (Edificações)",1,2828.75
Itupeva,Engenheiro Agrônomo,1,3839.07
Itapeva,Técnico Eletricista,1,1527.45
Itu,Médico Reumatologista,1,3692.46
Itu,Técnico Em Sonorização,1,3818.25
Itu,Procurador Autárquico,1,3207.39
Itu,Fisioterapeuta  Do Trabalho,1,3376.91
Itapeva,Emendador De Cabos Elétricos E Telefônicos (Aéreos E Subterrâneos),1,1562.37
Itapetininga,Salgador De Alimentos,1,1439.36
Itupeva,Operador De Cortadeira De Papel,1,4500.39
Itu,Traçador De Pedras,1,4133.1
Itapetininga,Manobrador,1,1219.34
Itupeva,Desenhista Técnico Mecânico,1,3593.25
Ibiúna,Manicure/Pedicure,1,1100
Itupeva,"Operador De Máquina Eletroerosão, À Fio, Com Comando Numérico",1,4885.58
Itupeva,Arquiteto Paisagista,1,5219.59
Itu,"Salsicheiro (Fabricação De Lingüiça, Salsicha E Produtos Similares)",1,4388.6
Itupeva,"Confeccionador De Sacos De Celofane, A Máquina",1,4308.03
Itu,Impressor Tipográfico,1,4456.58
Itapetininga,Instalador De Tubulações De Gás Combustível (Produção E Distribuição),1,1344.22
Itupeva,Chefe De Serviços Bancários,1,5470.19
Itapetininga,Técnico Em Confecções Do Vestuário,1,1200.45
Itapetininga,Operador De Centro De Usinagem Com Comando Numérico,1,1332.48
Ibiúna,Conferente Mercadoria (Exceto Carga E Descarga),1,1483.68
Itapeva,Tapeceiro De Autos,1,1248.02
Itapeva,Gerente De Produção E Operações Da Construção Civil E Obras Públicas,1,3014.52
Itu,Enfermeiro Sanitarista,1,4543
Itupeva,Ajustador De Instrumentos De Precisão,1,5622.64
Itu,Poceiro (Edificações),1,5746.58
Itupeva,Tecnólogo Em Gestão Administrativo- Financeira,1,6336.91
Itupeva,Operador De Filtro De Secagem (Mineração),1,6672.51
Itu,Riscador De Estruturas Metálicas,1,5364.34
Ibiúna,Operador De Betoneira,1,1269.04
Itu,Técnico Em Soldagem,1,4994.21
Itupeva,Gerente De Produção E Operações  Florestais,1,7927.72
Itu,Economista Ambiental,1,5016.06
Itupeva,Engenheiro Eletricista,1,6871.49
Itupeva,"Supervisor Da Confecção De Artefatos De Tecidos, Couros E Afins",1,5828.69
Itupeva,Torneiro Na Usinagem Convencional De Madeira,1,6318.76
Itu,Analista De Projetos Logisticos,1,5550.49
Itapetininga,Operador De Evaporador Na Destilação,1,1392.54
Itapeva,Empregado  Doméstico  Nos Serviços Gerais,1,1372.63
Itu,Engenheiro Químico,1,12162.42
Itupeva,Jornalista,1,7116.98
Itu,Pesquisador Em Saúde Coletiva,1,4569.01
Itu,Gerente De Serviços Sociais,1,6228.25
Itupeva,Professores De Cursos Livres,1,6028.73
Itu,Supervisor De Produção Na Mineração,1,7455.23
Itupeva,Economista Ambiental,1,8537.8
Itu,Economista Agroindustrial,1,9345.18
Itupeva,Bibliotecário,1,7802.24
Itupeva,Operador De Compressor De Ar,1,7744.01
Itupeva,Operador De Motoniveladora,1,6779.59
Itupeva,Dirigente E Administrador De Organização Da Sociedade Civil Sem Fins Lucrativos,1,8685.58
Itupeva,Médico Reumatologista,1,7340.7
Ibiúna,Trabalhador Da Pecuária (Bovinos Corte),1,1170.9
Itupeva,Professor De Matemática No Ensino Médio,1,8196.1
Itu,Ceramista Moldador,1,1876.1
Itupeva,Montador De Equipamento De Levantamento,1,0
Itupeva,Operador De Máquina De Usinagem De Madeira (Produção Em Série),1,0
Itapetininga,Criador De Bovinos (Corte),1,1437.99
Itu,Tecnólogo Em Gestão Administrativo- Financeira,1,1133.33
Americana,Forjador,1,2933.06
