nome_municipio,setor_cnae,nome_profissao,total_trabalhadores_clt,salario_medio
Americana,,Vendedor De Comércio Varejista,2912,2307.72
Americana,,Assistente Administrativo,2751,2161.01
Araçatuba,,Auxiliar De Escritório,2582,1780.55
Araçatuba,,Vendedor De Comércio Varejista,2499,2306.94
Itu,,Alimentador De Linha De Produção,2473,2158.46
Americana,,Auxiliar De Escritório,2433,1971.82
Itupeva,,Alimentador De Linha De Produção,2391,2027.91
Americana,,Alimentador De Linha De Produção,2316,2203.43
Itupeva,,Motorista De Caminhão (Rotas Regionais E Internacionais),1994,2577.24
Itapetininga,,Vendedor De Comércio Varejista,1984,1977.35
Boituva,,Abatedor,1959,1705.76
Itapetininga,,Alimentador De Linha De Produção,1821,1687.73
Itu,,Vendedor De Comércio Varejista,1821,2765.42
Americana,,Faxineiro,1738,1547.7
Itu,,Assistente Administrativo,1643,2399.81
Itu,,Auxiliar De Escritório,1642,1972.8
Americana,,Motorista De Caminhão (Rotas Regionais E Internacionais),1561,3014.37
Araçatuba,,Motorista De Caminhão (Rotas Regionais E Internacionais),1546,2784.55
Araçatuba,,Assistente Administrativo,1535,2101.96
Araçatuba,,Faxineiro,1519,1421.74
Itu,,Motorista De Caminhão (Rotas Regionais E Internacionais),1496,2803.87
Pindamonhangaba,,Vendedor De Comércio Varejista,1447,1763.08
Araçatuba,,Operador De Caixa,1438,1748.98
Araçatuba,,Alimentador De Linha De Produção,1368,1644.14
Itu,,Faxineiro,1338,1409.32
Itapetininga,,Auxiliar De Escritório,1319,1761.53
Itu,,Operador De Caixa,1295,1789.91
Ibiúna,,Alimentador De Linha De Produção,1292,2104.19
Pindamonhangaba,,Alimentador De Linha De Produção,1201,2134.55
Araçatuba,,Cobrador Interno,1182,1278.02
Americana,,Operador De Caixa,1172,1851.37
Itapeva,,Vendedor De Comércio Varejista,1160,1884.75
Cabreúva,,Alimentador De Linha De Produção,1159,1981.88
Itapetininga,,Motorista De Caminhão (Rotas Regionais E Internacionais),1080,2491.45
Itapeva,,Trabalhador Da Exploração De Resinas,1053,1416.79
Itapeva,,Motorista De Caminhão (Rotas Regionais E Internacionais),1044,2675.06
Itupeva,,Vendedor De Comércio Varejista,1039,2933.09
Boituva,,Alimentador De Linha De Produção,1038,1976.7
Porto Feliz,,Alimentador De Linha De Produção,985,2240.65
Itu,,Operador De Telemarketing Receptivo,976,1165.37
Pindamonhangaba,,Assistente Administrativo,965,2643.19
Itapetininga,,"Trabalhador De Extração Florestal, Em Geral",961,1278.56
Cabreúva,,"Embalador, A Mão",958,1869.93
Itu,,Operador De Telemarketing Ativo E Receptivo,957,976.07
Americana,,Cuidador Em Saúde,888,508.38
Araçariguama,,Alimentador De Linha De Produção,887,2191.15
Americana,,"Recepcionista, Em Geral",879,1683.94
Americana,,Atendente De Lojas E Mercados,873,1721.51
Americana,,Supervisor Administrativo,863,4381.86
Itapetininga,,Operador De Caixa,859,1679.86
Araçatuba,,Porteiro De Edifícios,850,2063.43
Pindamonhangaba,,Auxiliar De Escritório,846,1860.06
Ibiúna,,Vendedor De Comércio Varejista,830,1677.08
Pindamonhangaba,,Operador De Laminador,830,5262.87
Americana,,Borracheiro,816,4104.42
Boituva,,Motorista De Caminhão (Rotas Regionais E Internacionais),794,2920.73
Itapetininga,,Trabalhador Agropecuário Em Geral,777,1637.89
Americana,,Técnico De Enfermagem,774,2929.01
Araçatuba,,"Recepcionista, Em Geral",774,1611.41
Americana,,Porteiro De Edifícios,766,1974.49
Americana,,Almoxarife,750,2218.53
Americana,,Cozinheiro Geral,748,1978.2
Itapetininga,,Assistente Administrativo,743,2273.9
Araçatuba,,Repositor De Mercadorias,732,1605.04
Itupeva,,Auxiliar De Escritório,729,1707.1
Americana,,Auxiliar Nos Serviços De Alimentação,725,1577.34
Itapeva,,Trabalhador Agropecuário Em Geral,723,1392.07
Araçatuba,,Auxiliar De Enfermagem,721,2070.92
Itapeva,,Auxiliar De Escritório,717,1787.43
Itu,,Almoxarife,712,2477.87
Itupeva,,Assistente Administrativo,710,2585.24
Americana,,Costureiro Na Confecção Em Série,698,1579.93
Pindamonhangaba,,Operador De Caixa,695,1649.95
Boituva,,Vendedor De Comércio Varejista,693,2577.83
Araçatuba,,Técnico De Enfermagem,692,2387.66
Araçatuba,,Atendente De Lojas E Mercados,682,1594.15
Americana,,Servente De Obras,681,1827.9
Pindamonhangaba,,Faxineiro,679,1342.56
Americana,,Tecelão (Tear Automático),674,2645.08
Americana,,Conferente De Carga E Descarga,671,1937.75
Boituva,,Faxineiro,663,1264.22
Itu,,Atendente De Lojas E Mercados,658,1620.54
Itu,,Operador De Linha De Montagem (Aparelhos Eletrônicos),652,2146.05
Itapetininga,,Faxineiro,640,1337.2
Araçatuba,,Servente De Obras,623,1343.26
Itapetininga,,Cozinheiro Geral,622,1409.82
Pindamonhangaba,,Professor De Nível Médio No Ensino Fundamental,620,4155.6
Piedade,,Trabalhador Agropecuário Em Geral,607,1379.05
Itu,,Repositor De Mercadorias,605,1694.82
Ibiúna,,Trabalhador Na Olericultura (Legumes),604,1493.42
Itapetininga,,Operador De Máquina Misturadeira (Tratamentos Químicos E Afins),601,3382.27
Americana,,Confeccionador De Pneumáticos,579,5886.53
Cabreúva,,Armazenista,578,2464.07
Piedade,,Vendedor De Comércio Varejista,573,1949.38
Cerquilho,,Alimentador De Linha De Produção,567,1672.99
Itapetininga,,Atendente De Lojas E Mercados,561,1443.28
Americana,,Repositor De Mercadorias,556,1676.57
Itapetininga,,Tratorista Agrícola,550,2131.36
Pindamonhangaba,,Atendente De Lojas E Mercados,540,1423.36
Itu,,Assistente De Vendas,539,3920.13
Itapetininga,,Frentista,539,1883.84
Pindamonhangaba,,Trabalhador De Serviços De Limpeza E Conservação De Áreas Públicas,522,1745.95
Americana,,Assistente De Vendas,522,2527.71
Itupeva,,Operador De Caixa,519,1598.86
Porto Feliz,,Vendedor De Comércio Varejista,519,2090.27
Itapetininga,,Trabalhador Da Avicultura De Postura,516,1875.14
Ibiúna,,Promotor De Vendas,516,1310.26
Pindamonhangaba,,Motorista De Caminhão (Rotas Regionais E Internacionais),513,2390.22
Cabreúva,,Faxineiro,505,1496.84
Araçatuba,,Atendente De Lanchonete,503,1434.12
Itu,,Porteiro De Edifícios,500,1988.48
Boituva,,Auxiliar De Escritório,500,1842.75
Americana,,Auxiliar De Contabilidade,496,2487.21
Itapeva,,Operador De Caixa,495,1605.91
Itupeva,,Almoxarife,494,2460.34
Americana,,Soldador,486,3186.97
Porto Feliz,,Ajudante De Confecção,480,1301.82
Americana,,"Mecânico De Manutenção De Máquinas, Em Geral",477,4141.31
Americana,,Gerente Administrativo,477,5108.6
Itupeva,,Faxineiro,474,1558.22
Araçatuba,,Auxiliar Nos Serviços De Alimentação,474,1482.45
Americana,,Analista De Suporte Computacional,468,2726.88
Araçatuba,,Açougueiro,466,1858.93
Cerquilho,,Ajudante De Confecção,464,1295.94
Araçoiaba da Serra,,Alimentador De Linha De Produção,462,2279.83
Itupeva,,Operador De Empilhadeira,462,2492.4
Itapetininga,,Técnico De Enfermagem,458,2440.86
Boituva,,Assistente Administrativo,455,2339.84
Araçatuba,,Enfermeiro,454,4199.5
Porto Feliz,,Auxiliar De Escritório,448,1933.32
Itu,,"Operador De Máquinas Fixas, Em Geral",445,3273.97
Americana,,Atendente De Lanchonete,439,1570.23
Araçatuba,,Analista De Desenvolvimento De Sistemas,436,4227.97
Cerquilho,,Laminador De Plástico,434,2385.83
Ibiúna,,Motorista De Caminhão (Rotas Regionais E Internacionais),434,2121.83
Ibiúna,,Auxiliar De Escritório,433,1747
Cerquilho,,Vendedor De Comércio Varejista,433,1722.97
Araçariguama,,Carregador (Armazém),431,1603.59
Itu,,Cozinheiro Geral,430,1788.34
Cerquilho,,Auxiliar De Escritório,429,1938.39
Pindamonhangaba,,Servente De Obras,426,1964.25
Americana,,Expedidor De Mercadorias,424,1993.05
Itapetininga,,"Costureiro, A  Máquina  Na Confecção Em Série",422,1277.09
Araçatuba,,Gerente Administrativo,421,4285.34
Itu,,"Recepcionista, Em Geral",421,1645.23
Pindamonhangaba,,Professor De Nível Médio Na Educação Infantil,417,3397.19
Pindamonhangaba,,"Recepcionista, Em Geral",417,1583.95
Americana,,Operador Polivalente Da Indústria Têxtil,416,1883.95
Itapetininga,,Repositor De Mercadorias,416,1562.21
Itapeva,,Trabalhador Volante Da Agricultura,412,1461.34
Itapetininga,,"Operador De Máquinas Fixas, Em Geral",412,2574.79
Itu,,Montador De Equipamentos Eletrônicos,410,1801.58
Cerquilho,,Motorista De Caminhão (Rotas Regionais E Internacionais),409,2457.37
Itu,,Auxiliar Nos Serviços De Alimentação,405,1512.3
Itu,,Operador De Empilhadeira,403,2602.04
Dourado,,Alimentador De Linha De Produção,401,2188.65
Pindamonhangaba,,Técnico De Enfermagem,396,2333.03
Americana,,Açougueiro,396,2301.2
Itupeva,,"Operador De Máquinas Fixas, Em Geral",395,2853.23
Itupeva,,"Mecânico De Manutenção De Máquinas, Em Geral",393,4824.3
Itu,,Atendente De Lanchonete,391,1539.14
Araçatuba,,Pedreiro,390,1751.19
Araçatuba,,Almoxarife,390,2003.38
Boituva,,Operador De Caixa,388,1813.95
Americana,,Frentista,382,2181.37
Araçatuba,,Cozinheiro Geral,380,1612.35
Itu,,Ajudante De Motorista,380,1566.82
Araçatuba,,"Mecânico De Manutenção De Automóveis, Motocicletas E Veículos Similares",377,2378.77
Itapeva,,Assistente Administrativo,377,1985.7
Itapeva,,Alimentador De Linha De Produção,377,1509.57
Itapetininga,,Servente De Obras,376,1569.02
Pindamonhangaba,,Porteiro De Edifícios,375,1719.99
Porto Feliz,,Assistente Administrativo,373,2778.89
Pindamonhangaba,,"Mecânico De Manutenção De Máquinas, Em Geral",372,3699.89
Ibiúna,,Repositor De Mercadorias,371,1518.36
Itu,,Trabalhador De Serviços De Limpeza E Conservação De Áreas Públicas,368,1863.95
Cabreúva,,Auxiliar De Escritório,365,2161.46
Americana,,Professor De Nível Médio Na Educação Infantil,362,5315.58
Piedade,,Motorista De Caminhão (Rotas Regionais E Internacionais),360,2226.65
Americana,,Administrador,360,3688.22
Itupeva,,Inspetor De Qualidade,358,3542.09
Araçatuba,,Auxiliar De Contabilidade,358,2210.15
Itu,,Trabalhador Agropecuário Em Geral,357,1692.41
Itapeva,,Serrador De Madeira,356,1470.39
Itu,,Supervisor Administrativo,355,4584.18
Ibiúna,,Operador De Caixa,354,1723.68
Itupeva,,Operador De Máquinas-Ferramenta Convencionais,354,3179.31
Americana,,Ajudante De Motorista,352,1664.87
Itapetininga,,"Mecânico De Manutenção De Máquinas, Em Geral",352,2921.26
Araçariguama,,Faxineiro,350,1263.35
Araçatuba,,Ajudante De Motorista,345,1706.89
Pindamonhangaba,,Inspetor De Qualidade,342,5192.62
Americana,,"Mecânico De Manutenção De Automóveis, Motocicletas E Veículos Similares",339,2483.57
Americana,,"Embalador, A Mão",338,1435.04
Americana,,Contador,337,4905.38
Itapeva,,Atendente De Lojas E Mercados,336,1461.96
Itapeva,,Faxineiro,336,1324.87
Itu,,Servente De Obras,336,1706.24
Itu,,Vigia,334,2312.32
Pindamonhangaba,,Auxiliar Nos Serviços De Alimentação,334,1371.5
Pindamonhangaba,,Soldador,331,3541.81
Itu,,Operador De Máquina De Dobrar Chapas,328,2870.77
Itapetininga,,"Recepcionista, Em Geral",328,1476.19
Itapetininga,,Açougueiro,326,1794.68
Itu,,Inspetor De Qualidade,324,3619.78
Pindamonhangaba,,Trabalhador Agropecuário Em Geral,324,1507.23
Americana,,Auxiliar De Enfermagem,322,2711.68
Americana,,Atendente De Farmácia - Balconista,319,2396.11
Porto Feliz,,Faxineiro,316,1536.45
Araçatuba,,Vigia,315,1955.67
Itu,,Motorista De Ônibus Rodoviário,314,2859.04
Araçatuba,,Supervisor Administrativo,314,3564.72
Americana,,Ajudante De Confecção,313,1510.28
Itupeva,,Atendente De Lojas E Mercados,313,1674.11
Americana,,Pedreiro,313,2075.54
Pindamonhangaba,,Operador De Acabamento De Peças Fundidas,312,4726.43
Americana,,Eletricista De Manutenção Eletroeletrônica,310,5410.68
Itu,,Auxiliar De Contabilidade,309,2863.82
Cabreúva,,Operador De Empilhadeira,308,2996.01
Pindamonhangaba,,Frentista,307,2075.15
Itapetininga,,Atendente De Lanchonete,305,1498.14
Americana,,Desenvolvedor De Sistemas De Tecnologia Da Informação (Técnico),305,5906.2
Boituva,,Soldador,304,3232.44
Americana,,Motorista De Furgão Ou Veículo Similar,304,2446.86
Araçariguama,,Auxiliar De Escritório,303,1818.58
Araçatuba,,"Embalador, A Mão",302,1208.42
Ibiúna,,Trabalhador Na Produção De Mudas E Sementes,301,1281.49
Americana,,Trabalhador Da Manutenção De Edificações,300,1902.35
Pindamonhangaba,,Repositor De Mercadorias,300,1629.14
Porto Feliz,,Motorista De Caminhão (Rotas Regionais E Internacionais),300,2293.16
Americana,,Revisor De Tecidos Acabados,296,1778.83
Americana,,Professor De Ensino Superior Na Área De Prática De Ensino,296,3041.31
Cerquilho,,Costureiro Na Confecção Em Série,296,1509.11
Americana,,Vendedor Em Comércio Atacadista,294,3566.32
Pindamonhangaba,,Pedreiro,290,2101.1
Pindamonhangaba,,Auxiliar De Enfermagem,289,2194.06
Araçatuba,,Promotor De Vendas Especializado,289,1801.78
Americana,,Promotor De Vendas,288,1276.16
Pindamonhangaba,,Almoxarife,288,2829.28
Araçatuba,,Frentista,287,1918.7
Cerquilho,,"Embalador, A Mão",287,1344.17
Itu,,Gerente Administrativo,286,5363.11
Itu,,Soldador,286,3271.67
Araçatuba,,Recepcionista De Consultório Médico Ou Dentário,285,1478.79
Itu,,Açougueiro,285,2141.39
Araçatuba,,Soldador,284,2697.71
Americana,,Analista De Desenvolvimento De Sistemas,283,6478.06
Americana,,Enfermeiro,280,4802.49
Cabreúva,,Motorista De Caminhão (Rotas Regionais E Internacionais),280,2422.93
Americana,,Gerente De Loja E Supermercado,278,4071.91
Araçatuba,,Armazenista,278,1768.55
Araçariguama,,Socorrista (Exceto Médicos E Enfermeiros),278,992.74
Itu,,Contador,278,5862.22
Itu,,"Operador De Produção (Química, Petroquímica E Afins)",277,2777.02
Itapetininga,,Pedreiro,276,1843.77
Americana,,Motofretista,275,2044.39
Cabreúva,,"Operador De Máquinas Fixas, Em Geral",275,2754.76
Americana,,Gerente Comercial,275,5315.96
Araçatuba,,Escriturário De Banco,274,8789.29
Itu,,Moldador De Plástico Por Injeção,273,2700.7
Itupeva,,Montador De Equipamentos Eletrônicos,272,1862.2
Americana,,Escriturário De Banco,272,8557.26
Americana,,"Costureiro, A  Máquina  Na Confecção Em Série",272,1605.74
Cabreúva,,Assistente Administrativo,271,2652.23
Itu,,Administrador,271,4688.87
Itu,,Frentista,271,2081.23
Porto Feliz,,Trabalhador Agropecuário Em Geral,270,1616.63
Piedade,,Auxiliar De Escritório,270,1718.62
Itapetininga,,Gerente Administrativo,269,4562.68
Cabreúva,,"Mecânico De Manutenção De Máquinas, Em Geral",267,6195.78
Americana,,Marceneiro,265,2495.76
Boituva,,Almoxarife,265,2314.47
Araçatuba,,Trabalhador De Serviços De Limpeza E Conservação De Áreas Públicas,263,1627.7
Cabreúva,,Almoxarife,263,2617.75
Itu,,Marceneiro,262,2090.08
Porto Feliz,,Almoxarife,261,2147.5
Araçatuba,,Auxiliar Geral De Conservação De Vias Permanentes (Exceto Trilhos),261,1653.46
Itu,,Ceramista,261,1812.73
Americana,,Armazenista,261,2422.82
Itapeva,,"Recepcionista, Em Geral",260,1466.62
Americana,,Operador De Abertura (Fiação),260,1843.8
Porto Feliz,,Operador De Máquinas Operatrizes,259,2680.55
Americana,,Serralheiro,259,2502.41
Itapeva,,Técnico De Enfermagem,259,2494.89
Americana,,Carregador (Veículos De Transportes Terrestres),258,1857.3
Boituva,,Inspetor De Qualidade,255,2435.52
Araçatuba,,Vendedor Em Comércio Atacadista,254,2801.95
Cerquilho,,Faxineiro,254,1264.34
Macatuba,,Motorista De Caminhão (Rotas Regionais E Internacionais),253,3174.61
Araçatuba,,Assistente De Vendas,252,2029.15
Cabreúva,,Vendedor De Comércio Varejista,250,2322.11
Ibiúna,,"Trabalhador Na Olericultura (Talos, Folhas E Flores)",249,1310.68
Piedade,,Alimentador De Linha De Produção,248,2004.21
Itapeva,,Servente De Obras,248,1512.19
Porto Feliz,,Operador De Caixa,247,1899.58
Cerquilho,,Trabalhador Da Cultura De Cana-De-Açúcar,247,1739.36
Araçariguama,,Assistente Administrativo,246,2809.15
Piedade,,Operador De Linha De Montagem (Aparelhos Eletrônicos),245,2317.41
Itupeva,,Operador De Máquinas Operatrizes,243,2848.4
Itu,,"Mecânico De Manutenção De Máquinas, Em Geral",242,3824.86
Americana,,Analista De Recursos Humanos,241,3821.31
Americana,,Auxiliar De Desenvolvimento Infantil,241,2454.96
Americana,,Apontador De Produção,240,3115.76
Americana,,Lavador De Veículos,239,1496.3
Boituva,,"Operador De Máquinas Fixas, Em Geral",238,2318.97
Cabreúva,,Professor Da  Educação De Jovens E Adultos Do Ensino Fundamental (Primeira A Quarta Série),238,4974.88
Americana,,Moldador De Plástico Por Injeção,238,2678.16
Cerquilho,,Assistente Administrativo,238,2194.46
Cabreúva,,Oleiro (Fabricação De Tijolos),237,1528.42
Americana,,Professor De Nível Superior Do Ensino Fundamental (Primeira A Quarta Série),236,5336.31
Araçatuba,,"Operador De Máquinas De Fabricação De Doces, Salgados E Massas Alimentícias",236,3126.33
Itupeva,,Operador De Inspeção De Qualidade,236,2451.36
Itapetininga,,Trabalhador No Cultivo De Árvores Frutíferas,236,1693.16
Pindamonhangaba,,Supervisor Administrativo,235,4394.03
Itapeva,,Pedreiro,234,1905.22
Araçatuba,,Operador De Empilhadeira,234,2438.5
Americana,,Recepcionista De Consultório Médico Ou Dentário,234,1677.79
Itupeva,,Auxiliar Nos Serviços De Alimentação,232,1589.17
Itu,,Operador De Linha De Montagem (Aparelhos Elétricos),232,2664.37
Ibiúna,,Faxineiro,232,1484.22
Araçariguama,,Motorista De Caminhão (Rotas Regionais E Internacionais),232,2790.77
Itapetininga,,Auxiliar Nos Serviços De Alimentação,232,1373.77
Pindamonhangaba,,Cozinheiro Geral,231,1548.46
Americana,,Vigia,229,2096.66
Americana,,Guarda-Civil Municipal,228,8794.55
Itupeva,,"Montador De Máquinas, Motores E Acessórios (Montagem Em Série)",227,3990.05
Itupeva,,Auxiliar De Logistica,226,1998.84
Cerquilho,,Operador De Caixa,224,1732.62
Itu,,"Mecânico De Manutenção De Automóveis, Motocicletas E Veículos Similares",224,2562.56
Americana,,Gerente De Vendas,223,7115.89
Boituva,,Promotor De Vendas,223,1664.9
Americana,,Operador De Empilhadeira,222,2583.98
Boituva,,Porteiro De Edifícios,222,1991.86
Itupeva,,Ajudante De Motorista,220,1638.65
Itu,,Trabalhador Da Manutenção De Edificações,220,1982.96
Cerquilho,,Tecelão De Meias (Máquina Circular),219,1560.23
Americana,,Professor Da  Educação De Jovens E Adultos Do Ensino Fundamental (Primeira A Quarta Série),218,6280.69
Araçatuba,,Auxiliar De Pessoal,218,1670.45
Araçoiaba da Serra,,Trabalhador Agropecuário Em Geral,217,1454.85
Itu,,Técnico De Garantia Da Qualidade,217,4697.74
Araçatuba,,Vigilante,217,2447.43
Itu,,Técnico De Planejamento De Produção,216,5218.93
Itu,,"Trefilador De Metais, À Máquina",216,3837.72
Itu,,Pedreiro,215,2302.8
Cabreúva,,"Montador De Máquinas, Motores E Acessórios (Montagem Em Série)",215,2358.29
Araçatuba,,Gerente Comercial,215,4496.18
Itapeva,,"Trabalhador De Extração Florestal, Em Geral",214,1393.89
Americana,,Supervisor De Vendas Comercial,213,3973.35
Itu,,Garçom,213,1795.74
Itupeva,,Supervisor Administrativo,212,5552.5
Piedade,,Trabalhador Volante Da Agricultura,212,1388.25
Americana,,Garçom,212,1749.72
Porto Feliz,,Trabalhador Da Avicultura De Postura,211,1680.77
Boituva,,Atendente De Lojas E Mercados,210,1520.03
Itu,,Moldador De Borracha Por Compressão,210,2473.02
Itapetininga,,Almoxarife,209,1973.11
Pindamonhangaba,,Técnico De Manutenção Elétrica,209,8165.8
Ibiúna,,Trabalhador No Cultivo De Flores E Folhagens De Corte,209,1427.48
Ibiúna,,Vigia,208,2214.74
Itu,,Motorista De Furgão Ou Veículo Similar,207,2217.58
Araçatuba,,Atendente De Farmácia - Balconista,207,1861.28
Americana,,Motorista De Carro De Passeio,206,2400.01
Itapetininga,,Operador De Empilhadeira,206,2135.88
Cerquilho,,Operador De Máquina De Costura De Acabamento,205,1453.64
Itapetininga,,Ajudante De Confecção,205,1137.11
Itapetininga,,Vigia,204,1820.24
Itapetininga,,Supervisor Administrativo,203,4459.99
Americana,,"Operador De Máquinas Fixas, Em Geral",201,2441.6
Itu,,Motofretista,200,1960.09
Piedade,,Operador De Caixa,200,1787.68
Americana,,Mecânico De Manutenção De Máquinas Têxteis,198,3941.8
Araçatuba,,Motorista De Furgão Ou Veículo Similar,198,2178.42
Boituva,,Preparador De Estruturas Metálicas,198,2255.29
Boituva,,"Mecânico De Manutenção De Máquinas, Em Geral",197,3632.89
Araçatuba,,Trabalhador Agropecuário Em Geral,197,1834.91
Ibiúna,,Assistente Administrativo,197,2283.04
Porto Feliz,,Atendente De Lojas E Mercados,197,1624.69
Araçatuba,,Agente Comunitário De Saúde,197,1930.35
Itupeva,,Atendente De Lanchonete,196,1482.47
Itapetininga,,Ajudante De Motorista,196,1546.26
Pindamonhangaba,,Operador De Máquinas-Ferramenta Convencionais,196,4587.75
Itapetininga,,Inspetor De Qualidade,196,2200.87
Araçatuba,,Tratorista Agrícola,195,2401.68
Araçatuba,,Farmacêutico,195,3762.15
Cabreúva,,Inspetor De Qualidade,193,3760.43
Itu,,Motorista De Ônibus Urbano,192,2726.42
Itapeva,,Auxiliar Nos Serviços De Alimentação,192,1333.76
Araçatuba,,Promotor De Vendas,192,1894.64
Boituva,,Operador De Máquina De Envasar Líquidos,191,3065.14
Pindamonhangaba,,Enfermeiro,190,4815.38
Pindamonhangaba,,Eletricista De Manutenção Eletroeletrônica,190,4887.71
Araçatuba,,Supervisor De Vendas Comercial,190,4049.58
Americana,,Técnico Em Segurança Do Trabalho,189,4297.97
Itu,,Gerente De Loja E Supermercado,189,4041.69
Itapetininga,,Trabalhador De Serviços De Limpeza E Conservação De Áreas Públicas,189,1366.56
Itapeva,,Tratorista Agrícola,189,2315.85
Boituva,,Ajudante De Motorista,188,1772.31
Itapeva,,Operador De Motosserra,187,1386.16
Pindamonhangaba,,"Operador De Máquinas Fixas, Em Geral",187,2035.84
Araçatuba,,Motorista De Carro De Passeio,184,2132.13
Boituva,,Repositor De Mercadorias,184,1553
Itapetininga,,Porteiro De Edifícios,184,1620.64
Cabreúva,,Soldador Elétrico,183,2919.04
Americana,,Comprador,183,3574.94
Macatuba,,Tratorista Agrícola,183,3156.61
Ibiúna,,"Operador De Máquinas De Fabricação De Doces, Salgados E Massas Alimentícias",183,3298.44
Araçariguama,,"Recepcionista, Em Geral",183,1682.16
Cabreúva,,Operador De Caixa,182,1797.21
Araçariguama,,Operador De Empilhadeira,181,2495.42
Pindamonhangaba,,Operador De Torno Com Comando Numérico,181,6986.85
Americana,,Operador De Máquinas-Ferramenta Convencionais,181,2873.77
Itapetininga,,Trabalhador Volante Da Agricultura,180,1598.97
Itu,,Atendente De Farmácia - Balconista,180,1926.82
Americana,,Estampador De Tecido,180,2142.12
Pindamonhangaba,,Atendente De Lanchonete,180,1353.67
Araçatuba,,"Mecânico De Manutenção De Máquinas, Em Geral",179,3537.73
Porto Feliz,,Trabalhador No Cultivo De Árvores Frutíferas,178,1266.52
Pindamonhangaba,,Operador De Empilhadeira,178,3153.29
Itu,,Operador De Máquinas Operatrizes,177,2963.36
Itapetininga,,Motorista De Furgão Ou Veículo Similar,177,1967.9
Itu,,Auxiliar Geral De Conservação De Vias Permanentes (Exceto Trilhos),176,1275.04
Pindamonhangaba,,Vigilante,176,2666.16
Araçatuba,,Motofretista,174,1847.66
Americana,,Inspetor De Qualidade,174,3369.63
Americana,,Eletricista De Instalações,174,2449.77
Cabreúva,,Mãe Social,173,1375.42
Itu,,Gerente De Vendas,173,9889.89
Itapetininga,,Operador De Trator Florestal,172,2003.31
Pindamonhangaba,,Operador De Aciaria (Recebimento De Gusa),172,4697.94
Americana,,Técnico De Planejamento De Produção,172,4239.56
Porto Feliz,,"Costureiro, A  Máquina  Na Confecção Em Série",172,1616.76
Americana,,Gerente De Contas - Pessoa Física E Jurídica,171,7109.66
Cerquilho,,Almoxarife,170,2090.8
Americana,,Motorista De Ônibus Rodoviário,170,2906.32
Itu,,Operador De Torno Com Comando Numérico,170,3431.39
Itupeva,,Assistente De Vendas,170,2586.05
Piedade,,Atendente De Lojas E Mercados,170,1572.72
Araçatuba,,Administrador,170,4623.15
Porto Feliz,,Porteiro De Edifícios,169,1839.63
Americana,,Auxiliar De Logistica,168,1838.21
Americana,,Cortador De Roupas,167,1969.13
Ibiúna,,Atendente De Lojas E Mercados,167,1627.17
Boituva,,Atendente De Lanchonete,167,1485.99
Araçatuba,,Mecânico De Veículos Automotores A Diesel (Exceto Tratores),166,2915.27
Americana,,Montador De Estruturas Metálicas,166,2506.19
Itu,,Gerente Comercial,166,8186.67
Itapetininga,,Atendente De Farmácia - Balconista,166,1824.42
Itu,,Eletricista De Manutenção Eletroeletrônica,165,3899.74
Araçoiaba da Serra,,Faxineiro,165,1561.37
Pindamonhangaba,,Agente Comunitário De Saúde,164,2309.46
Itupeva,,Técnico De Planejamento De Produção,164,5268.45
Americana,,Montador De Instrumentos De Precisão,164,2504.26
Araçatuba,,Zelador De Edifício,164,2309.57
Araçoiaba da Serra,,Vendedor De Comércio Varejista,163,1965.83
Pindamonhangaba,,Técnico Mecânico,163,6728.39
Pindamonhangaba,,Gerente Administrativo,163,4463.41
Itu,,Costureiro Na Confecção Em Série,163,1531.82
Itupeva,,Técnico De Enfermagem,163,2116.04
Itu,,Trabalhador Da Suinocultura,162,1831.44
Cerquilho,,Tratorista Agrícola,162,2481.68
Ibiúna,,"Embalador, A Mão",162,1334.01
Itapetininga,,Auxiliar Geral De Conservação De Vias Permanentes (Exceto Trilhos),161,1557.77
Itupeva,,Apontador De Produção,161,3116.72
Americana,,Gerente De Produção E Operações,161,10057.69
Itu,,Técnico De Enfermagem,161,2368.41
Itu,,Comprador,160,4474.93
Pindamonhangaba,,Açougueiro,160,2011.5
Americana,,Farmacêutico,159,4403.92
Itu,,Armazenista,159,1796.53
Itapeva,,Repositor De Mercadorias,159,1369.66
Cabreúva,,Operador Polivalente Da Indústria Têxtil,159,1904.32
Itapeva,,Auxiliar De Enfermagem,158,1771.09
Pindamonhangaba,,Caldeireiro (Chapas De Ferro E Aço),158,3860.56
Itu,,"Embalador, A Mão",158,1656.67
Piedade,,Trabalhador Na Olericultura (Legumes),158,1632.33
Pindamonhangaba,,Técnico Em Manutenção De Máquinas,157,7554.85
Boituva,,Operador De Empilhadeira,157,2479.21
Itapetininga,,Montador De Móveis E Artefatos De Madeira,157,1598.12
Itapeva,,Gerente Administrativo,156,3920.37
Itu,,Vendedor Em Comércio Atacadista,155,2614.01
Araçatuba,,Operador De Máquinas-Ferramenta Convencionais,154,2963.38
Itupeva,,Técnico De Garantia Da Qualidade,154,4764.28
Piedade,,Faxineiro,154,1428.04
Pindamonhangaba,,Motorista De Carro De Passeio,153,3458.42
Macatuba,,Trabalhador Da Cultura De Cana-De-Açúcar,152,1826.05
Pindamonhangaba,,Ajudante De Motorista,152,1639.69
Itupeva,,Cozinheiro Geral,152,1905.66
Itupeva,,Jardineiro,152,1613.18
Americana,,Operador De Urdideira,151,2333.46
Itupeva,,Moldador De Plástico Por Injeção,151,2357.05
Itupeva,,Carregador (Armazém),151,1571.17
Itupeva,,Gerente De Loja E Supermercado,151,4957.49
Itu,,Supervisor De Vendas Comercial,151,5649.74
Pindamonhangaba,,Carregador (Veículos De Transportes Terrestres),150,4023.69
Cerquilho,,Instalador-Reparador De Equipamentos De Comutação Em Telefonia,150,2643.02
Americana,,Auxiliar De Lavanderia,150,1356.1
Americana,,Pintor De Estruturas Metálicas,149,2829.89
Americana,,"Eletricista De Manutenção De Linhas Elétricas, Telefônicas E De Comunicação De Dados",149,3671.31
Americana,,Auxiliar De Farmácia De Manipulação,149,1810.17
Boituva,,"Montador De Máquinas, Motores E Acessórios (Montagem Em Série)",148,2353.37
Piedade,,Trabalhador No Cultivo De Flores Em Vaso,148,2255.5
Cabreúva,,Assistente De Vendas,147,2816.78
Itapeva,,Cozinheiro Geral,147,1398.94
Boituva,,Montador De Equipamentos Eletrônicos,147,2416.4
Araçatuba,,Contínuo,147,1526.45
Itu,,Gerente De Produção E Operações,147,11295.68
Itu,,Conferente De Carga E Descarga,147,2329.09
Itu,,Analista De Desenvolvimento De Sistemas,147,5682.32
Itu,,Auxiliar De Logistica,147,1933.03
Araçariguama,,Montador De Estruturas Metálicas,146,1948.19
Itu,,Analista De Recursos Humanos,146,4048.52
Itapetininga,,"Embalador, A Mão",146,1322.81
Itapetininga,,Operador De Filatório,146,2038.02
Itapetininga,,"Mecânico De Manutenção De Automóveis, Motocicletas E Veículos Similares",146,2133.28
Cabreúva,,Trabalhador Da Avicultura De Corte,145,2013.35
Boituva,,Administrador,145,4804.54
Itupeva,,Gerente De Produção E Operações,145,11986.68
Itapetininga,,Gerente De Loja E Supermercado,145,3512.65
Itu,,Tecnólogo Em Logística De Transporte,145,4080.37
Araçatuba,,Marceneiro,145,2011.35
Araçatuba,,Garçom,145,1800.27
Americana,,Auxiliar De Faturamento,145,2860.82
Americana,,Estoquista,144,1949.79
Itupeva,,Mecânico De Manutenção De Aparelhos De Levantamento,144,5082.72
Itapetininga,,Desossador,144,1616.22
Araçoiaba da Serra,,Cuidador Em Saúde,144,1297.2
Ibiúna,,Ajudante De Motorista,143,1612.94
Dourado,,Recreador,143,1533.48
Macatuba,,Trabalhador Do Acabamento De Artefatos De Tecidos E Couros,142,1766.61
Itapetininga,,Comerciante Varejista,142,1786.06
Americana,,Zelador De Edifício,142,2396.56
Araçatuba,,Trabalhador Da Pecuária (Bovinos Corte),142,1746.32
Araçoiaba da Serra,,Assistente Administrativo,142,2376.7
Itu,,Montador De Estruturas Metálicas,142,2769.82
Boituva,,Analista De Pesquisa De Mercado,142,4580.31
Boituva,,Auxiliar Nos Serviços De Alimentação,141,1519.97
Itapeva,,Açougueiro,141,1622.11
Pindamonhangaba,,Vigia,141,1796.54
Itu,,Apontador De Produção,140,3811.51
Cabreúva,,"Operador De Extrusora (Química, Petroquímica E Afins)",140,3548.21
Americana,,Contramestre De Tecelagem (Indústria Têxtil),140,4447.77
Araçatuba,,Gerente De Loja E Supermercado,139,4328.93
Itapetininga,,Enfermeiro,139,4334.92
Araçatuba,,Gerente De Vendas,139,7134.72
Itapeva,,Frentista,139,1842.77
Americana,,Montador De Móveis E Artefatos De Madeira,138,2883.03
Americana,,Varredor De Rua,138,1961.24
Pindamonhangaba,,Técnico De Planejamento De Produção,138,5457.08
Araçatuba,,Contador,137,5257.16
Itupeva,,Repositor De Mercadorias,137,1678.31
Porto Feliz,,Tratorista Agrícola,137,2147.07
Americana,,Técnico De Suporte Ao Usuário De Tecnologia Da Informação,137,2155.79
Americana,,Mestre (Construção Civil),137,3725.04
Americana,,Operador De Centro De Usinagem Com Comando Numérico,136,3304.39
Araçoiaba da Serra,,Operador De Caixa,136,1728.37
Cabreúva,,Motorista De Furgão Ou Veículo Similar,136,3500.6
Pindamonhangaba,,Técnico De Garantia Da Qualidade,136,5759.08
Boituva,,"Recepcionista, Em Geral",136,1457.88
Araçatuba,,Analista De Suporte Computacional,136,3089.28
Itapeva,,Almoxarife,135,1832.2
Ibiúna,,Masseiro (Massas Alimentícias),134,2073.6
Pindamonhangaba,,Atendente De Farmácia - Balconista,134,1883.18
Boituva,,Tecnólogo Em Logística De Transporte,134,4214.57
Araçatuba,,Sócioeducador,134,5226.03
Porto Feliz,,Operador De Empilhadeira,134,3072.22
Itu,,Encarregado De Acabamento De Chapas E Metais  (Têmpera),134,4967.74
Itapeva,,Atendente De Lanchonete,133,1375.86
Itupeva,,Contador,133,6870.08
Itapeva,,Enfermeiro,133,5649.5
Araçatuba,,Auxiliar De Desenvolvimento Infantil,133,1353.25
Itu,,Montador De Máquinas,133,3467.79
Americana,,Técnico De Garantia Da Qualidade,133,4919.29
Americana,,Analista De Pesquisa De Mercado,133,3839.66
Boituva,,Vigia,132,1728.86
Araçoiaba da Serra,,Auxiliar De Escritório,131,1862.54
Porto Feliz,,Auxiliar Nos Serviços De Alimentação,131,1699.26
Itapetininga,,Soldador,131,2437.29
Americana,,Operador De Filatório,130,1791.76
Itu,,Monitor De Transporte Escolar,130,1015.5
Cerquilho,,Revisor De Tecidos Acabados,130,2155.51
Cabreúva,,Conferente De Carga E Descarga,130,2631.15
Araçatuba,,Trabalhador Da Manutenção De Edificações,130,1956.74
Araçariguama,,Vendedor De Comércio Varejista,130,2287.01
Pindamonhangaba,,Operador De Ponte Rolante,129,4668.85
Itapetininga,,Motorista De Ônibus Rodoviário,129,2585.23
Araçariguama,,"Mecânico De Manutenção De Máquinas, Em Geral",128,3719.67
Itapetininga,,Eletricista De Manutenção Eletroeletrônica,128,4812.87
Ibiúna,,Frentista,127,1968.35
Pindamonhangaba,,Técnico Em Segurança Do Trabalho,127,4522.14
Pindamonhangaba,,Eletricista De Instalações,127,2601.8
Itupeva,,Frentista,127,2133.16
Itu,,Motorista De Carro De Passeio,127,2111.19
Pindamonhangaba,,Controlador De Entrada E Saída,127,2104.68
Piedade,,"Mecânico De Manutenção De Máquinas, Em Geral",127,1263.33
Pindamonhangaba,,Motorista De Furgão Ou Veículo Similar,126,2010.72
Araçatuba,,Gerente De Produção E Operações,126,5206.98
Cabreúva,,Carregador (Armazém),126,1721.14
Araçariguama,,Auxiliar De Logistica,126,1875.87
Cerquilho,,Repositor De Mercadorias,126,1615.61
Porto Feliz,,Vigia,126,2250.82
Porto Feliz,,Montador De Máquinas,125,4610.7
Porto Feliz,,"Operador De Máquinas Fixas, Em Geral",125,2413.27
Itapetininga,,Escriturário De Banco,125,7660.2
Itu,,Oleiro (Fabricação De Tijolos),124,1873.21
Itu,,Analista De Suporte Computacional,124,3993.33
Ibiúna,,Trabalhador Da Manutenção De Edificações,124,1799.27
Araçatuba,,Conferente De Carga E Descarga,122,2100.09
Araçatuba,,Auxiliar De Manutenção Predial,122,1805.43
Araçatuba,,Estoquista,122,1775.03
Itu,,Operador De Usinagem Convencional Por Abrasão,122,5693.15
Araçatuba,,Eletricista De Instalações,122,2283.54
Araçariguama,,Técnico Em Manutenção De Máquinas,121,6942.28
Itu,,Auxiliar De Manutenção Predial,121,1902.85
Cabreúva,,Vigia,121,2444.59
Ibiúna,,Porteiro De Edifícios,121,1926.59
Cerquilho,,Trabalhador Volante Da Agricultura,120,1411.24
Cabreúva,,Professor De Nível Médio Na Educação Infantil,120,4146.58
Itu,,Jardineiro,120,1697.57
Itu,,Farmacêutico,120,4049.1
Itu,,Recepcionista De Consultório Médico Ou Dentário,120,1469.3
Pindamonhangaba,,Montador De Estruturas Metálicas,120,1695.74
Itupeva,,Porteiro De Edifícios,119,2136.39
Americana,,Cuidador De Idosos,119,1694.31
Araçatuba,,Professor De Nível Médio No Ensino Fundamental,119,3081.31
Itupeva,,"Recepcionista, Em Geral",118,1699.63
Araçatuba,,Desenvolvedor De Sistemas De Tecnologia Da Informação (Técnico),118,3509.03
Dourado,,Trabalhador Agropecuário Em Geral,118,1785.26
Pindamonhangaba,,Auxiliar De Contabilidade,118,2255.9
Itapeva,,"Mecânico De Manutenção De Automóveis, Motocicletas E Veículos Similares",117,1926.76
Americana,,Revisor De Tecidos Crus,117,2002.15
Cerquilho,,"Costureiro, A  Máquina  Na Confecção Em Série",117,1437.19
Ibiúna,,"Recepcionista, Em Geral",116,1498.27
Macatuba,,Operador De Equipamentos De Refinação De Açúcar (Processo Contínuo),116,2442.93
Araçariguama,,Conferente De Carga E Descarga,116,2263.52
Pindamonhangaba,,Técnico De Laboratório Industrial,116,5860.62
Pindamonhangaba,,Padeiro,116,1746.86
Americana,,Ajustador Mecânico,116,3652.96
Cerquilho,,Mecânico De Manutenção De Máquinas Têxteis,116,3056.49
Itupeva,,Motorista De Furgão Ou Veículo Similar,116,2267.52
Itupeva,,Comprador,116,5058.09
Ibiúna,,Trabalhador Agropecuário Em Geral,116,1453.78
Cabreúva,,Cozinheiro Geral,115,1411.44
Itu,,Ferramenteiro,115,5593.29
Cabreúva,,Trabalhador De Serviços De Limpeza E Conservação De Áreas Públicas,115,1654.84
Araçatuba,,Supervisor De Cobrança,115,2247.23
Araçatuba,,"Operador De Máquinas Fixas, Em Geral",115,2230.5
Cerquilho,,"Operador De Máquinas Fixas, Em Geral",114,2755.49
Itu,,Expedidor De Mercadorias,114,2737.72
Itapetininga,,Gerente Comercial,114,3708.78
Macatuba,,Vendedor De Comércio Varejista,114,1572.08
Pindamonhangaba,,Administrador,114,4842.99
Pindamonhangaba,,Fundidor De Metais,114,5751.06
Piedade,,Assistente Administrativo,114,1974
Americana,,Cozinheiro Industrial,113,1874.77
Araçariguama,,Operador De Caixa,113,1813.19
Pindamonhangaba,,Gerente De Loja E Supermercado,113,3744.61
Americana,,Trabalhador De Serviços De Limpeza E Conservação De Áreas Públicas,113,1471.76
Porto Feliz,,Operador De Máquina De Cortar E Dobrar Papelão,113,3141.69
Itapetininga,,Recepcionista De Consultório Médico Ou Dentário,113,1376.85
Ibiúna,,Auxiliar Nos Serviços De Alimentação,113,1530.01
Itupeva,,Gerente Administrativo,113,7483.99
Itu,,Operador De Máquinas-Ferramenta Convencionais,113,3174.89
Boituva,,Açougueiro,112,1968.9
Cerquilho,,"Mecânico De Manutenção De Máquinas, Em Geral",112,2907.22
Itapetininga,,Operador Polivalente Da Indústria Têxtil,112,2009.42
Araçatuba,,Fisioterapeuta Geral,112,3141.53
Ibiúna,,Cozinheiro Geral,112,1704.7
Cabreúva,,Controlador De Entrada E Saída,112,1818.63
Cabreúva,,Supervisor Administrativo,111,4469.81
Americana,,Recreador,111,1657.95
Piedade,,Repositor De Mercadorias,111,1560.51
Americana,,Técnico Eletrônico,111,3417.87
Itapetininga,,Padeiro,111,1780.49
Porto Feliz,,Preparador De Máquinas-Ferramenta,111,3184.8
Americana,,Vigilante,111,2528.19
Americana,,Operador De Retorcedeira,111,1703.8
Itu,,Supervisor De Telemarketing E Atendimento,111,3425.45
Pindamonhangaba,,Professor De Ensino Superior Na Área De Pesquisa Educacional,111,2938.32
Americana,,Prensista (Operador De Prensa),111,3760.46
Itupeva,,Conferente De Carga E Descarga,111,2111.14
Itu,,Camareiro  De Hotel,110,1472.71
Itapeva,,Vigia,110,1856.64
Americana,,Encanador,110,2745.34
Araçatuba,,Padeiro,110,2271.4
Itapeva,,Trabalhador Da Manutenção De Edificações,110,1542.32
Itapetininga,,Administrador,109,4135.73
Araçariguama,,Trabalhador Da Manutenção De Edificações,109,1692.05
Araçatuba,,Auxiliar Em Saúde Bucal,109,1712.09
Itu,,Trabalhador Da Elaboração De Pré-Fabricados (Concreto Armado),109,2927.59
Itapetininga,,Serrador De Madeira,109,1566.47
Americana,,Operador De Torno Com Comando Numérico,109,3414.99
Cerquilho,,Ajudante De Motorista,109,1536.39
Araçoiaba da Serra,,Vigilante,109,2784.58
Araçatuba,,Copeiro,109,1519.14
Americana,,Tecnólogo Em Logística De Transporte,108,2700.36
Itapetininga,,Garçom,108,1427.97
Americana,,Operador De Máquina De Lavar Fios E Tecidos,108,2241.59
Boituva,,Operador De Máquina De Fabricação De Cosméticos,108,2050.26
Itu,,Escriturário De Banco,108,8862.4
Araçatuba,,Mestre (Construção Civil),108,3133.89
Itapeva,,Professor De Ensino Superior Na Área De Didática,108,2326.58
Itapetininga,,Supervisor Da Área Florestal,107,3398.82
Itu,,Vigilante,107,2745.41
Ibiúna,,Operador De Empilhadeira,107,3272.43
Americana,,Técnico De Vendas,107,5956.63
Pindamonhangaba,,Armazenista,107,2456.45
Araçatuba,,Eletricista De Manutenção Eletroeletrônica,107,4574.2
Itupeva,,Analista De Recursos Humanos,106,4283.91
Itupeva,,Tecnólogo Em Logística De Transporte,106,2926.52
Porto Feliz,,Repositor De Mercadorias,106,1609.81
Itu,,Carregador (Armazém),106,1656.01
Itupeva,,Trabalhador De Serviços De Limpeza E Conservação De Áreas Públicas,106,2323.96
Pindamonhangaba,,Trabalhador Da Manutenção De Edificações,106,1777.45
Porto Feliz,,Inspetor De Qualidade,106,3474.89
Cerquilho,,Galvanizador,105,5021.36
Americana,,Pintor De Obras,105,1892.83
Araçatuba,,Coletor De Lixo Domiciliar,105,1769.85
Boituva,,Supervisor De Vendas Comercial,105,5002.96
Dourado,,Operador De Máquinas-Ferramenta Convencionais,105,3144.14
Pindamonhangaba,,Assistente De Vendas,105,2154.72
Boituva,,Cozinheiro Geral,104,1740.19
Itu,,Auxiliar De Pessoal,104,2094.11
Pindamonhangaba,,Professor De Educação Física Do Ensino Fundamental,104,3586.44
Itupeva,,Montador De Estruturas Metálicas,104,2284.61
Americana,,Auxiliar De Pessoal,104,2289.39
Americana,,Gerente De Restaurante,104,3114.43
Pindamonhangaba,,Gerente Comercial,104,7079.96
Itapetininga,,Ceramista,103,1815.37
Ibiúna,,Trabalhador Volante Da Agricultura,103,1573.46
Itu,,Vendedor Em Domicílio,103,3139.59
Pindamonhangaba,,Contador,103,7384.45
Itupeva,,"Operador De Produção (Química, Petroquímica E Afins)",103,5439.49
Americana,,Padeiro,103,2278.88
Americana,,Auxiliar De Manutenção Predial,103,1891.34
Araçariguama,,"Operador De Máquinas Fixas, Em Geral",102,2715.51
Dourado,,Motorista De Caminhão (Rotas Regionais E Internacionais),102,2352.18
Itapetininga,,Assistente De Vendas,102,1784.3
Americana,,Secretária(O) Executiva(O),102,3290.57
Araçatuba,,Secretária(O) Executiva(O),102,1997.68
Dourado,,Auxiliar De Escritório,102,1807.85
Americana,,Analista Financeiro (Instituições Financeiras),102,3723.16
Pindamonhangaba,,"Embalador, A Mão",101,1436.26
Itupeva,,Vendedor Em Comércio Atacadista,101,3932.91
Pindamonhangaba,,Supervisor De Vendas Comercial,101,4254.92
Itu,,Analista De Pesquisa De Mercado,101,3340.31
Americana,,Trabalhador Volante Da Agricultura,101,1735.46
Itapetininga,,Operador De Colhedor Florestal,101,4207.95
Cerquilho,,Expedidor De Mercadorias,101,1666.39
Araçatuba,,Professor De Nível Superior Do Ensino Fundamental (Primeira A Quarta Série),101,2787.62
Pindamonhangaba,,Montador De Máquinas,100,2972.02
Cabreúva,,Soldador,100,3063.76
Americana,,Auxiliar Em Saúde Bucal,100,1967.07
Ibiúna,,Açougueiro,100,2124.02
Pindamonhangaba,,Auxiliar De Desenvolvimento Infantil,100,1431.61
Boituva,,Gerente Administrativo,100,6699.56
Itu,,Controlador De Entrada E Saída,100,1927.79
Americana,,Fiscal De Loja,99,1964.49
Americana,,Jardineiro,99,1932.56
Cabreúva,,Atendente De Lojas E Mercados,99,1678.13
Araçariguama,,Repositor De Mercadorias,99,1501.29
Itu,,Preparador De Sucata E Aparas,99,1797.85
Macatuba,,Alimentador De Linha De Produção,99,1832.85
Itupeva,,Administrador,99,4594.43
Itupeva,,Soldador,98,2638.61
Macatuba,,Costureiro Na Confecção Em Série,98,1413.67
Itapetininga,,Vigilante,98,2784.44
Pindamonhangaba,,Farmacêutico,98,3875.26
Piedade,,Frentista,98,2034.09
Itapeva,,"Mecânico De Manutenção De Máquinas, Em Geral",98,2742.37
Porto Feliz,,"Montador De Máquinas, Motores E Acessórios (Montagem Em Série)",98,2212.58
Charqueada,,Motorista De Caminhão (Rotas Regionais E Internacionais),98,2641.72
Americana,,Auxiliar Geral De Conservação De Vias Permanentes (Exceto Trilhos),98,1433.35
Itapeva,,Ajudante De Motorista,98,1535.45
Araçariguama,,Ajudante De Motorista,97,2171.81
Araçatuba,,Técnico Em Secretariado,97,1777.37
Boituva,,Analista De Recursos Humanos,97,5223.05
Itu,,Colchoeiro (Confecção De Colchões),97,2086.56
Macatuba,,Ajudante De Confecção,97,1262.23
Americana,,Desenhista Industrial Gráfico (Designer Gráfico),97,2933.29
Itapeva,,Atendente De Farmácia - Balconista,96,2114.94
Araçoiaba da Serra,,Motorista De Caminhão (Rotas Regionais E Internacionais),96,2201.67
Itupeva,,Gerente De Vendas,96,11529.73
Boituva,,Apontador De Produção,95,2686.13
Itapeva,,Supervisor Administrativo,95,3880.73
Itupeva,,Operador De Centro De Usinagem Com Comando Numérico,95,6666.4
Americana,,Operador De Máquina De Fundição,95,5170.86
Itu,,Cableador,95,3231.59
Itupeva,,Controlador De Entrada E Saída,95,2414.67
Araçariguama,,Almoxarife,95,2854.52
Boituva,,Economista Do Setor Público,94,5171.9
Itupeva,,Estoquista,94,2011.64
Itapetininga,,"Eletricista De Manutenção De Linhas Elétricas, Telefônicas E De Comunicação De Dados",94,3334.6
Itu,,Técnico Em Segurança Do Trabalho,94,4579.35
Ibiúna,,Técnico De Enfermagem,94,2015.52
Americana,,Instrutor De Aprendizagem E Treinamento Industrial,93,4621.26
Itu,,Tratorista Agrícola,93,1906.7
Itupeva,,Armazenista,93,2233.73
Itapetininga,,Vendedor Em Comércio Atacadista,93,2900.66
Itapeva,,Trabalhador No Cultivo De Árvores Frutíferas,93,1402.37
Itapetininga,,Apontador De Produção,93,3066.22
Pindamonhangaba,,"Mecânico De Manutenção De Automóveis, Motocicletas E Veículos Similares",93,2153.12
Itu,,Forneiro (Materiais De Construção),93,2347.22
Pindamonhangaba,,Escriturário De Banco,93,7945.99
Americana,,Alvejador (Tecidos),93,2317.44
Charqueada,,Auxiliar De Escritório,93,1614.62
Cerquilho,,Operador De Empilhadeira,93,2296.39
Americana,,Montador De Máquinas,93,3309.53
Araçatuba,,Auxiliar De Serviços Jurídicos,93,1847.48
Itu,,Técnico Em Atendimento E Vendas,93,5808.46
Itapetininga,,Farmacêutico,93,3920.41
Boituva,,Assistente De Vendas,92,2048.7
Boituva,,Frentista,92,2021.89
Itupeva,,Ajustador Mecânico,92,5774.98
Ibiúna,,Conferente De Carga E Descarga,92,1989.9
Dourado,,Marceneiro,92,2606.61
Itupeva,,Professor De Nível Superior Do Ensino Fundamental (Primeira A Quarta Série),92,3311.44
Itapetininga,,Motorista De Ônibus Urbano,92,2410.27
Itupeva,,Enfermeiro,92,4132.87
Araçatuba,,Motorista De Ônibus Urbano,92,1485.75
Ibiúna,,Gerente Administrativo,92,4790.28
Araçatuba,,Gerente De Contas - Pessoa Física E Jurídica,91,6964.92
Charqueada,,Alimentador De Linha De Produção,91,1801.68
Charqueada,,Vendedor De Comércio Varejista,91,1714.79
Pindamonhangaba,,Guarda-Civil Municipal,91,4561.36
Americana,,Coletor De Lixo Domiciliar,91,2278.27
Boituva,,Operador De Máquinas Operatrizes,90,2723.88
Itu,,Montador De Equipamentos Elétricos (Transformadores),90,2503.91
Boituva,,Trabalhador Agropecuário Em Geral,90,1692.23
Itu,,Professor De Ensino Superior Na Área De Didática,90,6052.64
Pindamonhangaba,,Fiscal De Loja,90,1945.09
Americana,,Coordenador Pedagógico,90,4587.88
Itapetininga,,Motofretista,90,1646.25
Americana,,Vendedor Em Domicílio,90,3040.54
Araçatuba,,Técnico De Suporte Ao Usuário De Tecnologia Da Informação,90,2038.97
Araçariguama,,Frentista,90,1957.86
Americana,,Analista De Negócios,89,4297.69
Itu,,Preparador De Máquinas-Ferramenta,89,3347.7
Americana,,Promotor De Vendas Especializado,89,2547.8
Porto Feliz,,Auxiliar De Enfermagem,89,2694.79
Araçariguama,,Operador De Aciaria (Recebimento De Gusa),89,3503.97
Ibiúna,,Supervisor De Produção Da Indústria Alimentícia,89,5821.32
Araçatuba,,Caixa De Banco,89,2579.16
Boituva,,Auxiliar De Contabilidade,89,2335.47
Boituva,,Contador,89,6342.23
Cerquilho,,Passador De Roupas Em Geral,89,1487.13
Araçatuba,,"Eletricista De Manutenção De Linhas Elétricas, Telefônicas E De Comunicação De Dados",89,3976.83
Americana,,Operador De Máquina De Dobrar Chapas,89,2703.64
Itupeva,,Açougueiro,88,2234.78
Araçatuba,,Auxiliar De Faturamento,88,2234.85
Americana,,Operador De Negócios,88,2450.35
Araçatuba,,Professor De Engenharia,88,4610.6
Piedade,,"Embalador, A Mão",88,1355.64
Itu,,Promotor De Vendas,88,1867.04
Pindamonhangaba,,Recepcionista De Consultório Médico Ou Dentário,88,1327.55
Itu,,Preparador Físico,88,1356.74
Cabreúva,,Auxiliar Nos Serviços De Alimentação,87,1530.45
Americana,,Escrevente,87,5271.95
Cabreúva,,Analista De Logistica,87,5273.75
Piedade,,Ajudante De Motorista,87,1574.92
Boituva,,Eletricista De Manutenção Eletroeletrônica,87,5042.7
Boituva,,Servente De Obras,87,2019.45
Americana,,Carteiro,87,4774.76
Itu,,Coletor De Lixo Domiciliar,87,1745.58
Americana,,Técnico Em Radiologia E Imagenologia,87,3628.91
Americana,,Analista De Redes E De Comunicação De Dados,87,3887.12
Itu,,Auxiliar De Faturamento,86,2760.07
Boituva,,Gerente De Vendas,86,15443.54
Itapetininga,,Contador,86,4106.39
Ibiúna,,Atendente De Farmácia - Balconista,86,1865.89
Boituva,,Moldador De Plástico Por Injeção,86,2717.99
Itupeva,,Supervisor De Vendas Comercial,86,5755.78
Americana,,Técnico De Laboratório Industrial,86,4039.49
Americana,,Confeiteiro,86,2014.43
Americana,,Técnico Em Manutenção De Equipamentos De Informática,86,2426.15
Itapetininga,,Controlador De Entrada E Saída,85,1477.29
Itu,,Padeiro,85,2232.13
Americana,,Operador De Máquinas Operatrizes,85,2388.3
Americana,,Vidraceiro,85,2213.8
Araçariguama,,Armazenista,85,1822.21
Cabreúva,,Apontador De Produção,85,3828.82
Cerquilho,,Açougueiro,85,2257.05
Americana,,Operador De Máquinas De Construção Civil E Mineração,85,2668.51
Itu,,Varredor De Rua,85,1433.65
Itu,,Professor De Nível Superior Do Ensino Fundamental (Primeira A Quarta Série),85,2898.38
Porto Feliz,,"Embalador, A Mão",85,1958.28
Araçariguama,,Cumim,85,1422.13
Pindamonhangaba,,Médico Generalista,85,13714.35
Araçatuba,,Professor De Medicina,85,3451.89
Araçariguama,,Atendente De Lojas E Mercados,85,1588.48
Boituva,,Supervisor Administrativo,84,3914.21
Cabreúva,,Trabalhador Volante Da Agricultura,84,1352.23
Cabreúva,,Ferramenteiro,84,5654.19
Itu,,Porteiro (Hotel),84,1922.92
Itu,,Analista Financeiro (Instituições Financeiras),84,4125.05
Itu,,Analista De Folha De Pagamento,84,4095.99
Itupeva,,Trabalhador Da Manutenção De Edificações,84,2306.25
Itupeva,,Auxiliar De Contabilidade,84,3300.65
Ibiúna,,Almoxarife,83,1939.58
Porto Feliz,,Gerente Administrativo,83,5856.55
Cerquilho,,"Recepcionista, Em Geral",83,1612.08
Araçoiaba da Serra,,Repositor De Mercadorias,83,1633.54
Ibiúna,,Cobrador Interno,83,1233.52
Itu,,Montador De Móveis E Artefatos De Madeira,82,2181.83
Itapetininga,,"Operador De Máquina De Usinagem Madeira, Em Geral",82,2484.72
Boituva,,Controlador De Entrada E Saída,82,2405.63
Itapetininga,,Auxiliar De Contabilidade,82,2245.3
Dourado,,Expedidor De Mercadorias,82,2205.05
Itu,,Desenvolvedor De Sistemas De Tecnologia Da Informação (Técnico),82,4245.01
Itapetininga,,Trabalhador Da Cultura De Cana-De-Açúcar,82,832.71
Cabreúva,,Servente De Obras,82,1690.77
Itupeva,,Ferramenteiro,82,5821.23
Americana,,Auxiliar De Corte (Preparação Da Confecção De Roupas),82,1656.05
Itapetininga,,Promotor De Vendas,81,1625.16
Araçoiaba da Serra,,Montador De Máquinas,81,2273.98
Cabreúva,,Técnico De Enfermagem,81,3316.58
Pindamonhangaba,,Auxiliar De Manutenção Predial,81,1728.94
Araçatuba,,Agente De Combate Às Endemias,81,2020.69
Itu,,Serralheiro,81,2647.08
Boituva,,"Embalador, A Mão",81,1431.69
Cerquilho,,Auxiliar Nos Serviços De Alimentação,81,1551.28
Americana,,Operador De Máquina De Costura De Acabamento,81,1997.33
Itupeva,,Auxiliar De Desenvolvimento Infantil,81,1624.39
Ibiúna,,Operador De Guindaste (Fixo),81,3007.88
Pindamonhangaba,,Instrutor De Auto-Escola,81,1672.14
Porto Feliz,,Apontador De Produção,81,5348.25
Americana,,Motorista De Ônibus Urbano,81,2653.2
Americana,,Cozinhador (Conservação De Alimentos),80,1719.38
Itu,,Professor De Nível Superior Na Educação Infantil (Quatro A Seis Anos),80,2683.07
Cerquilho,,Atendente De Lojas E Mercados,80,1629.01
Araçariguama,,Cozinheiro Geral,80,2027.6
Itupeva,,Técnico Em Segurança Do Trabalho,80,4793.64
Araçatuba,,Técnico Em Segurança Do Trabalho,80,3849.48
Araçatuba,,Técnico Em Manutenção De Equipamentos De Informática,80,2566.13
Cerquilho,,Atendente De Lanchonete,80,1618.32
Itapetininga,,Mecânico De Manutenção De Máquinas Têxteis,80,2051.49
Americana,,Marmorista (Construção),80,2984.13
Itupeva,,Eletricista De Manutenção Eletroeletrônica,80,4728.27
Itu,,Técnico Eletrônico,80,6508.34
Americana,,Operador De Linha De Montagem (Aparelhos Eletrônicos),80,2057.94
Cabreúva,,Repositor De Mercadorias,79,1697.83
Porto Feliz,,Cozinheiro Geral,79,1748.92
Porto Feliz,,Operador De Máquina De Costura De Acabamento,79,1658.97
Macatuba,,Assistente Administrativo,79,2347.07
Itu,,Fiscal De Loja,79,1825.67
Boituva,,Gerente De Produção E Operações,79,8213.28
Itu,,Inspetor De Alunos De Escola Privada,79,1460.77
Araçariguama,,Atendente De Lanchonete,79,1754.56
Cerquilho,,Cozinheiro Geral,79,1702.48
Araçatuba,,Serralheiro,79,2171.85
Pindamonhangaba,,Mestre (Construção Civil),78,3758.12
Americana,,Supervisor De Caixas E Bilheteiros (Exceto Caixa De Banco),78,2253.02
Boituva,,Comprador,78,4285.24
Porto Feliz,,Técnico De Enfermagem,78,3084.54
Pindamonhangaba,,Trabalhador Da Elaboração De Pré-Fabricados (Concreto Armado),78,2083.23
Porto Feliz,,Auxiliar De Lavanderia,78,2180.62
Cabreúva,,Operador De Máquinas-Ferramenta Convencionais,78,3608.13
Porto Feliz,,Motorista De Furgão Ou Veículo Similar,78,2930.06
Itupeva,,Motorista De Ônibus Rodoviário,78,2588.19
Itu,,Auxiliar De Enfermagem,77,1896
Itupeva,,Gerente Comercial,77,11929.68
Araçariguama,,Servente De Obras,77,1455.93
Araçatuba,,Músico Intérprete Instrumentista,77,2355.39
Araçatuba,,Carteiro,76,3860.65
Itapetininga,,Técnico Em Segurança Do Trabalho,76,4011.24
Itapetininga,,Revisor De Fios (Produção Têxtil),76,1163.05
Pindamonhangaba,,Analista De Recursos Humanos,76,5245.39
Americana,,Copeiro,76,1698.29
Americana,,"Eletrotécnico Na Fabricação, Montagem E Instalação De Máquinas E Equipamentos",76,4130.21
Americana,,Técnico Mecânico,76,4071.48
Cabreúva,,Contador,76,7712.96
Porto Feliz,,"Recepcionista, Em Geral",75,1798.97
Porto Feliz,,Costureiro Na Confecção Em Série,75,1368.5
Americana,,Encarregado De Acabamento De Chapas E Metais  (Têmpera),75,4289.78
Americana,,Operador De Conicaleira,75,1503.28
Americana,,Professor De Nível Médio No Ensino Fundamental,75,3140.7
Araçatuba,,Confeiteiro,75,2117.27
Pindamonhangaba,,Forjador,75,5589.18
Americana,,Operador De Caldeira,75,3213.01
Porto Feliz,,Pedreiro,75,1758.92
Pindamonhangaba,,Conferente De Carga E Descarga,75,2416.27
Porto Feliz,,Açougueiro,74,2176.37
Americana,,Analista De Sistemas De Automação,74,4491.35
Americana,,Gerente Financeiro,74,5718.29
Itu,,Mecânico De Veículos Automotores A Diesel (Exceto Tratores),74,3147.09
Itapeva,,Garçom,74,1315.35
Porto Feliz,,"Mecânico De Manutenção De Máquinas, Em Geral",74,3270.44
Cerquilho,,Porteiro De Edifícios,74,2268.58
Dourado,,Vendedor De Comércio Varejista,74,1824.41
Americana,,Operador De Espuladeira,74,1471.64
Pindamonhangaba,,Técnico De Suporte Ao Usuário De Tecnologia Da Informação,74,2153.5
Araçatuba,,Comprador,74,3775.65
Araçatuba,,Técnico Em Radiologia E Imagenologia,74,3176.36
Porto Feliz,,Operador De Máquina De Fabricar Papel E Papelão,74,4146.96
Araçatuba,,Perfumista,74,1579.51
Boituva,,Analista De Desenvolvimento De Sistemas,74,8580.81
Araçatuba,,Costureiro Na Confecção Em Série,73,1494.69
Araçatuba,,Vendedor Em Domicílio,73,2928.36
Itu,,Confeiteiro,73,1989.93
Araçatuba,,Camareiro  De Hotel,73,1526.68
Dourado,,Faxineiro,73,1890.15
Araçatuba,,Operador De Negócios,73,1980.45
Itu,,Prensista (Operador De Prensa),73,2773.34
Araçariguama,,Expedidor De Mercadorias,73,1605.4
Porto Feliz,,Soldador,73,3071.2
Americana,,Caixa De Banco,73,3348.54
Araçatuba,,Coordenador Pedagógico,73,3979.67
Americana,,Encarregado De Costura Na Confecção Do Vestuário,73,2778.94
Araçatuba,,Pedreiro De Edificações,73,1435.35
Araçoiaba da Serra,,Servente De Obras,73,1427.78
Araçatuba,,Professor De Nível Médio Na Educação Infantil,73,2385.23
Itupeva,,"Embalador, A Mão",72,1748.6
Cabreúva,,Pedreiro,72,2403.26
Itapeva,,Escriturário De Banco,72,7957.03
Itupeva,,Técnico Eletrônico,72,5250.2
Itu,,Preparador De Estruturas Metálicas,72,2941.58
Boituva,,Gerente De Loja E Supermercado,72,3690.81
Americana,,Assistente Social,72,3907.63
Cerquilho,,Motorista De Furgão Ou Veículo Similar,72,2048.61
Itapetininga,,Gerente De Vendas,72,4533.74
Araçatuba,,Mecânico De Manutenção De Máquinas Agrícolas,71,3284.09
Cabreúva,,Fiscal De Loja,71,1731.52
Itupeva,,Pedreiro,71,2500.54
Itu,,Estoquista,71,1927.64
Porto Feliz,,Supervisor Administrativo,71,4412.1
Pindamonhangaba,,Apontador De Produção,71,3458.86
Cabreúva,,Moldador De Plástico Por Injeção,71,2412.13
Macatuba,,Faxineiro,71,1325.29
Dourado,,Assistente Administrativo,71,2527.9
Itu,,Lavador De Veículos,71,1639.31
Itupeva,,Auxiliar De Produção Farmacêutica,70,1834.26
Pindamonhangaba,,Forneiro E Operador (Refino De Metais Não-Ferrosos),70,3998.42
Pindamonhangaba,,Auxiliar De Logistica,70,2191.61
Itupeva,,Vigia,70,1939.08
Araçatuba,,"Eletricista De Instalações (Veículos Automotores E Máquinas Operatrizes, Exceto Aeronaves E Embarcações)",70,2468.95
Itu,,Gerente De Contas - Pessoa Física E Jurídica,70,5952.3
Araçatuba,,Professor De Nível Superior Na Educação Infantil (Quatro A Seis Anos),70,2482.29
Americana,,Contramestre De Acabamento (Indústria Têxtil),70,4088.1
Americana,,Mecânico De Veículos Automotores A Diesel (Exceto Tratores),70,3318.85
Americana,,Desenhista Técnico (Eletricidade E Eletrônica),70,2607.25
Pindamonhangaba,,Técnico De Planejamento E Programação Da Manutenção,70,5485.63
Araçatuba,,Motorista De Ônibus Rodoviário,69,1982.23
Araçatuba,,Lavador De Veículos,69,1556.6
Araçoiaba da Serra,,Atendente De Lojas E Mercados,69,1681.59
Cabreúva,,Técnico De Planejamento De Produção,69,4618.14
Porto Feliz,,Assistente De Vendas,69,3080.6
Pindamonhangaba,,Motorista De Ônibus Urbano,69,2292.52
Ibiúna,,Trabalhador De Serviços De Limpeza E Conservação De Áreas Públicas,69,1531.15
Piedade,,Auxiliar De Enfermagem,69,1802.7
Itapetininga,,Operador De Máquinas Florestais Estáticas,69,2959.58
Americana,,Técnico Químico,69,3368
Itupeva,,"Embalador, A Máquina",69,1547.03
Cabreúva,,Gerente Administrativo,69,6812.3
Itapetininga,,Operador De Máquina De Costura De Acabamento,69,1370.85
Itu,,Técnico De Manutenção Elétrica,68,4198.7
Cerquilho,,Atendente De Farmácia - Balconista,68,1819.29
Itapeva,,Operador De Máquinas De Beneficiamento De Produtos Agrícolas,68,2589.38
Ibiúna,,"Embalador, A Máquina",68,1917.94
Araçatuba,,Técnico De Planejamento De Produção,68,4132.16
Itupeva,,Eletricista De Instalações,68,3242
Cerquilho,,Apontador De Produção,68,2341.94
Pindamonhangaba,,Gerente De Produção E Operações,68,16759.59
Itapeva,,Farmacêutico,68,3545.88
Pindamonhangaba,,Professor De Disciplinas Pedagógicas No Ensino Médio,68,2416.75
Itu,,Recepcionista De Hotel,68,1898.07
Araçatuba,,Analista De Recursos Humanos,67,3196.42
Pindamonhangaba,,Tratorista Agrícola,67,1512.83
Piedade,,Atendente De Lanchonete,67,1450.53
Itupeva,,"Mecânico De Manutenção De Automóveis, Motocicletas E Veículos Similares",67,2431.74
Ibiúna,,Gerente De Loja E Supermercado,67,3396.6
Araçatuba,,Encanador,67,1842.86
Araçatuba,,Auxiliar De Lavanderia,67,1488.76
Itu,,"Pintor, A  Pistola (Exceto Obras E Estruturas Metálicas)",67,2533.89
Boituva,,Operador De Máquinas-Ferramenta Convencionais,67,2568.46
Itupeva,,Gerente De Restaurante,66,3597.27
Pindamonhangaba,,Auxiliar De Faturamento,66,2401.4
Araçariguama,,Supervisor Administrativo,66,4827.35
Piedade,,Gerente Administrativo,66,3610.92
Itu,,Zelador De Edifício,66,2315.94
Americana,,Técnico De Obras Civis,66,3052.78
Boituva,,Serralheiro,66,2643.81
Cerquilho,,Gerente Administrativo,66,4728.98
Pindamonhangaba,,"Montador De Máquinas, Motores E Acessórios (Montagem Em Série)",66,1862.8
Boituva,,Pedreiro,66,2190.27
Pindamonhangaba,,Preparador De Sucata E Aparas,66,2361.58
Porto Feliz,,Atendente De Farmácia - Balconista,66,2064.47
Porto Feliz,,Frentista,66,1995.98
Itapetininga,,Instrutor De Auto-Escola,65,2080.76
Araçatuba,,Inspetor De Qualidade,65,3828.89
Araçatuba,,Montador De Móveis E Artefatos De Madeira,65,1755.17
Pindamonhangaba,,Moldador De Plástico Por Injeção,65,2936.67
Cabreúva,,Prensista (Operador De Prensa),65,1939.97
Itupeva,,Expedidor De Mercadorias,65,2098.2
Itapetininga,,Técnico Agrícola,65,4139.67
Itapetininga,,Trabalhador Da Exploração De Resinas,65,1769.92
Araçariguama,,Operador De Laminador,65,4780.31
Americana,,Nutricionista,65,3693.67
Itapetininga,,Carregador (Veículos De Transportes Terrestres),65,1451.71
Americana,,Auxiliar De Laboratório De Análises Clínicas,65,2169.01
Porto Feliz,,Trabalhador Volante Da Agricultura,65,1591.7
Porto Feliz,,Ajudante De Motorista,65,1978.93
Piedade,,"Recepcionista, Em Geral",65,1442.29
Porto Feliz,,Auxiliar De Corte (Preparação Da Confecção De Roupas),65,1527.51
Americana,,Analista De Folha De Pagamento,65,3130.4
Itu,,"Montador De Máquinas, Motores E Acessórios (Montagem Em Série)",65,3261.72
Itu,,Operador Polivalente Da Indústria Têxtil,64,3239.39
Porto Feliz,,Trabalhador Da Pecuária (Eqüinos),64,2142.27
Pindamonhangaba,,Gesseiro,64,1362.05
Charqueada,,Tratorista Agrícola,64,2620.17
Ibiúna,,Expedidor De Mercadorias,64,2022.69
Itu,,Gerente De Restaurante,64,3372.19
Araçatuba,,Demonstrador De Mercadorias,64,1817.68
Boituva,,Técnico De Planejamento De Produção,64,3293.95
Americana,,Controlador De Entrada E Saída,64,2359.78
Americana,,Conferente Mercadoria (Exceto Carga E Descarga),64,1927.53
Cabreúva,,Açougueiro,64,2201.47
Americana,,Masseiro (Massas Alimentícias),64,1822.84
Itupeva,,Motorista De Carro De Passeio,64,3009.47
Piedade,,"Mecânico De Manutenção De Automóveis, Motocicletas E Veículos Similares",64,1774.05
Araçatuba,,Professor Instrutor De Ensino E Aprendizagem Em Serviços,64,1739.24
Araçoiaba da Serra,,Almoxarife,64,2603.65
Americana,,Gerente De Projetos E Serviços De Manutenção,63,8957.19
Americana,,Operador De Processos Químicos E Petroquímicos,63,5895.2
Cabreúva,,Operador De Máquina De Lavar Fios E Tecidos,63,1477.43
Itupeva,,Operador De Máquina Extrusora De Varetas E Tubos De Vidro,63,2618.27
Araçariguama,,Operador De Máquinas Operatrizes,63,2310.7
Americana,,Preparador De Estruturas Metálicas,63,1867.1
Araçariguama,,Auxiliar Nos Serviços De Alimentação,63,1433.5
Americana,,Recebedor De Apostas (Loteria),63,1624.33
Araçatuba,,Instrutor De Auto-Escola,63,2180.83
Boituva,,Professor De Nível Superior Do Ensino Fundamental (Primeira A Quarta Série),63,2845.81
Itu,,Gerente Financeiro,63,8383.58
Araçatuba,,Professores De Cursos Livres,63,1335.35
Araçatuba,,Carpinteiro De Obras,63,1682.12
Porto Feliz,,Montador De Estruturas Metálicas,63,2708
Itu,,Instrutor De Auto-Escola,63,2263.38
Itupeva,,Mestre (Indústria De Borracha E Plástico),63,6177.56
Americana,,Agente De Vendas De Serviços,62,2553.9
Araçatuba,,Técnico De Garantia Da Qualidade,62,2922.93
Americana,,Instrutor De Aprendizagem E Treinamento Comercial,62,3618.64
Americana,,Preparador Físico,62,1720.25
Porto Feliz,,Expedidor De Mercadorias,62,2846.21
Cabreúva,,Técnico De Garantia Da Qualidade,62,4701.44
Pindamonhangaba,,Cobrador De Transportes Coletivos (Exceto Trem),62,1205.01
Araçariguama,,Operador De Aciaria (Dessulfuração De Gusa),62,7025.6
Cabreúva,,Frentista,62,1991.84
Americana,,Fundidor De Metais,61,2391.41
Itapeva,,Motorista De Ônibus Urbano,61,2447.52
Cabreúva,,Ajudante De Motorista,61,1702.75
Itapetininga,,Gerente De Produção E Operações,61,10951.55
Itu,,Mestre (Construção Civil),61,3287.07
Itu,,Operador De Inspeção De Qualidade,61,2141.19
Itupeva,,Técnico Mecânico (Máquinas),61,4313.25
Itapeva,,Supervisor Da Área Florestal,61,2937.28
Porto Feliz,,Trabalhador Da Cultura De Cana-De-Açúcar,61,1375.28
Itapetininga,,Armazenista,61,2833.78
Itupeva,,Auxiliar De Manutenção Predial,61,2288.84
Porto Feliz,,Operador De Máquina De Dobrar Chapas,61,2859.26
Americana,,"Operador De Extrusora (Química, Petroquímica E Afins)",61,3062.35
Cerquilho,,"Mecânico De Manutenção De Automóveis, Motocicletas E Veículos Similares",61,2253.88
Boituva,,Expedidor De Mercadorias,61,2129.03
Araçatuba,,Instrutor De Aprendizagem E Treinamento Comercial,61,4727.89
Itu,,Enfermeiro,61,4406.72
Itu,,Auxiliar De Farmácia De Manipulação,61,2106.81
Cerquilho,,Frentista,60,2418.1
Itapetininga,,Recreador,60,1280.18
Itu,,Carregador (Veículos De Transportes Terrestres),60,1634.87
Itapeva,,Motorista De Carro De Passeio,60,1893.57
Araçariguama,,Técnico Eletrônico,60,1402.32
Itapetininga,,Abatedor,60,1668.65
Americana,,"Operador De Máquinas De Fabricação De Doces, Salgados E Massas Alimentícias",60,1911.44
Americana,,"Embalador, A Máquina",60,1995.22
Dourado,,Operador De Empilhadeira,60,3057.53
Itu,,Eletricista De Instalações,60,2766.33
Itupeva,,Garçom,60,2480.82
Itapeva,,Operador De Trator Florestal,60,2727.55
Cabreúva,,Promotor De Vendas,60,1591.96
Itapetininga,,Trabalhador Da Manutenção De Edificações,60,1651.83
Itapetininga,,Mecânico De Veículos Automotores A Diesel (Exceto Tratores),59,2167.93
Porto Feliz,,Servente De Obras,59,1503.83
Cabreúva,,Carregador (Veículos De Transportes Terrestres),59,2408.84
Americana,,Técnico De Telecomunicações (Telefonia),59,5506.13
Itu,,Operador De Escavadeira,59,2557.88
Itu,,Copeiro,59,1639.62
Piedade,,Açougueiro,59,2062.44
Itu,,Escrevente,59,7428.2
Americana,,"Bordador, À Máquina",59,1961.01
Itapeva,,Trabalhador Na Olericultura (Frutos E Sementes),59,1332.98
Itapetininga,,Professor De Nível Superior Do Ensino Fundamental (Primeira A Quarta Série),59,3065.84
Americana,,Rebarbador De Metal,59,2295.98
Cerquilho,,Auxiliar De Contabilidade,59,2936.38
Itapetininga,,Analista De Recursos Humanos,59,3145.4
Itapeva,,Porteiro De Edifícios,58,1723.26
Itupeva,,Supervisor De Logística,58,5817.36
Ibiúna,,Motorista De Ônibus Urbano,58,2433.9
Ibiúna,,Eletricista De Instalações,58,2156.31
Itapeva,,Instalador De Linhas Elétricas De Alta E Baixa - Tensão (Rede Aérea E Subterrânea),58,3700.65
Boituva,,Operador De Máquina De Dobrar Chapas,58,3441.29
Cerquilho,,Pedreiro,58,1991.6
Americana,,Inspetor De Alunos De Escola Pública,58,2082.08
Araçatuba,,Telefonista,58,1593.1
Araçatuba,,Analista De Pesquisa De Mercado,58,2355.54
Pindamonhangaba,,Garçom,58,1334.6
Cabreúva,,Eletricista De Manutenção Eletroeletrônica,58,4638.17
Americana,,"Tecelão De Malhas, A  Máquina",58,2103.28
Itupeva,,Encarregado De Acabamento De Chapas E Metais  (Têmpera),58,4234.47
Itu,,Instalador De Sistemas Eletroeletrônicos De Segurança,58,2549.13
Pindamonhangaba,,Comprador,58,6013.51
Araçoiaba da Serra,,Auxiliar Nos Serviços De Alimentação,57,1666.47
Itapeva,,Técnico Em Atendimento E Vendas,57,1507.33
Araçatuba,,Operador De Caldeira,57,3143.5
Pindamonhangaba,,Gerente De Contas - Pessoa Física E Jurídica,57,5154.83
Itupeva,,Técnico Em Eletromecânica,57,3098.21
Americana,,Caldeireiro (Chapas De Ferro E Aço),57,2901.92
Araçatuba,,Analista De Sistemas De Automação,57,5325.78
Itu,,Ajustador Mecânico,57,2957.26
Itupeva,,Atendente De Farmácia - Balconista,57,1806.63
Americana,,Operador De Telemarketing Receptivo,57,1498.73
Araçatuba,,"Operador De Produção (Química, Petroquímica E Afins)",57,1788.56
Americana,,Técnico De Manutenção Eletrônica,57,4536.27
Araçariguama,,Inspetor De Qualidade,57,3631.04
Boituva,,Montador De Móveis E Artefatos De Madeira,57,2165.25
Itapetininga,,Trabalhador No Cultivo De Plantas Ornamentais,56,1328.83
Pindamonhangaba,,Trabalhador Da Pecuária (Bovinos Corte),56,1842.86
Ibiúna,,Secretária(O) Executiva(O),56,3519.61
Itupeva,,Trabalhador Agropecuário Em Geral,56,1600.41
Pindamonhangaba,,Auxiliar De Pessoal,56,1899.35
Cabreúva,,Costureiro Na Confecção Em Série,56,1682.18
Pindamonhangaba,,Motofretista,56,1522.36
Charqueada,,Atendente De Lojas E Mercados,56,1552.47
Araçatuba,,Operador De Máquinas De Construção Civil E Mineração,56,2465.28
Itapetininga,,Demonstrador De Mercadorias,56,1609.04
Americana,,Operador De Computador,56,2365.73
Boituva,,Trabalhador Da Manutenção De Edificações,56,1763.79
Araçoiaba da Serra,,Técnico Químico,56,4112.62
Itu,,Caldeireiro (Chapas De Ferro E Aço),56,3136.9
Americana,,Atendente Comercial (Agência Postal),56,2042.68
Cerquilho,,Operador De Telemarketing Ativo E Receptivo,56,1406.66
Macatuba,,"Costureiro, A  Máquina  Na Confecção Em Série",56,1325.84
Itapetininga,,Mestre (Construção Civil),56,3361.48
Itupeva,,Salva-Vidas,55,1167.22
Cabreúva,,Motorista De Ônibus Rodoviário,55,3141.13
Americana,,Mecânico De Manutenção De Máquinas-Ferramentas (Usinagem De Metais),55,1581.99
Itapetininga,,Comprador,55,3202.79
Porto Feliz,,Forjador,55,1214.49
Cerquilho,,Servente De Obras,55,1233.69
Itapetininga,,Conferente De Carga E Descarga,55,2201.82
Cabreúva,,Gerente De Produção E Operações,55,11724.36
Pindamonhangaba,,Professor Da  Educação De Jovens E Adultos Do Ensino Fundamental (Primeira A Quarta Série),55,2039.36
Itapetininga,,Supervisor De Vendas Comercial,55,3840.96
Americana,,Vendedor Pracista,55,3138.79
Araçatuba,,"Costureiro, A  Máquina  Na Confecção Em Série",55,1670.27
Americana,,Colorista Têxtil,55,2396.34
Americana,,Comerciante Varejista,55,3105.29
Pindamonhangaba,,Trabalhador Da Avicultura De Postura,55,1337.42
Itapetininga,,Eletricista De Instalações,55,1918.21
Itapetininga,,Auxiliar De Manutenção Predial,55,1591.28
Cabreúva,,Atendente De Lanchonete,55,1440.71
Araçariguama,,Técnico De Planejamento De Produção,55,3598.04
Itu,,Economista Industrial,55,4837.71
Pindamonhangaba,,Auxiliar Geral De Conservação De Vias Permanentes (Exceto Trilhos),55,1363.71
Ibiúna,,Supervisor Administrativo,54,4250.47
Itapetininga,,Eletrotécnico,54,3521.99
Araçatuba,,Comerciante Varejista,54,2119.53
Piedade,,Cozinheiro Geral,54,1541.08
Pindamonhangaba,,Professor De Nível Superior Do Ensino Fundamental (Primeira A Quarta Série),54,1622.41
Boituva,,Professor Da  Educação De Jovens E Adultos Do Ensino Fundamental (Primeira A Quarta Série),54,2134.45
Boituva,,Trabalhador Da Cultura De Cana-De-Açúcar,54,791.14
Itupeva,,Supervisor De Montagem E Instalação Eletroeletrônica,54,6566.62
Americana,,"Instalador De Cortinas E Persianas, Portas Sanfonadas E Boxe",54,1895.8
Itu,,Instrutor De Aprendizagem E Treinamento Comercial,54,2513.43
Cabreúva,,Enfermeiro,54,7390.25
Charqueada,,Operador De Caixa,54,1671.93
Americana,,Atendente De Enfermagem,54,1992.33
Americana,,Mestre (Indústria Têxtil E De Confecções),54,4859.58
Porto Feliz,,Passadeira De Peças Confeccionadas,54,1458.38
Itu,,Gerente De Pesquisa E Desenvolvimento (P&D),54,13220.15
Dourado,,Professor De Nível Médio Na Educação Infantil,53,3449.77
Pindamonhangaba,,Assistente Social,53,4546.8
Cabreúva,,"Recepcionista, Em Geral",53,1809.1
Porto Feliz,,Eletricista De Manutenção Eletroeletrônica,53,3723.27
Porto Feliz,,Trabalhador Da Manutenção De Edificações,53,2221.36
Itapeva,,Eletricista De Instalações,53,2059.46
Cerquilho,,"Bordador, À Máquina",53,1715.41
Araçariguama,,"Embalador, A Máquina",53,1686.76
Itu,,Oxicortador A Mão E A  Máquina,53,2967.53
Piedade,,Soldador,53,1647
Itu,,Supervisor De Vigilantes,53,4471.2
Americana,,Supervisor De Logística,53,4067.83
Cerquilho,,Vigia,53,2055.81
Itapetininga,,Zelador De Edifício,53,1802.9
Porto Feliz,,Serralheiro,53,2455.22
Americana,,Gerente De Departamento Pessoal,53,6341.7
Araçatuba,,"Pintor, A  Pistola (Exceto Obras E Estruturas Metálicas)",52,1891.29
Itu,,Carteiro,52,4240.1
Dourado,,Trabalhador De Serviços De Limpeza E Conservação De Áreas Públicas,52,1584.26
Cabreúva,,Operador De Máquinas Operatrizes,52,2639.27
Macatuba,,Operador De Caixa,52,1778.75
Araçoiaba da Serra,,Porteiro De Edifícios,52,2057.56
Itupeva,,Motorista De Ônibus Urbano,52,2518.71
Americana,,Economista Financeiro,52,3708.34
Itupeva,,Preparador De Máquinas-Ferramenta,52,3610.37
Araçatuba,,Pintor De Obras,52,1666.01
Araçatuba,,Marmorista (Construção),52,2210.96
Itapeva,,Forneiro E Operador (Alto-Forno),52,3371.03
Itapetininga,,Professor De Ensino Superior Na Área De Didática,52,1389.9
Americana,,Fisioterapeuta Geral,52,3834.72
Boituva,,Polidor De Metais,52,2167.63
Itupeva,,Auxiliar De Faturamento,52,2798.05
Boituva,,Prensista (Operador De Prensa),52,2116.62
Itapeva,,Mecânico De Manutenção De Máquinas Agrícolas,52,3197.9
Itu,,Economista Financeiro,52,4226.71
Araçoiaba da Serra,,Auxiliar Geral De Conservação De Vias Permanentes (Exceto Trilhos),52,1446.71
Itapeva,,"Embalador, A Mão",52,1113.91
Itu,,Coordenador Pedagógico,52,3664.81
Itu,,Recreador,52,1549.73
Itu,,"Operador De Extrusora (Química, Petroquímica E Afins)",52,4961.9
Itu,,Técnico De Vendas,52,8569.45
Araçatuba,,Atendente Comercial (Agência Postal),52,2637.63
Itu,,Cuidador De Idosos,51,1415.49
Americana,,Ajustador De Instrumentos De Precisão,51,3256.58
Boituva,,Atendente De Farmácia - Balconista,51,2060.82
Araçatuba,,Carregador (Armazém),51,1785.47
Boituva,,Técnico Em Segurança Do Trabalho,51,4093.14
Boituva,,"Mecânico De Manutenção De Automóveis, Motocicletas E Veículos Similares",51,2433.45
Boituva,,Montador De Máquinas,51,3078.9
Itapeva,,Músico Intérprete Instrumentista,51,2272.97
Ibiúna,,Motorista De Furgão Ou Veículo Similar,51,1856.19
Boituva,,Pintor De Estruturas Metálicas,51,3195.88
Boituva,,Estoquista,51,1944.99
Araçoiaba da Serra,,Trabalhador De Serviços De Limpeza E Conservação De Áreas Públicas,51,1749.95
Pindamonhangaba,,Engenheiro De Produção,51,13409.98
Porto Feliz,,Atendente De Lanchonete,51,1674.83
Americana,,Tecelão (Tear Mecânico De Maquineta),50,2624.05
Cabreúva,,Guarda-Civil Municipal,50,5255.36
Pindamonhangaba,,Camareiro  De Hotel,50,1187.81
Ibiúna,,Carregador (Veículos De Transportes Terrestres),50,1467.65
Pindamonhangaba,,Modelador De Madeira,50,1310.8
Itupeva,,Técnico Químico,50,4639.26
Araçatuba,,Professor De Disciplinas Pedagógicas No Ensino Médio,50,2918.31
Pindamonhangaba,,Atendente Comercial (Agência Postal),50,1997.33
Pindamonhangaba,,Auxiliar De Cartório,50,2093.53
Itupeva,,Preparador De Estruturas Metálicas,50,1925.21
Itupeva,,Monitor De Sistemas Eletrônicos De Segurança Interno,50,2789.22
Araçatuba,,Operador De Colhedor Florestal,50,1675.75
Ibiúna,,Atendente De Lanchonete,50,1416.44
Itapeva,,Operador De Pá Carregadeira,50,2518.57
Itapetininga,,Vendedor Pracista,50,3100.15
Itupeva,,Operador De Máquinas De Construção Civil E Mineração,50,3993.46
Itapetininga,,Carpinteiro,50,1479.58
Ibiúna,,Garçom,50,1672.97
Americana,,Operador De Cardas,50,1988.8
Pindamonhangaba,,Operador De Centro De Usinagem Com Comando Numérico,50,3282.4
Cabreúva,,Motorista De Ônibus Urbano,50,3272.44
Itapeva,,Motorista De Furgão Ou Veículo Similar,50,2025.37
Araçatuba,,Auxiliar De Farmácia De Manipulação,50,1763.07
Araçatuba,,Gerente De Restaurante,50,3194.61
Itapeva,,Gerente Comercial,50,2994.67
Americana,,Montador De Andaimes (Edificações),50,2599.57
Porto Feliz,,Contador,50,7038.99
Itapetininga,,Fisioterapeuta Geral,50,3131.02
Cerquilho,,Técnico De Enfermagem,49,2111.29
Itapetininga,,Escrevente,49,4686.24
Araçatuba,,Trabalhador Polivalente Do Curtimento De Couros E Peles,49,1838.19
Araçatuba,,Advogado,49,4378.03
Pindamonhangaba,,Professor De Nível Superior Na Educação Infantil (Quatro A Seis Anos),49,1591.83
Porto Feliz,,Jardineiro,49,1814.48
Americana,,Gerente De Recursos Humanos,49,9206.08
Araçatuba,,Armador De Estrutura De Concreto Armado,49,1821.43
Ibiúna,,Auxiliar De Enfermagem,49,2015.81
Itapetininga,,Técnico De Apoio Em Pesquisa E Desenvolvimento (Exceto Agropecuário E Florestal),49,3116.87
Pindamonhangaba,,Tecnólogo Em Logística De Transporte,49,3359.07
Itu,,Técnico De Suporte Ao Usuário De Tecnologia Da Informação,49,2055.7
Boituva,,Técnico De Laboratório Industrial,49,4226.6
Itapetininga,,Operador De Máquina Copiadora (Exceto Operador De Gráfica Rápida),49,1719.2
Dourado,,Cozinheiro Geral,49,1806.96
Itu,,Auxiliar De Desenvolvimento Infantil,49,1678.1
Porto Feliz,,Técnico De Planejamento De Produção,49,5061.16
Pindamonhangaba,,Operador De Montagem De Cilindros E Mancais,48,4994.04
Macatuba,,Trabalhador Volante Da Agricultura,48,1811.05
Araçatuba,,Borracheiro,48,1752.63
Porto Feliz,,"Mecânico De Manutenção De Automóveis, Motocicletas E Veículos Similares",48,2338.23
Macatuba,,Soldador,48,2442.48
Itupeva,,Vigilante,48,2697.7
Itapetininga,,Motorista De Carro De Passeio,48,2225.7
Itapetininga,,Gerente De Contas - Pessoa Física E Jurídica,48,5310.1
Americana,,Técnico Em Borracha,48,4679.02
Itupeva,,Analista Financeiro (Instituições Financeiras),48,3909.13
Itu,,Inspetor De Serviços De Transportes Rodoviários (Passageiros E Cargas),48,2727.5
Itu,,Carpinteiro,48,2381.56
Itupeva,,Técnico De Laboratório Industrial,48,4150.66
Boituva,,Motorista Operacional De Guincho,48,2276.44
Araçatuba,,Auxiliar De Laboratório De Análises Clínicas,48,1844.39
Itu,,Técnico Em Manutenção De Máquinas,48,3921.26
Itapeva,,Instrutor De Auto-Escola,48,2339.01
Porto Feliz,,,48,3864.64
Itapetininga,,Operador De Máquinas-Ferramenta Convencionais,48,1992.72
Itupeva,,Mestre (Indústria De Máquinas E Outros Equipamentos Mecânicos),48,5713.02
Itapeva,,Carvoeiro,48,1456.5
Americana,,Contínuo,48,1899.16
Pindamonhangaba,,Fisioterapeuta Geral,47,3532.73
Dourado,,Motorista De Furgão Ou Veículo Similar,47,2184.84
Itapeva,,Operador De Empilhadeira,47,1909.28
Itapetininga,,Auxiliar De Pessoal,47,1878.24
Pindamonhangaba,,Coordenador Pedagógico,47,3927.21
Itu,,Agente De Vendas De Serviços,47,2609.34
Itu,,Gerente De Logística (Armazenagem E Distribuição),47,7398.76
Araçariguama,,Assistente De Vendas,47,4093.59
Itapeva,,Vendedor Em Comércio Atacadista,47,1875.87
Itapetininga,,Fiscal De Loja,47,1693.84
Boituva,,Ferramenteiro,47,4769.88
Itu,,Técnico Em Mecatrônica - Automação Da Manufatura,47,3732.52
Itapetininga,,Confeiteiro,47,1687.53
Americana,,"Eletricista De Instalações (Veículos Automotores E Máquinas Operatrizes, Exceto Aeronaves E Embarcações)",47,2589.83
Boituva,,Recepcionista De Consultório Médico Ou Dentário,47,1389.98
Cabreúva,,Analista De Recursos Humanos,47,4255.8
Araçatuba,,Assistente Social,47,3692.13
Cerquilho,,Soldador,47,2438.81
Itapetininga,,Operador De Caldeira,46,2710.68
Ibiúna,,Apontador De Produção,46,2998.31
Cabreúva,,Operador De Inspeção De Qualidade,46,2772.5
Americana,,Gerente De Logística (Armazenagem E Distribuição),46,4532.6
Ibiúna,,Assistente De Vendas,46,1755.7
Macatuba,,Auxiliar De Escritório,46,1611.05
Macatuba,,Carregador (Armazém),46,2212.56
Americana,,Mecânico De Manutenção E Instalação De Aparelhos De Climatização E  Refrigeração,46,2129.89
Americana,,Costureira De Peças Sob Encomenda,46,1717.46
Araçatuba,,"Eletrotécnico Na Fabricação, Montagem E Instalação De Máquinas E Equipamentos",46,2719.12
Ibiúna,,Supervisor De Exploração Agrícola,46,2460.05
Itu,,Engenheiro De Produção,46,8919.58
Itu,,Impressor (Serigrafia),46,3057.95
Cabreúva,,Comprador,46,4445.21
Araçoiaba da Serra,,Soldador,46,2995.29
Itu,,Trefilador De Borracha,46,3035.86
Charqueada,,Moldador De Borracha Por Compressão,46,2199.53
Cabreúva,,Atendente De Farmácia - Balconista,46,1946.56
Cabreúva,,Operador De Processos Químicos E Petroquímicos,46,2572.93
Itapetininga,,Camareiro  De Hotel,46,1739.29
Itu,,Trabalhador Da Avicultura De Corte,46,1608.79
Americana,,Instalador-Reparador De Redes Telefônicas E De Comunicação De Dados,46,2007.31
Itu,,Professor De Direito Do Ensino Superior,46,2688.89
Itu,,Professor De Nível Médio Na Educação Infantil,46,2901.66
Araçariguama,,Porteiro De Edifícios,46,2014.49
Americana,,Gesseiro,46,1741.08
Porto Feliz,,Auxiliar De Manutenção Predial,46,2213.29
Pindamonhangaba,,Pedreiro (Material Refratário),46,3314.09
Pindamonhangaba,,Cirurgião Dentista - Clínico Geral,46,10844.72
Boituva,,Montador De Estruturas Metálicas,46,2152.24
Araçatuba,,Auxiliar De Produção Farmacêutica,45,1732.19
Piedade,,Atendente De Farmácia - Balconista,45,1881.1
Boituva,,Operador De Torno Com Comando Numérico,45,3138.46
Araçatuba,,Operador De Telemarketing Ativo,45,1847.42
Cabreúva,,Trefilador De Borracha,45,1995.25
Itapeva,,Soldador,45,2141.64
Ibiúna,,Tratorista Agrícola,45,1966.52
Itu,,Professor De Nível Médio No Ensino Fundamental,45,3239.14
Cerquilho,,Supervisor Administrativo,45,4245.27
Araçatuba,,Escrevente,45,6356.05
Itupeva,,Promotor De Vendas Especializado,45,5361.55
Porto Feliz,,Trabalhador De Serviços De Limpeza E Conservação De Áreas Públicas,45,1521.88
Araçariguama,,Carregador (Veículos De Transportes Terrestres),45,3103.66
Pindamonhangaba,,Pintor De Obras,45,1961.14
Pindamonhangaba,,Técnico Em Radiologia E Imagenologia,45,3539.62
Araçatuba,,Trabalhador Da Cultura De Cana-De-Açúcar,45,1446.8
Americana,,Técnico Em Secretariado,45,2830.27
Itu,,Trabalhador Da Pecuária (Bovinos Corte),45,1773.18
Itapetininga,,Auxiliar De Laboratório De Análises Clínicas,45,1904.72
Americana,,Operador De Engomadeira De Urdume,45,2554.76
Americana,,Carregador (Armazém),45,1773.98
Americana,,Desenhista Projetista Mecânico,45,5127.03
Itapeva,,Gerente De Loja E Supermercado,44,4387.94
Pindamonhangaba,,Analista De Desenvolvimento De Sistemas,44,6639.06
Porto Feliz,,Ferramenteiro,44,5469.28
Araçoiaba da Serra,,Auxiliar De Manutenção Predial,44,1940.01
Boituva,,Costureiro Na Confecção Em Série,44,1704.32
Pindamonhangaba,,Atendente De Agência,44,2036.2
Itupeva,,Engenheiro De Produção,44,9820.5
Itu,,Gesseiro,44,1783.87
Americana,,"Montador De Máquinas, Motores E Acessórios (Montagem Em Série)",44,2230.32
Pindamonhangaba,,Expedidor De Mercadorias,44,2033.68
Itu,,Auxiliar Em Saúde Bucal,44,1609.73
Itu,,Desenhista Projetista Mecânico,44,5744.79
Porto Feliz,,Gerente De Produção E Operações,44,12498.14
Ibiúna,,"Mecânico De Manutenção De Automóveis, Motocicletas E Veículos Similares",44,1661.19
Cabreúva,,Técnico Em Segurança Do Trabalho,44,5647.52
Araçoiaba da Serra,,Encanador,44,2507.9
Cabreúva,,Laminador De Plástico,43,3385.9
Itupeva,,Auxiliar De Pessoal,43,1881.07
Itupeva,,Farmacêutico,43,3958.32
Porto Feliz,,Eletricista De Instalações,43,3617.76
Cabreúva,,Professor De Nível Superior Do Ensino Fundamental (Primeira A Quarta Série),43,3682.5
Ibiúna,,Gerente De Vendas,43,2883.26
Araçatuba,,Carregador (Veículos De Transportes Terrestres),43,1836.15
Araçoiaba da Serra,,Vigia,43,2133.2
Araçatuba,,Gerente Financeiro,43,5714.66
Pindamonhangaba,,Carteiro,43,4162.99
Americana,,Operador De Inspeção De Qualidade,43,2540.88
Araçariguama,,Trabalhador De Fabricação De Tintas,43,2665.8
Araçatuba,,Operador De Colheitadeira,43,3061.48
Araçatuba,,Jardineiro,43,1530.9
Macatuba,,Mecânico De Manutenção De Máquinas Agrícolas,43,3975.84
Itu,,Gerente De Recursos Humanos,43,9969.63
Itupeva,,Técnico Em Manutenção De Máquinas,43,2890.39
Macatuba,,"Lavadeiro, Em Geral",43,1872.88
Araçoiaba da Serra,,Cozinheiro Geral,43,1872.98
Piedade,,Gerente De Loja E Supermercado,43,3503.43
Ibiúna,,Enfermeiro,43,3193.72
Itapetininga,,Mecânico De Manutenção De Máquinas Agrícolas,43,4018.59
Ibiúna,,Técnico De Garantia Da Qualidade,43,4206.44
Itupeva,,Caldeireiro (Chapas De Ferro E Aço),43,2735.5
Araçatuba,,Operador De Telemarketing Ativo E Receptivo,43,3509.66
Americana,,Camareiro  De Hotel,43,1584.89
Araçatuba,,Professor De Direito Do Ensino Superior,43,5681.27
Araçariguama,,Soldador,43,2818
Porto Feliz,,Garçom,43,1975.64
Itupeva,,Técnico Mecânico,43,5135.54
Cerquilho,,Assistente De Vendas,43,2520.72
Itapetininga,,Jardineiro,43,1363.74
Itu,,Contínuo,43,1812.78
Ibiúna,,Supervisor De Vendas Comercial,43,3421.56
Porto Feliz,,Agente Comunitário De Saúde,43,2123.49
Itupeva,,Montador De Máquinas,43,3165.8
Itupeva,,Técnico De Manutenção Eletrônica,43,4000.13
Itu,,Operador De Acabamento (Indústria Gráfica),43,1931.89
Itu,,Rebarbador De Metal,43,2523.19
Ibiúna,,Vendedor Em Comércio Atacadista,43,2539.22
Pindamonhangaba,,Pintor De Veículos (Fabricação),43,2282.56
Piedade,,Operador De Processos Químicos E Petroquímicos,43,2297.22
Americana,,Advogado,43,5871.75
Itapetininga,,Instalador De Tubulações,43,5035.47
Americana,,Operador De Maçaroqueira,42,1694.86
Cabreúva,,Encarregado De Acabamento De Chapas E Metais  (Têmpera),42,4797.62
Itapetininga,,Vidraceiro,42,1579.23
Pindamonhangaba,,Recepcionista De Hotel,42,1606.91
Araçoiaba da Serra,,Supervisor Administrativo,42,4161.44
Itu,,Chefe De Cozinha,42,2682.44
Itupeva,,"Pintor, A  Pistola (Exceto Obras E Estruturas Metálicas)",42,2524.86
Americana,,Técnico Em Manutenção De Máquinas,42,5297.3
Itupeva,,Cronoanalista,42,6537.9
Araçoiaba da Serra,,Frentista,42,2082.78
Araçariguama,,Auxiliar Geral De Conservação De Vias Permanentes (Exceto Trilhos),42,1985.62
Itu,,Supervisor De Almoxarifado,42,5506.56
Americana,,Esteticista,42,1657.58
Americana,,Engenheiro De Controle De Qualidade,42,11540.43
Boituva,,Encarregado De Acabamento De Chapas E Metais  (Têmpera),42,4724.43
Itapetininga,,Cuidador De Idosos,42,1546.32
Porto Feliz,,Supervisor De Vendas Comercial,42,6613.01
Itapetininga,,Operador De Máquinas De Beneficiamento De Produtos Agrícolas,42,2448.57
Pindamonhangaba,,Zelador De Edifício,42,1908.9
Boituva,,Tratorista Agrícola,42,2600.87
Itapetininga,,Técnico Em Radiologia E Imagenologia,42,3630.45
Porto Feliz,,Administrador,42,6282.65
Araçatuba,,Operador De Inspeção De Qualidade,42,1874.4
Itu,,Gerente De Projetos E Serviços De Manutenção,42,10130.13
Itapeva,,Mecânico De Veículos Automotores A Diesel (Exceto Tratores),42,2580.12
Pindamonhangaba,,Gerente De Vendas,42,6853.16
Araçoiaba da Serra,,Tratorista Agrícola,42,2021.61
Boituva,,Gerente Comercial,42,5572.06
Itu,,"Eletricista De Instalações (Veículos Automotores E Máquinas Operatrizes, Exceto Aeronaves E Embarcações)",42,2849.9
Americana,,Banhista De Animais Domésticos,42,1486.08
Itu,,Trabalhador Volante Da Agricultura,42,1283.05
Itapetininga,,Sócioeducador,42,4367.12
Araçatuba,,Inspetor De Alunos De Escola Pública,42,2886.07
Itupeva,,Servente De Obras,41,2109.61
Itapeva,,Carregador (Veículos De Transportes Terrestres),41,1650.21
Cabreúva,,Tecnólogo Em Logística De Transporte,41,3591.5
Itapeva,,Administrador,41,4708.35
Itapeva,,Apontador De Produção,41,2297.68
Itu,,Pintor De Estruturas Metálicas,41,3226.75
Cerquilho,,Operador De Telemarketing Receptivo,41,1850.25
Cabreúva,,Supervisor De Vendas Comercial,41,8783.56
Itupeva,,Gerente De Pesquisa E Desenvolvimento (P&D),41,12213.23
Americana,,Técnico De Rede (Telecomunicações),41,3108.63
Itapeva,,Auxiliar De Contabilidade,41,1915.24
Pindamonhangaba,,Técnico De Vendas,41,12184.32
Itu,,"Eletrotécnico Na Fabricação, Montagem E Instalação De Máquinas E Equipamentos",41,4793.64
Porto Feliz,,Professor De Ensino Superior Na Área De Didática,41,1066.61
Macatuba,,Técnico De Laboratório Industrial,41,3156.09
Itapetininga,,Costureira De Reparação De Roupas,41,1248.84
Americana,,Chefe De Cozinha,41,2572.18
Itapetininga,,Copeiro,41,1302.32
Americana,,Copeiro De Hospital,41,1628.44
Itapeva,,Estoquista,41,1523.66
Ibiúna,,Padeiro,41,2224.14
Itapetininga,,"Mecânico De Manutenção De Máquinas Cortadoras De Grama, Roçadeiras, Motosserras E Similares",41,6430.45
Cerquilho,,Operador De Equipamentos De Refinação De Açúcar (Processo Contínuo),41,3407.95
Charqueada,,Costureiro Na Confecção Em Série,41,1407.08
Porto Feliz,,Motorista De Ônibus Urbano,41,1783
Itapetininga,,Operador De Máquina De Fabricar Papel E Papelão,41,1715.48
Itapetininga,,Instrutor De Cursos Livres,41,1444.89
Itupeva,,"Revestidor De Interiores (Papel, Material Plástico E Emborrachados)",41,4910.59
Boituva,,Padeiro,41,2195.27
Araçatuba,,Professor De Ciências Biológicas Do Ensino Superior,41,4455.03
Piedade,,Auxiliar De Contabilidade,41,1878.83
Itapetininga,,Contínuo,41,1593.42
Araçariguama,,Conferente Mercadoria (Exceto Carga E Descarga),40,2082.02
Araçatuba,,Operador De Estação De Tratamento De Água E Efluentes,40,2755.14
Americana,,Analista De Exportação E Importação,40,5186.84
Ibiúna,,Auxiliar De Manutenção Predial,40,1959.86
Araçoiaba da Serra,,Técnico De Garantia Da Qualidade,40,3559.18
Itapeva,,Assistente De Vendas,40,2125.52
Pindamonhangaba,,Técnico Eletricista,40,7804.9
Pindamonhangaba,,Professor De Língua Inglesa,40,1276.89
Pindamonhangaba,,Serralheiro,40,2090.26
Americana,,"Operador De Produção (Química, Petroquímica E Afins)",40,2750.24
Araçatuba,,Vidraceiro,40,2079.28
Itupeva,,Pintor De Obras,40,1947.03
Itapetininga,,Professor De Disciplinas Pedagógicas No Ensino Médio,40,2330.94
Araçatuba,,Vendedor Pracista,40,2515.53
Itapetininga,,Operador De Motosserra,40,2067.92
Cabreúva,,Trabalhador Agropecuário Em Geral,40,1593.59
Itupeva,,Técnico De Manutenção Elétrica,40,5431.07
Pindamonhangaba,,Engenheiro Civil,40,8601
Itu,,Analista De Negócios,40,5398.71
Porto Feliz,,Armazenista,40,2806.83
Itu,,Pintor De Obras,40,2222.38
Boituva,,Operador De Cristalização Na Refinação De Açucar,40,3113.92
Itapeva,,Supervisor De Vendas Comercial,40,3735
Araçatuba,,Biomédico,40,3526.64
Americana,,Auxiliar De Cartório,40,1962.43
Americana,,Programador De Máquinas - Ferramenta Com Comando Numérico,40,4323.78
Araçariguama,,Forneiro E Operador (Refino De Metais Não-Ferrosos),40,3249.54
Araçatuba,,Auxiliar De Logistica,40,1831.93
Americana,,Operador De Calandras (Tecidos),40,2115.18
Araçatuba,,Professor Da  Educação De Jovens E Adultos Do Ensino Fundamental (Primeira A Quarta Série),40,2384.41
Araçariguama,,Técnico Químico,40,5489.05
Americana,,Encarregado De Manutenção Mecânica De Sistemas Operacionais,40,6125.81
Cerquilho,,Enfermeiro,40,4794.2
Pindamonhangaba,,Preparador De Estruturas Metálicas,40,1046.56
Americana,,Instrutor De Cursos Livres,39,1614.15
Americana,,Cirurgião Dentista - Clínico Geral,39,6103.64
Porto Feliz,,Gerente De Loja E Supermercado,39,3206.42
Pindamonhangaba,,Instrutor De Aprendizagem E Treinamento Industrial,39,7124.32
Itapetininga,,Trabalhador Da Pecuária (Bovinos Corte),39,1686.33
Cabreúva,,Auxiliar De Contabilidade,39,2877.6
Piedade,,Produtor Na Olericultura De Frutos E Sementes,39,1428.7
Boituva,,Economista Financeiro,39,4731.2
Piedade,,Almoxarife,39,2087.02
Boituva,,Vendedor Em Comércio Atacadista,39,3171.19
Cabreúva,,"Operador De Produção (Química, Petroquímica E Afins)",39,2049.44
Ibiúna,,Salgador De Alimentos,39,2938.49
Itu,,Galvanizador,39,2153.82
Americana,,Desenhista Projetista De Arquitetura,39,2434.66
Araçatuba,,Apontador De Produção,39,2531.33
Itu,,Eletrotécnico,39,2478.64
Itapetininga,,Secretária(O) Executiva(O),39,1887.41
Itupeva,,Prensista (Operador De Prensa),39,2252.74
Americana,,Inspetor De Alunos De Escola Privada,39,1684.27
Itu,,Armador De Estrutura De Concreto,39,2735.94
Pindamonhangaba,,"Trefilador De Metais, À Máquina",39,3873.95
Porto Feliz,,Operador De Máquinas-Ferramenta Convencionais,39,2500.88
Itu,,Técnico Em Manutenção De Equipamentos De Informática,39,1947.01
Pindamonhangaba,,Instrutor De Cursos Livres,39,1118.88
Itapetininga,,Professor Da  Educação De Jovens E Adultos Do Ensino Fundamental (Primeira A Quarta Série),39,1590.92
Araçatuba,,Gerente De Operação De Tecnologia Da Informação,39,8344.92
Americana,,Professor De Nível Superior Na Educação Infantil (Zero A Três Anos),39,1983.46
Pindamonhangaba,,Técnico Químico,39,4749.7
Piedade,,Gerente Comercial,39,4663.57
Ibiúna,,Servente De Obras,39,1545.09
Cerquilho,,Eletricista De Manutenção Eletroeletrônica,39,3343.76
Boituva,,Vendedor Pracista,39,9726.17
Americana,,Ferramenteiro,39,5258.11
Ibiúna,,Cuidador De Idosos,39,1483.65
Macatuba,,Porteiro De Edifícios,39,1419.85
Itapetininga,,Técnico De Planejamento De Produção,39,4501.5
Araçatuba,,Nutricionista,39,3096.25
Itu,,Cumim,39,1289.13
Itapetininga,,Supervisor De Exploração Agrícola,39,4145.22
Araçariguama,,Gerente De Produção E Operações,38,12633.44
Pindamonhangaba,,Galvanizador,38,2409.66
Itupeva,,Analista De Suporte Computacional,38,4316.73
Pindamonhangaba,,Gerente De Projetos E Serviços De Manutenção,38,17234.03
Itapeva,,Auxiliar De Manutenção Predial,38,1675.86
Itupeva,,Gerente De Recursos Humanos,38,9948.21
Cerquilho,,Supervisor De Exploração Agrícola,38,4581.27
Porto Feliz,,Trabalhador Da Suinocultura,38,2259.51
Itu,,Secretária(O) Executiva(O),38,4850.6
Porto Feliz,,Analista De Recursos Humanos,38,4594.26
Itapetininga,,Auxiliar De Farmácia De Manipulação,38,1800.48
Itapeva,,Técnico Em Radiologia E Imagenologia,38,3463.07
Macatuba,,Atendente De Lojas E Mercados,38,1431.58
Cabreúva,,Serralheiro,38,2292.18
Araçatuba,,Técnico De Manutenção De Sistemas E Instrumentos,38,3063.63
Itu,,Ajudante De Confecção,38,1497.34
Itapetininga,,Armador De Estrutura De Concreto Armado,38,2122.11
Itapeva,,Armazenista,38,1685.44
Cabreúva,,Auxiliar De Logistica,38,2047.69
Piedade,,Recepcionista De Consultório Médico Ou Dentário,38,1564.02
Itupeva,,Auxiliar Em Saúde Bucal,38,1756.78
Americana,,Dirigente Do Serviço Público Municipal,38,10667.46
Araçatuba,,Operador De Máquina De Dobrar Chapas,38,2024.39
Cabreúva,,Gerente Comercial,38,8912.68
Cabreúva,,Motofretista,38,1696.94
Boituva,,Motorista De Furgão Ou Veículo Similar,38,2526.12
Cerquilho,,Gerente De Loja E Supermercado,38,3915.86
Araçariguama,,Forneiro De Fundição (Forno De Redução),38,3289.85
Americana,,Educador Social,38,2009.98
Araçatuba,,Tecnólogo Em Logística De Transporte,38,2835.51
Cerquilho,,Auxiliar De Corte (Preparação Da Confecção De Roupas),38,1351.38
Itapetininga,,Serralheiro,37,1920.76
Itu,,Operador De Máquina De Costura De Acabamento,37,1443.44
Americana,,Instalador De Som E Acessórios De Veículos,37,2005.8
Cabreúva,,Supervisor De Logística,37,7821.52
Itupeva,,Cumim,37,1739.3
Boituva,,Auxiliar De Desenvolvimento Infantil,37,1415.95
Pindamonhangaba,,Instrutor De Aprendizagem E Treinamento Comercial,37,5421.65
Araçariguama,,Tecnólogo Em Logística De Transporte,37,3603.49
Porto Feliz,,Enfermeiro,37,5697.79
Itapeva,,Telhador (Telhas Plásticas),37,1467.73
Americana,,"Lavadeiro, Em Geral",37,1735.14
Cerquilho,,Vendedor Em Comércio Atacadista,37,2181.31
Porto Feliz,,"Operador De Máquinas De Fabricação De Doces, Salgados E Massas Alimentícias",37,2549.69
Cerquilho,,Recepcionista De Consultório Médico Ou Dentário,37,1650.06
Itapetininga,,Auxiliar De Enfermagem,37,2075.03
Ibiúna,,Escriturário De Banco,37,8470.84
Itu,,Encanador,37,2042.6
Dourado,,Operador De Inspeção De Qualidade,37,2903.96
Boituva,,Mestre (Construção Civil),37,4254.56
Americana,,Gerente De Projetos De Tecnologia Da Informação,37,9960.19
Itapetininga,,Estoquista,37,1731.91
Itu,,Instrutor De Aprendizagem E Treinamento Industrial,37,6220.85
Araçatuba,,Montador De Estruturas Metálicas,37,1863.7
Araçatuba,,Técnico Em Farmácia,37,2120.13
Itu,,Supervisor De Tesouraria,37,7194.41
Itapetininga,,Professor De Nível Superior Na Educação Infantil (Quatro A Seis Anos),37,2015.56
Pindamonhangaba,,Técnico Em Patologia Clínica,37,3013.45
Araçariguama,,Jardineiro,37,1541.98
Americana,,Professor De Língua Inglesa,37,4113.6
Araçariguama,,Analista De Logistica,37,3770.9
Itupeva,,Montador De Veículos (Linha De Montagem),37,2066.86
Araçariguama,,Operador De Caminhão (Minas E Pedreiras),37,3497.06
Americana,,Médico Clínico,37,14492.39
Ibiúna,,Professor De Nível Médio Na Educação Infantil,37,1597.06
Americana,,Operador De Escavadeira,37,3250.64
Araçariguama,,Gerente Administrativo,37,5617.42
Cerquilho,,Supervisor De Vendas Comercial,37,3204.05
Araçatuba,,Agente De Vendas De Serviços,37,2863.53
Porto Feliz,,Operador De Máquinas De Beneficiamento De Produtos Agrícolas,37,2605.28
Itu,,Forneiro E Operador (Alto-Forno),37,2002.41
Itapetininga,,Auxiliar De Logistica,37,1791.38
Pindamonhangaba,,Armador De Estrutura De Concreto Armado,36,1791.96
Americana,,Cumim,36,1634.28
Macatuba,,Técnico De Enfermagem,36,2180.25
Americana,,Químico,36,9357.33
Americana,,Motorista Operacional De Guincho,36,3381.03
Itu,,Operador De Centro De Usinagem Com Comando Numérico,36,3565.35
Itupeva,,Mestre De Produção Química,36,7568.69
Americana,,Instalador De Tubulações,36,2284.56
Itu,,Cobrador Interno,36,2047.17
Araçatuba,,Analista De Negócios,36,4978.56
Itapeva,,"Operador De Máquinas Fixas, Em Geral",36,2242.57
Itapeva,,Operador De Betoneira,36,1942.14
Boituva,,Jardineiro,36,1660.78
Cerquilho,,Auxiliar De Logistica,36,1988.64
Araçatuba,,Professor De Ensino Superior Na Área De Orientação Educacional,36,7223.78
Porto Feliz,,Operador De Escavadeira,36,2108.48
Cabreúva,,Operador Eletromecânico,36,4997.59
Porto Feliz,,Gerente De Vendas,36,9839.39
Itapetininga,,Operador De Máquina De Dobrar Chapas,36,2238.1
Itu,,Promotor De Vendas Especializado,36,3877.16
Araçariguama,,Auxiliar De Lavanderia,36,31.12
Itupeva,,Gerente De Projetos E Serviços De Manutenção,36,10377.96
Americana,,Professores De Cursos Livres,36,3796.34
Itu,,Gerente De Projetos De Tecnologia Da Informação,36,9088.76
Cabreúva,,Marceneiro,36,1890.68
Itu,,Comerciante Varejista,36,2603.71
Itapetininga,,Coordenador Pedagógico,36,3432.99
Porto Feliz,,Impressor Tipográfico,36,4288.96
Itapetininga,,Caixa De Banco,36,2750.53
Ibiúna,,Comerciante Varejista,36,1486
Pindamonhangaba,,Mestre (Indústria De Máquinas E Outros Equipamentos Mecânicos),36,11243.03
Americana,,Supervisor De Telemarketing E Atendimento,36,3332.77
Pindamonhangaba,,Operador De Draga,35,2181.18
Itupeva,,Analista De Pesquisa De Mercado,35,2960.87
Araçatuba,,Copeiro De Hospital,35,1557.72
Cabreúva,,Inspetor De Alunos De Escola Pública,35,1264.47
Americana,,Trabalhador Agropecuário Em Geral,35,1622.45
Araçatuba,,Expedidor De Mercadorias,35,2004.95
Americana,,Mestre De Soldagem,35,2345.69
Itapetininga,,Auxiliar Em Saúde Bucal,35,1468.57
Porto Feliz,,Técnico Químico,35,6391.85
Araçatuba,,Técnico Eletrônico,35,3442.41
Cabreúva,,Técnico Em Eletromecânica,35,5803.84
Itu,,Cabeleireiro,35,1524.26
Americana,,Técnico De Desporto Individual E Coletivo (Exceto Futebol),35,3819.55
Dourado,,Trabalhador Da Avicultura De Postura,35,1427.03
Itu,,Atendente Comercial (Agência Postal),35,2086.23
Americana,,Cobrador Externo,35,2076.8
Porto Feliz,,Técnico Em Segurança Do Trabalho,35,4602.22
Americana,,Atendente De Agência,35,3165.09
Araçariguama,,Técnico De Garantia Da Qualidade,35,4646.4
Ibiúna,,"Mecânico De Manutenção De Máquinas, Em Geral",35,3654.81
Itupeva,,Montador De Equipamentos Elétricos,35,3733.52
Boituva,,Farmacêutico,35,4319.5
Americana,,Auxiliar De Laboratório De Análises Físico-Químicas,35,3519.86
Porto Feliz,,Tratador De Animais,35,2377.43
Cerquilho,,Encarregado De Costura Na Confecção Do Vestuário,35,2028.05
Cabreúva,,Preparador De Máquinas-Ferramenta,35,3363.53
Itupeva,,Agente Comunitário De Saúde,35,2928.01
Itupeva,,Impressor Flexográfico,35,3782.36
Boituva,,Auxiliar De Manutenção Predial,35,1774.72
Pindamonhangaba,,Técnico Em Saúde Bucal,35,2579.98
Itapetininga,,Caminhoneiro Autônomo (Rotas Regionais E Internacionais),35,3734.29
Boituva,,Técnico Eletrônico,35,3531.65
Cerquilho,,Contador,35,7952.79
Araçoiaba da Serra,,Promotor De Vendas Especializado,35,6100.57
Itapetininga,,Marceneiro,35,1574.21
Araçatuba,,Professor De Economia,35,4427.89
Araçariguama,,Pedreiro,35,1640.93
Macatuba,,Operador De Colheitadeira,35,3701.31
Itapetininga,,Técnico Químico,35,5946.04
Americana,,Fonoaudiólogo Geral,35,3102.66
Itu,,Operador De Máquinas De Construção Civil E Mineração,35,2241.4
Araçatuba,,Gerente De Operações De Serviços De Assistência Técnica,35,6011.38
Itu,,Chefe De Serviço De Transporte Rodoviário (Passageiros E Cargas),35,4455.31
Americana,,Engenheiro De Produção,35,9955.93
Itupeva,,Técnico De Vendas,35,8312.99
Itu,,Garagista,35,2133.06
Ibiúna,,Oleiro (Fabricação De Tijolos),35,1408.09
Americana,,Operador De Telemarketing Ativo E Receptivo,35,1328.54
Araçatuba,,Motorista Operacional De Guincho,35,2659.11
Itu,,Montador De Bicicletas,35,1905.28
Porto Feliz,,Escriturário De Banco,35,6354.49
Itupeva,,Trabalhador Da Elaboração De Pré-Fabricados (Concreto Armado),35,1748.54
Araçatuba,,Técnico De Vendas,35,4038.36
Ibiúna,,Operador De Central Hidrelétrica,35,15577.76
Itupeva,,Engenheiro Mecânico,34,9571.25
Araçoiaba da Serra,,Açougueiro,34,2040.09
Americana,,Desenhista Técnico,34,2324.94
Piedade,,Assistente De Vendas,34,2250.77
Ibiúna,,Trabalhador No Cultivo De Flores Em Vaso,34,1389.74
Americana,,Montador De Equipamentos Elétricos,34,2076.08
Americana,,Engenheiros De Sistemas Operacionais Em Computação,34,6771.85
Itapetininga,,Auxiliar De Faturamento,34,2087.36
Araçatuba,,Supervisor De Tesouraria,34,4420.67
Cabreúva,,Operador De Laminador,34,3550.23
Americana,,Biomédico,34,3544.46
Cerquilho,,Técnico De Planejamento De Produção,34,3042.88
Itupeva,,Serralheiro,34,2341.22
Americana,,Operador Eletromecânico,34,3504.66
Itupeva,,Lavador De Veículos,34,1828.77
Itapetininga,,Supervisor De Produção Da Indústria Alimentícia,34,6835.91
Porto Feliz,,Auxiliar De Contabilidade,34,2290.01
Dourado,,"Recepcionista, Em Geral",34,1650.18
Americana,,Engenheiro Civil,34,6187.33
Itapetininga,,Operador De Negócios,34,1387.69
Pindamonhangaba,,Auxiliar Em Saúde Bucal,34,1415.12
Pindamonhangaba,,Babá,34,1486.91
Cerquilho,,"Tecelão De Malhas, A  Máquina",34,1717.51
Araçatuba,,Analista Financeiro (Instituições Financeiras),34,2928.27
Araçatuba,,Operador De Telemarketing Receptivo,34,1496.85
Araçariguama,,Eletricista De Manutenção Eletroeletrônica,34,4381.29
Itu,,Gerente De Marketing,34,10721.57
Araçariguama,,"Embalador, A Mão",34,1337.58
Pindamonhangaba,,Motorista De Ônibus Rodoviário,34,2569.08
Ibiúna,,Auxiliar De Contabilidade,34,2626.57
Itapeva,,Professor De Nível Superior Do Ensino Fundamental (Primeira A Quarta Série),34,2690.75
Itapetininga,,Instrutor De Aprendizagem E Treinamento Comercial,34,4604.1
Americana,,Montador De Equipamentos Eletrônicos,34,2541.09
Itu,,Gerente De Produção E Operações Agropecuárias,34,4037.97
Itu,,Soldador Elétrico,34,4193.71
Cerquilho,,Gerente De Produção E Operações,34,7370.8
Itapeva,,Gerente De Contas - Pessoa Física E Jurídica,34,4956.77
Araçatuba,,Gerente De Departamento Pessoal,34,3759.95
Pindamonhangaba,,Analista De Suporte Computacional,34,5287.76
Araçariguama,,Vigia,34,2150.84
Americana,,Carpinteiro,34,1796.1
Dourado,,Auxiliar Nos Serviços De Alimentação,34,1775.72
Itapetininga,,Carteiro,34,4334.49
Araçariguama,,Comprador,34,4057.05
Itupeva,,Tratorista Agrícola,34,2242.3
Pindamonhangaba,,Comerciante Varejista,34,1903.15
Pindamonhangaba,,Confeiteiro,34,1638.25
Itapetininga,,Encarregado De Costura Na Confecção Do Vestuário,34,2188.29
Itu,,Trabalhador Da Pecuária (Eqüinos),34,2166.69
Boituva,,Escriturário De Banco,34,7966.8
Ibiúna,,Marceneiro,34,1604.64
Porto Feliz,,Marceneiro,33,2315.41
Araçatuba,,Guardador De Veículos,33,1526.33
Boituva,,Professor De Nível Superior Na Educação Infantil (Quatro A Seis Anos),33,2569.83
Cabreúva,,Impressor Flexográfico,33,3744.62
Pindamonhangaba,,Jardineiro,33,1586.18
Piedade,,Supervisor Administrativo,33,4331.08
Itu,,Mestre (Indústria De Borracha E Plástico),33,5240.91
Itupeva,,Supervisor De Carga E Descarga,33,3725.02
Pindamonhangaba,,Orientador Educacional,33,3010.69
Itapeva,,Operador De Caminhão (Minas E Pedreiras),33,2136.69
Itupeva,,Gerente De Logística (Armazenagem E Distribuição),33,8291.96
Itupeva,,Tecnólogo Em Telecomunicações,33,677.06
Pindamonhangaba,,Inspetor De Alunos De Escola Privada,33,1650.93
Itapetininga,,Professor De Ciências Biológicas Do Ensino Superior,33,1732.36
Americana,,Controlador De Pragas,33,2336.49
Ibiúna,,"Operador De Máquinas Fixas, Em Geral",33,1968.07
Itu,,Forjador,33,1499.77
Boituva,,Moldador De Borracha Por Compressão,33,1654.21
Americana,,Psicólogo Social,33,3789.37
Boituva,,Copeiro,33,1536.59
Porto Feliz,,Montador De Móveis E Artefatos De Madeira,33,2314.11
Itapetininga,,Operador De Escavadeira,33,3389.9
Araçatuba,,Fiscal De Loja,33,1770.75
Araçatuba,,Cuidador De Idosos,33,1180.27
Americana,,Professor De Ciências Exatas E Naturais Do Ensino Fundamental,33,4701.08
Cabreúva,,"Mecânico De Manutenção De Automóveis, Motocicletas E Veículos Similares",33,1974.06
Americana,,Orientador Educacional,33,4005.69
Ibiúna,,Montador De Móveis E Artefatos De Madeira,33,2035.88
Americana,,Técnico Em Atendimento E Vendas,33,2897.05
Itapetininga,,Carregador (Armazém),33,1836.64
Araçatuba,,Fonoaudiólogo Geral,33,3263.09
Ibiúna,,Motorista De Carro De Passeio,33,2264.9
Cabreúva,,Administrador,33,3783.37
Itapeva,,Trabalhador No Cultivo De Mudas,33,2203.74
Itupeva,,"Operador De Máquinas De Fabricação De Doces, Salgados E Massas Alimentícias",33,2222.73
Americana,,Cortador De Pedras,33,2755.81
Itapetininga,,Professor De Nível Médio Na Educação Infantil,33,2292.48
Boituva,,Técnico De Garantia Da Qualidade,33,4503.36
Pindamonhangaba,,Técnico De Apoio Em Pesquisa E Desenvolvimento (Exceto Agropecuário E Florestal),32,8537.96
Araçatuba,,Instrutor De Cursos Livres,32,1667.85
Dourado,,Guia De Turismo,32,1613.81
Americana,,Organizador De Evento,32,728.42
Itu,,Técnico Mecânico,32,4506.82
Cerquilho,,Metrologista,32,2612.1
Itupeva,,Impressor Digital,32,3549.83
Cerquilho,,Escriturário De Banco,32,7595.84
Charqueada,,Trabalhador Agropecuário Em Geral,32,1592.04
Americana,,"Operador De Utilidade (Produção E Distribuição De Vapor, Gás, Óleo, Combustível, Energia, Oxigênio)",32,3609
Americana,,Professor Leigo No Ensino Fundamental,32,1839.66
Dourado,,Camareiro  De Hotel,32,1669.63
Araçoiaba da Serra,,Montador De Andaimes (Edificações),32,2603.51
Itupeva,,Armador De Estrutura De Concreto Armado,32,1963.58
Araçariguama,,Fundidor De Metais,32,1835.9
Itu,,Tratador De Animais,32,2056.77
Itupeva,,Zelador De Edifício,32,2396.65
Araçatuba,,Funileiro Industrial,32,2090.69
Porto Feliz,,Promotor De Vendas Especializado,32,5284.83
Boituva,,Motorista De Carro De Passeio,32,2235.67
Ibiúna,,Gerente Comercial,32,3990.18
Araçatuba,,Técnico De Laboratório Industrial,32,2479.27
Itapetininga,,Inspetor De Alunos De Escola Privada,32,1422.33
Pindamonhangaba,,Engenheiro De Controle De Qualidade,32,12914.14
Itupeva,,Operador De Caldeira,32,3072.16
Itapetininga,,Professor De Ciências Exatas E Naturais Do Ensino Fundamental,32,3179.26
Itu,,Funileiro De Veículos (Reparação),32,3002.05
Araçatuba,,Técnico De Obras Civis,32,2510.8
Araçoiaba da Serra,,Expedidor De Mercadorias,32,2135.82
Americana,,Guardador De Veículos,32,2405.03
Piedade,,Técnico De Enfermagem,32,1994.62
Boituva,,Agente Fiscal De Qualidade,32,6524.05
Americana,,Professor Prático No Ensino Profissionalizante,32,1885.02
Porto Feliz,,Técnico De Garantia Da Qualidade,32,4925.88
Itupeva,,Encarregado De Manutenção Mecânica De Sistemas Operacionais,32,7267.37
Boituva,,Gerente De Contas - Pessoa Física E Jurídica,32,4859.21
Pindamonhangaba,,Professor De Ciências Exatas E Naturais Do Ensino Fundamental,32,2606.43
Americana,,Mestre De Produção Química,32,7346.11
Itapeva,,Técnico Em Segurança Do Trabalho,32,3803.48
Itu,,Conferente Mercadoria (Exceto Carga E Descarga),32,2286.46
Araçatuba,,Preparador Físico,32,1632.33
Itu,,Caixa De Banco,32,3593.43
Itapetininga,,Lavador De Veículos,32,1656.62
Americana,,Professor De Nível Superior Na Educação Infantil (Quatro A Seis Anos),32,2854.19
Pindamonhangaba,,Preparador Físico,32,1429.15
Itupeva,,Recreador,32,1074.87
Boituva,,Desenhista Projetista Mecânico,32,4266.34
Itupeva,,Técnico Em Manutenção De Equipamentos De Informática,32,1439.03
Araçatuba,,Técnico Agrícola,32,6439.31
Araçatuba,,Operador De Escavadeira,32,2007.62
Americana,,Inspetor De Serviços De Transportes Rodoviários (Passageiros E Cargas),32,4719.16
Americana,,Impressor De Ofsete (Plano E Rotativo),32,3214.68
Itapetininga,,Pizzaiolo,32,1585.36
Ibiúna,,Jardineiro,32,1556.67
Boituva,,Analista De Suporte Computacional,32,5006.87
Boituva,,Auxiliar Em Saúde Bucal,32,1360.94
Itu,,Pizzaiolo,31,2008.43
Itapetininga,,Auxiliar De Cartório,31,3586.38
Itu,,Auxiliar De Cartório,31,1763.23
Araçatuba,,Pizzaiolo,31,1746.85
Boituva,,Gerente De Marketing,31,10633.19
Pindamonhangaba,,Psicólogo Clínico,31,4075.75
Itu,,Balanceiro,31,1848.03
Araçatuba,,Recreador,31,2318.85
Itapetininga,,Retalhador De Carne,31,1683.07
Porto Feliz,,Rebarbador De Metal,31,2740.08
Pindamonhangaba,,Operador De Lingotamento,31,5432.59
Americana,,Técnico Em Mecatrônica - Automação Da Manufatura,31,6218
Americana,,Mestre (Indústria De Máquinas E Outros Equipamentos Mecânicos),31,5079.53
Americana,,Modelista De Roupas,31,3076.15
Itapeva,,Motorista De Ônibus Rodoviário,31,2537.67
Cerquilho,,Professor De Nível Superior Do Ensino Fundamental (Primeira A Quarta Série),31,3633.8
Itu,,Recebedor De Apostas (Loteria),31,1343.07
Araçariguama,,Técnico De Manutenção Elétrica,31,2715.98
Itapetininga,,"Eletricista De Instalações (Veículos Automotores E Máquinas Operatrizes, Exceto Aeronaves E Embarcações)",31,2392.15
Cerquilho,,Gerente De Contas - Pessoa Física E Jurídica,31,6075.06
Itu,,Mecânico De Manutenção E Instalação De Aparelhos De Climatização E  Refrigeração,31,2723.99
Pindamonhangaba,,Desenvolvedor De Sistemas De Tecnologia Da Informação (Técnico),31,4465.95
Itu,,Operador De Negócios,31,1585.77
Americana,,Sushiman,31,2130.32
Boituva,,Retalhador De Carne,31,1838.64
Pindamonhangaba,,Agente De Vendas De Serviços,31,4078.59
Araçatuba,,Conferente Mercadoria (Exceto Carga E Descarga),31,2844.62
Itapetininga,,Operador De Compactadora De Solos,31,2664.79
Pindamonhangaba,,Encarregado Geral De Operações De Conservação De Vias Permanentes (Exceto Trilhos),31,2415.93
Itapeva,,Mecânico De Manutenção De Tratores,31,3784.2
Araçariguama,,Açougueiro,31,2032.93
Boituva,,Técnico De Suporte Ao Usuário De Tecnologia Da Informação,31,2653.67
Ibiúna,,Pedreiro,31,1989.81
Itu,,Técnico De Manutenção Eletrônica,31,1265.02
Piedade,,Auxiliar Nos Serviços De Alimentação,31,1577.85
Americana,,Garagista,31,1864.54
Pindamonhangaba,,Armador De Estrutura De Concreto,31,2222.34
Pindamonhangaba,,Caixa De Banco,31,3308.99
Boituva,,Advogado De Empresa,31,7095.47
Americana,,Supervisor De Almoxarifado,31,3764.81
Americana,,Tosador De Animais Domésticos,31,1519.79
Pindamonhangaba,,Professor De Ensino Superior Na Área De Prática De Ensino,31,1113.96
Boituva,,Operador De Negócios,31,8458.62
Pindamonhangaba,,Forneiro E Operador (Forno Elétrico),31,5026.34
Cabreúva,,Vendedor Em Comércio Atacadista,31,3329.78
Araçoiaba da Serra,,"Eletrotécnico Na Fabricação, Montagem E Instalação De Máquinas E Equipamentos",30,2934.61
Araçariguama,,Promotor De Vendas Especializado,30,1736.3
Americana,,Preparador De Sucata E Aparas,30,1657.06
Araçatuba,,Operador De Máquinas De Beneficiamento De Produtos Agrícolas,30,1926.35
Itapetininga,,Técnico Eletricista,30,4490.23
Itapeva,,"Lavadeiro, Em Geral",30,1552.54
Cerquilho,,Operador De Conicaleira,30,1430.29
Itapeva,,Costureiro Na Confecção Em Série,30,1270.52
Ibiúna,,Monitor De Transporte Escolar,30,762.33
Itu,,Motorista Operacional De Guincho,30,2367.81
Boituva,,Ajudante De Confecção,30,1559.01
Araçariguama,,Garçom,30,2631.84
Charqueada,,Montador De Equipamentos Eletrônicos (Aparelhos Médicos),30,3681.67
Americana,,Telefonista,30,1823.66
Pindamonhangaba,,Gerente De Recursos Humanos,30,11407.89
Americana,,Supervisor De Ensino,30,1688.16
Itapetininga,,Auxiliar De Lavanderia,30,1527.18
Itu,,Diretor Geral De Empresa E Organizações (Exceto De Interesse Público),30,27888.29
Cabreúva,,Pintor De Estruturas Metálicas,30,2484.01
Charqueada,,Assistente Administrativo,30,2506.21
Araçatuba,,Professor De Alunos Com Deficiência Mental,30,2222.4
Araçatuba,,"Operador De Forno (Fabricação De Pães, Biscoitos E Similares)",30,1953.15
Cabreúva,,Trabalhador Da Manutenção De Edificações,30,2118.55
Americana,,Técnico De Contabilidade,30,3712.85
Americana,,Tratorista Agrícola,30,1962.77
Americana,,Desenhista Industrial De Produto De Moda (Designer De Moda),30,2811.59
Americana,,Pizzaiolo,30,2067.6
Cabreúva,,Auxiliar De Manutenção Predial,30,2064.29
Boituva,,Supervisor De Produção Da Indústria Alimentícia,30,7036.97
Piedade,,Instalador De Linhas Elétricas De Alta E Baixa - Tensão (Rede Aérea E Subterrânea),30,3915.03
Itupeva,,Motofretista,30,1721.86
Araçariguama,,Encarregado De Acabamento De Chapas E Metais  (Têmpera),30,4755.99
Itapeva,,Auxiliar De Cartório,30,1949.87
Porto Feliz,,Comprador,30,4347.79
Cabreúva,,Preparador De Tintas,30,4336.11
Araçatuba,,Professor De Ciências Exatas E Naturais Do Ensino Fundamental,30,4691.31
Charqueada,,Faxineiro,30,1423.45
Porto Feliz,,Auxiliar De Faturamento,30,3316.9
Cerquilho,,Operador Polivalente Da Indústria Têxtil,30,1992.08
Itapetininga,,Trabalhador Da Avicultura De Corte,30,1325.28
Americana,,Operador De Estação De Tratamento De Água E Efluentes,30,2367.81
Itapeva,,Técnico De Manutenção Elétrica,30,4429.8
Dourado,,Tratorista Agrícola,30,2288.68
Itapeva,,Coordenador Pedagógico,30,4016.66
Americana,,Lavador De Roupas  A Maquina,30,1896.59
Pindamonhangaba,,Trabalhador Da Pecuária (Bovinos Leite),29,1466.46
Porto Feliz,,Operador De Caldeira,29,3497.64
Itu,,Professor De Língua Inglesa,29,2287.7
Pindamonhangaba,,Estoquista,29,1742.28
Pindamonhangaba,,Encarregado De Manutenção Mecânica De Sistemas Operacionais,29,9879.56
Porto Feliz,,Conferente De Carga E Descarga,29,2012.52
Porto Feliz,,Oleiro (Fabricação De Tijolos),29,1301.51
Araçoiaba da Serra,,Atendente De Lanchonete,29,1454.52
Cerquilho,,Conferente De Carga E Descarga,29,2130.52
Pindamonhangaba,,Carpinteiro,29,1808.08
Charqueada,,Oleiro (Fabricação De Tijolos),29,1897.19
Itapetininga,,Motorista Operacional De Guincho,29,3062.62
Boituva,,Garçom,29,1589.79
Cabreúva,,Farmacêutico,29,5826.73
Araçatuba,,Gerente De Agência,29,12222.24
Itapetininga,,Professor Instrutor De Ensino E Aprendizagem Em Serviços,29,1144.33
Itapeva,,Padeiro,29,1723.41
Piedade,,Carregador (Armazém),29,1774.5
Cerquilho,,Cortador De Roupas,29,1745
Charqueada,,Açougueiro,29,1881.9
Americana,,Tecelão (Tear Manual),29,1846.03
Araçatuba,,Técnico De Manutenção Eletrônica,29,2101.56
Itapetininga,,Vendedor Em Domicílio,29,2372.8
Itapeva,,Montador De Móveis E Artefatos De Madeira,29,1934.32
Itu,,Técnico De Apoio Em Pesquisa E Desenvolvimento (Exceto Agropecuário E Florestal),29,6465.84
Americana,,Passamaneiro A  Máquina,29,2057.51
Araçariguama,,Técnico Em Segurança Do Trabalho,29,4759.45
Cerquilho,,Auxiliar De Faturamento,29,3126.4
Cerquilho,,Operador De Colheitadeira,29,3291.57
Araçatuba,,Analista De Redes E De Comunicação De Dados,29,4727.97
Americana,,Barman,29,2090.88
Itapeva,,Lavador De Veículos,29,1466.49
Itapetininga,,Técnico Em Manutenção De Máquinas,29,4547.79
Americana,,Técnico Eletricista,29,4719.83
Porto Feliz,,Farmacêutico,29,4718.42
Piedade,,Auxiliar De Manutenção Predial,29,1867.61
Itu,,Analista De Transporte Em Comércio Exterior,29,4701.44
Boituva,,"Operador De Máquina De Usinagem Madeira, Em Geral",29,2147.25
Itupeva,,Analista De Exportação E Importação,29,5581.37
Pindamonhangaba,,Instalador De Tubulações,29,4859.04
Itupeva,,Técnico Em Plástico,29,4692.36
Araçatuba,,Supervisor De Almoxarifado,29,2867.25
Cabreúva,,Montador De Máquinas,29,4295.61
Americana,,"Trefilador De Metais, À Máquina",29,2659.37
Araçatuba,,Inspetor De Alunos De Escola Privada,29,1373.42
Porto Feliz,,Vendedor Em Comércio Atacadista,29,3879.01
Cabreúva,,Cronoanalista,29,6219.01
Americana,,Supervisor De Carga E Descarga,29,3985.57
Araçariguama,,Gesseiro,29,1745.27
Araçariguama,,Apontador De Produção,29,3371.42
Piedade,,Garçom,28,1731.14
Pindamonhangaba,,Operador De Escavadeira,28,3101.06
Americana,,"Pintor, A  Pistola (Exceto Obras E Estruturas Metálicas)",28,2293
Macatuba,,Babá,28,1329.58
Boituva,,Auxiliar De Pessoal,28,2285.47
Araçatuba,,Operador De Moenda Na Fabricação De Açúcar,28,3121.03
Itu,,Advogado,28,4497.04
Macatuba,,Oleiro (Fabricação De Tijolos),28,1450.68
Araçatuba,,Pintor De Veículos (Reparação),28,2234.14
Cerquilho,,Carregador (Armazém),28,1895.44
Americana,,Passadeira De Peças Confeccionadas,28,1636.39
Pindamonhangaba,,Operador De Vazamento,28,6728.61
Americana,,Recepcionista De Hotel,28,2026.6
Porto Feliz,,Operador De Centro De Usinagem Com Comando Numérico,28,3963.71
Itapetininga,,Tecnólogo Em Logística De Transporte,28,4028.52
Porto Feliz,,Engenheiro De Produção,28,12366
Pindamonhangaba,,Lavador De Veículos,28,2318.02
Araçatuba,,Técnico De Rede (Telecomunicações),28,2364.67
Araçoiaba da Serra,,Gerente Administrativo,28,3879.65
Cabreúva,,Agente Comunitário De Saúde,28,1919.34
Itu,,Analista De Exportação E Importação,28,5354.11
Boituva,,Motofretista,28,1841.56
Araçariguama,,Impressor De Ofsete (Plano E Rotativo),28,8429.32
Itu,,Professor De Educação Física Do Ensino Fundamental,28,1885.47
Americana,,Diretor Administrativo,28,9726.44
Itu,,Operador De Fresadora Com Comando Numérico,28,4483.1
Cabreúva,,Porteiro De Edifícios,28,1917.35
Araçoiaba da Serra,,Auxiliar De Logistica,28,2324.94
Araçatuba,,Operador De Retificadora Com Comando Numérico,28,2588.84
Itu,,Impressor De Ofsete (Plano E Rotativo),28,2656.68
Porto Feliz,,Cozinheiro Industrial,28,3138.1
Macatuba,,Supervisor De Exploração Agrícola,28,5585.04
Itapeva,,Fisioterapeuta Geral,28,3323.15
Itupeva,,Analista De Desenvolvimento De Sistemas,28,5925.91
Araçatuba,,Gerente De Pesquisa E Desenvolvimento (P&D),28,11886.41
Americana,,Projetista De Móveis,28,2223.51
Itu,,Analista De Logistica,28,3185.22
Porto Feliz,,Tecnólogo Em Logística De Transporte,28,2995.91
Porto Feliz,,Colorista Têxtil,28,1842.99
Porto Feliz,,Motorista De Carro De Passeio,28,2996.04
Cabreúva,,Mestre (Indústria De Borracha E Plástico),28,7129
Araçoiaba da Serra,,Atendente De Farmácia - Balconista,28,2183.69
Itu,,Supervisor De Crédito E Cobrança,28,3508.89
Itapeva,,Professor De Nível Médio No Ensino Fundamental,28,1351.06
Itupeva,,Desenhista Projetista Mecânico,28,4119.96
Araçariguama,,Auxiliar De Manutenção Predial,28,2080.94
Itupeva,,Preparador De Tintas,28,4746.97
Araçatuba,,Supervisor De Caixas E Bilheteiros (Exceto Caixa De Banco),28,2344.6
Americana,,"Moldador, A  Máquina",28,2340.86
Americana,,Eletrotécnico,28,4746.26
Americana,,Operador De Acabamento (Indústria Gráfica),28,2175.04
Americana,,Supervisor De Tesouraria,28,4443.66
Pindamonhangaba,,Técnico De Laminação Em Siderurgia,27,8812.8
Araçariguama,,Contador,27,5766.3
Itu,,Analista De Redes E De Comunicação De Dados,27,3471.47
Itu,,Lubrificador De Veículos Automotores (Exceto Embarcações),27,2023.22
Pindamonhangaba,,Cuidador De Idosos,27,1420.01
Cabreúva,,Jardineiro,27,1587.81
Cabreúva,,Supervisor De Produção Da Indústria Alimentícia,27,4434.1
Dourado,,Almoxarife,27,2002.09
Araçoiaba da Serra,,Assistente De Vendas,27,1990.4
Ibiúna,,Auxiliar De Faturamento,27,1762.13
Boituva,,Fiscal De Loja,27,1786.55
Boituva,,Armazenista,27,2733.97
Itu,,Cobrador Externo,27,3639.89
Itupeva,,Monitor De Transporte Escolar,27,1256.39
Itapetininga,,Funileiro Industrial,27,1711.34
Cerquilho,,Operador De Abertura (Fiação),27,1924.03
Porto Feliz,,Promotor De Vendas,27,2058.12
Itu,,Caseiro (Agricultura),27,1694.6
Itu,,Montador De Andaimes (Edificações),27,2445.11
Araçatuba,,Garagista,27,1627.8
Araçatuba,,Cumim,27,1628.14
Araçatuba,,Varredor De Rua,27,1355.87
Dourado,,Auxiliar De Manutenção Predial,27,2069.1
Boituva,,"Operador De Produção (Química, Petroquímica E Afins)",27,2124.95
Porto Feliz,,Operador De Estação De Tratamento De Água E Efluentes,27,3532.83
Araçatuba,,Operador De Pá Carregadeira,27,2098.67
Itu,,Desenhista Industrial Gráfico (Designer Gráfico),27,2968.68
Araçariguama,,Analista De Recursos Humanos,27,3564.3
Araçoiaba da Serra,,Desenvolvedor De Sistemas De Tecnologia Da Informação (Técnico),27,3653.13
Cerquilho,,Motorista De Carro De Passeio,27,2458.23
Cabreúva,,Padeiro,27,2275.49
Itapetininga,,Técnico De Suporte Ao Usuário De Tecnologia Da Informação,27,1951.38
Porto Feliz,,"Pintor, A  Pistola (Exceto Obras E Estruturas Metálicas)",27,2637.92
Itapeva,,Secretária(O) Executiva(O),27,1821.77
Americana,,"Passador De Roupas, À Mão",27,1711.69
Pindamonhangaba,,Carregador (Armazém),27,1348.33
Boituva,,Desenhista Projetista De Eletricidade,27,4561.01
Araçatuba,,Instalador De Som E Acessórios De Veículos,27,2000.95
Itapeva,,Trabalhador De Serviços De Limpeza E Conservação De Áreas Públicas,27,1527.91
Cerquilho,,Marceneiro,27,2088.5
Americana,,Supervisor De Produção Da Indústria Alimentícia,27,3632.74
Itapetininga,,Operador De Incubadora,27,1945.65
Itupeva,,Garagista,27,2559.3
Itu,,Gerente De Departamento Pessoal,27,6943.31
Araçatuba,,Supervisor De Produção Da Indústria Alimentícia,27,6692.29
Araçatuba,,Instrutor De Aprendizagem E Treinamento Industrial,27,5678.95
Macatuba,,Operador De Equipamento De Destilação De Álcool,27,3555.55
Itapetininga,,Gerente De Restaurante,27,2571.19
Araçatuba,,Recepcionista De Hotel,27,1959.56
Itapetininga,,Recebedor De Apostas (Loteria),27,1303.44
Americana,,"Supervisor De Manutenção Eletromecânica Industrial, Comercial E Predial",27,4010.83
Americana,,Desenhista Projetista De Eletricidade,27,4746.03
Porto Feliz,,Técnico Mecânico,27,4373.89
Itapetininga,,Costureiro Na Confecção Em Série,27,1357.53
Itu,,Supervisor De Carga E Descarga,27,3227.19
Itu,,Tecelão (Tear Automático),27,2593.03
Piedade,,"Eletricista De Instalações (Veículos Automotores E Máquinas Operatrizes, Exceto Aeronaves E Embarcações)",27,1900.85
Americana,,Instrutor De Auto-Escola,27,2113.34
Americana,,Auditor (Contadores E Afins),27,4869.19
Araçatuba,,Desenhista Industrial Gráfico (Designer Gráfico),27,1917.3
Americana,,Operador De Acabamento De Peças Fundidas,27,2059.89
Boituva,,Gerente De Logística (Armazenagem E Distribuição),27,10862.63
Itu,,Cronoanalista,27,3779.41
Araçariguama,,Operador De Torno Com Comando Numérico,27,2240.94
Itapetininga,,Trabalhador De Pecuária Polivalente,27,2272.14
Pindamonhangaba,,Supervisor De Manutenção Eletromecânica,27,10820.14
Araçatuba,,Pedagogo,27,2725.01
Porto Feliz,,Ceramista,27,1627.81
Porto Feliz,,Padeiro,27,2213.03
Cabreúva,,Moldador De Plástico Por Compressão,26,1775.45
Cerquilho,,Armazenista,26,1897.46
Americana,,Estofador De Móveis,26,1743.37
Itapeva,,"Eletricista De Instalações (Veículos Automotores E Máquinas Operatrizes, Exceto Aeronaves E Embarcações)",26,2039.75
Boituva,,Secretária(O) Executiva(O),26,3466.62
Itu,,Técnico De Transmissão (Telecomunicações),26,1921.37
Cerquilho,,Agente De Portaria,26,1797.89
Itapetininga,,Técnico De Garantia Da Qualidade,26,4112
Araçatuba,,Técnico De Transmissão (Telecomunicações),26,1736.61
Pindamonhangaba,,Operador De Transporte Multimodal,26,4145.29
Pindamonhangaba,,Operador De Máquinas De Construção Civil E Mineração,26,2485.95
Itapetininga,,Professor De Educação Física No Ensino Superior,26,2402.53
Araçariguama,,Moldador De Borracha Por Compressão,26,1752.63
Itapetininga,,Engenheiro De Produção,26,10000.39
Americana,,Instalador De Sistemas Eletroeletrônicos De Segurança,26,2280.21
Itapeva,,Gerente De Vendas,26,4432.7
Araçatuba,,Encarregado De Equipe De Conservação De Vias Permanentes (Exceto Trilhos),26,3672.55
Araçariguama,,Trabalhador De Serviços De Limpeza E Conservação De Áreas Públicas,26,1523.4
Araçoiaba da Serra,,Trabalhador Da Manutenção De Edificações,26,3074.14
Piedade,,Mecânico De Veículos Automotores A Diesel (Exceto Tratores),26,1796.11
Americana,,Monitor De Sistemas Eletrônicos De Segurança Interno,26,1646.01
Itupeva,,Vendedor Em Domicílio,26,4385.32
Cabreúva,,"Operador De Máquina De Fabricação De Produtos De Higiene E Limpeza (Sabão, Sabonete, Detergente, Absorvente, Fraldas Cotonetes E Outros)",26,2250.2
Cerquilho,,Comprador,26,3955.82
Porto Feliz,,Confeiteiro,26,2417.43
Araçatuba,,Auxiliar De Cartório,26,2601.59
Pindamonhangaba,,"Eletricista De Instalações (Veículos Automotores E Máquinas Operatrizes, Exceto Aeronaves E Embarcações)",26,2007.04
Araçatuba,,Mecânico De Manutenção De Tratores,26,3654.34
Pindamonhangaba,,Copeiro De Hospital,26,1719.92
Americana,,Montador De Equipamentos Elétricos (Instrumentos De Medição),26,1583.54
Pindamonhangaba,,Operador De Negócios,26,1551.56
Itupeva,,Gerente De Operações De Transportes,26,5792.19
Pindamonhangaba,,Agente De Trânsito,26,4673.39
Itu,,Demonstrador De Mercadorias,26,2247.89
Cabreúva,,Contramestre De Fiação (Indústria Têxtil),26,4538.75
Porto Feliz,,Lagareiro,26,1769.85
Itu,,Supervisor De Logística,26,5308.18
Charqueada,,Trabalhador Volante Da Agricultura,26,1476.23
Piedade,,Trabalhador Da Pecuária (Bovinos Corte),26,1269.68
Araçoiaba da Serra,,Analista De Suporte Computacional,26,3328.01
Itapetininga,,Ajustador Mecânico,26,3308.27
Araçariguama,,Motorista De Furgão Ou Veículo Similar,26,2346.77
Americana,,Tingidor De Roupas,26,2781.09
Porto Feliz,,Auxiliar De Enfermagem Da Estratégia De Saúde Da Família,26,2705.5
Ibiúna,,Trabalhador Da Elaboração De Pré-Fabricados (Cimento Amianto),26,1578.88
Itupeva,,Rebarbador De Metal,26,1571.71
Araçatuba,,Leiturista,26,2482.83
Araçatuba,,Supervisor De Telemarketing E Atendimento,26,3017.41
Pindamonhangaba,,Escrevente,26,3536.84
Macatuba,,Cozinheiro Geral,26,1521.56
Cabreúva,,Escriturário De Banco,26,7441.84
Americana,,Remetedor De Fios,26,2677.11
Itupeva,,Supervisor De Produção Da Indústria Alimentícia,26,5091.88
Itapeva,,Cuidador De Idosos,26,1591.5
Americana,,Operador De Rameuse,26,2180.87
Cerquilho,,Técnico Em Segurança Do Trabalho,26,4032.14
Americana,,Preparador De Tintas,26,2533.77
Itupeva,,Caixa De Banco,26,2475.62
Americana,,Selecionador De Material Reciclável,26,1883.8
Cabreúva,,Impressor De Rotogravura,26,3938.41
Itupeva,,Supervisor De Embalagem E Etiquetagem,26,4592.68
Ibiúna,,Instrutor De Auto-Escola,26,2065.22
Americana,,Operador De Usinagem Convencional Por Abrasão,26,3087.1
Itupeva,,Supervisor De Almoxarifado,26,6951.18
Itapetininga,,Assistente Social,26,3155.29
Araçatuba,,Técnico Químico,26,2855.07
Porto Feliz,,Operador De Inspeção De Qualidade,26,2888.39
Araçariguama,,Gerente Comercial,26,10805.89
Cerquilho,,Inspetor De Qualidade,26,3089.95
Americana,,Gerente De Bar,26,2727.58
Ibiúna,,Técnico Mecânico,25,5270.24
Ibiúna,,Motorista De Ônibus Rodoviário,25,1173.06
Pindamonhangaba,,"Operador De Produção (Química, Petroquímica E Afins)",25,2658.79
Porto Feliz,,"Instalador De Cortinas E Persianas, Portas Sanfonadas E Boxe",25,1927.77
Itu,,Operador De Ponte Rolante,25,3104.81
Araçatuba,,Psicólogo Clínico,25,3087.7
Itu,,Encarregado De Manutenção Mecânica De Sistemas Operacionais,25,5121.92
Araçatuba,,Gerente De Logística (Armazenagem E Distribuição),25,4935.33
Americana,,Técnico De Manutenção Eletrônica (Circuitos De Máquinas Com Comando Numérico),25,4441.27
Pindamonhangaba,,Supervisor De Carga E Descarga,25,5276.07
Itu,,Trabalhador Na Produção De Mudas E Sementes,25,1590.31
Pindamonhangaba,,Operador De Máquina De Abrir Valas,25,4446.07
Itu,,Vidraceiro,25,2135.17
Cerquilho,,Controlador De Entrada E Saída,25,1927.6
Araçariguama,,Gerente De Restaurante,25,3076.08
Itapeva,,Demonstrador De Mercadorias,25,2045.88
Itapetininga,,Operador De Colheitadeira,25,3300.25
Cerquilho,,Serralheiro,25,2142.95
Americana,,Gerente De Operações De Transportes,25,6397.1
Boituva,,Trabalhador De Serviços De Limpeza E Conservação De Áreas Públicas,25,1601.47
Cabreúva,,Gerente De Vendas,25,11220.88
Itupeva,,Cirurgião Dentista - Clínico Geral,25,4462.34
Itupeva,,Escriturário De Banco,25,8665.49
Boituva,,Analista De Planejamento E Orçamento - Apo,25,6229.22
Americana,,Técnico De Manutenção Elétrica,25,3388.2
Dourado,,Supervisor De Produção Da Indústria Alimentícia,25,6526.7
Americana,,Gerente De Marketing,25,6072.8
Itupeva,,"Operador De Processo (Química, Petroquímica E Afins)",25,3728.43
Pindamonhangaba,,Marceneiro,25,1556.49
Charqueada,,Técnico Químico,25,4227.64
Americana,,Técnico Em Eletromecânica,25,4229.4
Boituva,,Operador De Centro De Usinagem Com Comando Numérico,25,3191.82
Piedade,,Escriturário De Banco,25,8015.62
Itapeva,,Instalador De Som E Acessórios De Veículos,25,1425.28
Americana,,Gerente De Produção E Operações Da Construção Civil E Obras Públicas,25,4097.07
Americana,,Editor De Texto E Imagem,25,2521.39
Americana,,Operador De Telemarketing Ativo,25,1548.81
Itupeva,,Engenheiro De Controle De Qualidade,25,10857.32
Pindamonhangaba,,Técnico De Obras Civis,25,4547.37
Araçoiaba da Serra,,Pedreiro,25,1858.1
Cerquilho,,Farmacêutico,25,4385.26
Pindamonhangaba,,Diretor De Instituição Educacional Da Área Privada,25,6123.57
Macatuba,,Açougueiro,25,2104.03
Pindamonhangaba,,Pintor De Estruturas Metálicas,25,2177.1
Ibiúna,,Professor De Nível Superior Do Ensino Fundamental (Primeira A Quarta Série),25,1680
Itapetininga,,Encarregado De Manutenção Mecânica De Sistemas Operacionais,25,4795.33
Itupeva,,Mecânico De Veículos Automotores A Diesel (Exceto Tratores),25,2866.66
Araçoiaba da Serra,,"Recepcionista, Em Geral",25,1468.4
Araçatuba,,Publicitário,25,2023.41
Porto Feliz,,Supervisor De Almoxarifado,25,5775.11
Itu,,Engenheiro De Controle De Qualidade,25,9840.69
Americana,,Impressor (Serigrafia),25,3964.09
Itupeva,,Operador De Rebobinadeira Na Fabricação De Papel E Papelão,25,3854.38
Cabreúva,,Expedidor De Mercadorias,25,2640.33
Dourado,,Ajudante De Motorista,25,1680.52
Pindamonhangaba,,Operador De Guindaste Móvel,24,3822.07
Americana,,Gerente De Agência,24,12208.21
Pindamonhangaba,,Ajustador Mecânico,24,2765.89
Araçatuba,,Orientador Educacional,24,3652.12
Pindamonhangaba,,Montador De Móveis E Artefatos De Madeira,24,2019.02
Araçoiaba da Serra,,Auxiliar De Contabilidade,24,2180.26
Araçariguama,,Operador De Processos Químicos E Petroquímicos,24,2867.18
Americana,,Impressor Digital,24,2195.46
Americana,,Operador De Laminador De Metais Não-Ferrosos,24,2681.99
Cerquilho,,Mecânico De Manutenção De Máquinas Agrícolas,24,3460.58
Americana,,Demonstrador De Mercadorias,24,2249.66
Itapetininga,,Gerente Financeiro,24,4109.83
Itupeva,,Mecânico De Manutenção E Instalação De Aparelhos De Climatização E  Refrigeração,24,2382.86
Porto Feliz,,Trabalhador No Cultivo De Plantas Ornamentais,24,1539.21
Itu,,Técnico Em Radiologia E Imagenologia,24,3460.5
Pindamonhangaba,,Retalhador De Carne,24,1666.1
Pindamonhangaba,,Borracheiro,24,2166.46
Pindamonhangaba,,Balanceiro,24,3565.24
Itupeva,,Promotor De Vendas,24,3163.03
Itapeva,,Carteiro,24,3642.89
Itapetininga,,Encarregado Geral De Operações De Conservação De Vias Permanentes (Exceto Trilhos),24,3356.11
Pindamonhangaba,,Produtor De Televisão,24,2443.44
Americana,,Funileiro De Veículos (Reparação),24,2788.69
Pindamonhangaba,,"Eletrotécnico Na Fabricação, Montagem E Instalação De Máquinas E Equipamentos",24,4813.2
Americana,,Encarregado De Corte Na Confecção Do Vestuário,24,2841.57
Pindamonhangaba,,Supervisor De Montagem E Instalação Eletroeletrônica,24,5089.54
Araçatuba,,Técnico De Enfermagem Psiquiátrica,24,1946.09
Americana,,Técnico Em Plástico,24,3244.31
Ibiúna,,Técnico De Manutenção Elétrica,24,6914.87
Piedade,,Comerciante Varejista,24,2294.42
Araçatuba,,Caldeireiro (Chapas De Ferro E Aço),24,3621.49
Boituva,,Auxiliar De Faturamento,24,2757.06
Cabreúva,,Gerente De Loja E Supermercado,24,3652.33
Cabreúva,,Auxiliar De Faturamento,24,3026.6
Ibiúna,,Instalador De Linhas Elétricas De Alta E Baixa - Tensão (Rede Aérea E Subterrânea),24,4449.36
Pindamonhangaba,,Secretária(O) Executiva(O),24,4505.82
Cabreúva,,Mestre (Indústria De Máquinas E Outros Equipamentos Mecânicos),24,11338.95
Araçatuba,,Banhista De Animais Domésticos,24,1352
Cerquilho,,Carpinteiro (Esquadrias),24,2450.97
Americana,,Professor De Disciplinas Pedagógicas No Ensino Médio,24,6168.58
Itupeva,,Operador De Bomba De Concreto,24,2829.51
Itapeva,,Recepcionista De Hotel,24,1424.71
Itapeva,,Operador De Máquinas-Ferramenta Convencionais,24,2073.7
Pindamonhangaba,,Professor De Nível Superior Na Educação Infantil (Zero A Três Anos),24,1660.53
Araçatuba,,Professor De Biologia No Ensino Médio,24,2607.43
Itu,,Mecânico De Refrigeração,24,2188.26
Boituva,,Preparador De Máquinas-Ferramenta,24,3445.95
Cerquilho,,Montador De Estruturas Metálicas,24,1971.98
Itupeva,,Operador De Máquina De Preparação De Matéria Prima Para Produção De Cigarros,24,2629.98
Pindamonhangaba,,Ferramenteiro,24,3729.31
Itapetininga,,Nutricionista,24,2937.6
Itapeva,,Auxiliar De Farmácia De Manipulação,24,1550.88
Itupeva,,Padeiro,24,2340.74
Americana,,Professor De Educação Física Do Ensino Fundamental,24,1803.42
Araçariguama,,Auxiliar De Contabilidade,24,2530.17
Itupeva,,Auxiliar De Enfermagem,24,2895.05
Itupeva,,Gerente De Marketing,24,14193.68
Araçoiaba da Serra,,"Operador De Máquinas Fixas, Em Geral",24,2632.77
Dourado,,Conferente De Carga E Descarga,24,2910.33
Charqueada,,Auxiliar De Laboratório De Análises Físico-Químicas,23,1573.78
Dourado,,Eletricista De Manutenção Eletroeletrônica,23,5420.65
Itapeva,,Conferente De Carga E Descarga,23,2043.01
Americana,,Montador De Filmes,23,2339.61
Itupeva,,"Operador De Extrusora (Química, Petroquímica E Afins)",23,4675.58
Itapeva,,Auxiliar Em Saúde Bucal,23,1360.95
Cabreúva,,Tratorista Agrícola,23,1800.15
Araçatuba,,Feirante,23,2212.47
Macatuba,,Mãe Social,23,1535.33
Americana,,Inspetor De Estamparia (Produção Têxtil),23,1852.53
Araçoiaba da Serra,,Ajudante De Motorista,23,1832.14
Pindamonhangaba,,Mestre De Siderurgia,23,9660.31
Itu,,Controlador De Pragas,23,2062.18
Americana,,Contramestre De Fiação (Indústria Têxtil),23,4517.65
Pindamonhangaba,,Forneiro De Fundição (Forno De Redução),23,3685.54
Itu,,Operador De Máquinas De Beneficiamento De Produtos Agrícolas,23,1870.03
Araçariguama,,Moldador De Plástico Por Injeção,23,2983.54
Itapetininga,,Analista Financeiro (Instituições Financeiras),23,3501.76
Cabreúva,,Ajustador Mecânico,23,3361.59
Itapetininga,,Auxiliar De Desenvolvimento Infantil,23,1260.09
Itapetininga,,Operador De Máquinas De Construção Civil E Mineração,23,2228.22
Itapetininga,,Mestre (Indústria De Borracha E Plástico),23,5120.14
Itu,,Mestre (Indústria De Máquinas E Outros Equipamentos Mecânicos),23,8448.63
Pindamonhangaba,,Barman,23,1382.81
Araçoiaba da Serra,,Comprador,23,3491.53
Itapetininga,,Técnico Em Manutenção De Equipamentos De Informática,23,1961.76
Americana,,Acabador De Superfícies De Concreto,23,2102.43
Americana,,Balanceiro,23,2416.76
Itu,,Vendedor Pracista,23,3113.04
Itu,,Supervisor De Caixas E Bilheteiros (Exceto Caixa De Banco),23,2256.73
Itu,,Economista Do Setor Público,23,3403.63
Americana,,Caminhoneiro Autônomo (Rotas Regionais E Internacionais),23,2807.65
Cerquilho,,Técnico De Garantia Da Qualidade,23,3894.61
Piedade,,Supervisor De Exploração Agrícola,23,3019.13
Araçatuba,,Auxiliar De Prótese Dentária,23,1599.68
Araçatuba,,Instalador De Tubulações,23,2610.12
Itu,,Analista De Pcp (Programação E Controle Da Produção),23,5192.12
Itapetininga,,Inspetor De Alunos De Escola Pública,23,1782.7
Pindamonhangaba,,Agente De Segurança,23,6802.59
Americana,,Assistente Comercial De Seguros,23,4962.22
Itu,,Diretor Administrativo,23,12887.31
Araçatuba,,Engenheiro Civil,23,8343.69
Macatuba,,Técnico Mecânico,23,3770.13
Charqueada,,Operador De Máquinas Florestais Estáticas,23,4886.53
Americana,,Pedagogo,23,6064.78
Piedade,,Serralheiro,23,2129.05
Americana,,Cobrador Interno,23,2321.45
Pindamonhangaba,,Biólogo,23,4901.04
Americana,,Gerente De Compras,23,6294.7
Pindamonhangaba,,Marmorista (Construção),23,1725.47
Americana,,Tecelão De Malhas (Máquina Circular),23,2428.52
Itapetininga,,Operador De Draga,23,2828.48
Macatuba,,Caldeireiro (Chapas De Ferro E Aço),23,3012.86
Boituva,,Programador De Máquinas - Ferramenta Com Comando Numérico,23,4042.23
Porto Feliz,,Fiscal De Loja,23,2249.19
Americana,,Mecânico De Refrigeração,23,2666.45
Araçatuba,,Ajustador Mecânico,23,2226.97
Piedade,,Monitor De Transporte Escolar,23,1143
Itapetininga,,Mestre (Indústria De Madeira E Mobiliário),23,2735.08
Itupeva,,"Moldador, A  Máquina",23,3639.13
Itu,,Estofador De Móveis,23,1765.57
Pindamonhangaba,,Auxiliar De Farmácia De Manipulação,23,1591.05
Pindamonhangaba,,Recreador,23,1381.14
Ibiúna,,Farmacêutico,22,3581.18
Piedade,,Enfermeiro,22,3435.08
Itupeva,,Gerente Financeiro,22,8554.82
Pindamonhangaba,,"Embalador, A Máquina",22,2004.3
Araçatuba,,Recebedor De Apostas (Loteria),22,1302.28
Araçoiaba da Serra,,Eletricista De Instalações,22,2888.79
Itu,,Montador De Equipamentos Elétricos (Aparelhos Eletrodomésticos),22,2465.92
Pindamonhangaba,,Monitor De Sistemas Eletrônicos De Segurança Interno,22,1397.6
Americana,,Sepultador,22,3090.49
Pindamonhangaba,,Impressor (Serigrafia),22,2802.37
Araçariguama,,Impressor De Corte E Vinco,22,6951.31
Itapeva,,Camareiro  De Hotel,22,1422.58
Americana,,Gerente De Pesquisa E Desenvolvimento (P&D),22,13176.87
Pindamonhangaba,,Gerente De Suprimentos,22,17952.3
Pindamonhangaba,,Motorista Operacional De Guincho,22,3682.67
Itu,,Operador De Pá Carregadeira,22,2711.59
Itapeva,,Eletricista De Manutenção Eletroeletrônica,22,3300.93
Charqueada,,Repositor De Mercadorias,22,1642.6
Porto Feliz,,Encarregado De Corte Na Confecção Do Vestuário,22,3798.39
Pindamonhangaba,,Gerente De Pesquisa E Desenvolvimento (P&D),22,17522.73
Americana,,Músico Regente,22,4173.48
Americana,,Supervisor De Crédito E Cobrança,22,3370.35
Itu,,Serrador De Madeira,22,1657.47
Itapeva,,Vendedor Em Domicílio,22,1305.21
Porto Feliz,,Mecânico De Manutenção De Máquinas Têxteis,22,2347.92
Itu,,Tosador De Animais Domésticos,22,1996.8
Itapetininga,,Operador De Pá Carregadeira,22,2471.1
Araçoiaba da Serra,,Mestre (Construção Civil),22,4277.47
Itu,,"Embalador, A Máquina",22,2152.86
Itapetininga,,Supervisor De Exploração Agropecuária,22,3172.16
Americana,,Trefilador De Borracha,22,2222.71
Cabreúva,,Forneiro E Operador (Alto-Forno),22,2546.96
Araçatuba,,Montador De Máquinas,22,3645.07
Itapeva,,Operador De Colhedor Florestal,22,3921.43
Pindamonhangaba,,Engenheiro Metalurgista,22,10709.87
Araçatuba,,Trabalhador Volante Da Agricultura,22,2034.54
Itapetininga,,Monitor De Transporte Escolar,22,737.52
Araçoiaba da Serra,,Gerente Comercial,22,2774.8
Americana,,Relações Públicas,22,2546.53
Piedade,,Vigia,22,1941.93
Araçariguama,,Operador De Rameuse,22,1858.63
Itapetininga,,Engenheiro Civil,22,8825.93
Araçariguama,,Operador De Máquinas-Ferramenta Convencionais,22,2311.2
Piedade,,Montador De Móveis E Artefatos De Madeira,22,1693.35
Boituva,,Magarefe,22,2512.02
Americana,,Diretor Geral De Empresa E Organizações (Exceto De Interesse Público),22,29950.18
Cerquilho,,Gerente Comercial,22,4844.87
Porto Feliz,,Cumim,22,1938.86
Araçariguama,,Motorista De Carro De Passeio,22,2394.56
Itapeva,,Escrevente,22,3517.9
Ibiúna,,Eletricista De Manutenção Eletroeletrônica,22,4070.54
Itapeva,,Comprador,22,2802.21
Araçoiaba da Serra,,Auxiliar De Enfermagem,22,1791.12
Araçatuba,,Operador De Equipamentos De Refinação De Açúcar (Processo Contínuo),22,3169.2
Itu,,Publicitário,22,2613.52
Boituva,,Escrevente,22,3230.26
Piedade,,Camareiro  De Hotel,22,1661.78
Araçariguama,,Limpador De Fachadas,22,2596.7
Araçoiaba da Serra,,"Operador De Máquina De Usinagem Madeira, Em Geral",22,1587.31
Porto Feliz,,Estofador De Móveis,22,2466.51
Itapetininga,,Recepcionista De Hotel,22,1913.19
Americana,,Redator De Publicidade,22,2022.04
Itupeva,,Diretor Geral De Empresa E Organizações (Exceto De Interesse Público),22,42319
Itapeva,,Caseiro (Agricultura),22,1442.38
Araçariguama,,Promotor De Vendas,22,1290.89
Itu,,Engenheiro Metalurgista,22,11923.01
Cabreúva,,Operador De Conicaleira,22,1570.47
Araçatuba,,Atendente De Agência,22,2782.22
Pindamonhangaba,,Gerente De Restaurante,22,2254.48
Pindamonhangaba,,Técnico Mecânico (Máquinas),22,2946.85
Pindamonhangaba,,Analista Financeiro (Instituições Financeiras),22,5859.18
Itupeva,,Supervisor De Telemarketing E Atendimento,22,4350.48
Itapetininga,,Vigia Florestal,22,1805.11
Ibiúna,,Promotor De Vendas Especializado,22,1353.79
Cerquilho,,Tecelão De Malhas (Máquina Circular),22,1817.96
Ibiúna,,Agente De Portaria,22,1814.33
Porto Feliz,,Trabalhador No Cultivo De Mudas,22,1219.46
Araçatuba,,Desenhista Projetista De Arquitetura,22,1824.96
Itapetininga,,Costureira De Peças Sob Encomenda,22,1496.71
Araçariguama,,"Mecânico De Manutenção De Automóveis, Motocicletas E Veículos Similares",22,2148.7
Porto Feliz,,Trabalhador Da Pecuária (Bovinos Corte),22,1722.85
Itu,,Instalador-Reparador De Redes Telefônicas E De Comunicação De Dados,22,2113.11
Itupeva,,"Operador De Aparelho De Reação E Conversão (Produtos Químicos, Exceto Petróleo)",22,4779.36
Dourado,,Cumim,22,1563.61
Araçoiaba da Serra,,Operador De Máquinas Operatrizes,22,1950.1
Araçariguama,,Supervisor De Almoxarifado,22,4995.19
Araçatuba,,Operador De Máquina De Cortar E Dobrar Papelão,22,3044.2
Araçariguama,,Recreador,22,1120.86
Araçatuba,,Esteticista,22,1616.74
Itu,,Técnico De Planejamento E Programação Da Manutenção,22,3902.45
Dourado,,Técnico De Enfermagem,22,2750.2
Americana,,Supervisor De Vendas De Serviços,22,4023.82
Araçoiaba da Serra,,Corretor De Seguros,22,1422.85
Pindamonhangaba,,Contínuo,22,1294.49
Itapetininga,,Cortador De Pedras,22,2491.1
Dourado,,Inspetor De Alunos De Escola Pública,21,1284.65
Americana,,Operador De Motosserra,21,2047.6
Araçariguama,,Desossador,21,1946.37
Cerquilho,,Auxiliar De Enfermagem,21,1820.63
Porto Feliz,,Auxiliar De Logistica,21,3309.41
Piedade,,Trabalhador Da Manutenção De Edificações,21,1819.9
Cerquilho,,Operador De Inspeção De Qualidade,21,2437.25
Americana,,Locutor De Mídias Audiovisuais,21,2907.65
Pindamonhangaba,,Oxicortador A Mão E A  Máquina,21,4252.6
Americana,,Psicólogo Clínico,21,3428.88
Macatuba,,Técnico De Apoio Em Pesquisa E Desenvolvimento (Exceto Agropecuário E Florestal),21,7150.62
Araçatuba,,Gerente De Projetos E Serviços De Manutenção,21,8142.67
Itupeva,,Dirigente Do Serviço Público Municipal,21,7010.57
Americana,,Passador De Roupas Em Geral,21,1523.33
Itupeva,,Operador De Máquinas De Beneficiamento De Produtos Agrícolas,21,1878.83
Araçariguama,,Estoquista,21,1621.8
Americana,,Analista De Pcp (Programação E Controle Da Produção),21,3873.94
Itapetininga,,Atendente Comercial (Agência Postal),21,2191.53
Itapetininga,,Montador De Andaimes (Edificações),21,2445.28
Pindamonhangaba,,Engenheiro De Materiais,21,14294.38
Cabreúva,,Técnico De Manutenção Elétrica De Máquina,21,8083.09
Porto Feliz,,Recepcionista De Consultório Médico Ou Dentário,21,1948.73
Boituva,,"Costureiro, A  Máquina  Na Confecção Em Série",21,1474.34
Itu,,Pintor De Veículos (Reparação),21,3067.26
Ibiúna,,Gerente De Produção E Operações,21,6865.34
Ibiúna,,Motofretista,21,2009.37
Itapeva,,"Técnico De Operação (Química, Petroquímica E Afins)",21,2101.71
Itu,,Mestre (Indústria De Madeira E Mobiliário),21,2858.53
Itupeva,,Operador De Máquina De Dobrar Chapas,21,3025.36
Pindamonhangaba,,Operador De Laminador De Barras A Quente,21,3128.71
Cabreúva,,Auxiliar Geral De Conservação De Vias Permanentes (Exceto Trilhos),21,1283.77
Itu,,Mecânico De Manutenção De Máquinas-Ferramentas (Usinagem De Metais),21,5025.78
Americana,,Desenhista Projetista De Construção Civil,21,2644.34
Itu,,Instrutor De Cursos Livres,21,1324.75
Itupeva,,"Operador De Máquina De Fabricação De Produtos De Higiene E Limpeza (Sabão, Sabonete, Detergente, Absorvente, Fraldas Cotonetes E Outros)",21,2179.38
Piedade,,Padeiro,21,1854.43
Americana,,Avaliador Físico,21,1480.74
Boituva,,Analista Financeiro (Instituições Financeiras),21,3698.55
Araçariguama,,"Operador De Aparelho De Reação E Conversão (Produtos Químicos, Exceto Petróleo)",21,4330.56
Itapetininga,,Técnico Florestal,21,4703.6
Pindamonhangaba,,Gerente Financeiro,21,9980.72
Cabreúva,,Analista De Desenvolvimento De Sistemas,21,6673.6
Itupeva,,Confeiteiro,21,2105.03
Itupeva,,Técnico De Apoio Em Pesquisa E Desenvolvimento (Exceto Agropecuário E Florestal),21,5564.55
Itupeva,,"Supervisor De Manutenção Eletromecânica Industrial, Comercial E Predial",21,8556.06
Macatuba,,Técnico De Planejamento De Produção,21,5232.45
Porto Feliz,,Moldador De Plástico Por Injeção,21,2690.43
Itapetininga,,Mecânico De Manutenção De Tratores,21,3090.89
Boituva,,Auxiliar De Logistica,21,2284.51
Americana,,Operador De Centrifugadora (Tratamentos Químicos E Afins),21,2275.83
Pindamonhangaba,,Gerente De Logística (Armazenagem E Distribuição),21,8939.75
Araçatuba,,Sushiman,21,1895.12
Itu,,Armador De Estrutura De Concreto Armado,21,1811.38
Ibiúna,,Trabalhador No Cultivo De Plantas Ornamentais,21,1386.33
Porto Feliz,,Comerciante Varejista,21,2741.28
Porto Feliz,,"Operador De Extrusora (Química, Petroquímica E Afins)",21,2154.59
Pindamonhangaba,,Encarregado De Acabamento De Chapas E Metais  (Têmpera),21,3579.7
Dourado,,Assistente De Vendas,21,2060.97
Americana,,Tecelão (Redes),21,2595.39
Itapeva,,Contador,21,3491.51
Piedade,,Farmacêutico,21,3883.78
Itu,,Gerente De Operações De Serviços De Assistência Técnica,21,7556.6
Pindamonhangaba,,Técnico Em Manutenção De Equipamentos De Informática,21,2413.24
Itapeva,,Caixa De Banco,21,3020.76
Ibiúna,,Desossador,21,3339.08
Araçoiaba da Serra,,Inspetor De Qualidade,21,3336.85
Boituva,,Trabalhador Volante Da Agricultura,21,1456.6
Ibiúna,,Inspetor De Qualidade,21,4526.16
Ibiúna,,Técnico De Apoio Em Pesquisa E Desenvolvimento (Exceto Agropecuário E Florestal),21,4633.35
Americana,,Técnico Em Patologia Clínica,21,3348
Americana,,Desenhista Técnico (Indústria Têxtil),21,3229.72
Americana,,Técnico Em Nutrição E Dietética,21,2338.61
Porto Feliz,,Desenhista Projetista Mecânico,21,4567.16
Dourado,,Operador De Caixa,21,1991.19
Itapetininga,,Instalador De Som E Acessórios De Veículos,21,1503.05
Itupeva,,Técnico Eletricista,21,6906.29
Piedade,,Contador,21,3429.44
Macatuba,,Frentista,21,2089.23
Porto Feliz,,Gerente De Contas - Pessoa Física E Jurídica,21,4939.82
Araçatuba,,"Montador De Máquinas, Motores E Acessórios (Montagem Em Série)",21,1825
Cabreúva,,Escrevente,21,4083.57
Pindamonhangaba,,Supervisor De Vigilantes,21,3217.7
Araçariguama,,Mecânico De Manutenção E Instalação De Aparelhos De Climatização E  Refrigeração,21,3652.9
Araçariguama,,Administrador,21,3733.72
Cerquilho,,Técnico Em Atendimento E Vendas,21,4316.51
Itapetininga,,Encanador,21,2053.42
Macatuba,,Gerente Administrativo,21,3749.48
Pindamonhangaba,,Leiturista,21,3070.49
Americana,,"Supervisor De Operação De Fluidos (Distribuição, Captação, Tratamento De Água, Gases, Vapor)",21,3243.77
Araçatuba,,Professor De Língua Inglesa,21,2210.82
Araçatuba,,Mecânico De Manutenção De Bombas,21,3319.39
Boituva,,Técnico Agropecuário,21,3964.86
Americana,,Professor De Matemática Do Ensino Fundamental,21,3692.34
Araçoiaba da Serra,,Jardineiro,21,1723.19
Porto Feliz,,Costureira De Reparação De Roupas,21,1249.43
Americana,,Publicitário,21,1939.83
Pindamonhangaba,,Advogado,20,11592.72
Dourado,,"Embalador, A Mão",20,1456.17
Boituva,,Gerente De Recursos Humanos,20,13825.86
Itupeva,,Engenheiro Civil,20,7862.35
Itapetininga,,Analista De Suporte Computacional,20,2986.21
Boituva,,Operador De Inspeção De Qualidade,20,2178.72
Araçoiaba da Serra,,"Operador De Produção (Química, Petroquímica E Afins)",20,3039.44
Pindamonhangaba,,Garagista,20,1783.44
Pindamonhangaba,,Mestre De Aciaria,20,8569.94
Pindamonhangaba,,Agente De Pátio,20,1482.86
Itapetininga,,Pintor De Veículos (Fabricação),20,1699.51
Americana,,Mecânico De Manutenção De Aparelhos De Levantamento,20,973.15
Itupeva,,Operador De Câmaras Frias,20,2403.06
Itupeva,,Professor Da  Educação De Jovens E Adultos Do Ensino Fundamental (Primeira A Quarta Série),20,2294.79
Itapeva,,Eletrotécnico (Produção De Energia),20,4973.96
Araçatuba,,Gerente De Serviços De Saúde,20,6163.63
Itupeva,,Conferente Mercadoria (Exceto Carga E Descarga),20,2713.42
Pindamonhangaba,,Operador De Mídia Audiovisual,20,2561.86
Piedade,,Vendedor Em Comércio Atacadista,20,1833.92
Araçatuba,,Preparador De Estruturas Metálicas,20,1518.04
Boituva,,Mestre (Indústria De Borracha E Plástico),20,3839.2
Cerquilho,,Administrador,20,3217.52
Itupeva,,Gerente De Contas - Pessoa Física E Jurídica,20,5117.7
Americana,,Professor De Matemática No Ensino Médio,20,2429.39
Boituva,,Supervisor De Montagem E Instalação Eletroeletrônica,20,6208.46
Piedade,,Porteiro De Edifícios,20,1797.41
Pindamonhangaba,,Operador De Computador,20,2382.89
Pindamonhangaba,,Engenheiro De Controle E Automação,20,14750.37
Itupeva,,Trefilador De Borracha,20,3174.01
Americana,,Cronoanalista,20,4458.5
Araçariguama,,Operador De Acabamento (Indústria Gráfica),20,5797.9
Araçatuba,,Preparador De Calçados,20,1527.76
Cerquilho,,Gerente De Vendas,20,7138.6
Macatuba,,Operador De Caldeira,20,3568.68
Porto Feliz,,Desenvolvedor De Sistemas De Tecnologia Da Informação (Técnico),20,2974.19
Pindamonhangaba,,Trabalhador De Fabricação De Tintas,20,2634.88
Americana,,Trabalhador Da Elaboração De Pré-Fabricados (Concreto Armado),20,2045.94
Itu,,Operador De Máquina De Cilindrar Chapas,20,2637.28
Cabreúva,,Mecânico De Manutenção De Máquinas Têxteis,20,3231.49
Araçariguama,,Trabalhador Do Acabamento De Artefatos De Tecidos E Couros,20,3032.75
Araçatuba,,Técnico Mecânico,20,2745.07
Cerquilho,,Impressor (Serigrafia),20,1425.44
Itupeva,,Carregador (Veículos De Transportes Terrestres),20,1552.6
Araçatuba,,Professor De Ensino Superior Na Área De Pesquisa Educacional,20,16093.16
Porto Feliz,,"Embalador, A Máquina",20,2624.67
Itapeva,,Classificador De Madeira,20,1295.86
Araçatuba,,Analista De Folha De Pagamento,20,2660.31
Cabreúva,,Diretor De Instituição Educacional Pública,20,8591.21
Pindamonhangaba,,Mecânico De Veículos Automotores A Diesel (Exceto Tratores),20,2235.46
Porto Feliz,,Gerente Comercial,20,10227.77
Araçariguama,,Auxiliar De Faturamento,20,2736.37
Itupeva,,Analista De Logistica,20,4355.27
Itapetininga,,Agente Funerário,20,3336.09
Ibiúna,,Trabalhador Da Suinocultura,20,1863.77
Piedade,,Tratorista Agrícola,20,1603.12
Ibiúna,,Ajustador Mecânico,20,1516.86
Itu,,Representante Comercial Autônomo,20,9627.42
Araçatuba,,Técnico Eletricista,20,6322.18
Itu,,Atendente De Agência,20,2467.92
Porto Feliz,,Motofretista,20,1944.36
Itupeva,,Técnico De Planejamento E Programação Da Manutenção,20,4971.1
Itapetininga,,Gerente De Operações De Transportes,20,4213.08
Itapetininga,,Monitor De Sistemas Eletrônicos De Segurança Interno,20,1640.99
Itapetininga,,Trabalhador No Cultivo De Mudas,20,1310.17
Araçatuba,,Gesseiro,20,1899.58
Itu,,Operador De Máquina De Eletroerosão,20,5320.04
Araçoiaba da Serra,,Técnico De Planejamento De Produção,20,3377.17
Cerquilho,,Modelista De Roupas,20,2312.02
Piedade,,Inspetor De Qualidade,20,3410.75
Itupeva,,Economista Financeiro,20,4403.47
Americana,,Gerente De Operações De Serviços De Assistência Técnica,20,8197.52
Americana,,Agente Funerário,20,3297.34
Itapeva,,Motorista Operacional De Guincho,20,3396.9
Itu,,Borracheiro,20,1975.91
Americana,,Operador De Máquina De Envasar Líquidos,20,2006.35
Itupeva,,Copeiro,20,1308.78
Itu,,Marmorista (Construção),20,2111.52
Araçatuba,,Protético Dentário,19,1383.09
Pindamonhangaba,,Operador De Máquina Misturadeira (Tratamentos Químicos E Afins),19,4205.37
Araçatuba,,Agente De Defesa Ambiental,19,3918.11
Americana,,"Operador De Tesoura Mecânica E Máquina De Corte, No Acabamento De Chapas E Metais",19,2993.41
Ibiúna,,Montador De Andaimes (Edificações),19,4177.3
Americana,,Pedreiro De Edificações,19,1991.66
Cerquilho,,Médico Generalista,19,18064.9
Boituva,,Barman,19,1649.27
Araçatuba,,Técnico Em Patologia Clínica,19,2057.32
Charqueada,,Supervisor Administrativo,19,3982.76
Itapeva,,Carbonizador,19,1962.99
Pindamonhangaba,,Promotor De Vendas,19,1598.1
Cerquilho,,Vendedor Pracista,19,1901.47
Itapeva,,Operador De Máquinas Florestais Estáticas,19,2327.45
Araçatuba,,Cuidador Em Saúde,19,1713.15
Boituva,,Operador De Escavadeira,19,2711.34
Boituva,,Técnico De Vendas,19,8282.63
Piedade,,Marceneiro,19,1656.77
Itu,,Supervisor De Compras,19,7303.5
Itapetininga,,Gerente De Recursos Humanos,19,6190.8
Cerquilho,,Escrevente,19,2548.84
Itapeva,,Instrutor De Cursos Livres,19,1042.98
Cerquilho,,Fiscal De Loja,19,1821.25
Pindamonhangaba,,Vendedor Em Domicílio,19,2160.79
Piedade,,Conferente De Carga E Descarga,19,2125.32
Cabreúva,,Motorista De Carro De Passeio,19,2995.03
Ibiúna,,Confeiteiro,19,1998.5
Macatuba,,Repositor De Mercadorias,19,1537.62
Araçariguama,,Mestre De Produção Química,19,8074.44
Boituva,,Vidraceiro,19,1596.41
Boituva,,Instrutor De Aprendizagem E Treinamento Comercial,19,4113.83
Pindamonhangaba,,Mestre De Laminação,19,9323.38
Itu,,Técnico Químico,19,3491.24
Americana,,Alinhador De Pneus,19,2615.65
Pindamonhangaba,,Preparador De Tintas,19,4016.15
Itu,,Operador De Cortadeira De Papel,19,1520.41
Araçatuba,,Técnico De Desporto Individual E Coletivo (Exceto Futebol),19,2752.64
Americana,,"Técnico Mecânico (Calefação, Ventilação E Refrigeração)",19,2002.14
Americana,,Armador De Estrutura De Concreto,19,1897.34
Porto Feliz,,Operador De Máquinas De Construção Civil E Mineração,19,3029.14
Araçatuba,,Montador De Veículos (Reparação),19,1586.54
Piedade,,Trabalhador Na Produção De Mudas E Sementes,19,1523.32
Pindamonhangaba,,Supervisor De Almoxarifado,19,5970.11
Araçatuba,,Encarregado Geral De Operações De Conservação De Vias Permanentes (Exceto Trilhos),19,1502.49
Itupeva,,Fundidor De Metais,19,3092.77
Itapeva,,Controlador De Entrada E Saída,19,1799.19
Itupeva,,Vidraceiro (Vitrais),19,5743.17
Araçatuba,,Encarregado De Manutenção Mecânica De Sistemas Operacionais,19,5487.91
Ibiúna,,Estoquista,19,1627.25
Dourado,,Repositor De Mercadorias,19,1995.92
Itupeva,,Temperador De Metais E De Compósitos,19,3501.9
Boituva,,Supervisor De Almoxarifado,19,6297.83
Dourado,,Supervisor Administrativo,19,5945.61
Cerquilho,,Jardineiro,19,1896.52
Cerquilho,,Padeiro,19,2458.39
Itapeva,,Auxiliar De Desenvolvimento Infantil,19,1356.35
Porto Feliz,,Instrutor De Auto-Escola,19,2478.96
Americana,,Diretor De Instituição Educacional Da Área Privada,19,7990.24
Americana,,Agente De Combate Às Endemias,19,2549.27
Boituva,,Vendedor Em Domicílio,19,2478.86
Itupeva,,Mecânico De Refrigeração,19,2886.48
Itapeva,,Recepcionista De Consultório Médico Ou Dentário,19,1331.63
Cerquilho,,Confeiteiro,19,1968.82
Porto Feliz,,Técnico De Suporte Ao Usuário De Tecnologia Da Informação,19,1828.02
Itu,,Professor De Língua Portuguesa Do Ensino Fundamental,19,3400.12
Pindamonhangaba,,Supervisor De Compras,19,9273.15
Cerquilho,,Operador De Máquinas-Ferramenta Convencionais,19,3509.9
Americana,,Tecelão (Rendas E Bordados),19,2849.51
Americana,,Diretor De Mídia (Publicidade),19,2859.21
Araçariguama,,Motorista De Ônibus Rodoviário,19,4181.72
Itapetininga,,Promotor De Vendas Especializado,19,3480.05
Americana,,Agente Comunitário De Saúde,19,2378.06
Araçatuba,,Agente Funerário,19,2085.61
Itapetininga,,Analista De Desenvolvimento De Sistemas,19,3723.2
Itapetininga,,Auxiliar Técnico Em Laboratório De Farmácia,19,1552.35
Porto Feliz,,Secretária(O) Executiva(O),19,21189.06
Porto Feliz,,Técnico Em Manutenção De Máquinas,19,8165.81
Porto Feliz,,"Eletricista De Manutenção De Linhas Elétricas, Telefônicas E De Comunicação De Dados",19,4569.97
Americana,,Mecânico De Manutenção De Motores Diesel (Exceto De Veículos Automotores),19,2978.61
Porto Feliz,,Gerente De Produção E Operações Agropecuárias,19,3169.66
Araçatuba,,Diretor Administrativo,19,9576.99
Itapeva,,Auxiliar De Laboratório De Análises Clínicas,19,1930.85
Itupeva,,Cozinhador (Conservação De Alimentos),19,2251.66
Araçatuba,,Eletricista De Instalações (Edifícios),19,2196.96
Porto Feliz,,Fisioterapeuta Geral,19,4622.96
Porto Feliz,,Babá,19,1388.08
Araçatuba,,Cirurgião Dentista - Clínico Geral,19,4792.21
Araçatuba,,Pintor De Veículos (Fabricação),19,2116.61
Charqueada,,Auxiliar Nos Serviços De Alimentação,19,1489.48
Boituva,,Motorista De Ônibus Urbano,19,1627.39
Araçatuba,,Cozinheiro De Hospital,19,1416.23
Cerquilho,,Técnico Químico,19,4328.13
Americana,,Entregador De Publicações,18,2064.28
Cerquilho,,"Tecelão De Meias, A  Máquina",18,1282.74
Itu,,"Mecânico De Manutenção De Máquinas Cortadoras De Grama, Roçadeiras, Motosserras E Similares",18,3278.71
Pindamonhangaba,,Operador De Inspeção De Qualidade,18,2225.19
Cerquilho,,Operador De Caldeira,18,2563.05
Cabreúva,,Analista De Suporte Computacional,18,3449.01
Porto Feliz,,Auxiliar De Laboratório De Análises Físico-Químicas,18,1919.84
Itapeva,,Copeiro,18,1345.27
Americana,,Ajustador Mecânico (Usinagem Em Bancada E Em Máquinas-Ferramentas),18,2789.02
Americana,,Técnico De Apoio Em Pesquisa E Desenvolvimento (Exceto Agropecuário E Florestal),18,5675.59
Itu,,Operador De Estação De Tratamento De Água E Efluentes,18,2657.47
Boituva,,Carteiro,18,4460.38
Itu,,Professor Leigo No Ensino Fundamental,18,1814.86
Araçatuba,,Desossador,18,2077.93
Charqueada,,Técnico De Enfermagem,18,2236.29
Araçoiaba da Serra,,Operador De Máquinas De Construção Civil E Mineração,18,2460.94
Itu,,Sepultador,18,1895.84
Pindamonhangaba,,Atleta Profissional De Futebol,18,1307.69
Ibiúna,,Atendente Comercial (Agência Postal),18,2166.64
Ibiúna,,Comprador,18,3086.87
Araçatuba,,Supervisor De Vigilantes,18,3401.03
Araçatuba,,Locutor De Mídias Audiovisuais,18,1628.38
Itu,,Fisioterapeuta Geral,18,3224.23
Itapeva,,Professor De Disciplinas Pedagógicas No Ensino Médio,18,2316.09
Itu,,"Técnico Mecânico (Calefação, Ventilação E Refrigeração)",18,3345.49
Pindamonhangaba,,Supervisor De Exploração Agropecuária,18,2394.95
Piedade,,Trabalhador De Serviços De Limpeza E Conservação De Áreas Públicas,18,1564.55
Cabreúva,,Assistente Social,18,5095.78
Piedade,,Controlador De Entrada E Saída,18,2146.68
Piedade,,Motorista De Carro De Passeio,18,1852.99
Ibiúna,,Administrador,18,5093.48
Charqueada,,"Mecânico De Manutenção De Automóveis, Motocicletas E Veículos Similares",18,1804.76
Pindamonhangaba,,Professor De Língua Portuguesa Do Ensino Fundamental,18,1913.13
Boituva,,Cozinhador (Conservação De Alimentos),18,2005.9
Itupeva,,Camareiro  De Hotel,18,1821.32
Americana,,Desossador,18,2525.57
Araçatuba,,Funileiro De Veículos (Reparação),18,2578.76
Araçoiaba da Serra,,Agenciador De Propaganda,18,4386.31
Boituva,,Técnico De Enfermagem,18,2419.37
Porto Feliz,,Analista Financeiro (Instituições Financeiras),18,3983.12
Americana,,Médico Pediatra,18,12621.92
Itapeva,,Cobrador Externo,18,2125
Dourado,,Porteiro De Edifícios,18,2419.83
Americana,,Preparador De Máquinas-Ferramenta,18,3088.28
Americana,,Operador De Guilhotina (Corte De Papel),18,2428
Boituva,,Gerente De Restaurante,18,2994.82
Araçariguama,,Gerente De Loja E Supermercado,18,3579.96
Araçoiaba da Serra,,Analista De Desenvolvimento De Sistemas,18,5523.32
Itupeva,,Agente De Vendas De Serviços,18,5281.47
Itu,,"Costureiro, A  Máquina  Na Confecção Em Série",18,1559.53
Boituva,,Impressor Flexográfico,18,3547.85
Americana,,Economista Do Setor Público,18,3792.62
Araçoiaba da Serra,,Serralheiro,18,2164.05
Araçatuba,,Psicólogo Hospitalar,18,3281.06
Araçatuba,,Técnico Em Administração,18,1994.17
Itu,,Montador De Filmes,18,1824.36
Americana,,Auxiliar De Prótese Dentária,18,1733.7
Itapeva,,Operador De Carregadeira,18,2370.59
Boituva,,Técnico Mecânico,18,4022.74
Araçatuba,,Mecânico De Manutenção De Motocicletas,18,1966.48
Americana,,Gerente De Suprimentos,18,9012.74
Boituva,,Camareiro  De Hotel,18,1553.94
Itapeva,,Supervisor De Exploração Agrícola,18,5515.68
Itupeva,,Polidor De Metais,18,2468.08
Itapetininga,,Caldeireiro (Chapas De Ferro E Aço),18,3823.1
Americana,,Assistente De Laboratório Industrial,18,2196.28
Itu,,"Operador De Utilidade (Produção E Distribuição De Vapor, Gás, Óleo, Combustível, Energia, Oxigênio)",18,4068.37
Itapeva,,Operador De Serras (Usinagem De Madeira),18,1405.67
Itupeva,,Instrutor De Auto-Escola,18,2734.14
Araçatuba,,Técnico De Telecomunicações (Telefonia),18,3581.16
Porto Feliz,,Ajustador Mecânico,18,2420.42
Ibiúna,,Auxiliar Geral De Conservação De Vias Permanentes (Exceto Trilhos),18,1476.71
Boituva,,Trabalhador Da Pecuária (Eqüinos),18,2144.04
Itu,,Gerente De Compras,18,7328.59
Itapeva,,Auxiliar De Logistica,18,1854.2
Araçatuba,,Professor De Administração,18,3608.19
Itu,,Auxiliar De Laboratório De Análises Clínicas,18,1710.58
Americana,,Revisor De Fios (Produção Têxtil),18,1861.33
Americana,,Operador De Máquina De Fabricar Papel E Papelão,18,2352.7
Cabreúva,,"Costureiro, A  Máquina  Na Confecção Em Série",18,1508.94
Ibiúna,,Contador,18,7403.38
Itupeva,,Gerente De Compras,18,11834.47
Itapeva,,Professor De Alunos Com Deficiência Múltipla,18,1679.68
Itu,,Supervisor De Embalagem E Etiquetagem,18,4388.77
Piedade,,Supervisor De Vendas Comercial,18,3410.2
Araçariguama,,Preparador De Tintas,18,4059.28
Cabreúva,,Trabalhador Da Avicultura De Postura,18,1506.39
Cerquilho,,Pintor De Obras,18,1612.75
Itu,,Sushiman,18,1979.75
Macatuba,,"Recepcionista, Em Geral",18,1494.54
Pindamonhangaba,,Técnico De Manutenção Eletrônica,18,2128.42
Piedade,,,18,2204.34
Americana,,Oxicortador A Mão E A  Máquina,18,2487.13
Americana,,Supervisor De Montagem E Instalação Eletroeletrônica,18,5040.27
Dourado,,Serrador De Madeira,18,1803.53
Itupeva,,Laminador De Plástico,18,4380.56
Americana,,Gerente De Suporte Técnico De Tecnologia Da Informação,18,6257.38
Itupeva,,Escrevente,18,3193.29
Americana,,Terapeuta Ocupacional,18,3310.01
Americana,,Técnico Em Saúde Bucal,18,2081.7
Americana,,Supervisor De Recepcionistas,17,2631.54
Ibiúna,,Vigilante,17,2664.64
Araçariguama,,Instalador-Reparador De Redes Telefônicas E De Comunicação De Dados,17,2323.29
Americana,,Armador De Estrutura De Concreto Armado,17,1650.01
Itapeva,,Operador De Área De Corrida,17,3382.48
Itu,,Metalizador A Pistola,17,2870.57
Cabreúva,,Gerente De Contas - Pessoa Física E Jurídica,17,6195.81
Porto Feliz,,Encarregado De Acabamento De Chapas E Metais  (Têmpera),17,3900.56
Cerquilho,,Professor De Administração,17,1440.22
Araçatuba,,Caseiro (Agricultura),17,1637.9
Itapetininga,,Cobrador Externo,17,2434.11
Porto Feliz,,Lavador De Roupas,17,2348.99
Araçatuba,,Mãe Social,17,1522.03
Americana,,Analista De Logistica,17,3731.12
Itu,,Inspetor De Risco,17,1942.65
Itu,,Gerente De Operações De Transportes,17,8761.75
Cerquilho,,Especialista Em Calibrações Metrológicas,17,2713.55
Itupeva,,Professor De Nível Superior Na Educação Infantil (Quatro A Seis Anos),17,2783.98
Itupeva,,Gerente De Operações De Serviços De Assistência Técnica,17,10951.52
Porto Feliz,,Forneiro (Materiais De Construção),17,1847.51
Americana,,Chapeador,17,2821.73
Boituva,,Analista De Folha De Pagamento,17,3285.66
Itapeva,,Operador De Máquinas De Construção Civil E Mineração,17,2317.1
Boituva,,"Operador De Utilidade (Produção E Distribuição De Vapor, Gás, Óleo, Combustível, Energia, Oxigênio)",17,4593.44
Itupeva,,Controlador De Serviços De Máquinas E Veículos,17,5373.9
Ibiúna,,Analista De Recursos Humanos,17,3633.64
Itupeva,,Mecânico De Manutenção De Empilhadeiras E Outros Veículos De Cargas Leves,17,4195.56
Itu,,Supervisor De Montagem E Instalação Eletroeletrônica,17,6566.56
Itapeva,,Mãe Social,17,1151.14
Porto Feliz,,Encarregado De Costura Na Confecção Do Vestuário,17,2166.25
Araçatuba,,Operador De Computador,17,2468.58
Araçatuba,,Operador De Máquina De Fabricar Papel E Papelão,17,3769.19
Araçatuba,,Supervisor De Carga E Descarga,17,4027.2
Itu,,Professor De Ensino Superior Na Área De Prática De Ensino,17,2804.32
Itapetininga,,Mestre De Produção Química,17,8533.06
Itapeva,,Trabalhador Na Produção De Mudas E Sementes,17,1241.15
Itupeva,,Marceneiro,17,2432.53
Porto Feliz,,Auxiliar De Cartório,17,2589.27
Porto Feliz,,Mestre De Produção Química,17,11156.13
Dourado,,Queijeiro Na Fabricação De Laticínio,17,2004.64
Boituva,,Operador De Estação De Tratamento De Água E Efluentes,17,2681.99
Americana,,Operador De Filtro De Tambor Rotativo (Tratamentos Químicos E Afins),17,2382.07
Pindamonhangaba,,Fiscal De Transportes Coletivos (Exceto Trem),17,2376.29
Itupeva,,Cobrador Interno,17,2325.82
Boituva,,Marceneiro,17,2053.2
Boituva,,Pintor De Obras,17,1905.99
Boituva,,"Encarregado De Manutenção De Instrumentos De Controle, Medição E Similares",17,3216.89
Boituva,,Zelador De Edifício,17,1960.6
Itupeva,,Operador De Estação De Tratamento De Água E Efluentes,17,2738.75
Itupeva,,Retalhador De Carne,17,1975.73
Itu,,Metrologista,17,3971.03
Araçatuba,,Supervisor De Compras,17,3144.83
Itu,,Professor De Nível Superior Na Educação Infantil (Zero A Três Anos),17,2768.6
Itupeva,,Operador De Transporte Multimodal,17,3056.27
Boituva,,Gerente De Projetos E Serviços De Manutenção,17,10857.51
Araçoiaba da Serra,,Gerente De Produção E Operações,17,7568.7
Cabreúva,,Guincheiro (Construção Civil),17,2682.71
Pindamonhangaba,,Demonstrador De Mercadorias,17,1976.09
Araçatuba,,Professor De Dança,17,1172.56
Cabreúva,,Desenhista Projetista Mecânico,17,5203.57
Araçatuba,,Inspetor De Risco,17,1729.5
Itu,,Engenheiro Eletrônico,17,10423.01
Pindamonhangaba,,Operador De Forno De Tratamento Térmico De Metais,17,3477.38
Araçoiaba da Serra,,Técnico De Suporte Ao Usuário De Tecnologia Da Informação,17,1702.54
Araçatuba,,Editor De Mídia Audiovisual,17,2445.89
Americana,,Desenvolvedor Web (Técnico),17,3906.72
Araçatuba,,Professor De Nível Superior Na Educação Infantil (Zero A Três Anos),17,1448.8
Itu,,Impressor Flexográfico,17,4457.64
Araçariguama,,Mestre (Construção Civil),17,2798.66
Americana,,"Encarregado De Manutenção De Instrumentos De Controle, Medição E Similares",17,2793.72
Araçatuba,,Chefe De Cozinha,17,2842.79
Itapeva,,Professor Instrutor De Ensino E Aprendizagem Em Serviços,17,983.4
Araçatuba,,Instalador-Reparador De Equipamentos De Comutação Em Telefonia,17,1827.68
Americana,,Churrasqueiro,17,2031.34
Porto Feliz,,Forneiro De Fundição (Forno De Redução),17,2130.83
Piedade,,Demonstrador De Mercadorias,17,1640.26
Itapetininga,,Polidor De Pedras,17,1960.58
Itupeva,,Mestre (Construção Civil),17,4197.85
Porto Feliz,,Analista De Suporte Computacional,17,3269.2
Cerquilho,,Caldeireiro (Chapas De Ferro E Aço),17,3352.13
Araçariguama,,Auxiliar De Laboratório De Análises Físico-Químicas,17,3353.54
Charqueada,,Alambiqueiro,17,1996.49
Araçatuba,,Professor De Educação Física No Ensino Superior,17,5279.47
Americana,,Técnico Em Instrumentação,17,7050.33
Cabreúva,,Técnico Eletrônico,17,6551.44
Americana,,Corretor De Imóveis,17,1897.55
Porto Feliz,,Técnico Mecânico Na Manutenção De Ferramentas,17,2054.56
Araçatuba,,Impressor Tipográfico,17,4248.93
Araçoiaba da Serra,,"Mecânico De Manutenção De Máquinas, Em Geral",17,3156.89
Itupeva,,Analista De Folha De Pagamento,17,3964.93
Itupeva,,Impressor (Serigrafia),17,2643.9
Americana,,Montador De Equipamentos Eletrônicos (Máquinas Industriais),17,2302.77
Araçatuba,,Psicólogo Social,17,3544.03
Cerquilho,,Desenvolvedor De Sistemas De Tecnologia Da Informação (Técnico),17,3340.11
Araçariguama,,Operador Eletromecânico,17,4682.08
Itu,,Operador De Trator De Lâmina,17,2458.63
Araçariguama,,Operador De Inspeção De Qualidade,17,3159.13
Itapetininga,,Montador De Estruturas Metálicas,17,1335.41
Araçoiaba da Serra,,Vendedor Em Comércio Atacadista,17,2072.66
Piedade,,Gerente De Produção E Operações,17,4303.94
Araçatuba,,Ajudante De Confecção,17,1510.57
Itu,,"Produtor Agropecuário, Em Geral",17,1409.15
Cabreúva,,Coletor De Lixo Domiciliar,17,1769.15
Itapeva,,Vidraceiro,17,1503.56
Itupeva,,Ajustador Mecânico Em Bancada,17,2065.35
Americana,,Gerente De Desenvolvimento De Sistemas,17,12212.77
Cabreúva,,Gerente De Projetos E Serviços De Manutenção,17,14131.14
Itu,,Corretor De Seguros,17,6362.17
Itapeva,,Borracheiro,17,2332.23
Araçatuba,,Ferramenteiro,17,4429.18
Itapeva,,Comerciante Varejista,17,3529.34
Pindamonhangaba,,Forneiro De Reaquecimento E Tratamento Térmico Na Metalurgia,17,6016.48
Itupeva,,Assistente De Laboratório Industrial,17,2913.61
Araçoiaba da Serra,,Motorista De Carro De Passeio,17,2250.73
Araçatuba,,"Mecânico De Manutenção De Máquinas Cortadoras De Grama, Roçadeiras, Motosserras E Similares",17,2001.92
Itu,,Técnico De Obras Civis,17,3130.85
Araçatuba,,"Lavadeiro, Em Geral",17,1570.52
Piedade,,Confeiteiro,17,1811.81
Americana,,Professor De Química No Ensino Médio,17,2185.93
Cabreúva,,Operador De Máquina De Dobrar Chapas,16,3549.93
Americana,,Mestre De Usinagem,16,5678.26
Cerquilho,,Eletricista De Instalações,16,3066.32
Americana,,"Bobinador Eletricista, À Máquina",16,1875.07
Itapetininga,,"Produtor Agropecuário, Em Geral",16,1407.47
Piedade,,Professor De Disciplinas Pedagógicas No Ensino Médio,16,1378.98
Cabreúva,,Técnico Químico,16,6053.6
Araçatuba,,Retalhador De Carne,16,1579.71
Araçoiaba da Serra,,Preparador De Estruturas Metálicas,16,1723.98
Araçatuba,,Técnico Em Manutenção De Máquinas,16,2844.7
Boituva,,"Embalador, A Máquina",16,2120.49
Dourado,,Gerente Administrativo,16,4120.91
Araçariguama,,Vendedor Em Comércio Atacadista,16,5021.11
Pindamonhangaba,,,16,2244.47
Itu,,Auxiliar De Seguros,16,1430.48
Itu,,Supervisor De Recepcionistas,16,2849.63
Cabreúva,,Galvanizador,16,3760.63
Americana,,Pintor De Veículos (Reparação),16,2822.86
Itu,,Operador De Guindaste Móvel,16,4770.45
Cabreúva,,Encarregado De Manutenção Mecânica De Sistemas Operacionais,16,7295.68
Itupeva,,Operador De Pá Carregadeira,16,3736.25
Americana,,,16,4527.72
Macatuba,,Enfermeiro,16,3972.07
Americana,,Supervisor De Contas A Pagar,16,4637.97
Itapetininga,,Professor De Administração,16,2393.9
Cerquilho,,"Eletricista De Instalações (Veículos Automotores E Máquinas Operatrizes, Exceto Aeronaves E Embarcações)",16,2887.65
Pindamonhangaba,,Operador De Betoneira,16,2697.09
Itu,,Maître,16,2584.66
Pindamonhangaba,,Operador De Máquina Perfuratriz,16,2273.78
Porto Feliz,,"Tecelão De Malhas, A  Máquina",16,1987.26
Itupeva,,Barman,16,2775.47
Cabreúva,,Secretária(O) Executiva(O),16,7620.82
Itapetininga,,Alinhador De Pneus,16,1944.1
Araçatuba,,Agente De Viagem,16,1755.75
Itapetininga,,Borracheiro,16,1735.42
Boituva,,Auditor (Contadores E Afins),16,7417.48
Itu,,Assistente Comercial De Seguros,16,2433.86
Americana,,Gerente De Riscos,16,7235.09
Itapeva,,Gerente De Produção E Operações,16,8545.75
Boituva,,Montador De Equipamentos Elétricos,16,2652.85
Itu,,Lustrador De Peças De Madeira,16,2414.29
Boituva,,Encarregado De Manutenção Mecânica De Sistemas Operacionais,16,6944.23
Americana,,Engenheiro Mecânico,16,7538.92
Itapetininga,,Operador De Trator De Lâmina,16,1629.25
Cabreúva,,Recepcionista De Consultório Médico Ou Dentário,16,1416.52
Americana,,Apresentador De Eventos,16,862.46
Cabreúva,,Trabalhador Da Elaboração De Pré-Fabricados (Cimento Amianto),16,1382.87
Cerquilho,,Trabalhador De Serviços De Limpeza E Conservação De Áreas Públicas,16,1151.16
Americana,,Pintor A Pincel E Rolo (Exceto Obras E Estruturas Metálicas),16,2624.47
Araçatuba,,Supervisor De Crédito E Cobrança,16,3231.47
Itapeva,,Motofretista,16,2390.73
Itu,,Barman,16,1778.25
Piedade,,Motofretista,16,1911.92
Araçariguama,,Supervisor De Logística,16,5845.63
Itupeva,,Supervisor De Transportes,16,4707.56
Boituva,,Recepcionista De Hotel,16,2084.89
Araçatuba,,Professor De Língua Estrangeira Moderna Do Ensino Fundamental,16,2475.83
Pindamonhangaba,,Recebedor De Apostas (Loteria),16,1249.66
Itapetininga,,Gerente De Pesquisa E Desenvolvimento (P&D),16,11438.76
Itapetininga,,Supervisor De Manutenção De Máquinas Industriais Têxteis,16,3046.02
Cabreúva,,Engenheiro De Produção,16,8811
Cerquilho,,Conferente-Expedidor De Roupas (Lavanderias),16,2065.29
Itupeva,,Mestre (Indústria De Automotores E Material De Transportes),16,8701.72
Itupeva,,Economista Do Setor Público,16,5918.9
Itupeva,,Desenvolvedor De Sistemas De Tecnologia Da Informação (Técnico),16,4870.26
Cabreúva,,Psicólogo Clínico,16,6646.82
Itapeva,,Classificador De Toras,16,1781.34
Pindamonhangaba,,Professor De Matemática No Ensino Médio,16,1352.83
Americana,,Instalador-Reparador De Linhas E Aparelhos De Telecomunicações,16,2101.33
Boituva,,Professor De Nível Médio No Ensino Fundamental,16,2499.71
Itapeva,,Monitor De Dependente Químico,16,2134.3
Ibiúna,,Técnico De Comunicação De Dados,16,1941.3
Dourado,,Pedreiro,16,2142.13
Pindamonhangaba,,Nutricionista,16,3326.88
Araçatuba,,Professor De Psicologia Do Ensino Superior,16,5302.85
Cerquilho,,Auxiliar Em Saúde Bucal,16,1815.95
Dourado,,Agente Comunitário De Saúde,16,1865.01
Itapeva,,Mestre De Alto-Forno,16,4850.26
Itu,,Cartazeiro,16,1302.25
Itapeva,,Auxiliar De Faturamento,16,1762.02
Pindamonhangaba,,Vidraceiro,16,1417.36
Araçatuba,,Professor De Antropologia Do Ensino Superior,16,2901.72
Araçariguama,,Gerente De Logística (Armazenagem E Distribuição),16,10159.6
Macatuba,,Supervisor Administrativo,16,4162.34
Itu,,Operador De Jato Abrasivo,16,3400.67
Pindamonhangaba,,"Operador De Extrusora (Química, Petroquímica E Afins)",16,5507.29
Itupeva,,Analista De Negócios,16,4970.31
Araçoiaba da Serra,,Motorista De Furgão Ou Veículo Similar,16,2233.74
Pindamonhangaba,,Professor Instrutor De Ensino E Aprendizagem Em Serviços,16,1073.09
Araçatuba,,Tosador De Animais Domésticos,16,1677.9
Araçatuba,,Supervisor De Exploração Agrícola,16,2815.71
Araçoiaba da Serra,,Agente De Portaria,16,1839.63
Araçariguama,,Alvejador (Tecidos),16,2019.4
Porto Feliz,,Operador De Pá Carregadeira,16,2646.65
Porto Feliz,,Copeiro,16,1368.79
Itu,,Assistente Social,16,2879.82
Cabreúva,,Auxiliar De Enfermagem,16,2090.44
Americana,,Gerente De Produtos Bancários,16,7671.06
Cabreúva,,Auxiliar De Pessoal,16,1815.04
Itapeva,,Operador De Colheitadeira,16,2679.65
Itu,,Monitor De Sistemas Eletrônicos De Segurança Interno,16,1849.11
Pindamonhangaba,,Técnico Em Atendimento E Vendas,16,9019.71
Piedade,,Estoquista,16,1895.36
Itu,,Mestre (Indústria De Automotores E Material De Transportes),16,6903.42
Cabreúva,,Gerente De Recursos Humanos,16,9964.02
Dourado,,Governanta De Hotelaria,16,2492.1
Itu,,Gerente De Suporte Técnico De Tecnologia Da Informação,16,8472.61
Americana,,Professor De Língua Portuguesa Do Ensino Fundamental,16,4441.92
Itupeva,,Borracheiro,16,1441.13
Itapeva,,Técnico Agrícola,16,4095.63
Macatuba,,Assistente De Vendas,16,1603.87
Itapeva,,Analista De Recursos Humanos,16,3123.01
Piedade,,Motorista De Ônibus Urbano,16,2855.86
Boituva,,Auxiliar De Cartório,16,2135.17
Boituva,,Mecânico De Veículos Automotores A Diesel (Exceto Tratores),16,3099.54
Americana,,"Operador De Processo (Química, Petroquímica E Afins)",16,3860.86
Araçoiaba da Serra,,Trabalhador Da Cultura De Milho E Sorgo,16,1511.64
Boituva,,"Confeccionador De Bolsas, Sacos E Sacolas E Papel, A Máquina",16,1722.73
Pindamonhangaba,,Temperador De Metais E De Compósitos,16,4213.2
Cabreúva,,Apontador De Mão-De-Obra,16,5558.33
Itapeva,,Gerente De Departamento Pessoal,16,3116.36
Itapeva,,Pintor De Obras,16,1809.22
Itapeva,,Serralheiro,16,1920.75
Macatuba,,Atendente De Lanchonete,16,1419.69
Americana,,Professor De Educação Artística Do Ensino Fundamental,16,1759.06
Itu,,Pesquisador De Engenharia E Tecnologia (Outras Áreas Da Engenharia),16,7529.5
Araçatuba,,Projetista De Móveis,16,2028.84
Cabreúva,,Copeiro,16,1758.77
Itapetininga,,Topógrafo,16,2367.95
Itapeva,,Pedreiro De Edificações,16,2262.29
Cabreúva,,Gerente De Logística (Armazenagem E Distribuição),16,12118.3
Pindamonhangaba,,Pizzaiolo,16,1480.89
Cabreúva,,"Eletrotécnico Na Fabricação, Montagem E Instalação De Máquinas E Equipamentos",16,6381.14
Porto Feliz,,Recepcionista De Hotel,16,2360.07
Araçoiaba da Serra,,Ligador De Linhas Telefônicas,15,1712.97
Araçatuba,,Professor De Língua Estrangeira Moderna No Ensino Médio,15,1099.87
Pindamonhangaba,,Professor De Alunos Com Deficiência Mental,15,2008.06
Araçatuba,,Professor De Matemática Aplicada (No Ensino Superior),15,1979.54
Americana,,Condutor De Ambulância,15,4133.52
Boituva,,Trabalhador Da Pecuária (Bovinos Corte),15,1503.2
Itu,,Orientador Educacional,15,2611.04
Itupeva,,"Eletrotécnico Na Fabricação, Montagem E Instalação De Máquinas E Equipamentos",15,5630.83
Americana,,Auxiliar De Serviços Jurídicos,15,2278.99
Itupeva,,Supervisor De Fabricação De Produtos De Vidro,15,8220.16
Itapetininga,,Supervisor De Vendas De Serviços,15,3828.67
Itupeva,,Auxiliar De Laboratório De Análises Físico-Químicas,15,2746.8
Itapeva,,Recreador,15,1421.61
Americana,,Chefe De Serviço De Transporte Rodoviário (Passageiros E Cargas),15,3499.7
Ibiúna,,Guardador De Veículos,15,1212.61
Araçoiaba da Serra,,Instrutor De Cursos Livres,15,2357.47
Piedade,,Vendedor Em Domicílio,15,2658.68
Itupeva,,Coordenador Pedagógico,15,3695.73
Porto Feliz,,Temperador De Metais E De Compósitos,15,2691.27
Araçariguama,,Salgador De Alimentos,15,2268.72
Pindamonhangaba,,Ciclista Mensageiro,15,1801.1
Itapeva,,Técnico Em Manutenção De Equipamentos De Informática,15,1708.67
Americana,,Mestre De Fundição,15,9425.28
Pindamonhangaba,,Técnico Em Instrumentação,15,7570.07
Americana,,Professor De Geografia Do Ensino Fundamental,15,3346.14
Pindamonhangaba,,Auxiliar De Laboratório De Análises Físico-Químicas,15,2692.53
Cerquilho,,Auxiliar De Pessoal,15,2721.41
Boituva,,Encanador,15,2236.88
Ibiúna,,Tratador De Animais,15,1422.56
Boituva,,Instrutor De Auto-Escola,15,2654.93
Araçatuba,,Médico Veterinário,15,5792.29
Dourado,,Frentista,15,1726.65
Itupeva,,Acabador De Superfícies De Concreto,15,1937.84
Pindamonhangaba,,Professor Leigo No Ensino Fundamental,15,194.8
Pindamonhangaba,,Operador De Câmera De Televisão,15,2747.08
Araçoiaba da Serra,,"Eletricista De Manutenção De Linhas Elétricas, Telefônicas E De Comunicação De Dados",15,3671.55
Itu,,Esteticista,15,1894.45
Americana,,Bamburista,15,4628.76
Araçatuba,,Enfermeiro Auditor,15,4367.29
Itapeva,,Ceramista,15,1750.78
Araçatuba,,Gerente De Recursos Humanos,15,7253.14
Araçoiaba da Serra,,Gerente De Loja E Supermercado,15,2998.41
Macatuba,,Inspetor De Qualidade,15,2743
Itapeva,,Trabalhador De Pecuária Polivalente,15,1391.2
Dourado,,Técnico De Contabilidade,15,3900.52
Itapetininga,,Mecânico De Manutenção De Motores Diesel (Exceto De Veículos Automotores),15,2116.4
Itapetininga,,Projetista De Móveis,15,1536.91
Pindamonhangaba,,Gerente De Agência,15,11032.54
Itupeva,,Montador De Filmes,15,3198.82
Cabreúva,,Operador De Máquinas De Construção Civil E Mineração,15,3389.46
Dourado,,Trabalhador Da Cultura De Cana-De-Açúcar,15,1891.57
Itapeva,,Técnico Químico,15,4756.46
Itupeva,,Editor De Texto E Imagem,15,3697.63
Araçatuba,,Montador De Instrumentos De Óptica,15,2303.41
Itu,,Montador De Instrumentos De Precisão,15,2067.07
Macatuba,,Escriturário De Banco,15,9147.51
Itapeva,,Técnico Florestal,15,4461.1
Americana,,Supervisor De Lavanderia,15,2306.49
Araçariguama,,Caldeireiro (Chapas De Ferro E Aço),15,4967.76
Itupeva,,Operador De Telemarketing Receptivo,15,1429.63
Itapetininga,,Professor De Nível Médio No Ensino Fundamental,15,1366.71
Macatuba,,Técnico Eletricista,15,5345.51
Itu,,"Supervisor De Manutenção Eletromecânica Industrial, Comercial E Predial",15,7527.9
Itu,,Mecânico De Manutenção De Motocicletas,15,2128.86
Itapeva,,Operador De Escavadeira,15,2865.69
Americana,,Agente De Portaria,15,1713.39
Itupeva,,"Eletricista De Instalações (Veículos Automotores E Máquinas Operatrizes, Exceto Aeronaves E Embarcações)",15,2468.36
Pindamonhangaba,,Preparador De Panelas,15,4187.64
Piedade,,Montador De Equipamentos Elétricos (Instrumentos De Medição),15,2189.81
Araçariguama,,Técnico De Laboratório Industrial,15,4455.01
Itupeva,,Secretária(O) Executiva(O),15,7940.77
Cabreúva,,Auxiliar Em Saúde Bucal,15,1961.06
Itapetininga,,Atendente De Agência,15,2668.09
Piedade,,Técnico De Planejamento De Produção,15,3847.62
Itupeva,,Cementador De Metais,15,3819.31
Itupeva,,Tingidor De Roupas,15,625.27
Araçatuba,,Cartazeiro,15,1927.6
Araçatuba,,Supervisor De Logística,15,5701.48
Americana,,Diretor De Instituição Educacional Pública,15,9823.06
Cerquilho,,Vigilante,15,2755.66
Itapetininga,,Técnico De Vendas,15,5118.79
Pindamonhangaba,,Operador De Processos Químicos E Petroquímicos,15,3950.61
Dourado,,"Mecânico De Manutenção De Máquinas, Em Geral",15,3959.15
Itu,,Operador De Computador,15,2728.06
Itu,,Banhista De Animais Domésticos,15,1495.47
Piedade,,Professor De Nível Superior Do Ensino Fundamental (Primeira A Quarta Série),15,2311.96
Itapetininga,,Gerente De Projetos E Serviços De Manutenção,15,6987.16
Itupeva,,Estampador De Tecido,15,1005.96
Itu,,Forneiro De Fundição (Forno De Redução),15,3562.97
Americana,,Polidor De Metais,15,2317.78
Cerquilho,,"Confeccionador De Bolsas, Sacos E Sacolas E Papel, A Máquina",15,1611.71
Charqueada,,Escriturário De Banco,15,7438.79
Itapetininga,,Comerciante Atacadista,15,1453.56
Araçatuba,,Pintor De Estruturas Metálicas,15,1962.33
Porto Feliz,,Caixa De Banco,15,2427.09
Itupeva,,Pintor De Estruturas Metálicas,15,2370.7
Itapeva,,Balanceiro,15,2942.94
Itu,,Auxiliar De Laboratório De Análises Físico-Químicas,15,2009.75
Ibiúna,,Gerente De Contas - Pessoa Física E Jurídica,15,4914.05
Porto Feliz,,Forneiro E Operador (Alto-Forno),15,1978.11
Araçariguama,,Controlador De Entrada E Saída,15,4080.35
Itu,,Costureira De Peças Sob Encomenda,15,1514.73
Itu,,Técnico Em Eletromecânica,15,7877.67
Itapetininga,,Instrutor De Aprendizagem E Treinamento Industrial,15,2327.22
Araçariguama,,Gerente De Vendas,15,20369.07
Cerquilho,,Montador De Móveis E Artefatos De Madeira,15,2212.59
Americana,,Lubrificador Industrial,15,2339.85
Itapeva,,Mecânico De Manutenção De Motores Diesel (Exceto De Veículos Automotores),15,1871.23
Cerquilho,,Gerente De Restaurante,15,2769.42
Piedade,,Operador De Máquinas-Ferramenta Convencionais,15,3149.97
Porto Feliz,,Médico Da Estratégia De Saúde Da Família,15,14685.67
Itapetininga,,Engenheiro Florestal,15,12265.31
Itu,,Polidor De Metais,15,3023.05
Pindamonhangaba,,Vendedor Em Comércio Atacadista,15,2676.75
Boituva,,Fosfatizador,15,2993.38
Araçatuba,,Curtidor (Couros E Peles),15,2274.36
Itapetininga,,Auxiliar De Prótese Dentária,15,1741.34
Itapeva,,Leiturista,15,2728.6
Araçatuba,,Cortador De Roupas,15,1506.89
Itupeva,,Técnico Em Mecatrônica - Automação Da Manufatura,15,6181.61
Boituva,,Técnico De Manutenção Elétrica,15,6451.66
Araçatuba,,Gerente De Recuperação De Crédito,15,8188.59
Cerquilho,,Trabalhador Na Produção De Mudas E Sementes,15,1590.72
Itu,,Fundidor De Metais,15,2553.72
Charqueada,,Professor De Nível Superior Na Educação Infantil (Zero A Três Anos),15,1964.18
Araçatuba,,Técnico Em Atendimento E Vendas,15,6944.96
Itapetininga,,Laboratorista Fotográfico,15,1711.33
Araçatuba,,Operador De Bate-Estacas,15,1902.62
Araçatuba,,Oleiro (Fabricação De Tijolos),15,1190.89
Dourado,,Comprador,15,4278.64
Itapeva,,Assistente Social,15,2497.93
Cabreúva,,Operador De Filatório,14,1390.36
Americana,,Lubrificador De Veículos Automotores (Exceto Embarcações),14,2292.95
Araçatuba,,Operador De Equipamento De Destilação De Álcool,14,3802.94
Cabreúva,,Técnico Mecânico (Máquinas),14,4060.06
Itu,,Analista De Crédito (Instituições Financeiras),14,2825.42
Pindamonhangaba,,Engenheiro Mecânico,14,11155.84
Americana,,Operador De Linha De Montagem (Aparelhos Elétricos),14,1576.69
Araçoiaba da Serra,,Carregador (Veículos De Transportes Terrestres),14,1658.44
Itu,,Técnico Mecânico (Máquinas),14,3408.56
Ibiúna,,Copeiro,14,1162.76
Cerquilho,,Vendedor Em Domicílio,14,4545.45
Porto Feliz,,Mestre (Construção Civil),14,2434.52
Cabreúva,,Garçom,14,1615.76
Piedade,,Instrutor De Auto-Escola,14,2453.38
Cabreúva,,Fisioterapeuta Geral,14,4262.36
Araçatuba,,"Instalador De Cortinas E Persianas, Portas Sanfonadas E Boxe",14,1758.45
Americana,,Professor De Língua Estrangeira Moderna No Ensino Médio,14,3146.92
Porto Feliz,,Instalador-Reparador De Redes Telefônicas E De Comunicação De Dados,14,2484.12
Pindamonhangaba,,Professores De Cursos Livres,14,2034.2
Cerquilho,,Secretária(O) Executiva(O),14,2341.15
Itapeva,,Instalador-Reparador De Equipamentos De Transmissão Em Telefonia,14,1518.38
Itu,,Gerente De Hotel,14,5805.43
Dourado,,Lustrador De Peças De Madeira,14,2629.1
Cabreúva,,"Operador De Máquinas De Fabricação De Doces, Salgados E Massas Alimentícias",14,2672.55
Itapetininga,,"Mestre (Indústria De Celulose, Papel E Papelão)",14,7772.05
Araçatuba,,Emissor De Passagens,14,1366.37
Ibiúna,,Auxiliar De Logistica,14,1485.43
Porto Feliz,,Analista De Logistica,14,3334.83
Americana,,Gerente De Serviços De Saúde,14,6769.35
Charqueada,,"Operador De Máquinas Fixas, Em Geral",14,2631.28
Dourado,,Analista De Recursos Humanos,14,4194.93
Cabreúva,,Supervisor De Caixas E Bilheteiros (Exceto Caixa De Banco),14,2620.94
Cabreúva,,"Embalador, A Máquina",14,2399.93
Araçoiaba da Serra,,Encarregado De Manutenção Mecânica De Sistemas Operacionais,14,4323.81
Araçariguama,,Motorista Operacional De Guincho,14,2457
Porto Feliz,,Economista Financeiro,14,7664.96
Itu,,Gerente De Agência,14,11076.23
Itu,,Trabalhador Da Cultura De Café,14,1781.73
Itapeva,,"Operador De Máquina De Usinagem Madeira, Em Geral",14,1964.1
Porto Feliz,,Gerente De Projetos E Serviços De Manutenção,14,12153.97
Cerquilho,,Operador De Escavadeira,14,2766
Araçatuba,,Carpinteiro,14,1997.71
Itapetininga,,Técnico De Manutenção Elétrica,14,4798.3
Itupeva,,Chefe De Cozinha,14,3710.66
Itu,,"Moldador, A  Máquina",14,2922.88
Araçoiaba da Serra,,Trabalhador Da Pecuária (Eqüinos),14,2554.78
Araçariguama,,Operador De Pá Carregadeira,14,3071.01
Boituva,,Professores De Cursos Livres,14,1996.9
Itupeva,,Atendente Comercial (Agência Postal),14,2573.64
Porto Feliz,,Técnico Em Radiologia E Imagenologia,14,4226.26
Porto Feliz,,Acabador De Superfícies De Concreto,14,2785.81
Araçatuba,,Mecânico De Manutenção De Motores Diesel (Exceto De Veículos Automotores),14,2704.05
Cabreúva,,Analista Financeiro (Instituições Financeiras),14,3774.58
Araçatuba,,Montador De Equipamentos Elétricos,14,1562.28
Itu,,Assistente De Laboratório Industrial,14,2719.31
Piedade,,Gerente De Contas - Pessoa Física E Jurídica,14,4926.14
Charqueada,,Trabalhador Em Criatórios De Animais Produtores De Veneno,14,2046.97
Cerquilho,,Mestre (Construção Civil),14,2978.5
Itapetininga,,"Operador De Pavimentadora (Asfalto, Concreto E Materiais Similares)",14,2667.55
Araçatuba,,Auxiliar De Laboratório De Análises Físico-Químicas,14,2016.4
Pindamonhangaba,,Operador De Máquina De Dobrar Chapas,14,3347.27
Pindamonhangaba,,Operador De Bomba De Concreto,14,2682.51
Araçariguama,,"Operador De Produção (Química, Petroquímica E Afins)",14,3314.4
Itu,,Diretor Comercial,14,29665.32
Pindamonhangaba,,Psicólogo Educacional,14,1727.49
Americana,,Eletricista De Instalações (Edifícios),14,2721.87
Americana,,Agente De Viagem,14,2524.26
Charqueada,,Trabalhador Da Cultura De Cana-De-Açúcar,14,1786.2
Piedade,,Encarregado De Acabamento De Chapas E Metais  (Têmpera),14,3037.11
Itapeva,,Funileiro De Veículos (Reparação),14,2227.66
Porto Feliz,,Auxiliar De Pessoal,14,2230.48
Itu,,"Supervisor De Fabricação De Produtos Cerâmicos, Porcelanatos E Afins",14,4470.07
Cabreúva,,Contramestre De Tecelagem (Indústria Têxtil),14,2932.4
Itapeva,,Marmorista (Construção),14,1387.76
Araçatuba,,Armador De Estrutura De Concreto,14,1944.08
Itapeva,,"Mecânico De Manutenção De Máquinas Cortadoras De Grama, Roçadeiras, Motosserras E Similares",14,2414.4
Pindamonhangaba,,Economista Financeiro,14,6027.65
Pindamonhangaba,,"Eletricista De Manutenção De Linhas Elétricas, Telefônicas E De Comunicação De Dados",14,3216.51
Araçatuba,,Gerente De Compras,14,4632.66
Araçariguama,,Montador De Móveis E Artefatos De Madeira,14,1875.6
Boituva,,Cozinheiro Industrial,14,1749.7
Araçatuba,,Operador De Tratamento De Calda Na Refinação De Açúcar,14,2667.62
Pindamonhangaba,,Autor-Roteirista,14,2542.53
Cabreúva,,Supervisor De Compras,14,6630.45
Araçoiaba da Serra,,Técnico Em Segurança Do Trabalho,14,4588.29
Araçatuba,,Analista De Pcp (Programação E Controle Da Produção),14,3432.38
Pindamonhangaba,,Mestre (Indústria De Borracha E Plástico),14,7901.74
Itupeva,,Operador De Torno Com Comando Numérico,14,3718.37
Charqueada,,Auxiliar De Logistica,14,1946.36
Cerquilho,,Agente Funerário,14,2273.33
Charqueada,,Soldador,14,2700.07
Cerquilho,,Moldador De Plástico Por Injeção,14,1709.18
Itapeva,,Operador De Guindaste Móvel,14,2837.95
Itu,,Fiscal De Transportes Coletivos (Exceto Trem),14,2292.51
Araçatuba,,"Montador De Equipamentos Eletrônicos (Estação De Rádio, Tv E Equipamentos De Radar)",14,3266.2
Itu,,Auxiliar De Serviços Jurídicos,14,1652.35
Piedade,,Comprador,14,2935.16
Itu,,Cortador De Pedras,14,2001.2
Boituva,,Trabalhador Da Elaboração De Pré-Fabricados (Concreto Armado),14,1549.38
Americana,,Inspetor De Risco,14,2427.19
Itapetininga,,Atendente De Judiciário,14,2060.16
Araçariguama,,Balanceiro,14,1819.23
Itapetininga,,Operador De Estação De Tratamento De Água E Efluentes,14,1901.4
Cabreúva,,Gerente De Restaurante,14,3381.95
Porto Feliz,,Operador De Máquina De Fabricar Papel (Fase Seca),14,2540.84
Porto Feliz,,Supervisor De Recepcionistas,14,2177.02
Piedade,,Pedreiro,14,1776.88
Araçariguama,,"Bordador, À Máquina",14,1812.99
Americana,,"Supervisor Da Confecção De Artefatos De Tecidos, Couros E Afins",14,3665.13
Americana,,Catador De Material Reciclável,14,1259.17
Araçoiaba da Serra,,Eletricista De Manutenção Eletroeletrônica,14,2789.8
Itu,,Auxiliar De Veterinário,14,1461.84
Cabreúva,,Cuidador Em Saúde,14,1839.49
Itapetininga,,Analista De Logistica,14,2839.71
Piedade,,Motorista De Furgão Ou Veículo Similar,14,1939.3
Charqueada,,Operador De Colheitadeira,14,3130.88
Americana,,Técnico Em Farmácia,14,2269.15
Pindamonhangaba,,Operador De Máquina De Envasar Líquidos,14,2379.06
Araçatuba,,Professor De Ensino Superior Na Área De Prática De Ensino,14,2587.51
Porto Feliz,,Trabalhador Na Produção De Mudas E Sementes,14,1489.07
Macatuba,,Almoxarife,14,2100.15
Itu,,Técnico Eletricista,14,2719.8
Araçatuba,,Professor De Contabilidade,14,4137.41
Itapetininga,,Orientador Educacional,14,2908.8
Araçariguama,,Forneiro E Operador (Alto-Forno),14,4697.98
Araçoiaba da Serra,,Carregador (Armazém),14,1533.55
Araçatuba,,Masseiro (Massas Alimentícias),14,1765.62
Boituva,,Caixa De Banco,14,3614.18
Cabreúva,,Economista Financeiro,14,5434.72
Itu,,Técnico De Laboratório Industrial,14,2891.34
Itu,,Professor De Disciplinas Pedagógicas No Ensino Médio,14,2433.05
Itapeva,,Professor De Educação Física No Ensino Superior,14,1409.04
Cerquilho,,Mecânico De Manutenção E Instalação De Aparelhos De Climatização E  Refrigeração,14,1638.4
Itupeva,,Engenheiro Eletrônico,14,10675.13
Ibiúna,,Serralheiro,14,1589.38
Araçatuba,,Gerente De Marketing,14,4944.86
Itapeva,,Mecânico De Manutenção De Motocicletas,14,1501.87
Itupeva,,Agente De Portaria,14,1658.2
Ibiúna,,Controlador De Entrada E Saída,14,1894.72
Araçariguama,,Padeiro,14,2411.44
Araçariguama,,Prensista (Operador De Prensa),14,2308.63
Cabreúva,,Cirurgião Dentista De Saúde Coletiva,14,7580.53
Itapetininga,,Expedidor De Mercadorias,14,2269.65
Americana,,Operador De Telemarketing Técnico,14,1409.76
Itupeva,,Químico,14,14073.84
Itapetininga,,Trabalhador De Fabricação De Sorvete,14,1446.15
Boituva,,Gerente De Compras,14,12243.4
Dourado,,Professor De Alunos Com Deficiência Múltipla,14,3618.07
Itu,,Engenheiro Mecânico,13,9413.99
Boituva,,Marmorista (Construção),13,2162.64
Cerquilho,,Comerciante Varejista,13,2266.67
Araçariguama,,Pintor De Obras,13,2052.99
Americana,,Agente De Saúde Pública,13,4544.65
Americana,,Monitor De Sistemas Eletrônicos De Segurança Externo,13,1520.7
Araçoiaba da Serra,,Operador De Máquinas De Beneficiamento De Produtos Agrícolas,13,1917.4
Itu,,Telefonista,13,1757.11
Araçatuba,,Professor De Nutrição,13,5676.25
Americana,,Operador De Máquina De Cordoalha,13,1663.52
Dourado,,Supervisor De Vendas Comercial,13,8713.66
Pindamonhangaba,,Auxiliar De Produção Farmacêutica,13,2839.96
Itapeva,,Instalador De Tubulações,13,4971.12
Araçatuba,,Mestre De Usinagem,13,5403.08
Porto Feliz,,Auxiliar Em Saúde Bucal,13,1556.8
Itu,,Instalador-Reparador De Equipamentos De Comutação Em Telefonia,13,2048.45
Pindamonhangaba,,Auxiliar De Laboratório De Análises Clínicas,13,2108.48
Pindamonhangaba,,Operador De Aciaria (Dessulfuração De Gusa),13,5181.01
Itapetininga,,Professor De Educação Física Do Ensino Fundamental,13,1543.33
Araçariguama,,Cuidador De Idosos,13,1560.45
Porto Feliz,,Carteiro,13,3527.23
Piedade,,Escrevente,13,2574.38
Cerquilho,,Tecnólogo Em Produção Industrial,13,5797.72
Piedade,,Educador Social,13,2006.69
Araçatuba,,Operador De Trator Florestal,13,1889.67
Americana,,Tratador De Animais,13,2388.11
Itapeva,,Promotor De Vendas,13,1732.24
Boituva,,Galvanizador,13,2566.4
Araçatuba,,Eletrotécnico,13,2070.08
Boituva,,Técnico De Manutenção Eletrônica (Circuitos De Máquinas Com Comando Numérico),13,3655.7
Cerquilho,,Analista De Recursos Humanos,13,4847.39
Itu,,Diretor De Arte (Publicidade),13,3346.63
Porto Feliz,,Caseiro (Agricultura),13,1589.98
Pindamonhangaba,,Telefonista,13,2127.94
Araçatuba,,Editor De Texto E Imagem,13,2307.19
Cabreúva,,Mestre (Construção Civil),13,4155.51
Itapeva,,Amostrador De Minérios,13,2422.66
Americana,,Professor De Língua E Literatura Brasileira No Ensino Médio,13,2142.97
Macatuba,,"Operador De Utilidade (Produção E Distribuição De Vapor, Gás, Óleo, Combustível, Energia, Oxigênio)",13,2550.26
Itu,,Operador De Telemarketing Técnico,13,1442.35
Itupeva,,Fiscal De Loja,13,1818.27
Porto Feliz,,Professor De Nível Médio Na Educação Infantil,13,1834.3
Araçatuba,,Operador Eletromecânico,13,3826.46
Araçatuba,,Barman,13,1567.46
Macatuba,,"Operador De Produção (Química, Petroquímica E Afins)",13,3482.88
Itapeva,,Mestre (Construção Civil),13,2576.49
Araçoiaba da Serra,,Motofretista,13,1637.63
Itapeva,,Contínuo,13,1311.03
Boituva,,Supervisor De Tesouraria,13,7136.43
Itapeva,,Inspetor De Qualidade,13,3974.92
Araçariguama,,Guincheiro (Construção Civil),13,2830.34
Araçatuba,,Atendente De Enfermagem,13,1793.1
Americana,,Operador De Serras (Usinagem De Madeira),13,1915.49
Itapetininga,,Catador De Material Reciclável,13,1141.18
Araçatuba,,Alinhador De Pneus,13,1951.84
Cabreúva,,Carpinteiro De Obras,13,2474.79
Itupeva,,Analista De Pcp (Programação E Controle Da Produção),13,3651.06
Itapetininga,,Operador De Máquinas Operatrizes,13,1981.9
Porto Feliz,,Auxiliar De Farmácia De Manipulação,13,1592.67
Charqueada,,Frentista,13,2206.76
Itu,,Governanta De Hotelaria,13,2457.79
Cabreúva,,Instrutor De Auto-Escola,13,2442.51
Araçatuba,,Churrasqueiro,13,1942.11
Porto Feliz,,Técnico Mecânico (Máquinas),13,8271.69
Cerquilho,,Contramestre De Acabamento (Indústria Têxtil),13,2183.6
Porto Feliz,,Analista De Pcp (Programação E Controle Da Produção),13,7586.23
Cabreúva,,"Eletricista De Instalações (Veículos Automotores E Máquinas Operatrizes, Exceto Aeronaves E Embarcações)",13,2406.99
Porto Feliz,,"Eletrotécnico Na Fabricação, Montagem E Instalação De Máquinas E Equipamentos",13,7777.85
Itu,,Agenciador De Propaganda,13,1479.78
Itupeva,,Técnico Em Atendimento E Vendas,13,2800.2
Americana,,Professor De História Do Ensino Fundamental,13,2684.13
Itupeva,,Balanceiro,13,2121.63
Itupeva,,Metrologista,13,4897.2
Americana,,Operador De Máquina De Etiquetar,13,1695.46
Ibiúna,,Carteiro,13,4399.45
Porto Feliz,,Contínuo,13,1720.41
Araçatuba,,Agente De Segurança,13,2378.54
Itu,,Diretor Financeiro,13,24844.91
Araçatuba,,Catador De Material Reciclável,13,1656.32
Itu,,Encarregado Geral De Operações De Conservação De Vias Permanentes (Exceto Trilhos),13,3339.02
Itupeva,,Técnico De Matéria-Prima E Material,13,6090.61
Cabreúva,,Gerente De Compras,13,8342.24
Porto Feliz,,Operador De Acabamento (Indústria Gráfica),13,1465.68
Pindamonhangaba,,Inspetor De Alunos De Escola Pública,13,1565.19
Dourado,,Controlador De Entrada E Saída,13,4196.99
Boituva,,Operador De Caldeira,13,4077.15
Itu,,Montador De Veículos (Reparação),13,2677.62
Pindamonhangaba,,Locutor De Mídias Audiovisuais,13,1811.41
Macatuba,,Passador De Roupas Em Geral,13,1327.79
Americana,,Técnico Em Instalação De Equipamentos De Áudio,13,1961.71
Itapeva,,Gerente De Produção E Operações Agropecuárias,13,5580.69
Itapetininga,,Trabalhador Da Elaboração De Pré-Fabricados (Cimento Amianto),13,1430.41
Itu,,Gerente De Serviços De Saúde,13,6949.63
Boituva,,Técnico Químico,13,3812.24
Cabreúva,,Ceramista,13,1630.31
Araçariguama,,Serralheiro,13,2329.59
Americana,,Encarregado Geral De Operações De Conservação De Vias Permanentes (Exceto Trilhos),13,2750.44
Araçoiaba da Serra,,Administrador,13,5108.56
Americana,,Administrador De Redes,13,3339.47
Itapeva,,Operador De Caldeira,13,2752.16
Americana,,Operador De Guindaste (Fixo),13,3941.34
Itapetininga,,Supervisor De Exploração Pecuária,13,3289.47
Araçoiaba da Serra,,Trabalhador Volante Da Agricultura,13,1482.06
Itapetininga,,Auxiliar De Veterinário,13,1411.22
Araçariguama,,Gerente Financeiro,13,6522.75
Araçariguama,,Encarregado De Manutenção Mecânica De Sistemas Operacionais,13,5967.21
Itapetininga,,Impressor De Ofsete (Plano E Rotativo),13,2508.97
Boituva,,"Eletricista De Manutenção De Linhas Elétricas, Telefônicas E De Comunicação De Dados",13,4079.64
Itu,,Pedreiro De Edificações,13,2088.58
Itapetininga,,Telefonista,13,1781.01
Dourado,,Garçom,13,1904.46
Boituva,,Instalador De Tubulações,13,5877.25
Itu,,Biomédico,13,3234.11
Cabreúva,,"Trefilador De Metais, À Máquina",13,1917.54
Araçatuba,,Cabeleireiro,13,1626.97
Itu,,Laminador De Plástico,13,3091.98
Americana,,Diretor Comercial,13,23734.93
Boituva,,Gerente Financeiro,13,8192.42
Porto Feliz,,Mecânico De Veículos Automotores A Diesel (Exceto Tratores),13,2506.02
Porto Feliz,,Escrevente,13,6315.7
Itapeva,,Gerente Financeiro,13,3021.11
Araçatuba,,Terapeuta Ocupacional,13,3084.03
Porto Feliz,,Camareiro  De Hotel,13,1888.53
Cabreúva,,Garagista,13,3413.22
Araçatuba,,Mestre (Indústria De Madeira E Mobiliário),13,2793.65
Itapetininga,,Banhista De Animais Domésticos,13,1136.46
Cabreúva,,Mecânico De Manutenção E Instalação De Aparelhos De Climatização E  Refrigeração,13,5657.6
Pindamonhangaba,,Mecânico De Manutenção E Instalação De Aparelhos De Climatização E  Refrigeração,13,2343.05
Porto Feliz,,Cirurgião Dentista De Saúde Coletiva,13,5867.34
Itapeva,,Agente Funerário,13,2511.16
Araçariguama,,Supervisor De Carga E Descarga,13,9206.17
Itupeva,,Supervisor De Tesouraria,13,7036.55
Pindamonhangaba,,Operador De Talha Elétrica,13,2106.95
Boituva,,Conferente De Carga E Descarga,13,2365.69
Porto Feliz,,Modelista De Roupas,13,4751.72
Pindamonhangaba,,"Salsicheiro (Fabricação De Lingüiça, Salsicha E Produtos Similares)",13,1478.1
Cabreúva,,Estoquista,13,1734.48
Pindamonhangaba,,Médico Do Trabalho,13,9083.14
Araçatuba,,"Supervisor De Operação De Fluidos (Distribuição, Captação, Tratamento De Água, Gases, Vapor)",13,6009.94
Itapetininga,,Gerente De Produção E Operações Agropecuárias,13,9213.56
Cerquilho,,Operador De Telemarketing Técnico,13,3461.18
Boituva,,Operador De Máquinas De Construção Civil E Mineração,13,2539.71
Araçatuba,,Diretor De Instituição Educacional Da Área Privada,13,9089.32
Cabreúva,,Mecânico De Veículos Automotores A Diesel (Exceto Tratores),13,2525.44
Pindamonhangaba,,Cartazeiro,13,1580.4
Americana,,Operador De Cortadeira De Papel,13,2130.19
Itapetininga,,Psicólogo Social,13,2737.44
Boituva,,Desenhista Técnico,13,3013.49
Araçoiaba da Serra,,Operador De Estação De Tratamento De Água E Efluentes,13,2514.56
Cerquilho,,Montador De Máquinas,13,1896.89
Porto Feliz,,Operador De Caminhão (Minas E Pedreiras),13,2664.79
Pindamonhangaba,,Técnico De Matéria-Prima E Material,13,4848.03
Cerquilho,,Analista De Pesquisa De Mercado,13,4390.19
Itapeva,,Agente De Portaria,13,1860.53
Araçoiaba da Serra,,Trabalhador Da Pecuária (Bovinos Corte),13,1450.33
Porto Feliz,,Impressor De Corte E Vinco,13,2685.29
Americana,,Afiador De Cutelaria,13,2195.81
Itapetininga,,Professor De Antropologia Do Ensino Superior,13,1328.1
Araçatuba,,Instrumentador Cirúrgico,13,1998.83
Charqueada,,Pesquisador Em Química,13,3379.37
Americana,,Operador De Retificadora Com Comando Numérico,13,3408.45
Dourado,,Professor De Nível Superior Do Ensino Fundamental (Primeira A Quarta Série),13,4065
Itu,,Professor De Matemática No Ensino Médio,13,3109.09
Americana,,Professor De Alunos Com Deficiência Mental,13,2576.49
Cerquilho,,Estoquista,13,2127.71
Porto Feliz,,Contramestre De Acabamento (Indústria Têxtil),13,2238.58
Itapetininga,,Técnico Em Patologia Clínica,12,2096.07
Piedade,,Carteiro,12,3411.81
Pindamonhangaba,,Agente Funerário,12,2154.13
Cerquilho,,Técnico Eletrônico,12,3624.14
Macatuba,,Montador De Andaimes (Edificações),12,1502.59
Porto Feliz,,Operador De Rebobinadeira Na Fabricação De Papel E Papelão,12,2869.34
Itu,,Auxiliar De Biblioteca,12,1671.99
Itu,,Bombeiro Civil,12,2177.44
Americana,,Professor De Física No Ensino Médio,12,3329.73
Itupeva,,Instalador De Tubulações,12,4274.06
Itupeva,,Condutor De Processos Robotizados De Pintura,12,2632.84
Dourado,,Armazenista,12,1571.46
Piedade,,Trefilador De Borracha,12,1954.43
Itupeva,,Socorrista (Exceto Médicos E Enfermeiros),12,1942.11
Itu,,Técnico De Manutenção De Sistemas E Instrumentos,12,2465.55
Americana,,"Confeccionador De Bolsas, Sacos E Sacolas E Papel, A Máquina",12,2619.55
Pindamonhangaba,,Fonoaudiólogo Geral,12,3997.86
Porto Feliz,,Vigilante,12,2464.11
Araçatuba,,Cronoanalista,12,3780.12
Araçatuba,,Professor De Ensino Superior Na Área De Didática,12,2378.83
Itu,,Montador De Equipamentos Eletrônicos (Aparelhos Médicos),12,1707.06
Itupeva,,Operador De Processos Químicos E Petroquímicos,12,2710.64
Itu,,Encarregado De Equipe De Conservação De Vias Permanentes (Exceto Trilhos),12,2557.85
Itapeva,,Biomédico,12,3483.81
Itu,,Caminhoneiro Autônomo (Rotas Regionais E Internacionais),12,2538.51
Itu,,Montador De Equipamentos Elétricos,12,2664.21
Cabreúva,,Supervisor De Almoxarifado,12,5572.57
Itu,,Diretor De Instituição Educacional Da Área Privada,12,6685.02
Itu,,Desenhista Projetista De Arquitetura,12,2694.9
Pindamonhangaba,,Mestre De Produção Química,12,5172.29
Americana,,Tecelão (Tear Jacquard),12,2956.63
Itu,,Operador De Centro De Controle (Ferrovia E Metrô),12,3050.08
Porto Feliz,,Técnico De Comunicação De Dados,12,1269.49
Araçatuba,,Biólogo,12,3676.59
Itu,,Nutricionista,12,2613.29
Pindamonhangaba,,Encanador,12,2742.29
Itu,,Reparador De Aparelhos Eletrodomésticos (Exceto Imagem E Som),12,2046.01
Piedade,,Gerente De Vendas,12,6886.49
Americana,,Operador De Máquina De Usinagem De Madeira (Produção Em Série),12,1837.45
Itapetininga,,Tosador De Animais Domésticos,12,1372.31
Itapetininga,,Gesseiro,12,1474.47
Piedade,,Técnico Em Radiologia E Imagenologia,12,3470.02
Dourado,,Operador De Máquinas De Beneficiamento De Produtos Agrícolas,12,2009.35
Cabreúva,,Técnico De Planejamento E Programação Da Manutenção,12,5374.45
Itu,,Técnico De Manutenção Elétrica De Máquina,12,3785.23
Itu,,Catador De Material Reciclável,12,1433.08
Americana,,Auxiliar Técnico Em Laboratório De Farmácia,12,1784.98
Americana,,Cozinheiro De Hospital,12,1765.3
Pindamonhangaba,,Desenhista Projetista Mecânico,12,4055.07
Macatuba,,Cuidador De Idosos,12,1602.18
Itapeva,,Carpinteiro,12,1515.33
Boituva,,"Supervisor De Manutenção Eletromecânica Industrial, Comercial E Predial",12,5258.15
Americana,,Chefe De Bar,12,2343.87
Itapeva,,Operador De Central Hidrelétrica,12,4627.09
Piedade,,Eletricista De Instalações,12,2024.6
Cabreúva,,Soldador A  Oxigás,12,3235.74
Cabreúva,,Coordenador Pedagógico,12,5251.67
Piedade,,Trançador De Cabos De Aço,12,2572.44
Itupeva,,Pizzaiolo,12,1959.31
Araçatuba,,Mestre De Produção Química,12,5260.63
Pindamonhangaba,,Agente De Saúde Pública,12,3522.84
Ibiúna,,Operador De Telemarketing Receptivo,12,1174.29
Araçatuba,,Atleta Profissional (Outras Modalidades),12,1023.42
Charqueada,,Pedreiro,12,1740.95
Itapetininga,,Desenvolvedor De Sistemas De Tecnologia Da Informação (Técnico),12,3230.1
Piedade,,Lavador De Veículos,12,1531.72
Araçatuba,,Professor De Educação Física Do Ensino Fundamental,12,2336.76
Cabreúva,,Operador De Centro De Usinagem Com Comando Numérico,12,3788.03
Americana,,Instrutor De Vôo,12,1819.39
Piedade,,Servente De Obras,12,1334.8
Americana,,"Tecelão (Tear Mecânico, Exceto Jacquard)",12,2561.85
Itapetininga,,Técnico Em Secretariado,12,1629.34
Porto Feliz,,Técnico Em Manutenção De Equipamentos De Informática,12,2939.82
Cabreúva,,Engenheiro Civil,12,7271.77
Araçatuba,,Mecânico De Manutenção De Máquinas-Ferramentas (Usinagem De Metais),12,2633.3
Porto Feliz,,Enfermeiro Da Estratégia De Saúde Da Família,12,6243.45
Pindamonhangaba,,Técnico Em Eletromecânica,12,3020.57
Pindamonhangaba,,"Costureiro, A  Máquina  Na Confecção Em Série",12,1443.02
Porto Feliz,,Gerente De Recursos Humanos,12,11875.98
Pindamonhangaba,,Biomédico,12,3631.3
Itapeva,,Técnico Eletrônico,12,1480.05
Cabreúva,,Operador De Escavadeira,12,2534.2
Cerquilho,,Técnico De Matéria-Prima E Material,12,3729.92
Americana,,"Instalador De Material Isolante, A Mão (Edificações)",12,2171.84
Itu,,Afiador De Ferramentas,12,4879.27
Itapeva,,Operador De Serras No Desdobramento De Madeira,12,1555.31
Americana,,Mecânico De Manutenção De Motocicletas,12,2528.02
Itapetininga,,Lubrificador De Veículos Automotores (Exceto Embarcações),12,2099.71
Araçariguama,,Operador De Caldeira,12,3037.46
Cabreúva,,Caldeireiro (Chapas De Ferro E Aço),12,4331.69
Charqueada,,Servente De Obras,12,1542.81
Boituva,,Professor De Nível Médio Na Educação Infantil,12,1410.8
Charqueada,,Atendente De Farmácia - Balconista,12,2482.69
Dourado,,Atendente De Lojas E Mercados,12,1636.7
Boituva,,Orientador Educacional,12,3180.17
Americana,,Cartazeiro,12,1941.65
Itu,,Agente Funerário,12,3150.23
Boituva,,Gestor Em Segurança,12,7608.01
Porto Feliz,,Gerente Financeiro,12,14655.91
Itupeva,,Supervisor De Orçamento,12,7631.68
Americana,,Engenheiro De Segurança Do Trabalho,12,10539.36
Porto Feliz,,"Técnico De Utilidade (Produção E Distribuição De Vapor, Gases, Óleos, Combustíveis, Energia)",12,12233.97
Itapeva,,Professor De Língua Portuguesa Do Ensino Fundamental,12,1622.88
Araçatuba,,Cobrador Externo,12,2170.53
Cabreúva,,Analista De Negócios,12,5666.55
Araçatuba,,Professor De Matemática No Ensino Médio,12,2158.2
Itapetininga,,Operador De Instalação De Refrigeração,12,2660.43
Cabreúva,,Brasador,12,2446.91
Porto Feliz,,Técnico Eletrônico,12,9169.49
Charqueada,,Operador De Máquinas-Ferramenta Convencionais,12,3119.84
Macatuba,,Farmacêutico,12,3593.43
Cabreúva,,Gerente De Pesquisa E Desenvolvimento (P&D),12,11358.71
Americana,,Moldador De Plástico Por Compressão,12,2209.7
Pindamonhangaba,,Técnico Em Secretariado,12,1809.27
Itapetininga,,Copeiro De Hospital,12,1478.45
Americana,,Mestre (Indústria De Borracha E Plástico),12,4456.66
Cerquilho,,Lavador De Veículos,12,2262.61
Pindamonhangaba,,Engenheiro Eletricista,12,13549.35
Araçoiaba da Serra,,Copeiro,12,1535.57
Pindamonhangaba,,Gerente De Marketing,12,15623.36
Araçoiaba da Serra,,Supervisor De Exploração Agrícola,12,2608.34
Araçatuba,,Controlador De Pragas,12,1992.8
Itapeva,,Advogado,12,4043.94
Porto Feliz,,Controlador De Entrada E Saída,12,2580.37
Araçoiaba da Serra,,Instrutor De Auto-Escola,12,1906.22
Cabreúva,,Zelador De Edifício,12,2006.81
Itapeva,,Professor De Nível Médio Na Educação Infantil,12,2318.9
Americana,,Tecelão (Tear Mecânico Liso),12,1822.48
Boituva,,Armador De Estrutura De Concreto,12,1971.89
Charqueada,,"Lavadeiro, Em Geral",12,1289.44
Pindamonhangaba,,Editor De Mídia Audiovisual,12,2957.04
Itu,,Redator De Publicidade,12,1994.89
Pindamonhangaba,,Professor De Química No Ensino Médio,12,2024.45
Boituva,,Professor De Disciplinas Pedagógicas No Ensino Médio,12,2956.18
Americana,,Laboratorista Fotográfico,12,2740.44
Itupeva,,Operador De Refrigeração Com Amônia,12,3690.17
Itapetininga,,Digitador,12,2160.19
Charqueada,,Almoxarife,12,2707.62
Ibiúna,,Técnico De Telecomunicações (Telefonia),12,1699.35
Pindamonhangaba,,Engenheiro Mecânico (Energia Nuclear),12,14186.51
Araçariguama,,Vigilante,12,2257.41
Cabreúva,,Prensista De Compensados,12,1532.79
Itu,,Técnico Em Borracha,12,2741.6
Cerquilho,,Operador De Pá Carregadeira,12,2570.13
Americana,,Maître,12,2468.83
Araçoiaba da Serra,,Estoquista,12,2129.3
Itapetininga,,Agenciador De Propaganda,12,5191.71
Americana,,Limpador De Piscinas,12,1897.07
Boituva,,Eletricista De Instalações,12,2346.04
Porto Feliz,,Caldeireiro (Chapas De Ferro E Aço),12,3462.2
Itu,,Desenhista Projetista De Máquinas,12,4643.96
Piedade,,Expedidor De Mercadorias,12,1646.48
Boituva,,Conferente Mercadoria (Exceto Carga E Descarga),12,2246.58
Itapetininga,,Professor De Direito Do Ensino Superior,12,4130.13
Itapeva,,Jardineiro,12,1399.93
Americana,,Fiscal De Tributos Municipal,12,8867.68
Itapetininga,,Trabalhador Da Cultura De Milho E Sorgo,12,1387.02
Itapetininga,,Técnico De Saneamento,12,2288.4
Araçariguama,,Operador De Máquina Misturadeira (Tratamentos Químicos E Afins),12,3084.13
Cabreúva,,Operador De Máquina Misturadeira (Tratamentos Químicos E Afins),12,2464.67
Cerquilho,,Carteiro,12,4418.12
Cabreúva,,Porteiro (Hotel),12,1721.44
Cerquilho,,Auxiliar De Manutenção Predial,12,1647.47
Araçatuba,,Agente De Portaria,12,1376.75
Araçariguama,,Despachante De Transportes Coletivos (Exceto Trem),12,1463.33
Cerquilho,,Técnico Em Manutenção De Equipamentos De Informática,12,2170.05
Cabreúva,,Analista De Pesquisa De Mercado,12,3291.52
Araçoiaba da Serra,,Professor De Nível Superior Na Educação Infantil (Quatro A Seis Anos),12,1955.75
Porto Feliz,,Propagandista De Produtos Famacêuticos,12,5148.58
Americana,,Professor De História No Ensino Médio,12,2127.99
Itu,,Cobrador De Transportes Coletivos (Exceto Trem),12,1021.75
Araçoiaba da Serra,,"Embalador, A Máquina",12,1678.14
Pindamonhangaba,,Gerente De Compras,12,13680.68
Porto Feliz,,Atleta Profissional De Futebol,12,3068.36
Ibiúna,,Escrevente,12,4744.51
Araçoiaba da Serra,,Armador De Estrutura De Concreto Armado,12,1841.81
Dourado,,Limpador De Piscinas,12,1780.62
Araçatuba,,Rebarbador De Metal,12,2759.83
Pindamonhangaba,,Funileiro De Veículos (Reparação),12,2101.47
Charqueada,,Motorista De Furgão Ou Veículo Similar,12,1752.65
Boituva,,Supervisor De Caixas E Bilheteiros (Exceto Caixa De Banco),11,2676.05
Araçatuba,,Operador De Máquinas De Usinar Madeira (Cnc),11,1878.32
Itupeva,,Operador De Filtro-Prensa (Tratamentos Químicos E Afins),11,3020.81
Araçatuba,,Carregador (Aeronaves),11,1122.5
Cabreúva,,Técnico De Vendas,11,5175.14
Boituva,,Economista Industrial,11,5989.56
Itapetininga,,Controlador De Pragas,11,1632.63
Boituva,,Engenheiro Civil,11,9970.39
Itapeva,,Auxiliar Geral De Conservação De Vias Permanentes (Exceto Trilhos),11,1667.14
Itapetininga,,Preparador De Estruturas Metálicas,11,1812.27
Itu,,Operador Eletromecânico,11,2882.64
Cerquilho,,Caixa De Banco,11,3429.48
Araçariguama,,Analista De Transporte Em Comércio Exterior,11,5528.27
Itu,,Projetista De Móveis,11,2269.21
Americana,,Administrador Em Segurança Da Informação,11,4660.44
Itupeva,,Professor De Educação Física Do Ensino Fundamental,11,4916.69
Araçariguama,,Supervisor De Vendas Comercial,11,9144.1
Itu,,Professor De Física No Ensino Médio,11,2918.81
Cerquilho,,Motofretista,11,1543.3
Pindamonhangaba,,Auxiliar De Veterinário,11,1739.09
Itu,,Técnico Em Secretariado,11,3863.45
Porto Feliz,,Técnico De Manutenção Elétrica,11,7166.81
Cerquilho,,Técnico Em Secretariado,11,1410.51
Porto Feliz,,Operador De Betoneira,11,2780.53
Araçoiaba da Serra,,Tratador De Animais,11,1054.3
Itu,,Consultor Jurídico,11,4886.12
Cerquilho,,Supervisor De Embalagem E Etiquetagem,11,1718.69
Ibiúna,,Fisioterapeuta Geral,11,3371.46
Araçatuba,,Desenhista Técnico (Artes Gráficas),11,2202.34
Itapetininga,,Técnico De Telecomunicações (Telefonia),11,2598.84
Araçatuba,,Trabalhador De Tratamento Do Leite E Fabricação De Laticínios E Afins,11,3083.48
Porto Feliz,,Prensista (Operador De Prensa),11,2952.79
Araçatuba,,Guincheiro (Construção Civil),11,2472.91
Itu,,Professor De Geografia Do Ensino Fundamental,11,2570.98
Americana,,Operador De Bomba De Concreto,11,2297.57
Americana,,Professor De Língua Portuguesa,11,3700.42
Boituva,,Masseiro (Massas Alimentícias),11,1861.2
Cerquilho,,Promotor De Vendas Especializado,11,7794.76
Porto Feliz,,Gerente De Restaurante,11,2854.32
Itu,,Desossador,11,2151.19
Itu,,Manicure/Pedicure,11,1704.43
Dourado,,Técnico De Laboratório Industrial,11,2242.49
Boituva,,Montador De Máquinas Operatrizes Para Madeira,11,1574.36
Itapetininga,,Sepultador,11,2279.7
Boituva,,"Operador De Extrusora (Química, Petroquímica E Afins)",11,2420.17
Americana,,Técnico Mecânico Na Fabricação De Ferramentas,11,3911.85
Araçoiaba da Serra,,Gerente De Vendas,11,3065.57
Americana,,Supervisor De Compras,11,5445.88
Itu,,Operador De Central De Concreto,11,1928.78
Itu,,Bamburista,11,3002.16
Itupeva,,Vendedor Pracista,11,3061.49
Itapeva,,Professor De Ciências Exatas E Naturais Do Ensino Fundamental,11,3743.58
Itupeva,,Trabalhador Volante Da Agricultura,11,2303.94
Itu,,Mecânico De Manutenção De Máquinas Têxteis,11,5595.2
Cerquilho,,Operador De Usinagem Convencional Por Abrasão,11,4462.25
Itapetininga,,Corretor De Imóveis,11,2159.36
Itu,,Temperador De Metais E De Compósitos,11,8122.41
Pindamonhangaba,,Engenheiro De Segurança Do Trabalho,11,9620.06
Boituva,,"Eletrotécnico Na Fabricação, Montagem E Instalação De Máquinas E Equipamentos",11,4971.77
Porto Feliz,,Borracheiro,11,1627.25
Araçatuba,,Mecânico De Manutenção De Bicicletas E Veículos Similares,11,1656.27
Boituva,,Auxiliar De Farmácia De Manipulação,11,1649.59
Itupeva,,"Operador De Tesoura Mecânica E Máquina De Corte, No Acabamento De Chapas E Metais",11,2373.14
Porto Feliz,,Professor De Nível Superior Na Educação Infantil (Zero A Três Anos),11,2169.52
Itapetininga,,Advogado,11,4836.66
Itu,,Psicólogo Clínico,11,3051.86
Araçatuba,,Selecionador De Material Reciclável,11,1822.7
Araçatuba,,Operador De Câmera De Televisão,11,2550.91
Pindamonhangaba,,Economista Industrial,11,9039.03
Itapetininga,,Professor De Engenharia,11,1177.63
Americana,,Pesquisador De Engenharia E Tecnologia (Outras Áreas Da Engenharia),11,6338.77
Boituva,,Publicitário,11,6002.72
Pindamonhangaba,,Controlador De Pragas,11,1806.92
Itapetininga,,Professor De Língua Inglesa,11,1409.49
Araçatuba,,Estofador De Móveis,11,1727.53
Pindamonhangaba,,Analista De Exportação E Importação,11,6355.99
Itapetininga,,Gerente De Logística (Armazenagem E Distribuição),11,6442.39
Ibiúna,,Professor De Disciplinas Pedagógicas No Ensino Médio,11,1336.21
Boituva,,Redator De Textos Técnicos,11,5096.85
Itapetininga,,Agente De Portaria,11,956.1
Macatuba,,Recepcionista De Consultório Médico Ou Dentário,11,1615.88
Itapeva,,Ajudante De Carvoaria,11,1140.73
Araçatuba,,Auxiliar De Biblioteca,11,1450.19
Itapetininga,,Montador De Equipamentos Elétricos (Centrais Elétricas),11,2650.06
Cerquilho,,Estampador De Tecido,11,1756.4
Pindamonhangaba,,Professor De Língua E Literatura Brasileira No Ensino Médio,11,1859.16
Pindamonhangaba,,Professor De Educação Artística Do Ensino Fundamental,11,1358.14
Porto Feliz,,Mecânico De Manutenção De Equipamento De Mineração,11,4152.81
Americana,,Supervisor De Embalagem E Etiquetagem,11,3431.16
Araçoiaba da Serra,,Caseiro (Agricultura),11,1618.86
Americana,,Protético Dentário,11,2092.93
Ibiúna,,Auxiliar De Pessoal,11,2508.05
Cerquilho,,Lubrificador Industrial,11,1403.69
Charqueada,,Calandrista De Borracha,11,2668.25
Charqueada,,Trabalhador Da Avicultura De Corte,11,1364.61
Araçariguama,,Atendente De Farmácia - Balconista,11,1557.48
Porto Feliz,,Marcador De Produtos (Siderúrgico E Metalúrgico),11,2342.14
Cerquilho,,Mestre (Indústria Têxtil E De Confecções),11,5103.93
Araçatuba,,Gerente De Operações De Transportes,11,5497.07
Boituva,,Operador De Processos Químicos E Petroquímicos,11,2353.7
Cerquilho,,Cuidador Em Saúde,11,1314.39
Boituva,,Cronoanalista,11,3630.18
Boituva,,Técnico De Manutenção Eletrônica,11,4317.87
Pindamonhangaba,,Operador De Telemarketing Receptivo,11,2491.51
Cabreúva,,Médico Clínico,11,7891.25
Itupeva,,Carteiro,11,3774.41
Araçatuba,,Técnico Em Manutenção De Instrumentos De Medição E Precisão,11,4397.87
Porto Feliz,,Analista De Pesquisa De Mercado,11,4030.17
Porto Feliz,,Encarregado De Manutenção Mecânica De Sistemas Operacionais,11,6502.86
Boituva,,"Eletricista De Instalações (Veículos Automotores E Máquinas Operatrizes, Exceto Aeronaves E Embarcações)",11,2457.94
Araçatuba,,Instalador De Sistemas Eletroeletrônicos De Segurança,11,1902.92
Araçatuba,,Auxiliar De Corte (Preparação Da Confecção De Roupas),11,1274.31
Cabreúva,,Armador De Estrutura De Concreto Armado,11,2280.06
Americana,,Médico Ginecologista E Obstetra,11,14032.32
Araçatuba,,Gerente De Clientes Especiais (Private),11,8910.93
Cabreúva,,Atendente Comercial (Agência Postal),11,1930.87
Porto Feliz,,Técnico De Apoio Em Pesquisa E Desenvolvimento (Exceto Agropecuário E Florestal),11,5136.64
Araçariguama,,Gerente De Projetos E Serviços De Manutenção,11,11045.26
Cabreúva,,Analista De Exportação E Importação,11,6590.39
Itapetininga,,Funileiro De Veículos (Reparação),11,1559.18
Itupeva,,Supervisor De Manutenção Eletromecânica,11,9117.24
Ibiúna,,Instalador De Tubulações,11,5435.76
Araçariguama,,Vendedor Em Domicílio,11,4474.22
Americana,,"Operador De Sala De Controle De Instalações Químicas, Petroquímicas E Afins",11,6259.44
Itu,,Cirurgião Dentista - Clínico Geral,11,4764.73
Macatuba,,Vigia,11,1756.22
Americana,,Metalizador A Pistola,11,3517.63
Itupeva,,Operador De Sistemas De Prova (Analógico E Digital),11,4823.51
Boituva,,Operador De Fresadora Com Comando Numérico,11,2800.25
Itu,,Supervisor De Orçamento,11,5811.92
Itu,,Secador De Madeira,11,1626.21
Macatuba,,Forneiro (Materiais De Construção),11,1169.88
Americana,,Professor De Educação Física No Ensino Superior,11,2127.18
Piedade,,Técnico Eletrônico,11,3532.7
Americana,,Analista De Crédito (Instituições Financeiras),11,2328.89
Itapeva,,Mecânico De Manutenção De Empilhadeiras E Outros Veículos De Cargas Leves,11,2135.16
Cabreúva,,Técnico De Apoio Em Pesquisa E Desenvolvimento (Exceto Agropecuário E Florestal),11,4401.39
Piedade,,Auxiliar De Faturamento,11,2239.99
Araçatuba,,Lavador De Roupas  A Maquina,11,1822.57
Cabreúva,,Técnico De Manutenção Elétrica,11,4700.68
Ibiúna,,Tecnólogo Em Logística De Transporte,11,4511.68
Americana,,Professor De Biologia No Ensino Médio,11,3684.24
Itapetininga,,Oleiro (Fabricação De Tijolos),11,2288.25
Araçatuba,,Marinheiro De Convés (Marítimo E Fluviário),11,1912.38
Araçatuba,,Mecânico De Refrigeração,11,2523.75
Itupeva,,Auxiliar De Laboratório De Análises Clínicas,11,1751.92
Itapetininga,,Pintor De Veículos (Reparação),11,2054.17
Macatuba,,Padeiro,11,2199.24
Macatuba,,Gerente De Loja E Supermercado,11,2878.37
Ibiúna,,"Eletricista De Instalações (Veículos Automotores E Máquinas Operatrizes, Exceto Aeronaves E Embarcações)",11,1880.83
Macatuba,,Trabalhador Da Pecuária (Bovinos Corte),11,1680.29
Macatuba,,Auxiliar Em Saúde Bucal,11,1635.53
Americana,,Sondador De Poços (Exceto De Petróleo E Gás),11,2171.73
Americana,,Supervisor De Orçamento,11,4833.74
Itu,,Professor De Química No Ensino Médio,11,1788.18
Pindamonhangaba,,Pintor A Pincel E Rolo (Exceto Obras E Estruturas Metálicas),11,2447.36
Itu,,Programador De Máquinas - Ferramenta Com Comando Numérico,11,5183.8
Itu,,Agente De Viagem,11,3609.94
Americana,,Operador De Fresadora Com Comando Numérico,11,3573.4
Araçatuba,,Desenhista Projetista De Construção Civil,11,2866.44
Itapeva,,"Instalador De Cortinas E Persianas, Portas Sanfonadas E Boxe",11,1613.77
Cabreúva,,Eletricista De Instalações,11,3405.25
Itu,,Supervisor Da Manutenção E Reparação De Veículos Leves,11,4958.05
Itupeva,,"Eletricista De Manutenção De Linhas Elétricas, Telefônicas E De Comunicação De Dados",11,4444.99
Araçatuba,,Estampador De Tecido,11,1678.15
Itu,,Gerente De Suprimentos,11,13393.6
Americana,,Operador De Ponte Rolante,11,2789.44
Itapetininga,,Analista De Negócios,11,2636.18
Charqueada,,Inspetor De Qualidade,11,2363.29
Ibiúna,,Vidraceiro,11,1613.42
Itapeva,,Expedidor De Mercadorias,11,2040.28
Ibiúna,,Caixa De Banco,11,3230.87
Itupeva,,Supervisor De Vendas De Serviços,11,4325.65
Cabreúva,,Varredor De Rua,11,1492.77
Itu,,Selecionador De Material Reciclável,11,1702.51
Itupeva,,Montador De Móveis E Artefatos De Madeira,11,2682.77
Porto Feliz,,Preparador Físico,11,2797.01
Americana,,Polidor De Pedras,11,2817.82
Macatuba,,Revisor De Tecidos Acabados,11,1205.78
Itapetininga,,Sushiman,11,1715.79
Cabreúva,,Confeiteiro,11,2009.72
Itapeva,,Copeiro De Hospital,11,1649.67
Cabreúva,,Preparador De Sucata E Aparas,11,1637.8
Porto Feliz,,Moldador De Borracha Por Compressão,11,792.42
Cabreúva,,Trabalhador Da Elaboração De Pré-Fabricados (Concreto Armado),11,1889.94
Americana,,Operador De Impermeabilizador De Tecidos,11,2101.14
Araçatuba,,Polidor De Metais,11,1482.4
Ibiúna,,Recepcionista De Consultório Médico Ou Dentário,11,1342.12
Itupeva,,Preparador Físico,11,1810.93
Cabreúva,,Pintor De Obras,11,2188.51
Itupeva,,Funileiro De Veículos (Reparação),11,2441.57
Pindamonhangaba,,Técnico De Alimentos,11,2342.95
Itu,,Impressor De Corte E Vinco,11,2921.24
Itu,,Professor De Biologia No Ensino Médio,11,2855.3
Itupeva,,Classificador De Madeira,11,1745.73
Itupeva,,Trabalhador De Fabricação De Sorvete,11,2519.05
Macatuba,,Técnico De Planejamento E Programação Da Manutenção,11,5506.54
Ibiúna,,Zelador De Edifício,11,2179.05
Ibiúna,,Borracheiro,11,1335.89
Cabreúva,,Mestre De Produção Química,11,4285.08
Pindamonhangaba,,Operador De Pá Carregadeira,11,3649.37
Porto Feliz,,Técnico De Manutenção Eletrônica,11,3443.76
Araçoiaba da Serra,,Analista De Recursos Humanos,11,3474.73
Itupeva,,Supervisor De Compras,11,6723.55
Itupeva,,Agente De Viagem,11,2688.53
Itapeva,,Operador De Painel De Controle,11,3456.21
Americana,,Confeccionador De Velas Por Moldagem,11,3104.94
Boituva,,"Moldador, A  Máquina",11,2413.69
Piedade,,Auxiliar Em Saúde Bucal,11,1509.26
Itu,,"Operador De Tesoura Mecânica E Máquina De Corte, No Acabamento De Chapas E Metais",11,2772.68
Araçariguama,,"Lavadeiro, Em Geral",11,1532.44
Cerquilho,,Impressor Digital,11,1575.92
Araçatuba,,Engenheiro Mecânico Industrial,10,3924.47
Itupeva,,"Supervisor De Operação Elétrica (Geração, Transmissão E Distribuição De Energia Elétrica)",10,2060.48
Itupeva,,Supervisor De Vigilantes,10,3631.91
Americana,,Operador De Máquina Copiadora (Exceto Operador De Gráfica Rápida),10,1703.13
Americana,,Auxiliar De Seguros,10,1304.77
Itapetininga,,Sacristão,10,1326.55
Piedade,,"Operador De Máquinas Fixas, Em Geral",10,2556.31
Araçatuba,,Gerente De Hotel,10,4025.08
Itapeva,,Professor De Língua Inglesa,10,2315.43
Itapeva,,Cozinhador (Conservação De Alimentos),10,1621.66
Araçatuba,,Farmacêutico Analista Clínico,10,3635.15
Itapeva,,Professor Da  Educação De Jovens E Adultos Do Ensino Fundamental (Primeira A Quarta Série),10,1296.64
Araçatuba,,Técnico De Apoio Em Pesquisa E Desenvolvimento (Exceto Agropecuário E Florestal),10,4130.8
Itapeva,,Analista De Crédito (Instituições Financeiras),10,1533.16
Itu,,Engenheiro Mecânico Automotivo,10,7067.17
Itapetininga,,Cobrador Interno,10,1817.72
Cabreúva,,Eletrotécnico,10,9308.58
Boituva,,Piloto De Aeronaves,10,3169.75
Americana,,Arquiteto De Edificações,10,5687.37
Americana,,Engenheiro Eletricista,10,9058.42
Araçatuba,,Enfermeiro Psiquiátrico,10,3265.56
Itu,,Moldador De Plástico Por Compressão,10,2436.18
Itapeva,,Marceneiro,10,1413.12
Itapeva,,Trabalhador Da Pecuária (Bovinos Corte),10,1876.71
Cabreúva,,Técnico Em Atendimento E Vendas,10,3509.04
Pindamonhangaba,,Cronoanalista,10,5829.64
Pindamonhangaba,,Mestre De Alto-Forno,10,8756.01
Itapetininga,,Encarregado De Acabamento De Chapas E Metais  (Têmpera),10,2040.79
Itapetininga,,Trabalhador Da Pecuária (Eqüinos),10,2407.72
Americana,,Extrusor De Fios Ou Fibras De Vidro,10,2401.77
Araçatuba,,Mecânico De Manutenção De Máquinas De Construção E Terraplenagem,10,3519.74
Itapetininga,,Escriturário  Em  Estatística,10,2165.87
Boituva,,Profissional De Educação Física Na Saúde,10,1754.28
Itapeva,,Supervisor De Almoxarifado,10,3109.84
Americana,,Biólogo,10,6135.77
Pindamonhangaba,,Técnico Em Mecatrônica - Automação Da Manufatura,10,6533
Itapeva,,Operador De Filtro-Esteira (Mineração),10,2192.55
Araçoiaba da Serra,,Conferente De Carga E Descarga,10,1872.16
Araçoiaba da Serra,,Zelador De Edifício,10,2069.58
Itapetininga,,Armador De Estrutura De Concreto,10,1827.77
Cerquilho,,Professor De Nível Superior Na Educação Infantil (Zero A Três Anos),10,1498.11
Cabreúva,,Supervisor De Exploração Agrícola,10,2803.07
Araçatuba,,"Mecânico De Manutenção De Aeronaves, Em Geral",10,2180.84
Itapeva,,Gerente De Projetos E Serviços De Manutenção,10,6870.72
Piedade,,Auxiliar De Pessoal,10,2062.13
Boituva,,Engenheiro De Produção,10,10371.11
Itapetininga,,Gerente De Agência,10,10356.39
Araçatuba,,Operador De Máquina De Usinagem De Madeira (Produção Em Série),10,2087.7
Americana,,Prensista De Compensados,10,827.9
Americana,,Desenhista Técnico (Artes Gráficas),10,1863.35
Piedade,,Professor De Educação Física No Ensino Superior,10,2277.69
Boituva,,Supervisor De Logística,10,6406.6
Piedade,,Operador De Serras (Usinagem De Madeira),10,1286.02
Pindamonhangaba,,Arquiteto De Patrimônio,10,7033.07
Cabreúva,,Montador De Móveis E Artefatos De Madeira,10,2364.21
Pindamonhangaba,,Ajudante De Confecção,10,1369.31
Ibiúna,,Técnico Em Segurança Do Trabalho,10,5756.03
Charqueada,,Fiscal De Loja,10,1983.97
Itapetininga,,Supervisor De Logística,10,3413.27
Americana,,Comerciante Atacadista,10,5551.64
Pindamonhangaba,,Diretor Administrativo,10,15882.95
Itapetininga,,Gerente De Produção E Operações  Florestais,10,11701.76
Ibiúna,,Técnico De Planejamento De Produção,10,5146.47
Americana,,Técnico Têxtil,10,8646.51
Boituva,,Contínuo,10,1258.36
Pindamonhangaba,,Desenhista Projetista De Arquitetura,10,2859.43
Itapetininga,,Médico Veterinário,10,7507.63
Araçoiaba da Serra,,Técnico De Manutenção Elétrica,10,4310.49
Americana,,Impressor Flexográfico,10,2931.08
Itu,,Técnico Em Saúde Bucal,10,2278.14
Itupeva,,Analista De Redes E De Comunicação De Dados,10,3055.59
Itu,,Professor Prático No Ensino Profissionalizante,10,1830.75
Araçoiaba da Serra,,Farmacêutico,10,4247.88
Cerquilho,,Auxiliar De Laboratório De Análises Físico-Químicas,10,1969.33
Americana,,Montador De Máquinas-Ferramentas (Usinagem De Metais),10,1874.4
Araçoiaba da Serra,,Monitor De Sistemas Eletrônicos De Segurança Interno,10,2387.49
Araçariguama,,Impressor De Rotativa,10,7800.41
Itapeva,,Carpinteiro (Esquadrias),10,1374.65
Porto Feliz,,Recebedor De Apostas (Loteria),10,1632.94
Cerquilho,,Técnico De Apoio Em Pesquisa E Desenvolvimento (Exceto Agropecuário E Florestal),10,2598.75
Porto Feliz,,Zelador De Edifício,10,1991.46
Araçoiaba da Serra,,Selecionador De Material Reciclável,10,1344.04
Pindamonhangaba,,Mecânico De Manutenção De Empilhadeiras E Outros Veículos De Cargas Leves,10,3869.25
Piedade,,Contínuo,10,1685.03
Cabreúva,,Montador De Equipamentos Elétricos,10,2654.53
Itapetininga,,"Eletrotécnico Na Fabricação, Montagem E Instalação De Máquinas E Equipamentos",10,7323.65
Itapeva,,Carregador (Armazém),10,1877.43
Porto Feliz,,Auxiliar De Desenvolvimento Infantil,10,1427.78
Pindamonhangaba,,Montador De Andaimes (Edificações),10,2342.58
Araçoiaba da Serra,,"Costureiro, A  Máquina  Na Confecção Em Série",10,1720.86
Porto Feliz,,Instrutor De Cursos Livres,10,2012.11
Americana,,Mecânico De Manutenção De Bicicletas E Veículos Similares,10,1901.51
Araçoiaba da Serra,,Operador De Máquina De Cortar E Dobrar Papelão,10,2033.74
Americana,,Gerente De Comunicação,10,4957.26
Araçatuba,,Modelista De Roupas,10,2450.36
Araçoiaba da Serra,,Supervisor De Almoxarifado,10,3893.57
Itapetininga,,Instalador De Sistemas Eletroeletrônicos De Segurança,10,1430.48
Araçatuba,,Operador De Torno Com Comando Numérico,10,2642.26
Araçariguama,,Eletricista De Instalações,10,3929.61
Araçatuba,,Professor De Língua Portuguesa,10,2991.39
Itapeva,,Afiador De Serras,10,1725.84
Porto Feliz,,Professor De Nível Médio No Ensino Fundamental,10,2167.85
Araçatuba,,Passador De Roupas Em Geral,10,1533.48
Porto Feliz,,"Lavadeiro, Em Geral",10,2851.15
Americana,,Técnico De Imobilização Ortopédica,10,2738.72
Itupeva,,Marmorista (Construção),10,1846.35
Itu,,Gerente De Bar,10,2582.51
Araçariguama,,,10,2612.92
Cabreúva,,Operador De Retorcedeira,10,1615.84
Pindamonhangaba,,Operador De Pórtico Rolante,10,4159.31
Charqueada,,Gerente Administrativo,10,2988.32
Americana,,Operador De Máquina Perfuratriz,10,3173.74
Itu,,"Eletricista De Manutenção De Linhas Elétricas, Telefônicas E De Comunicação De Dados",10,3959.95
Cabreúva,,Gerente De Marketing,10,5489.99
Cabreúva,,Assistente De Laboratório Industrial,10,2697.57
Araçariguama,,Analista Financeiro (Instituições Financeiras),10,4235.53
Itu,,Técnico Mecânico Na Manutenção De Ferramentas,10,4575.16
Cabreúva,,Comerciante Varejista,10,2777.7
Itupeva,,Programador De Máquinas - Ferramenta Com Comando Numérico,10,5436.54
Americana,,Supervisor Da Manutenção E Reparação De Veículos Leves,10,3930.85
Itapetininga,,Monitor De Sistemas Eletrônicos De Segurança Externo,10,1808.83
Itu,,Técnico Agrícola,10,5828.29
Americana,,Guincheiro (Construção Civil),10,1993.64
Charqueada,,"Confeccionador De Bolsas, Sacos E Sacolas E Papel, A Máquina",10,2005.45
Araçariguama,,Ferramenteiro,10,4085.37
Itupeva,,Professor De Alunos Com Deficiência Mental,10,2466.36
Cerquilho,,Supervisor De Montagem E Instalação Eletroeletrônica,10,7434.84
Charqueada,,Mecânico De Manutenção De Máquinas Operatrizes (Lavra De Madeira),10,4553.91
Itupeva,,Apontador De Mão-De-Obra,10,3555.04
Cerquilho,,Analista De Suporte Computacional,10,5578.32
Itu,,Eletricista De Instalações (Edifícios),10,2923.42
Araçariguama,,Trabalhador Da Fabricação De Resinas E Vernizes,10,2809.34
Araçatuba,,Técnico Em Hemoterapia,10,2403.77
Cerquilho,,Gerente De Recursos Humanos,10,8340.77
Cabreúva,,Professor De Educação Física No Ensino Superior,10,3563.07
Itapeva,,Técnico Em Secretariado,10,2056.37
Cabreúva,,Carteiro,10,4422.98
Dourado,,Estoquista,10,2388.96
Itupeva,,Trabalhador Da Pecuária (Bovinos Corte),10,1973.69
Americana,,Técnico De Controle De Meio Ambiente,10,3858.52
Araçatuba,,Professor De Arquitetura,10,3833.06
Araçatuba,,Bibliotecário,10,4069.41
Boituva,,Auxiliar Geral De Conservação De Vias Permanentes (Exceto Trilhos),10,1278.29
Cerquilho,,Técnico De Manutenção Elétrica,10,3646.64
Cabreúva,,"Operador De Tesoura Mecânica E Máquina De Corte, No Acabamento De Chapas E Metais",10,3332.64
Cabreúva,,"Pintor, A  Pistola (Exceto Obras E Estruturas Metálicas)",10,3149.36
Araçariguama,,Técnico De Aciaria Em Siderurgia,10,10853.58
Itapetininga,,Caseiro (Agricultura),10,1426.51
Itu,,Técnico Mecânico Na Fabricação De Ferramentas,10,6703.2
Cerquilho,,Carpinteiro,10,1899.91
Araçatuba,,Operador De Usinagem Convencional Por Abrasão,10,2364.55
Itapetininga,,Apontador De Mão-De-Obra,10,2590.97
Ibiúna,,Gerente De Produção E Operações  Aqüícolas,10,3135.06
Ibiúna,,Supervisor De Caixas E Bilheteiros (Exceto Caixa De Banco),10,2237.67
Itupeva,,Recepcionista De Hotel,10,1846.56
Piedade,,Trabalhador De Fabricação De Sorvete,10,1646.09
Americana,,Gerente De Almoxarifado,10,5195.25
Itapetininga,,Técnico De Rede (Telecomunicações),10,2281.63
Araçatuba,,Engenheiro De Produção,10,7191.47
Americana,,"Salsicheiro (Fabricação De Lingüiça, Salsicha E Produtos Similares)",10,3096.36
Itu,,Técnico De Matéria-Prima E Material,10,5898.81
Americana,,Desenhista Técnico (Arquitetura),10,3068.03
Americana,,Desenhista Técnico (Mobiliário),10,1889.51
Americana,,Auxiliar De Veterinário,10,1541.47
Ibiúna,,Operador De Máquinas De Beneficiamento De Produtos Agrícolas,10,1942.05
Ibiúna,,Técnico Em Manutenção De Máquinas,10,4668.29
Charqueada,,"Recepcionista, Em Geral",10,1680.49
Itupeva,,Auxiliar De Cartório,10,1479.05
Dourado,,Técnico Em Segurança Do Trabalho,10,4560.02
Cabreúva,,Recreador,10,1838.14
Itu,,Operador De Serras (Usinagem De Madeira),10,1465.7
Ibiúna,,"Eletricista De Manutenção De Linhas Elétricas, Telefônicas E De Comunicação De Dados",10,5027.44
Itapeva,,Técnico Em Borracha,10,1794.83
Boituva,,Auxiliar De Laboratório De Análises Físico-Químicas,10,2386.6
Pindamonhangaba,,Professor De História No Ensino Médio,10,1658.13
Boituva,,Engenheiro De Segurança Do Trabalho,10,8457.52
Itapetininga,,Analista De Pesquisa De Mercado,10,3983.54
Piedade,,Cozinhador (Conservação De Alimentos),10,2637.75
Americana,,Instalador De Isolantes Térmicos De Caldeira E Tubulações,10,1410.53
Dourado,,Açougueiro,10,2520.37
Macatuba,,Auxiliar Nos Serviços De Alimentação,10,1396.59
Itupeva,,Comerciante Varejista,10,3809.63
Macatuba,,"Embalador, A Mão",10,1002.32
Cerquilho,,Professor De Língua Inglesa,10,2561.77
Piedade,,Supervisor De Crédito E Cobrança,10,2036.42
Araçoiaba da Serra,,Operador De Escavadeira,10,2364.65
Porto Feliz,,Analista De Folha De Pagamento,10,3530.55
Itu,,Inspetor De Alunos De Escola Pública,10,1658.73
Araçatuba,,Professor De Matemática Do Ensino Fundamental,10,3156.34
Araçatuba,,Economista Financeiro,10,3392.55
Itupeva,,Supervisor De Contas A Pagar,10,4384.38
Itu,,Supervisor De Produção Da Indústria Alimentícia,10,5394.01
Charqueada,,"Supervisor De Operação Elétrica (Geração, Transmissão E Distribuição De Energia Elétrica)",10,5036.17
Itu,,Técnico De Comunicação De Dados,10,1946.25
Porto Feliz,,Trefilador De Borracha,10,2787.09
Itapeva,,Operador De Aparelho De Flotação,10,2279.65
Charqueada,,Mecânico De Manutenção De Tratores,10,2663.2
Porto Feliz,,Projetista De Móveis,10,2504.06
Cerquilho,,Professor De Ciências Exatas E Naturais Do Ensino Fundamental,10,4910.15
Porto Feliz,,Estoquista,10,1854.35
Porto Feliz,,Cortador De Roupas,10,2156.6
Boituva,,Desenhista Projetista De Construção Civil,10,3377.88
Boituva,,Preparador De Tintas,10,2366.23
Pindamonhangaba,,Metrologista,10,3574.37
Itu,,Técnico Em Patologia Clínica,10,2253.15
Boituva,,Condutor De Processos Robotizados De Soldagem,10,3150.91
Itupeva,,Técnico De Enfermagem Psiquiátrica,10,2275.01
Pindamonhangaba,,"Supervisor De Manutenção Eletromecânica Industrial, Comercial E Predial",10,3947.27
Porto Feliz,,Auxiliar Geral De Conservação De Vias Permanentes (Exceto Trilhos),10,1525.34
Itapeva,,Auxiliar De Pessoal,10,1860.75
Macatuba,,Montador De Móveis E Artefatos De Madeira,10,1602.33
Piedade,,Condutor De Ambulância,10,1958.85
Pindamonhangaba,,Gerente De Produção E Operações Da Construção Civil E Obras Públicas,10,7683.38
Charqueada,,Mestre De Produção Química,10,3041.04
Itupeva,,Engenheiro Mecânico Industrial,10,8118.34
Itu,,Professor Da  Educação De Jovens E Adultos Do Ensino Fundamental (Primeira A Quarta Série),10,2921.6
Macatuba,,"Mecânico De Manutenção De Automóveis, Motocicletas E Veículos Similares",10,2766.26
Macatuba,,Pedreiro,10,1746.69
Itapetininga,,Operador De Processo De Moagem,10,2179.26
Americana,,Desenhista Técnico Mecânico,10,3224.83
Araçatuba,,Governanta De Hotelaria,9,2561.71
Itu,,Operador De Transporte Multimodal,9,3863.6
Itu,,Auditor (Contadores E Afins),9,8383.97
Macatuba,,Conferente De Carga E Descarga,9,2071.49
Araçatuba,,Forneiro E Operador (Refino De Metais Não-Ferrosos),9,5104.48
Itu,,Processador De Fumo,9,2961.57
Macatuba,,Auxiliar De Enfermagem,9,2260.41
Itu,,Supervisor De Exploração Agropecuária,9,3368.42
Boituva,,Operador De Transporte Multimodal,9,2806.42
Dourado,,Enfermeiro,9,3579.59
Boituva,,Instrutor De Cursos Livres,9,2383.3
Itu,,Cortador De Roupas,9,2041.71
Itapeva,,Operador De Telemarketing Ativo,9,1351.64
Pindamonhangaba,,Forneiro E Operador (Alto-Forno),9,3332.91
Porto Feliz,,Confeccionador De Brinquedos De Pano,9,1542.18
Araçatuba,,Preparador De Sucata E Aparas,9,1411.7
Itapeva,,Operador De Acabamento De Peças Fundidas,9,2135.07
Itapetininga,,Contramestre De Tecelagem (Indústria Têxtil),9,4787.14
Piedade,,Técnico De Rede (Telecomunicações),9,2615.1
Boituva,,Desenvolvedor De Sistemas De Tecnologia Da Informação (Técnico),9,3352.77
Boituva,,Operador De Acabamento (Indústria Gráfica),9,1624.26
Itu,,Desenhista Industrial De Produto (Designer De Produto),9,4448.05
Itu,,Advogado De Empresa,9,7613.68
Itupeva,,Gerente De Departamento Pessoal,9,6705.08
Macatuba,,Técnico Em Instrumentação,9,5719.18
Araçatuba,,Dirigente De Entidade De Trabalhadores,9,6349.53
Porto Feliz,,Agente De Portaria,9,2464.69
Araçoiaba da Serra,,Controlador De Entrada E Saída,9,2077.2
Araçariguama,,Supervisor De Transportes,9,4472.54
Cerquilho,,"Montador De Máquinas, Motores E Acessórios (Montagem Em Série)",9,1781.02
Charqueada,,Assistente De Laboratório Industrial,9,2051.07
Dourado,,Babá,9,1312.19
Boituva,,"Operador De Tesoura Mecânica E Máquina De Corte, No Acabamento De Chapas E Metais",9,2369.87
Araçatuba,,Jornalista,9,4556.76
Itupeva,,Instalador-Reparador De Redes Telefônicas E De Comunicação De Dados,9,2443.73
Araçariguama,,Assistente De Laboratório Industrial,9,1918.18
Itu,,Mecânico Montador De Motores De Explosão E Diesel,9,3574.5
Araçatuba,,Instalador-Reparador De Linhas E Aparelhos De Telecomunicações,9,1424.53
Charqueada,,"Embalador, A Máquina",9,2303.92
Itu,,Analista De Planejamento De Materias,9,2082.31
Macatuba,,Lubrificador De Veículos Automotores (Exceto Embarcações),9,2767.61
Itupeva,,Professor De Educação Física No Ensino Superior,9,1859.53
Boituva,,Auxiliar De Lavanderia,9,1670.89
Itu,,Trabalhador Da Pecuária (Bovinos Leite),9,1961.61
Boituva,,Operador De Máquina Perfuratriz,9,4178.58
Cabreúva,,Agente De Saúde Pública,9,3461.12
Pindamonhangaba,,Bombeiro Civil,9,7693.36
Cabreúva,,Funileiro Industrial,9,3041.63
Boituva,,Ajustador Ferramenteiro,9,1658.91
Boituva,,Agente Funerário,9,2422.01
Itupeva,,Ajustador Ferramenteiro,9,2598.87
Itapeva,,Técnico De Planejamento De Produção,9,6933.79
Itu,,Técnico Em Instalação De Equipamentos De Áudio,9,1678.38
Itupeva,,Caseiro (Agricultura),9,1857.54
Itapeva,,Vigilante,9,1568.55
Itu,,Avaliador Físico,9,1478.82
Pindamonhangaba,,Professor De Física No Ensino Médio,9,1906.11
Itupeva,,Técnico Em Fotônica,9,337.52
Dourado,,Vigilante,9,1826.11
Itu,,Gerente De Produção E Operações Da Construção Civil E Obras Públicas,9,2952.83
Pindamonhangaba,,Caldeireiro (Chapas De Cobre),9,3321.66
Araçariguama,,Auxiliar De Pessoal,9,1860.48
Itupeva,,Instalador De Som E Acessórios De Veículos,9,2743.15
Cerquilho,,Supervisor De Almoxarifado,9,4568.06
Cerquilho,,Motorista De Ônibus Urbano,9,2925.28
Boituva,,Comerciante Varejista,9,3438.33
Piedade,,Armazenista,9,2513.01
Boituva,,"Pintor, A  Pistola (Exceto Obras E Estruturas Metálicas)",9,2244.24
Itu,,Pintor A Pincel E Rolo (Exceto Obras E Estruturas Metálicas),9,2306.11
Americana,,Técnico De Alimentos,9,2649.84
Itu,,Masseiro (Massas Alimentícias),9,2116.24
Itu,,Limpador De Vidros,9,1208.2
Cabreúva,,Cortador De Pedras,9,2496.32
Boituva,,Borracheiro,9,2291.99
Araçatuba,,Diretor Administrativo E Financeiro,9,7634.32
Americana,,Barista,9,1764.61
Itapetininga,,Técnico Em Atendimento E Vendas,9,1915.07
Itupeva,,Supervisor De Manutenção De Máquinas Operatrizes E De Usinagem,9,10203.77
Itu,,Desenhista Detalhista,9,4832.86
Itu,,Desenhista Projetista De Construção Civil,9,7243.69
Itu,,Auxiliar De Corte (Preparação Da Confecção De Roupas),9,1584.64
Americana,,Professor De Sociologia Do Ensino Superior,9,2138.9
Boituva,,Cobrador Interno,9,2673.17
Itapeva,,Telefonista,9,1564.52
Araçoiaba da Serra,,Escriturário De Banco,9,7004.32
Itu,,Supervisor Da Indústria De Bebidas,9,6784.61
Americana,,Desenhista Projetista De Máquinas,9,7749.81
Araçariguama,,Emendador De Cabos Elétricos E Telefônicos (Aéreos E Subterrâneos),9,3421.8
Ibiúna,,Assistente Social,9,2689.78
Boituva,,Costureira De Peças Sob Encomenda,9,1673.18
Ibiúna,,Sepultador,9,2098.04
Americana,,Operador De Vazamento,9,4843.23
Cerquilho,,Instrutor De Auto-Escola,9,2219.76
Araçariguama,,Mestre De Usinagem,9,4845.27
Boituva,,Tratador De Animais,9,1794.32
Pindamonhangaba,,Supervisor De Tesouraria,9,4111.19
Araçatuba,,Inspetor De Serviços De Transportes Rodoviários (Passageiros E Cargas),9,2494.91
Araçoiaba da Serra,,Supervisor De Vendas Comercial,9,3620.67
Americana,,Mecânico De Manutenção De Máquinas De Construção E Terraplenagem,9,2700.98
Araçatuba,,Controlador De Entrada E Saída,9,2902.23
Araçoiaba da Serra,,Mestre De Caldeiraria,9,5678.72
Ibiúna,,Gerente De Produção E Operações Agropecuárias,9,2510.87
Itupeva,,Supervisor Da Indústria De Minerais Não Metálicos (Exceto Os Derivados De Petróleo E Carvão),9,8305.02
Araçoiaba da Serra,,Trabalhador Da Pecuária (Bovinos Leite),9,1700.04
Araçatuba,,Professor De Educação Artística Do Ensino Fundamental,9,2801.71
Americana,,Esteticista De Animais Domésticos,9,1741.21
Americana,,"Costureiro De Roupas De Couro E Pele, A  Máquina Na  Confecção Em Série",9,1509.56
Araçatuba,,Gerente De Produção E Operações Agropecuárias,9,3378
Itu,,Analista De Seguros (Técnico),9,3163.25
Araçatuba,,Engenheiro Agrônomo,9,11304.12
Itu,,Operador De Guilhotina (Corte De Papel),9,2540.76
Americana,,Cortador De Tapeçaria,9,1776.05
Araçatuba,,Professor De Farmácia E Bioquímica,9,6780.11
Itapetininga,,Mecânico De Manutenção De Empilhadeiras E Outros Veículos De Cargas Leves,9,3911.62
Araçatuba,,Professor De Jornalismo,9,4096.54
Itupeva,,Operador De Máquina Misturadeira (Tratamentos Químicos E Afins),9,2972.74
Americana,,Operador De Câmaras Frias,9,1890.54
Itu,,Chefe De Bar,9,2627.85
Itapetininga,,Mecânico De Manutenção De Máquinas Gráficas,9,2149.93
Itupeva,,Operador De Pórtico Rolante,9,3147.82
Itapetininga,,Diretor De Instituição Educacional Da Área Privada,9,5504.08
Charqueada,,"Eletricista De Manutenção De Linhas Elétricas, Telefônicas E De Comunicação De Dados",9,2465.22
Araçoiaba da Serra,,Trabalhador Na Produção De Mudas E Sementes,9,1382.64
Ibiúna,,Auxiliar Em Saúde Bucal,9,1380.63
Itupeva,,Montador De Fotolito (Analógico E Digital),9,2995.23
Araçatuba,,Mecânico De Manutenção E Instalação De Aparelhos De Climatização E  Refrigeração,9,2182.36
Americana,,Analista De Transporte Em Comércio Exterior,9,4767.44
Itapetininga,,Pedagogo,9,2628.17
Itapeva,,Operador De Ponte Rolante,9,2915.08
Itu,,Impressor Digital,9,3595.23
Itupeva,,Técnico Em Radiologia E Imagenologia,9,4143.43
Americana,,Técnico De Enfermagem Do Trabalho,9,3111.27
Itu,,"Lavadeiro, Em Geral",9,1376.92
Itu,,Operador De Carregadeira,9,2568.86
Pindamonhangaba,,Analista De Logistica,9,5304.55
Itu,,"Encarregado De Manutenção De Instrumentos De Controle, Medição E Similares",9,4056.92
Araçoiaba da Serra,,Operador De Máquinas-Ferramenta Convencionais,9,2514.6
Piedade,,Operador De Máquinas Operatrizes,9,1471.83
Araçatuba,,Auxiliar De Seguros,9,1702.37
Pindamonhangaba,,Mecânico De Refrigeração,9,2919.41
Araçatuba,,Agenciador De Propaganda,9,2214.2
Araçatuba,,Corretor De Seguros,9,2834.05
Araçatuba,,Engenheiro Mecânico,9,5137.27
Cerquilho,,Desenhista Industrial Gráfico (Designer Gráfico),9,1832.59
Itapeva,,Confeiteiro,9,1639.46
Americana,,Corretor De Seguros,9,3316.18
Porto Feliz,,Gerente De Marketing,9,17547.77
Porto Feliz,,"Operador De Produção (Química, Petroquímica E Afins)",9,10111.44
Americana,,Preparador De Aglomerantes,9,4635.19
Americana,,Operador De Sistemas De Prova (Analógico E Digital),9,4214.66
Piedade,,Caixa De Banco,9,2774.87
Itapetininga,,Preparador Físico,9,1883.51
Pindamonhangaba,,Operador Eletromecânico,9,3010.11
Americana,,Operador De Passador (Fiação),9,2169.26
Charqueada,,Operador De Empilhadeira,9,2648.55
Itu,,Desenhista Técnico,9,3022.71
Cabreúva,,Bamburista,9,1695.98
Piedade,,Atendente Comercial (Agência Postal),9,2124.97
Ibiúna,,Leiturista,9,3453.91
Americana,,Gerente De Clientes Especiais (Private),9,8944.64
Itapetininga,,Cronoanalista,9,5994.72
Ibiúna,,Supervisor De Compras,9,4118.88
Araçatuba,,Soldador Elétrico,9,1636.45
Araçatuba,,Operador De Acabamento (Indústria Gráfica),9,1938.72
Itapeva,,Nutricionista,9,4853.88
Araçoiaba da Serra,,Promotor De Vendas,9,1610.58
Boituva,,Recreador,9,1374.02
Pindamonhangaba,,Lubrificador De Veículos Automotores (Exceto Embarcações),9,1643.07
Itapetininga,,Trabalhador Na Produção De Mudas E Sementes,9,1315.36
Boituva,,Supervisor De Manutenção Eletromecânica,9,7249.89
Itapetininga,,Masseiro (Massas Alimentícias),9,1712.94
Araçatuba,,"Descarnador De Couros E Peles, À Maquina",9,2535.73
Araçatuba,,Lapidador De Vidros E Cristais,9,2035.79
Pindamonhangaba,,Professor De Biologia No Ensino Médio,9,1318.85
Porto Feliz,,Pintor De Obras,9,1850.44
Boituva,,Gerente De Pesquisa E Desenvolvimento (P&D),9,9391.99
Ibiúna,,Costureiro Na Confecção Em Série,9,1158.82
Itapeva,,Gerente De Restaurante,9,1981.31
Araçatuba,,Supervisor De Vendas De Serviços,9,3209.81
Porto Feliz,,Inspetor De Alunos De Escola Pública,9,1706.44
Porto Feliz,,Selecionador De Material Reciclável,9,1673.45
Porto Feliz,,Encanador,9,2163.59
Porto Feliz,,Governanta De Hotelaria,9,2907.62
Araçoiaba da Serra,,Monitor De Transporte Escolar,9,1216.75
Pindamonhangaba,,Jornalista,9,2504.23
Araçatuba,,Supervisor De Manutenção Eletromecânica,9,2782.27
Itupeva,,Gerente De Grandes Contas (Corporate),9,14777.45
Itapetininga,,"Passador De Roupas, À Mão",9,1117.51
Charqueada,,Caldeireiro (Chapas De Ferro E Aço),9,2368.95
Porto Feliz,,Condutor De Ambulância,9,3302.89
Itapetininga,,Professor De Matemática No Ensino Médio,9,1694.63
Itupeva,,Operador De Painel De Controle,9,11466.9
Itapetininga,,Operador De Equipamentos De Refinação De Açúcar (Processo Contínuo),9,2726.27
Itupeva,,Trabalhador Na Apicultura,9,1650.41
Ibiúna,,"Eletrotécnico Na Fabricação, Montagem E Instalação De Máquinas E Equipamentos",9,9592.37
Araçatuba,,Supervisor De Recepcionistas,9,2695.61
Macatuba,,Servente De Obras,9,1667.64
Araçatuba,,Professor De Língua Portuguesa Do Ensino Fundamental,9,3994.42
Araçatuba,,Operador De Betoneira,9,1905.58
Pindamonhangaba,,Cobrador Externo,9,2125.82
Itupeva,,Professor De Língua Inglesa,9,5389.26
Ibiúna,,Psicólogo Hospitalar,9,3867.59
Cerquilho,,Enfestador De Roupas,9,1653.72
Pindamonhangaba,,Supervisor De Crédito E Cobrança,9,3327.93
Araçoiaba da Serra,,"Mecânico De Manutenção De Máquinas Cortadoras De Grama, Roçadeiras, Motosserras E Similares",9,2265.49
Ibiúna,,Técnico De Planejamento E Programação Da Manutenção,9,7705.76
Americana,,Médico Do Trabalho,9,9339.74
Americana,,Técnico De Planejamento E Programação Da Manutenção,9,4356.24
Boituva,,Trabalhador Da Avicultura De Corte,9,1831.84
Itupeva,,Operador De Máquina De Envasar Líquidos,9,2724.94
Americana,,Trabalhador De Fabricação De Sorvete,9,1847.83
Araçatuba,,Relações Públicas,9,2101.34
Macatuba,,Auxiliar De Desenvolvimento Infantil,9,1437.92
Pindamonhangaba,,Gerente De Operações De Serviços De Assistência Técnica,9,8901.55
Piedade,,Administrador,9,4812.45
Americana,,"Mecânico De Manutenção De Máquinas Cortadoras De Grama, Roçadeiras, Motosserras E Similares",9,2565.88
Itapeva,,Supervisor De Telemarketing E Atendimento,9,3499.52
Cerquilho,,Gerente De Marketing,9,10136.37
Itapetininga,,Técnico De Obras Civis,9,4419.08
Pindamonhangaba,,Engenheiro Eletricista De Manutenção,9,12792.72
Porto Feliz,,Mestre De Fundição,9,7353.39
Itapeva,,Viveirista Florestal,9,1562.79
Araçatuba,,Cortador De Pedras,9,1582.74
Americana,,Decorador De Eventos,9,2215.07
Itapetininga,,Montador De Máquinas,9,1411.64
Araçatuba,,Operador De Máquina De Envasar Líquidos,9,2051.36
Araçoiaba da Serra,,Auxiliar De Desenvolvimento Infantil,9,1383.13
Itapetininga,,"Operador De Alambique De Funcionamento Contínuo (Produtos Químicos, Exceto Petróleo)",9,2643.76
Pindamonhangaba,,Técnico Eletrônico,9,4297.73
Araçoiaba da Serra,,Cuidador De Idosos,9,1688.82
Araçariguama,,Fiscal De Loja,9,2311.33
Araçatuba,,Supervisor De Montagem E Instalação Eletroeletrônica,9,3454.47
Itapeva,,Analista De Negócios,9,5613.01
Itapeva,,Gesseiro,9,1712.95
Piedade,,Técnico De Vendas,9,5404.39
Cabreúva,,Engenheiro De Controle De Qualidade,9,8323.95
Araçatuba,,Educador Social,9,2327.49
Itu,,Operador De Motosserra,9,1371.58
Americana,,Trabalhador Da Elaboração De Pré-Fabricados (Cimento Amianto),9,3120.25
Itapetininga,,"Operador De Máquina De Fabricação De Produtos De Higiene E Limpeza (Sabão, Sabonete, Detergente, Absorvente, Fraldas Cotonetes E Outros)",9,1198.91
Pindamonhangaba,,Mestre (Indústria De Madeira E Mobiliário),9,1678.98
Itu,,Operador De Zincagem (Processo Eletrolítico),9,3403.55
Itapeva,,Encarregado De Manutenção Mecânica De Sistemas Operacionais,9,4377.84
Americana,,Montador De Veículos (Reparação),9,2690.03
Pindamonhangaba,,"Supervisor De Operação Elétrica (Geração, Transmissão E Distribuição De Energia Elétrica)",9,6278.09
Cabreúva,,Desenvolvedor De Sistemas De Tecnologia Da Informação (Técnico),9,4414.09
Americana,,Mestre De Pintura (Tratamento De Superfícies),9,4327.43
Araçoiaba da Serra,,Analista De Negócios,9,3161.71
Americana,,Tecnólogo Em Segurança Do Trabalho,9,6047.21
Porto Feliz,,Mestre (Indústria De Automotores E Material De Transportes),9,14057.14
Itapetininga,,Chefe De Cozinha,9,1559.56
Araçariguama,,Operador De Guilhotina (Corte De Papel),9,3930.36
Porto Feliz,,Supervisor De Manutenção Eletromecânica,9,11405.97
Itapetininga,,Mecânico De Manutenção De Bombas,9,4241.69
Cabreúva,,Vigilante,9,3079.74
Araçatuba,,Desenhista Projetista Mecânico,9,3365.64
Itapetininga,,"Embalador, A Máquina",9,2772.25
Pindamonhangaba,,Guardador De Veículos,9,1066.66
Ibiúna,,Vendedor Pracista,9,2324.77
Pindamonhangaba,,Supervisor De Telemarketing E Atendimento,9,3439.19
Itapeva,,Operador De Máquina De Secar Celulose,9,2213.91
Pindamonhangaba,,Desossador,9,1721.46
Americana,,Revisor De Texto,9,2124.78
Araçatuba,,Representante Comercial Autônomo,9,6835.87
Itapetininga,,Chapeador,9,1896.99
Itapetininga,,Técnico De Enfermagem Do Trabalho,9,2640.45
Itapetininga,,Gerente De Hotel,9,2861.21
Americana,,Professor De Geografia No Ensino Médio,9,962.05
Boituva,,Impressor De Ofsete (Plano E Rotativo),9,2527.85
Itapeva,,Operador De Calcinação (Tratamento Químico E Afins),9,2421.15
Cabreúva,,Chefe De Cozinha,9,3462.84
Araçatuba,,"Operador De Instalação De Extração, Processamento, Envasamento E Distribuição De Gases",8,3011.59
Araçariguama,,Metalizador A Pistola,8,2783.53
Charqueada,,Eletricista De Manutenção Eletroeletrônica,8,4921.44
Pindamonhangaba,,Advogado De Empresa,8,9362.67
Boituva,,Desenhista Projetista De Máquinas,8,4130.42
Boituva,,Técnico De Planejamento E Programação Da Manutenção,8,3207.18
Itapetininga,,Professor De Artes No Ensino Médio,8,1099.64
Boituva,,Demonstrador De Mercadorias,8,2712.81
Araçatuba,,Gerente De Produção E Operações Da Construção Civil E Obras Públicas,8,3785.21
Cerquilho,,Preparador De Tintas,8,3472.8
Boituva,,Professor De Ciências Exatas E Naturais Do Ensino Fundamental,8,5626.72
Boituva,,Coordenador Pedagógico,8,5359.99
Macatuba,,Operador De Empilhadeira,8,2508.68
Itu,,Planejista,8,4551.67
Porto Feliz,,Gerente De Compras,8,6665.73
Americana,,Enfermeiro Auditor,8,5412.42
Boituva,,Supervisor De Recepcionistas,8,2563.37
Itu,,Operador De Sistemas De Prova (Analógico E Digital),8,2799.46
Porto Feliz,,Assistente Social,8,4119.92
Itapeva,,Diretor De Instituição Educacional Da Área Privada,8,8558.51
Porto Feliz,,Analista De Desenvolvimento De Sistemas,8,11231.07
Itapeva,,Gerente De Recursos Humanos,8,4086.75
Itapetininga,,Supervisor De Crédito E Cobrança,8,6573.77
Araçatuba,,Supervisor De Exploração Agropecuária,8,4531.84
Cerquilho,,Tecnólogo Em Logística De Transporte,8,2919.34
Pindamonhangaba,,Técnico De Rede (Telecomunicações),8,2309.1
Porto Feliz,,Gravador De Matriz Para Flexografia (Clicherista),8,3306.2
Macatuba,,Comprador,8,3767.49
Itupeva,,Pasteurizador,8,3278.26
Itupeva,,Condutor De Ambulância,8,2144.16
Boituva,,Carregador (Veículos De Transportes Terrestres),8,2123.21
Charqueada,,Instalador De Tubulações,8,5393.37
Piedade,,Montador De Equipamento De Levantamento,8,2174.42
Porto Feliz,,Operador De Bomba De Concreto,8,3054.64
Itu,,Técnico De Rede (Telecomunicações),8,2595.12
Araçatuba,,Supervisor Da Manutenção E Reparação De Veículos Pesados,8,2847.09
Charqueada,,Atendente De Lanchonete,8,1266.41
Itu,,Supervisor De Vendas De Serviços,8,3514.88
Boituva,,Recebedor De Apostas (Loteria),8,1298.81
Porto Feliz,,Encarregado De Equipe De Conservação De Vias Permanentes (Exceto Trilhos),8,2679.91
Itu,,Técnico Em Plástico,8,4769.25
Charqueada,,"Embalador, A Mão",8,1059.3
Porto Feliz,,Impressor De Rotativa,8,3065.69
Araçariguama,,Técnico De Mineração,8,5732.18
Porto Feliz,,Preparador De Sucata E Aparas,8,1556.95
Araçariguama,,Técnico De Planejamento E Programação Da Manutenção,8,4907.13
Itapetininga,,Trabalhador Da Pecuária (Asininos E Muares),8,1702.28
Itu,,Supervisor De Manutenção Eletromecânica,8,7329.57
Piedade,,Operador De Empilhadeira,8,2379.7
Charqueada,,Auxiliar De Manutenção Predial,8,2895.44
Boituva,,Vigilante,8,2383.29
Pindamonhangaba,,Montador De Veículos (Reparação),8,2582.46
Cabreúva,,Operador De Transporte Multimodal,8,3153.68
Itapeva,,Caldeireiro (Chapas De Ferro E Aço),8,2166.96
Ibiúna,,Soldador,8,2642.81
Cerquilho,,Inspetor De Alunos De Escola Privada,8,1399.27
Macatuba,,Pesquisador Em Biologia Ambiental,8,9305.49
Cabreúva,,Gerente Financeiro,8,11399.21
Boituva,,Cortador De Pedras,8,2246.9
Itupeva,,Técnico De Obras Civis,8,2281.28
Boituva,,Analista De Exportação E Importação,8,4656.31
Araçatuba,,Preparador De Tintas,8,2378.9
Itapeva,,Lubrificador De Veículos Automotores (Exceto Embarcações),8,1748.79
Itupeva,,Instrutor De Cursos Livres,8,1746.75
Cerquilho,,Lubrificador De Veículos Automotores (Exceto Embarcações),8,3066.99
Itu,,Professor De Língua Portuguesa,8,3098.92
Porto Feliz,,Professor De Alunos Com Deficiência Física,8,2418.41
Cerquilho,,Recebedor De Apostas (Loteria),8,1835.45
Araçatuba,,Operador De Painel De Controle,8,2025.1
Ibiúna,,Auxiliar De Veterinário,8,1328.48
Itapetininga,,"Encarregado De Manutenção De Instrumentos De Controle, Medição E Similares",8,2085.79
Charqueada,,Trabalhador Da Elaboração De Pré-Fabricados (Concreto Armado),8,1624.41
Itupeva,,"Mecânico De Manutenção De Máquinas Cortadoras De Grama, Roçadeiras, Motosserras E Similares",8,3686.17
Araçatuba,,Gerente De Produtos Bancários,8,9525.88
Araçatuba,,Professor De Língua E Literatura Brasileira No Ensino Médio,8,1459.18
Araçoiaba da Serra,,Técnico De Enfermagem,8,2052.97
Itu,,Topógrafo,8,1764.79
Ibiúna,,Gerente De Restaurante,8,2999
Porto Feliz,,Trabalhador Da Ovinocultura,8,1718.8
Porto Feliz,,Trabalhador De Tratamento Do Leite E Fabricação De Laticínios E Afins,8,1677.62
Macatuba,,Auxiliar De Contabilidade,8,2561.26
Cerquilho,,"Confeccionador De Escovas, Pincéis E Produtos Similares (A Mão)",8,1888.02
Boituva,,Gerente De Agência,8,10638.49
Piedade,,Montador De Equipamentos Eletrônicos,8,1714.87
Itu,,Auxiliar De Lavanderia,8,1465.71
Charqueada,,"Costureiro, A  Máquina  Na Confecção Em Série",8,1315.54
Porto Feliz,,Metrologista,8,3922.34
Araçariguama,,Analista De Negócios,8,3194.38
Boituva,,Agente De Vendas De Serviços,8,4181.48
Boituva,,Caseiro (Agricultura),8,1578.08
Boituva,,Promotor De Vendas Especializado,8,6555.55
Araçatuba,,Professor De Fisioterapia,8,8847.52
Itapetininga,,Operador De Transporte Multimodal,8,2482.04
Araçatuba,,Técnico Em Instalação De Equipamentos De Áudio,8,1582.21
Itupeva,,Carpinteiro Naval (Construção De Pequenas Embarcações),8,1534.76
Itupeva,,Chefe De Serviço De Transporte Rodoviário (Passageiros E Cargas),8,3419.34
Itapetininga,,Pintor De Obras,8,1758.11
Ibiúna,,Mestre (Construção Civil),8,3570.82
Pindamonhangaba,,Rebarbador De Metal,8,3925.83
Itupeva,,Costureiro Na Confecção Em Série,8,1813.5
Cabreúva,,Economista Do Setor Público,8,5895.13
Pindamonhangaba,,Desenhista Industrial Gráfico (Designer Gráfico),8,1752.87
Itapeva,,Técnico Em Manutenção De Máquinas,8,3742.98
Araçoiaba da Serra,,Instalador De Tubulações,8,2196.25
Itupeva,,Trabalhador Da Pecuária (Asininos E Muares),8,1603.58
Araçariguama,,Operador De Escavadeira,8,2734.37
Itupeva,,"Operador De Utilidade (Produção E Distribuição De Vapor, Gás, Óleo, Combustível, Energia, Oxigênio)",8,5050.13
Itupeva,,Auxiliar De Farmácia De Manipulação,8,1975.53
Itapetininga,,Gerente De Compras,8,7364.5
Pindamonhangaba,,Sepultador,8,2815.72
Itupeva,,Bombeiro Civil,8,3587.98
Americana,,Teleoperador,8,2010.29
Cerquilho,,Supervisor De Compras,8,4845.38
Araçariguama,,Supervisor De Manutenção Eletromecânica,8,11382.75
Porto Feliz,,Cuidador De Idosos,8,1569.18
Itu,,Calceteiro,8,1794.02
Itu,,Professor De Educação Artística Do Ensino Fundamental,8,1546.66
Dourado,,Jardineiro,8,2048.33
Americana,,Operador De Jato Abrasivo,8,1783.38
Itu,,Jornaleiro (Em Banca De Jornal),8,1708.97
Cabreúva,,Fiscal De Transportes Coletivos (Exceto Trem),8,2493.27
Itu,,Profissional De Relações Com Investidores,8,3979.3
Americana,,Fotógrafo,8,1949.1
Americana,,Diretor Administrativo E Financeiro,8,11694.04
Americana,,Inspetor De Sinistros,8,2445.13
Cerquilho,,Mestre (Indústria De Borracha E Plástico),8,3546.6
Pindamonhangaba,,Instalador-Reparador De Redes E Cabos Telefônicos,8,2079.22
Cerquilho,,"Tecelão De Tapetes, A  Mão",8,1363.26
Itapeva,,Professor De Matemática No Ensino Médio,8,2027.8
Cabreúva,,Instalador De Tubulações,8,4966.93
Itu,,Mecânico De Manutenção De Máquinas De Construção E Terraplenagem,8,4021.28
Pindamonhangaba,,Tratador De Animais,8,1591.75
Cabreúva,,Técnico Mecânico,8,4477.39
Cerquilho,,Trabalhador De Fabricação De Sorvete,8,1564.95
Americana,,Agente De Defesa Ambiental,8,5314.8
Cabreúva,,Operador De Câmaras Frias,8,2937.3
Dourado,,Trabalhador Volante Da Agricultura,8,1541.98
Dourado,,Trabalhador Da Pecuária (Eqüinos),8,2336.05
Itapetininga,,Técnico De Imobilização Ortopédica,8,2326.75
Cabreúva,,"Técnico Mecânico (Calefação, Ventilação E Refrigeração)",8,2498.11
Cabreúva,,Técnico De Matéria-Prima E Material,8,4680.45
Itapetininga,,Fonoaudiólogo Geral,8,3558.29
Itupeva,,Afretador,8,1959.99
Cerquilho,,Técnico Em Radiologia E Imagenologia,8,4114.47
Araçoiaba da Serra,,Apontador De Produção,8,2675.01
Cabreúva,,Operador De Caldeira,8,3676.27
Araçariguama,,Montador De Máquinas,8,2248.82
Araçoiaba da Serra,,"Mecânico De Manutenção De Automóveis, Motocicletas E Veículos Similares",8,2117.85
Americana,,Forneiro E Operador (Alto-Forno),8,1786.88
Araçatuba,,Engenheiro De Segurança Do Trabalho,8,7156.33
Araçariguama,,Mecânico De Manutenção De Empilhadeiras E Outros Veículos De Cargas Leves,8,2869.37
Americana,,Professor De Filosofia No Ensino Médio,8,2476.04
Cerquilho,,Trabalhador Da Manutenção De Edificações,8,2181.4
Itupeva,,Mestre De Pintura (Tratamento De Superfícies),8,3949.75
Araçatuba,,Técnico Mecânico (Máquinas),8,2489.53
Itu,,Analista De Planejamento E Orçamento - Apo,8,4201.09
Ibiúna,,Nutricionista,8,2970.81
Araçatuba,,Coletor De Resíduos Sólidos De Serviços De Saúde,8,1338.86
Araçatuba,,Manobrador,8,1727.32
Itapeva,,Atendente De Agência,8,1797.46
Itu,,Desenhista Técnico Mecânico,8,2275.62
Cabreúva,,Tecelão De Malhas (Máquina Circular),8,1876.24
Pindamonhangaba,,"Mestre (Indústria De Celulose, Papel E Papelão)",8,4127.16
Ibiúna,,Montador De Estruturas Metálicas,8,3410.09
Dourado,,Secretária(O) Executiva(O),8,1778.01
Araçatuba,,Professor De Enfermagem Do Ensino Superior,8,9193.89
Itupeva,,Técnico De Manutenção De Sistemas E Instrumentos,8,4382.42
Cabreúva,,Agente De Trânsito,8,2712.81
Itupeva,,Engenheiro De Segurança Do Trabalho,8,8252.44
Itapetininga,,Técnico De Alimentos,8,1560.51
Pindamonhangaba,,Eletricista De Instalações (Edifícios),8,1775.25
Itupeva,,"Técnico De Utilidade (Produção E Distribuição De Vapor, Gases, Óleos, Combustíveis, Energia)",8,1398.3
Cerquilho,,Gerente De Pesquisa E Desenvolvimento (P&D),8,12781.79
Itu,,Revisor De Texto,8,2148.3
Piedade,,Atendente De Agência,8,3039.05
Americana,,Supervisor Da Manutenção E Reparação De Veículos Pesados,8,4092.6
Cabreúva,,Costureira De Peças Sob Encomenda,8,1279.8
Pindamonhangaba,,Gerente De Operações De Transportes,8,3976.57
Cerquilho,,Analista De Desenvolvimento De Sistemas,8,6268.76
Porto Feliz,,Chefe De Bar,8,4407.35
Cabreúva,,Técnico De Obras Civis,8,5744.38
Araçatuba,,Administrador De Sistemas Operacionais,8,6230
Itapetininga,,Manicure/Pedicure,8,1577.66
Itupeva,,Diretor Comercial,8,31838.22
Araçatuba,,Supervisor De Manutenção De Máquinas Operatrizes E De Usinagem,8,4660.1
Piedade,,Operador De Telemarketing Receptivo,8,1763.6
Araçatuba,,Gerente De Suporte Técnico De Tecnologia Da Informação,8,6407.71
Araçatuba,,Médico Psiquiatra,8,7601.21
Pindamonhangaba,,Tosador De Animais Domésticos,8,1582.54
Americana,,Administrador De Sistemas Operacionais,8,6901.08
Itupeva,,Desenhista Industrial De Produto (Designer De Produto),8,3676.53
Cabreúva,,Supervisor De Manutenção Eletromecânica,8,10543.81
Charqueada,,Gerente Comercial,8,4797.01
Araçatuba,,Professor De Medicina Veterinária,8,9941.28
Porto Feliz,,Engenheiro De Controle De Qualidade,8,10795.13
Pindamonhangaba,,Desenhista Técnico,8,2009.84
Piedade,,Fiscal De Loja,8,2252.16
Itu,,Mestre (Indústria Têxtil E De Confecções),8,3595.13
Itapetininga,,Professores De Cursos Livres,8,1504.03
Itapetininga,,Diretor De Mídia (Publicidade),8,2249.43
Americana,,Impressor De Corte E Vinco,8,2227.47
Itapeva,,Trabalhador Na Operação De Sistema De Irrigação Por Aspersão (Pivô Central),8,2191.73
Pindamonhangaba,,Promotor De Vendas Especializado,8,2057.09
Pindamonhangaba,,Farmacêutico Industrial,8,15710.02
Itapetininga,,Marmorista (Construção),8,2190.03
Ibiúna,,Trabalhador No Cultivo De Árvores Frutíferas,8,1303.17
Cabreúva,,Professor De Nível Superior Na Educação Infantil (Quatro A Seis Anos),8,3548.2
Itapetininga,,"Instalador De Cortinas E Persianas, Portas Sanfonadas E Boxe",8,1853
Cabreúva,,Operador De Maçaroqueira,8,1462.65
Cabreúva,,Operador De Máquina Extrusora De Varetas E Tubos De Vidro,8,1938.42
Piedade,,Professor De Ciências Exatas E Naturais Do Ensino Fundamental,8,1877.07
Itupeva,,Fisioterapeuta Geral,8,2972.44
Cabreúva,,Vidraceiro,8,1926.94
Araçatuba,,Lubrificador De Veículos Automotores (Exceto Embarcações),8,2179.72
Itapetininga,,"Pintor, A  Pistola (Exceto Obras E Estruturas Metálicas)",8,1621.84
Itu,,Supervisor De Cobrança,8,4913.9
Pindamonhangaba,,Montador De Equipamentos Eletrônicos,8,2456.6
Itapetininga,,Supervisor De Almoxarifado,8,4644.64
Itupeva,,Cozinhador De Carnes,8,2025.05
Ibiúna,,Eletrotécnico (Produção De Energia),8,8420.86
Dourado,,Operador De Ceifadeira Na Conservação De Vias Permanentes,8,1400.64
Araçatuba,,Professor De Educação Física No Ensino Médio,8,714
Piedade,,Eletricista De Manutenção Eletroeletrônica,8,2395.29
Cabreúva,,Cuidador De Idosos,8,2773.74
Cerquilho,,Fisioterapeuta Geral,8,2194.73
Itapetininga,,Diretor Administrativo,8,11157.2
Itapeva,,Desenvolvedor De Sistemas De Tecnologia Da Informação (Técnico),8,2141
Pindamonhangaba,,Fiscal De Tributos Municipal,8,4773.39
Itapeva,,Atendente Comercial (Agência Postal),8,2335.57
Americana,,"Operador De Máquina De Usinagem Madeira, Em Geral",8,2503.87
Araçariguama,,Preparador De Máquinas-Ferramenta,8,3077.27
Cerquilho,,Operador De Central Hidrelétrica,8,3351.47
Pindamonhangaba,,Analista De Pcp (Programação E Controle Da Produção),8,8968.6
Pindamonhangaba,,Operador De Preservação E Controle Térmico,8,2116.9
Araçariguama,,Costureiro Na Confecção Em Série,8,1527.59
Itapetininga,,Técnico De Planejamento E Programação Da Manutenção,8,3616.72
Ibiúna,,Trabalhador Da Elaboração De Pré-Fabricados (Concreto Armado),8,1331.32
Araçatuba,,Diretor Geral De Empresa E Organizações (Exceto De Interesse Público),8,6377.52
Araçoiaba da Serra,,"Embalador, A Mão",8,1427.21
Araçariguama,,Confeiteiro,8,2204.55
Itu,,Gerente De Clientes Especiais (Private),8,7314.7
Araçatuba,,Documentalista,8,5623.14
Itapeva,,Tosador De Animais Domésticos,8,1287.42
Araçariguama,,Trabalhador Da Elaboração De Pré-Fabricados (Cimento Amianto),8,1999.28
Americana,,Moleiro (Tratamentos Químicos E Afins),8,2284.62
Americana,,Pintor De Veículos (Fabricação),8,2571.11
Ibiúna,,Trabalhador Da Pecuária (Bovinos Leite),8,1481.42
Pindamonhangaba,,Chefe De Bar,8,2363.68
Itu,,Operador De Turismo,8,3193.09
Itapeva,,Gerente De Serviços De Saúde,8,7344.11
Itapeva,,Pintor De Veículos (Reparação),8,1535.98
Pindamonhangaba,,Professor De História Do Ensino Fundamental,8,1559.01
Itapetininga,,Técnico Eletrônico,8,1656.55
Americana,,Operador De Instalação De Ar-Condicionado,8,1690.35
Americana,,Instalador De Sistemas Fotovoltaicos,8,1504.97
Itapeva,,Orientador Educacional,8,1076.63
Piedade,,Copeiro,8,1288.87
Ibiúna,,Operador De Inspeção De Qualidade,8,1942.79
Itapeva,,Cartazeiro,8,1131.43
Itupeva,,Administrador De Redes,8,3361.53
Araçatuba,,Engenheiro Eletricista,8,4123.03
Itapetininga,,Preparador De Sucata E Aparas,8,1490.07
Boituva,,Confeiteiro,8,1803.41
Araçatuba,,Supervisor De Fabricação De Produtos De Vidro,8,3976.26
Itu,,Professor De História Do Ensino Fundamental,8,3269.3
Americana,,Técnico Em Mecânica De Precisão,8,7846.51
Pindamonhangaba,,Operador De Caldeira,8,3416.01
Cerquilho,,Tecelão (Tear Automático),8,1875.52
Araçatuba,,Impressor (Serigrafia),8,1910.76
Araçoiaba da Serra,,Motorista De Ônibus Urbano,8,2387.08
Americana,,Salva-Vidas,8,2259.85
Piedade,,Costureiro Na Confecção Em Série,8,1496.51
Americana,,Enfestador De Roupas,8,1774.97
Itapetininga,,Repórter (Exclusive Rádio E Televisão),8,3768.2
Americana,,Empregado  Doméstico  Nos Serviços Gerais,8,1243.41
Araçariguama,,Xaropeiro,8,1732.9
Dourado,,Massoterapeuta,8,2111.02
Boituva,,Atendente De Agência,8,2967.77
Itapeva,,Supervisor De Crédito E Cobrança,8,2609.65
Piedade,,Serrador De Madeira,8,1331.25
Pindamonhangaba,,Diretor Comercial,8,26521.97
Macatuba,,Diretor Administrativo,8,3967.53
Itu,,Supervisor De Transportes,8,3746.66
Ibiúna,,Camareiro  De Hotel,8,1651.26
Pindamonhangaba,,Vendedor Pracista,8,9095.88
Boituva,,Desossador,8,2824
Americana,,Técnico Mecânico (Máquinas),8,3163.75
Itu,,Agente De Pátio,8,2074.94
Itupeva,,Operador De Fresadora Com Comando Numérico,8,3530.7
Cerquilho,,Vidraceiro,8,2361.27
Araçatuba,,Operador De Guindaste Móvel,8,2807.06
Piedade,,Instalador De Tubulações,8,6338.81
Araçatuba,,Gerente De Bar,8,2537.57
Pindamonhangaba,,Médico Pediatra,8,13490
Pindamonhangaba,,Supervisor De Produção Da Indústria Alimentícia,8,2829.82
Pindamonhangaba,,Analista De Negócios,8,4028.23
Pindamonhangaba,,Diretor Financeiro,8,14260.69
Cerquilho,,Montador De Equipamentos Eletrônicos (Máquinas Industriais),8,1447.4
Boituva,,Estofador De Móveis,8,1578.1
Itu,,Apontador De Mão-De-Obra,8,2056.02
Americana,,Operador De Máquinas De Usinar Madeira (Cnc),8,2302.42
Pindamonhangaba,,Economista Do Setor Público,8,5552.11
Ibiúna,,Inspetor De Alunos De Escola Privada,8,1325.16
Pindamonhangaba,,Gerente De Desenvolvimento De Sistemas,8,10732.62
Itapetininga,,Operador De Computador,8,2598.16
Araçatuba,,Instalador-Reparador De Redes Telefônicas E De Comunicação De Dados,8,2030.59
Americana,,Operador De Mensagens De Telecomunicações (Correios),8,2762.99
Boituva,,Especialista Em Calibrações Metrológicas,8,3959.56
Itu,,Gerente De Operação De Tecnologia Da Informação,8,12732.88
Americana,,Engenheiro Eletricista De Projetos,8,10651.62
Americana,,Soldador Elétrico,8,3671.12
Pindamonhangaba,,"Operador De Sala De Controle De Instalações Químicas, Petroquímicas E Afins",8,5698.96
Itupeva,,Mecânico De Manutenção De Compressores De Ar,8,5495.45
Araçatuba,,Chefe De Serviço De Transporte Rodoviário (Passageiros E Cargas),8,2821.43
Pindamonhangaba,,Supervisor De Logística,8,4522.64
Araçariguama,,Preparador De Panelas,8,3768.74
Pindamonhangaba,,"Diretor De Produção E Operações Da Indústria De Transformação, Extração Mineral E Utilidades",8,25547.7
Piedade,,Secretária(O) Executiva(O),8,1324.97
Americana,,Impressor De Rotogravura,8,2653.06
Piedade,,Analista De Recursos Humanos,8,3352.78
Americana,,Supervisor De Manutenção Elétrica De Alta Tensão Industrial,8,3329.41
Pindamonhangaba,,Copeiro,8,1314.73
Americana,,Gerente De Serviços Sociais,8,3617.63
Piedade,,Carregador (Veículos De Transportes Terrestres),8,1316.21
Itapetininga,,Gerente De Departamento Pessoal,8,3558.68
Piedade,,Analista De Folha De Pagamento,8,2745.43
Pindamonhangaba,,Atendente De Enfermagem,8,2009.22
Cerquilho,,Supervisor De Produção Da Indústria Alimentícia,8,6101.09
Pindamonhangaba,,Técnico Em Administração,7,6003.63
Americana,,Arquivista De Documentos,7,1854.52
Piedade,,Motorista De Ônibus Rodoviário,7,3149.15
Pindamonhangaba,,Sushiman,7,1464.53
Ibiúna,,Lavador De Veículos,7,1261.13
Itupeva,,Assistente Social,7,3032.2
Boituva,,Caldeireiro (Chapas De Ferro E Aço),7,3820.56
Araçatuba,,Apontador De Mão-De-Obra,7,2351.24
Araçariguama,,Escrevente,7,3546.05
Pindamonhangaba,,Operador De Quadro De Distribuição De Energia Elétrica,7,5907.62
Itu,,"Supervisor De Manutenção De Aparelhos Térmicos, De Climatização E De Refrigeração",7,5488.66
Araçatuba,,Operador De Estação De Bombeamento,7,2422.28
Itupeva,,Soldador Elétrico,7,4646.44
Boituva,,Mestre (Indústria De Madeira E Mobiliário),7,3866.2
Boituva,,Analista De Negócios,7,3400.83
Boituva,,Projetista De Móveis,7,1970.93
Araçoiaba da Serra,,Encarregado Geral De Operações De Conservação De Vias Permanentes (Exceto Trilhos),7,2224.96
Dourado,,Farmacêutico,7,3301.62
Ibiúna,,Operador De Máquinas De Construção Civil E Mineração,7,1882.84
Itapetininga,,Confeccionador De Pneumáticos,7,1954.63
Itu,,Chapeador,7,2028.89
Itu,,Técnico Mecânico (Motores),7,5656.83
Araçatuba,,"Operador De Utilidade (Produção E Distribuição De Vapor, Gás, Óleo, Combustível, Energia, Oxigênio)",7,3823.1
Araçatuba,,Supervisor De Exploração Pecuária,7,2807.61
Araçatuba,,Manicure/Pedicure,7,1329.49
Araçatuba,,Operador De Mídia Audiovisual,7,1855.35
Porto Feliz,,Mestre (Indústria Têxtil E De Confecções),7,5700.67
Itapetininga,,Engenheiro De Segurança Do Trabalho,7,7424.74
Porto Feliz,,"Mestre (Indústria De Celulose, Papel E Papelão)",7,7690.44
Pindamonhangaba,,"Instalador De Cortinas E Persianas, Portas Sanfonadas E Boxe",7,2069.45
Americana,,Galvanizador,7,2677.47
Araçatuba,,Técnico De Manutenção Elétrica,7,4158.9
Itapeva,,Cozinheiro De Hospital,7,1649.22
Boituva,,Supervisor Da Indústria De Bebidas,7,6149.84
Boituva,,Operador De Ponte Rolante,7,2872.78
Pindamonhangaba,,Trabalhador Da Pecuária (Bubalinos),7,1326.92
Itapeva,,Cabeleireiro,7,1457.97
Ibiúna,,Auxiliar De Laboratório De Análises Clínicas,7,1607.38
Araçatuba,,Enfermeiro Do Trabalho,7,4430.74
Americana,,Laminador De Plástico,7,1438.38
Porto Feliz,,Técnico De Vendas,7,10521.59
Porto Feliz,,Atendente De Enfermagem,7,1999.92
Cerquilho,,Operador De Moenda Na Fabricação De Açúcar,7,2917.38
Itupeva,,Impressor Tipográfico,7,2998.63
Americana,,Operador De Pá Carregadeira,7,1875.83
Araçatuba,,Técnico Em Nutrição E Dietética,7,2011.02
Pindamonhangaba,,Supervisor De Manutenção De Máquinas Operatrizes E De Usinagem,7,14457
Itapeva,,Chefe De Cozinha,7,1517.28
Piedade,,Preparador De Estruturas Metálicas,7,247.16
Pindamonhangaba,,Professor De Língua Portuguesa,7,744.98
Dourado,,Técnico Em Eletromecânica,7,7540.76
Itupeva,,Operador De Rameuse,7,849.02
Araçatuba,,Gerente De Operações De Correios E Telecomunicações,7,6135.12
Araçatuba,,Cobrador De Transportes Coletivos (Exceto Trem),7,0
Porto Feliz,,Nutricionista,7,3599.6
Araçariguama,,Recepcionista De Consultório Médico Ou Dentário,7,1646.99
Boituva,,Montador De Filmes,7,1832.34
Itupeva,,Professor De Matemática Do Ensino Fundamental,7,4507.44
Cerquilho,,Atendente Comercial (Agência Postal),7,1865.03
Itupeva,,Montador De Máquinas-Ferramentas (Usinagem De Metais),7,5170.21
Americana,,Técnico De Transmissão (Telecomunicações),7,3090.46
Americana,,Mestre (Indústria De Madeira E Mobiliário),7,3377.68
Itu,,Mecânico De Manutenção De Motores Diesel (Exceto De Veículos Automotores),7,2036.8
Pindamonhangaba,,Caseiro (Agricultura),7,1702.75
Itapeva,,Intérprete De Língua De Sinais,7,1373.81
Itupeva,,Supervisor De Manutenção Elétrica De Alta Tensão Industrial,7,12166.96
Boituva,,Operador De Colheitadeira,7,3605.72
Araçoiaba da Serra,,Carteiro,7,3813.59
Araçatuba,,Assentador De Revestimentos Cerâmicos,7,1525.85
Boituva,,Técnico De Apoio Em Pesquisa E Desenvolvimento (Exceto Agropecuário E Florestal),7,3446.61
Araçatuba,,Corretor De Imóveis,7,1741.04
Itapeva,,Sócioeducador,7,1314.17
Itupeva,,Folheador De Móveis De Madeira,7,1649.53
Piedade,,Técnico Químico,7,5810.43
Boituva,,Supervisor De Contas A Pagar,7,4488.24
Boituva,,Cuidador De Idosos,7,1371.06
Araçoiaba da Serra,,Escrevente,7,1538.33
Araçatuba,,Surfassagista,7,2521.74
Boituva,,Gerente De Departamento Pessoal,7,5483.04
Porto Feliz,,Trabalhador No Cultivo De Trepadeiras Frutíferas,7,1182.15
Itupeva,,Auditor (Contadores E Afins),7,5358.85
Boituva,,Mecânico De Manutenção E Instalação De Aparelhos De Climatização E  Refrigeração,7,2602.85
Americana,,Ajustador Ferramenteiro,7,5309.69
Cabreúva,,Gerente De Serviços Educacionais Da Área Pública,7,6183.34
Itu,,Professor De Dança,7,832.15
Boituva,,Impressor (Serigrafia),7,2432.46
Boituva,,Operador De Máquinas De Beneficiamento De Produtos Agrícolas,7,2421.44
Itapetininga,,Classificador De Madeira,7,1954.44
Macatuba,,Professor De Alunos Com Deficiência Mental,7,2127.29
Porto Feliz,,Operador De Computador,7,2120.15
Cerquilho,,Operador De Tratamento De Calda Na Refinação De Açúcar,7,2748
Americana,,Técnico Têxtil De Tecelagem,7,6797.05
Cabreúva,,Terapeuta Ocupacional,7,3556.74
Porto Feliz,,Supervisor De Logística,7,9297.56
Araçariguama,,Analista De Suporte Computacional,7,4689.54
Itu,,Polidor De Pedras,7,2186.14
Itu,,Funileiro Industrial,7,4467.89
Itapetininga,,Lubrificador Industrial,7,2452.43
Charqueada,,"Mecânico De Manutenção De Máquinas, Em Geral",7,3663.94
Cabreúva,,Fundidor De Metais,7,1541.1
Porto Feliz,,Inspetor De Alunos De Escola Privada,7,1352.03
Itapetininga,,Psicólogo Clínico,7,2855.5
Boituva,,Operador De Computador,7,2065.07
Araçariguama,,Mestre De Fundição,7,4911.66
Pindamonhangaba,,Emendador De Cabos Elétricos E Telefônicos (Aéreos E Subterrâneos),7,2057.93
Itu,,Técnico De Enfermagem Do Trabalho,7,2594.81
Cerquilho,,Pintor De Estruturas Metálicas,7,1944.73
Itupeva,,Eletricista De Instalações (Edifícios),7,3881.9
Araçariguama,,Mecânico De Manutenção De Tratores,7,4609.45
Itapeva,,Auxiliar De Lavanderia,7,1433
Americana,,Instalador De Isolantes Térmicos (Refrigeração E Climatização),7,2364.62
Araçatuba,,Arquivista De Documentos,7,1687.43
Macatuba,,Operador De Máquinas-Ferramenta Convencionais,7,2055.58
Americana,,Aplicador De Asfalto Impermeabilizante (Coberturas),7,2360.33
Itu,,Operador De Máquina De Envasar Líquidos,7,474.9
Porto Feliz,,Operador De Prensa De Embutir Papelão,7,2386.65
Itupeva,,Operador De Telemarketing Ativo,7,1689.13
Porto Feliz,,Professor Da  Educação De Jovens E Adultos Do Ensino Fundamental (Primeira A Quarta Série),7,1716.4
Americana,,Consultor Contábil (Técnico),7,2615.22
Cerquilho,,Cronoanalista,7,2079.19
Araçatuba,,Médico Clínico,7,6298.63
Pindamonhangaba,,Mecânico De Manutenção De Máquinas Agrícolas,7,2211.81
Itupeva,,Ajudante De Confecção,7,1435.53
Americana,,Operador De Transporte Multimodal,7,2445.49
Itupeva,,Operador De Computador,7,2291.66
Porto Feliz,,Inspetor De Serviços De Transportes Rodoviários (Passageiros E Cargas),7,1813.22
Itupeva,,Operador De Britador De Mandíbulas,7,2036.22
Itu,,Operador De Processo De Moagem,7,2521.81
Araçatuba,,Técnico Em Óptica E Optometria,7,2955.33
Itapeva,,Costureira De Reparação De Roupas,7,1304.11
Cerquilho,,Colorista Têxtil,7,2021.06
Itapetininga,,Preparador De Máquinas-Ferramenta,7,2118.32
Piedade,,Rebarbador De Metal,7,1646.75
Americana,,Mecânico De Manutenção De Empilhadeiras E Outros Veículos De Cargas Leves,7,3163.2
Porto Feliz,,Massoterapeuta,7,3391.52
Araçariguama,,Preparador De Sucata E Aparas,7,1324.02
Boituva,,Lavador De Veículos,7,1559.71
Charqueada,,Analista De Recursos Humanos,7,2715.08
Cabreúva,,Acabador De Embalagens (Flexíveis E Cartotécnicas),7,1552.5
Araçatuba,,Encarregado De Acabamento De Chapas E Metais  (Têmpera),7,4893.9
Americana,,Editor De Mídia Audiovisual,7,1811.6
Araçariguama,,Pintor De Estruturas Metálicas,7,2807.77
Itapetininga,,Mecânico De Manutenção De Bomba Injetora (Exceto De Veículos Automotores),7,1635.84
Americana,,"Instalador De Material Isolante, À Máquina (Edificações)",7,3129.25
Araçatuba,,Supervisor De Manutenção Elétrica De Alta Tensão Industrial,7,3046.53
Porto Feliz,,Analista De Exportação E Importação,7,5478.97
Dourado,,Mecânico De Manutenção De Máquinas Agrícolas,7,3049.69
Dourado,,Auxiliar De Veterinário,7,2381.85
Piedade,,Estofador De Móveis,7,1420.43
Boituva,,Engenheiro De Controle E Automação,7,7102.53
Itupeva,,Operador De Acabamento (Indústria Gráfica),7,2664.48
Pindamonhangaba,,Instalador De Linhas Elétricas De Alta E Baixa - Tensão (Rede Aérea E Subterrânea),7,2298.85
Araçatuba,,Advogado De Empresa,7,9317.36
Pindamonhangaba,,Professor De Geografia Do Ensino Fundamental,7,1095.91
Piedade,,Técnico De Suporte Ao Usuário De Tecnologia Da Informação,7,1226.98
Itapeva,,Montador De Máquinas Operatrizes Para Madeira,7,2408.97
Itu,,Carpinteiro De Obras,7,1761.81
Itapeva,,Supervisor De Exploração Agropecuária,7,4519.43
Americana,,Técnico Em Manutenção De Equipamentos E Instrumentos Médico-Hospitalares,7,4045.35
Porto Feliz,,Pintor A Pincel E Rolo (Exceto Obras E Estruturas Metálicas),7,3168.49
Boituva,,Tosador De Animais Domésticos,7,1325.1
Cerquilho,,Lavador De Roupas  A Maquina,7,1553.52
Porto Feliz,,Tosador De Animais Domésticos,7,1657.79
Porto Feliz,,"Operador De Calandra (Química, Petroquímica E Afins)",7,2494.33
Itu,,"Tecelão De Malhas, A  Máquina",7,1584.99
Porto Feliz,,Coletor De Lixo Domiciliar,7,2037.65
Americana,,Professor De Nível Médio No Ensino Profissionalizante,7,1226.68
Itapetininga,,Carpinteiro De Carretas,7,2082.17
Itapetininga,,Mecânico De Manutenção E Instalação De Aparelhos De Climatização E  Refrigeração,7,1341.75
Araçoiaba da Serra,,Analista De Pesquisa De Mercado,7,4310.58
Boituva,,Professor De Educação Artística Do Ensino Fundamental,7,1654.29
Itapetininga,,Técnico De Desporto Individual E Coletivo (Exceto Futebol),7,2707.67
Pindamonhangaba,,Ajustador Ferramenteiro,7,1606.12
Itupeva,,Operador De Escavadeira,7,4843.89
Dourado,,Soldador,7,2418.76
Itupeva,,Desenhista Projetista De Construção Civil,7,2891.93
Araçoiaba da Serra,,Auxiliar De Faturamento,7,2742.64
Cerquilho,,Ajustador De Instrumentos De Precisão,7,1496.25
Itapetininga,,Cortador De Roupas,7,1359.44
Piedade,,Caseiro (Agricultura),7,1423.45
Ibiúna,,Orientador Educacional,7,567.33
Americana,,Mecânico Montador De Motores De Embarcações,7,3309.82
Itu,,Engenheiro Ambiental,7,10377.86
Pindamonhangaba,,Catador De Material Reciclável,7,3153.19
Pindamonhangaba,,Moleiro (Tratamentos Químicos E Afins),7,1507.89
Itapetininga,,Tratador De Animais,7,1811.78
Araçatuba,,Trabalhador De Pecuária Polivalente,7,1822.56
Cerquilho,,Cortador De Tapeçaria,7,1423.8
Araçoiaba da Serra,,Recepcionista De Consultório Médico Ou Dentário,7,1674.43
Pindamonhangaba,,Químico,7,7524.4
Cerquilho,,Contramestre De Tecelagem (Indústria Têxtil),7,2346
Cabreúva,,Desenvolvedor De Multimídia,7,4244.06
Itu,,Agente De Segurança,7,3292.07
Macatuba,,Apontador De Produção,7,2705.79
Pindamonhangaba,,Churrasqueiro,7,1599.37
Cerquilho,,Técnico De Obras Civis,7,2147.11
Itupeva,,Operador De Serras No Desdobramento De Madeira,7,1849.06
Cerquilho,,Economista Financeiro,7,2998.61
Itapetininga,,Instalador-Reparador De Linhas E Aparelhos De Telecomunicações,7,2175.73
Boituva,,Gerente De Desenvolvimento De Sistemas,7,15159.54
Itapetininga,,Auxiliar De Serviços Jurídicos,7,1868.92
Charqueada,,Educador Social,7,1157.04
Araçatuba,,Condutor De Ambulância,7,1587.34
Cerquilho,,Copeiro,7,1573.32
Araçariguama,,Supervisor De Embalagem E Etiquetagem,7,2321.44
Piedade,,Trabalhador Da Elaboração De Pré-Fabricados (Cimento Amianto),7,1808.43
Itapetininga,,Mecânico De Manutenção De Motocicletas,7,1510.22
Araçariguama,,Trabalhador Volante Da Agricultura,7,1817.47
Pindamonhangaba,,Trabalhador Volante Da Agricultura,7,1525.43
Itapetininga,,"Supervisor De Manutenção Eletromecânica Industrial, Comercial E Predial",7,3364.28
Pindamonhangaba,,"Mecânico De Manutenção De Máquinas Cortadoras De Grama, Roçadeiras, Motosserras E Similares",7,1726.64
Ibiúna,,Professor De Ciências Exatas E Naturais Do Ensino Fundamental,7,1631.06
Itapeva,,Zelador De Edifício,7,1292.84
Americana,,Acabador De Embalagens (Flexíveis E Cartotécnicas),7,1985.51
Dourado,,Montador De Móveis E Artefatos De Madeira,7,2431.15
Americana,,Professor De Dança,7,1553.27
Itapetininga,,Operador De Equipamento De Destilação De Álcool,7,1544.87
Cabreúva,,Técnico Em Plástico,7,3811.31
Araçatuba,,Consultor Jurídico,7,4504.9
Araçoiaba da Serra,,Contador,7,4987.37
Cerquilho,,Cuidador De Idosos,7,1496.26
Araçatuba,,Designer De Interiores,7,1639.56
Piedade,,Supervisor De Montagem E Instalação Eletroeletrônica,7,5747.1
Itapeva,,Auxiliar De Banco De Sangue,7,2239.27
Piedade,,Promotor De Vendas Especializado,7,2143.46
Porto Feliz,,Chefe De Cozinha,7,4357.85
Araçariguama,,Classificador De Madeira,7,1053.71
Araçariguama,,Contramestre De Tecelagem (Indústria Têxtil),7,3838.46
Araçariguama,,Operador De Estação De Tratamento De Água E Efluentes,7,2873.59
Itapetininga,,Técnico Em Instrumentação,7,4065.87
Itupeva,,Mestre De Usinagem,7,4862.68
Pindamonhangaba,,Diretor Administrativo E Financeiro,7,10474.21
Pindamonhangaba,,Bibliotecário,7,5580.92
Itapeva,,Analista Financeiro (Instituições Financeiras),7,4216.25
Araçatuba,,Sepultador,7,1834.26
Itapetininga,,Analista De Redes E De Comunicação De Dados,7,4846.88
Charqueada,,"Eletricista De Instalações (Veículos Automotores E Máquinas Operatrizes, Exceto Aeronaves E Embarcações)",7,1489.84
Itu,,Preparador De Rações,7,1863.74
Pindamonhangaba,,Chefe De Cozinha,7,3077.71
Americana,,Diretor Financeiro,7,8612.78
Araçariguama,,Gerente De Pesquisa E Desenvolvimento (P&D),7,14377.98
Itu,,Chapeador De Carrocerias Metálicas (Fabricação),7,1776.2
Itupeva,,Tecnólogo Em Radiologia,7,3500.69
Porto Feliz,,Atendente Comercial (Agência Postal),7,2642.65
Itapetininga,,Operador De Cristalização Na Refinação De Açucar,7,3172.4
Araçatuba,,Porteiro (Hotel),7,1711.08
Itapeva,,"Trabalhador Da Cultura De Trigo, Aveia, Cevada E Triticale",7,1499.24
Araçatuba,,Operador De Atendimento Aeroviário,7,1940.61
Itupeva,,Gerente De Desenvolvimento De Sistemas,7,16782.24
Piedade,,Agente Funerário,7,2210.64
Itapetininga,,Desenhista Industrial Gráfico (Designer Gráfico),7,1620.2
Araçatuba,,"Técnico De Utilidade (Produção E Distribuição De Vapor, Gases, Óleos, Combustíveis, Energia)",7,0
Araçatuba,,Técnico Em Eletromecânica,7,2446.96
Araçariguama,,Operador De Máquinas De Beneficiamento De Produtos Agrícolas,7,1683.39
Porto Feliz,,"Trabalhador Na Olericultura (Talos, Folhas E Flores)",7,1623.94
Dourado,,Gerente Comercial,7,4706.08
Itapeva,,Operador De Máquina De Fabricar Papel E Papelão,7,2160.91
Itu,,Professor Instrutor De Ensino E Aprendizagem Em Serviços,7,2977.3
Piedade,,Confeccionador De Pneumáticos,7,2032.26
Itu,,Alinhador De Pneus,7,2652.68
Itapetininga,,Mecânico Montador De Motores De Explosão E Diesel,7,2009.97
Itapeva,,Preparador De Sucata E Aparas,7,1346.48
Itu,,Técnico De Laboratório De Análises Físico-Químicas (Materiais De Construção),7,3731.72
Itupeva,,Técnico Em Mecânica De Precisão,7,3534.67
Cerquilho,,Cobrador Interno,7,2536.87
Itapeva,,Gerente De Agência,7,11043.69
Araçariguama,,Copeiro,7,1366.98
Araçoiaba da Serra,,Lavador De Veículos,7,1644.78
Itapetininga,,Kardexista,7,1448.32
Ibiúna,,Supervisor De Almoxarifado,7,3951.76
Piedade,,Xaropeiro,7,1808.05
Cabreúva,,Cozinheiro Industrial,7,1513.68
Dourado,,Atendente De Lanchonete,7,1402.82
Itu,,Oleiro (Fabricação De Telhas),7,1568.32
Porto Feliz,,Avaliador Físico,7,2471.3
Itu,,Acabador De Superfícies De Concreto,7,1813.05
Pindamonhangaba,,Costureiro Na Confecção Em Série,7,1469.97
Itapetininga,,Avaliador De Imóveis,7,1980.95
Americana,,Auxiliar De Enfermagem Do Trabalho,7,2654.46
Itapetininga,,Supervisor De Recepcionistas,7,1991.93
Itapetininga,,Agente De Segurança,7,2142.07
Ibiúna,,Auxiliar De Produção Farmacêutica,7,1730.27
Itapetininga,,Supervisor De Manutenção Elétrica De Alta Tensão Industrial,7,9317.01
Araçoiaba da Serra,,Pintor A Pincel E Rolo (Exceto Obras E Estruturas Metálicas),7,1666.3
Americana,,Supervisor De Exploração Agrícola,7,2511.04
Cerquilho,,Preparador Físico,7,879.6
Pindamonhangaba,,Operador De Cabine De Laminação (Fio-Máquina),7,4671.26
Piedade,,Operador De Centro De Usinagem Com Comando Numérico,7,2206.2
Cabreúva,,Operador De Máquina De Envasar Líquidos,7,2773.14
Itu,,Operador De Máquina De Sinterizar,7,2549.16
Americana,,Médico Veterinário,7,6766.76
Americana,,Chefe De Serviços Bancários,7,4538.51
Cerquilho,,Garçom,7,1491.61
Cabreúva,,Carpinteiro,7,3848.72
Cabreúva,,Mecânico De Manutenção De Máquinas-Ferramentas (Usinagem De Metais),7,3094.13
Pindamonhangaba,,Técnico Em Caldeiraria,7,5091.44
Itapeva,,Sushiman,7,1716.24
Americana,,Chefe De Contabilidade (Técnico),7,5520.76
Americana,,Operador De Betoneira,7,2843.21
Pindamonhangaba,,Analista De Folha De Pagamento,7,2964.98
Piedade,,Vendedor Pracista,7,1568.02
Americana,,Gerente De Hotel,7,3016.39
Araçariguama,,Cronoanalista,7,5828.16
Itu,,Engenheiro Civil,7,8657.02
Cerquilho,,Técnico Em Manutenção De Máquinas,7,3846.95
Cerquilho,,Analista De Redes E De Comunicação De Dados,7,5086.21
Itapetininga,,Agente De Viagem,7,1483.4
Americana,,Gerente De Infraestrutura De Tecnologia Da Informação,7,13346.95
Americana,,Técnico Em Laboratório De Farmácia,7,2062.26
Araçariguama,,Operador De Máquinas Especiais Em Conservação De Via Permanente (Trilhos),7,1067.99
Araçatuba,,Supervisor Da Manutenção E Reparação De Veículos Leves,7,3371.91
Pindamonhangaba,,Prensista (Operador De Prensa),7,2737
Itu,,Engenheiro De Segurança Do Trabalho,7,7730.62
Pindamonhangaba,,Guincheiro (Construção Civil),7,2431.14
Araçariguama,,Gerente De Recursos Humanos,7,9341.94
Itu,,Médico Veterinário,7,5261.44
Itupeva,,Operador De Centro De Controle ( Sinterização),7,3327.38
Ibiúna,,Professor De Língua Portuguesa,7,1265.74
Charqueada,,Enfermeiro,7,4353.32
Araçoiaba da Serra,,Marceneiro,7,2077.25
Pindamonhangaba,,Operador De Guindaste (Fixo),7,2848.73
Itupeva,,Técnico De Controle De Meio Ambiente,7,7328.85
Itupeva,,Auxiliar Geral De Conservação De Vias Permanentes (Exceto Trilhos),7,1955.08
Piedade,,Caldeireiro (Chapas De Ferro E Aço),7,1467.69
Araçatuba,,Programador Visual Gráfico,7,2024.72
Pindamonhangaba,,Operador De Máquinas Operatrizes,7,2151.36
Itapetininga,,Arrematadeira,7,1606.87
Cabreúva,,Técnico Em Manutenção De Equipamentos De Informática,7,3767.21
Araçatuba,,Professor De Física No Ensino Médio,7,2622.94
Araçatuba,,Cozinhador (Conservação De Alimentos),7,1298.01
Cabreúva,,Técnico Em Pecuária,7,3094.04
Cabreúva,,Camareiro  De Hotel,7,1506.78
Americana,,Operador De Processo De Moagem,7,2856.66
Araçatuba,,Digitador,7,1728.32
Americana,,"Operador De Pavimentadora (Asfalto, Concreto E Materiais Similares)",7,3089.7
Dourado,,Contador,7,8794.22
Pindamonhangaba,,Cortador De Pedras,7,1870.16
Cerquilho,,"Supervisor Da Confecção De Artefatos De Tecidos, Couros E Afins",7,7802.34
Cabreúva,,Ajudante De Confecção,7,1370.06
Americana,,Bibliotecário,7,5097.21
Araçatuba,,Redator De Publicidade,7,3182.92
Piedade,,Agente De Portaria,7,1668.2
Araçatuba,,Técnico De Planejamento E Programação Da Manutenção,7,3332.03
Araçariguama,,Supervisor De Vigilantes,7,4552.62
Araçatuba,,Lavador De Peças,7,1424.35
Itapetininga,,Surfassagista,7,2338.99
Pindamonhangaba,,Operador De Estação De Tratamento De Água E Efluentes,7,4093.59
Itapetininga,,Supervisor De Usina De Concreto,7,1803.99
Cabreúva,,Técnico Em Automobilística,7,4933.76
Itapetininga,,Mecânico De Refrigeração,7,1909.76
Itu,,Editor De Texto E Imagem,7,3721.7
Pindamonhangaba,,Cobrador Interno,7,1793.02
Araçatuba,,Professor De Química No Ensino Médio,7,1884.48
Itapeva,,Operador De Britador De Mandíbulas,7,1246.88
Pindamonhangaba,,Oleiro (Fabricação De Tijolos),7,1467.65
Pindamonhangaba,,Técnico Em Plástico,7,4959.21
Porto Feliz,,Preparador De Estruturas Metálicas,7,1772.34
Itu,,Operador De Caldeira,7,4174.01
Americana,,Cabeleireiro,7,1830.83
Itapetininga,,Enfermeiro Obstétrico,7,5789.84
Pindamonhangaba,,Operador De Máquina De Produtos Farmacêuticos,7,2731.83
Itupeva,,Inspetor De Alunos De Escola Pública,7,1888.66
Araçatuba,,Advogado (Direito Do Trabalho),7,4309.39
Ibiúna,,Porteiro (Hotel),6,1559.73
Piedade,,Tecnólogo Em Logística De Transporte,6,2295.52
Americana,,Supervisor De Manutenção Eletromecânica (Utilidades),6,6220.47
Araçariguama,,Supervisor De Tesouraria,6,5111.53
Piedade,,Canteiro,6,1748.16
Pindamonhangaba,,"Pintor, A  Pistola (Exceto Obras E Estruturas Metálicas)",6,2745.35
Itapetininga,,Técnico De Controle De Meio Ambiente,6,6225.16
Araçoiaba da Serra,,Técnico De Contabilidade,6,3596.07
Cabreúva,,Calceteiro,6,1319.71
Piedade,,Operador De Escavadeira,6,2520.02
Pindamonhangaba,,Cozinheiro Industrial,6,2586.1
Cabreúva,,Tratador De Animais,6,1582.01
Porto Feliz,,Treinador Profissional De Futebol,6,4793.2
Piedade,,Especialista Em Pesquisa Operacional,6,2888.79
Piedade,,Analista Financeiro (Instituições Financeiras),6,2726.53
Pindamonhangaba,,Enfermeiro Do Trabalho,6,6038.29
Itapetininga,,Operador De Máquina De Preparação De Matéria Prima Para Produção De Cigarros,6,3467.76
Itupeva,,Motorista Operacional De Guincho,6,3178.42
Itapetininga,,Supervisor Das Artes Gráficas  (Indústria Editorial E Gráfica),6,2970.52
Pindamonhangaba,,Técnico De Transmissão (Telecomunicações),6,2947.02
Cabreúva,,Operador De Betoneira,6,1873.71
Araçatuba,,Técnico Em Mecatrônica - Automação Da Manufatura,6,3316.34
Araçatuba,,Limpador De Vidros,6,1499.82
Piedade,,Mestre (Indústria De Madeira E Mobiliário),6,1813.75
Piedade,,Encarregado De Manutenção Mecânica De Sistemas Operacionais,6,2410.7
Pindamonhangaba,,Diretor De Programas De Televisão,6,2634.43
Araçatuba,,Arquiteto De Edificações,6,6324.87
Piedade,,Mecânico De Manutenção De Máquinas Agrícolas,6,2561.68
Itu,,Educador Social,6,2084.25
Araçatuba,,Produtor De Televisão,6,3764.76
Americana,,Técnico De Laboratório De Análises Físico-Químicas (Materiais De Construção),6,5439.08
Itu,,Protético Dentário,6,2448.28
Cerquilho,,Assistente Social,6,4869.1
Pindamonhangaba,,Técnico De Enfermagem Do Trabalho,6,2940.62
Itu,,Professor De Língua E Literatura Brasileira No Ensino Médio,6,3102.96
Itapetininga,,Classificador De Grãos,6,2639.02
Araçatuba,,Montador De Máquinas Têxteis,6,1725.38
Americana,,Surfassagista,6,2884.15
Araçatuba,,Lubrificador Industrial,6,3124.86
Porto Feliz,,Supervisor De Carga E Descarga,6,5076.4
Piedade,,Copeiro De Hospital,6,1358.84
Itapetininga,,Cozinheiro De Hospital,6,1849.37
Araçariguama,,Gerente De Compras,6,8111.58
Araçariguama,,Supervisor Das Artes Gráficas  (Indústria Editorial E Gráfica),6,12568.71
Itapetininga,,"Técnico Mecânico (Calefação, Ventilação E Refrigeração)",6,1183.33
Cabreúva,,Diretor Administrativo,6,19699.17
Charqueada,,Gerente De Loja E Supermercado,6,3205.23
Itapeva,,Cobrador Interno,6,1654.82
Araçatuba,,Torrador De Café,6,1531.88
Porto Feliz,,Técnico De Laboratório Industrial,6,2551.89
Americana,,Topógrafo,6,2242.6
Piedade,,Cortador De Tapeçaria,6,1687.91
Itupeva,,Operador De Máquina De Eletroerosão,6,4024.31
Araçoiaba da Serra,,Comerciante Varejista,6,5038.61
Piedade,,Limpador De Fachadas,6,1326.29
Ibiúna,,Coordenador Pedagógico,6,2505.11
Itapetininga,,Leiturista,6,4733.79
Cabreúva,,Conferente Mercadoria (Exceto Carga E Descarga),6,2232.56
Araçariguama,,Operador De Transporte Multimodal,6,3322.95
Itupeva,,Conservador De Via Permanente (Trilhos),6,4057.67
Araçoiaba da Serra,,Pintor De Obras,6,1157.89
Piedade,,Zelador De Edifício,6,1474.15
Araçariguama,,Diretor Geral De Empresa E Organizações (Exceto De Interesse Público),6,4565.37
Americana,,Designer De Interiores,6,3214.35
Cerquilho,,Auxiliar De Farmácia De Manipulação,6,1382.84
Americana,,Joalheiro (Reparações),6,1853.66
Pindamonhangaba,,Pintor De Veículos (Reparação),6,3202.38
Pindamonhangaba,,Montador De Bicicletas,6,1311.78
Cabreúva,,Supervisor De Tesouraria,6,6298.83
Itapetininga,,Editor De Mídia Audiovisual,6,2651.11
Dourado,,Pesquisador Em Medicina Veterinária,6,7573.28
Itupeva,,Agente De Recrutamento E Seleção,6,7049.77
Piedade,,Agente De Vendas De Serviços,6,2059.03
Cabreúva,,Auxiliar De Laboratório De Análises Clínicas,6,2764.36
Itupeva,,Cozinhador De Frutas E Legumes,6,1823.2
Cabreúva,,Balanceiro,6,2427.89
Pindamonhangaba,,Técnico De Contabilidade,6,2900.14
Araçariguama,,Técnico De Contabilidade,6,3999.89
Araçatuba,,Diretor Financeiro,6,13348.46
Itu,,Instalador De Tubulações,6,3198.05
Cabreúva,,Gerente De Agência,6,9644.4
Itupeva,,Técnico De Alimentos,6,5501.97
Dourado,,Professor De Alunos Com Deficiência Mental,6,2528.58
Pindamonhangaba,,Instalador-Reparador De Redes Telefônicas E De Comunicação De Dados,6,2083.77
Itu,,Economista,6,4119.78
Itapeva,,Digitador,6,1607.82
Araçatuba,,Estivador,6,2071.01
Americana,,Visual Merchandiser,6,1984.89
Itapetininga,,Técnico De Matéria-Prima E Material,6,3738.39
Charqueada,,Mecânico De Veículos Automotores A Diesel (Exceto Tratores),6,2571.52
Piedade,,Encanador,6,1705.3
Itupeva,,"Costureiro, A  Máquina  Na Confecção Em Série",6,2902.7
Araçatuba,,Ciclista Mensageiro,6,1126.23
Americana,,"Operador De Forno (Fabricação De Pães, Biscoitos E Similares)",6,1695.65
Cabreúva,,Auxiliar De Desenvolvimento Infantil,6,1281.34
Ibiúna,,Supervisor De Vigilantes,6,3852.88
Ibiúna,,Gerente De Projetos E Serviços De Manutenção,6,15411.17
Itu,,Operador De Máquina Perfuratriz,6,2349.45
Americana,,Médico Cirurgião Geral,6,15985.05
Itapetininga,,Gerente De Bar,6,1713.04
Pindamonhangaba,,Trabalhador Da Elaboração De Pré-Fabricados (Cimento Amianto),6,1430.85
Americana,,Caldeireiro (Chapas De Cobre),6,2863.06
Piedade,,Professor De Nível Superior Na Educação Infantil (Zero A Três Anos),6,1634.53
Araçatuba,,Destilador De Produtos Químicos (Exceto Petróleo),6,4148.82
Pindamonhangaba,,Auxiliar De Lavanderia,6,1316.01
Dourado,,Serralheiro,6,1728.91
Araçatuba,,Pintor A Pincel E Rolo (Exceto Obras E Estruturas Metálicas),6,2165.81
Itu,,Pintor De Veículos (Fabricação),6,2531.13
Americana,,"Diretor De Produção E Operações Da Indústria De Transformação, Extração Mineral E Utilidades",6,23343.48
Araçariguama,,Zelador De Edifício,6,2661.21
Itapetininga,,Biomédico,6,3397.91
Cabreúva,,Cobrador Externo,6,2595.04
Americana,,Escrivão Extra - Judicial,6,10905.46
Itapetininga,,Garagista,6,962.93
Itapetininga,,Gerente De Produtos Bancários,6,6121.68
Americana,,Secretário  Bilíngüe,6,2129.01
Itu,,Agente Fiscal De Qualidade,6,1758.98
Ibiúna,,Encanador,6,2288.19
Araçoiaba da Serra,,Montador De Móveis E Artefatos De Madeira,6,2136.91
Itapetininga,,Economista Financeiro,6,5475.67
Americana,,Operador De Máquina De Cortar E Dobrar Papelão,6,1669.93
Araçatuba,,Professor De Geografia No Ensino Médio,6,3352.84
Porto Feliz,,Supervisor De Lavanderia,6,4354.2
Araçatuba,,Desenhista Técnico,6,2827.57
Araçariguama,,Técnico De Alimentos,6,4425.87
Itu,,Avaliador De Bens Móveis,6,2936.66
Itu,,Vendedor Ambulante,6,2496.74
Porto Feliz,,"Supervisor Da Confecção De Artefatos De Tecidos, Couros E Afins",6,3059.49
Itapetininga,,Operador De Motoniveladora,6,4389.53
Piedade,,Porteiro (Hotel),6,1708.87
Araçoiaba da Serra,,Padeiro,6,1912.69
Araçoiaba da Serra,,Auxiliar De Pessoal,6,1679.54
Itapeva,,Professor De Língua Portuguesa,6,3137.16
Itapetininga,,Professor De Geografia Do Ensino Fundamental,6,805.75
Araçariguama,,Eletrotécnico,6,3692.47
Ibiúna,,Trabalhador Da Pecuária (Eqüinos),6,1438.53
Itapetininga,,Balanceiro,6,2671.51
Americana,,Montador De Equipamentos Elétricos (Centrais Elétricas),6,1838.19
Araçariguama,,Engenheiro De Produção,6,8425.78
Itu,,Professor De Língua Estrangeira Moderna No Ensino Médio,6,2544.38
Ibiúna,,Tosador De Animais Domésticos,6,1548.08
Araçariguama,,Técnico De Laminação Em Siderurgia,6,9583
Araçatuba,,Operador De Trator De Lâmina,6,2281.08
Dourado,,Auxiliar De Lavanderia,6,1658.45
Charqueada,,Técnico De Garantia Da Qualidade,6,2359.93
Itu,,Oficial General Da Aeronáutica,6,1792.63
Cabreúva,,Médico Veterinário,6,8658.19
Araçariguama,,Apontador De Mão-De-Obra,6,2715.6
Araçatuba,,Instalador-Reparador De Redes E Cabos Telefônicos,6,1751.94
Piedade,,Operador De Torno Com Comando Numérico,6,4979.84
Ibiúna,,Supervisor De Embalagem E Etiquetagem,6,3676.56
Itu,,Monitor De Dependente Químico,6,2614.01
Itapeva,,"Supervisor De Operação Elétrica (Geração, Transmissão E Distribuição De Energia Elétrica)",6,6091.65
Itapetininga,,Professor Prático No Ensino Profissionalizante,6,3451.85
Macatuba,,Fisioterapeuta Geral,6,3305.38
Cabreúva,,Caixa De Banco,6,3389.38
Cabreúva,,Operador De Instalação De Refrigeração,6,3703.33
Itupeva,,Supervisor De Caixas E Bilheteiros (Exceto Caixa De Banco),6,2942.27
Americana,,Professor Instrutor De Ensino E Aprendizagem Em Serviços,6,1515.82
Cerquilho,,Auxiliar De Desenvolvimento Infantil,6,1059.6
Araçoiaba da Serra,,Garçom,6,1820.09
Araçariguama,,Preparador Físico,6,659.38
Itupeva,,Operador De Forno De Tratamento Térmico De Metais,6,4003.5
Americana,,Gestor Em Segurança,6,7300.39
Americana,,Trabalhador Da Fabricação De Pedras Artificiais,6,1862.07
Americana,,Professor De Técnicas Industriais,6,2253.92
Itapetininga,,Agente De Vendas De Serviços,6,2262.68
Pindamonhangaba,,Consultor Jurídico,6,4283.48
Araçatuba,,Professor De Geografia Do Ensino Fundamental,6,1584.63
Americana,,Médico Anestesiologista,6,18035.59
Piedade,,Trabalhador Da Pecuária (Asininos E Muares),6,1269.16
Piedade,,Promotor De Vendas,6,2191.1
Pindamonhangaba,,Auxiliar De Biblioteca,6,1614.28
Araçatuba,,Operador De Compactadora De Solos,6,2084.39
Itapetininga,,Gerente De Suprimentos,6,9122.68
Itapeva,,Secretário  Bilíngüe,6,1243.88
Itu,,Professor De Matemática Do Ensino Fundamental,6,2755.19
Itapetininga,,Técnico De Manutenção Elétrica De Máquina,6,2250.77
Pindamonhangaba,,Professor De Matemática Do Ensino Fundamental,6,2370.63
Araçariguama,,Operador De Motosserra,6,1506.19
Americana,,Engenheiro De Controle E Automação,6,10231.21
Cerquilho,,Selecionador De Material Reciclável,6,1497.33
Itapeva,,Inspetor De Alunos De Escola Privada,6,979.49
Itapeva,,Cuidador Em Saúde,6,1477.88
Itapeva,,Gerente De Operações De Transportes,6,3458.73
Porto Feliz,,Marmorista (Construção),6,2841.74
Americana,,Revestidor De Superfícies De Concreto,6,3345.93
Itapeva,,Desenhista Industrial Gráfico (Designer Gráfico),6,1615.63
Itupeva,,Gerente De Agência,6,11293.42
Porto Feliz,,"Supervisor De Manutenção Eletromecânica Industrial, Comercial E Predial",6,6163.32
Araçatuba,,Gerente De Suprimentos,6,5773.86
Pindamonhangaba,,Supervisor De Recepcionistas,6,2007.21
Itupeva,,Banhista De Animais Domésticos,6,1647.24
Americana,,Carpinteiro De Obras,6,1474.06
Araçatuba,,Professor Leigo No Ensino Fundamental,6,1660.97
Itapetininga,,Atendente De Enfermagem,6,1411.28
Itapeva,,Diretor Administrativo,6,12329.96
Araçatuba,,Técnico De Contabilidade,6,4106.55
Araçoiaba da Serra,,Mestre De Produção Química,6,6274.02
Itupeva,,Supervisor Da Manutenção E Reparação De Veículos Pesados,6,4612.03
Itu,,Administrador De Redes,6,6521.31
Araçariguama,,Analista De Pcp (Programação E Controle Da Produção),6,3754.2
Americana,,Fisioterapeuta  Do Trabalho,6,3066.38
Araçatuba,,Operador De Laminador,6,2458.97
Porto Feliz,,Trabalhador Da Avicultura De Corte,6,1572.7
Porto Feliz,,Técnico Em Programação Visual,6,4370.98
Charqueada,,Operador De Máquina De Costura De Acabamento,6,1381.3
Porto Feliz,,Técnico De Planejamento E Programação Da Manutenção,6,5521.9
Araçatuba,,Impressor De Ofsete (Plano E Rotativo),6,1628.77
Pindamonhangaba,,Operador De Prensa De Enfardamento,6,3187.86
Cerquilho,,Assistente De Laboratório Industrial,6,2416.16
Boituva,,Desenhista Industrial Gráfico (Designer Gráfico),6,1822.91
Porto Feliz,,Vendedor Pracista,6,1714.89
Porto Feliz,,Analista De Planejamento De Materias,6,5244.31
Americana,,Agente De Segurança,6,2654.64
Dourado,,Promotor De Vendas,6,2131.25
Araçariguama,,Auxiliar De Veterinário,6,2326.01
Boituva,,Supervisor De Exploração Agropecuária,6,7551.86
Piedade,,Auxiliar De Logistica,6,2286.37
Pindamonhangaba,,Auxiliar Em Saúde Bucal Da Estratégia De Saúde Da Família,6,1649.99
Porto Feliz,,Operador De Máquina De Moldar Automatizada,6,3299.52
Cerquilho,,Borracheiro,6,2132.84
Araçatuba,,Arrematadeira,6,1321.56
Itapetininga,,Forneiro (Materiais De Construção),6,2339.06
Itupeva,,Diretor Administrativo,6,9138.69
Araçatuba,,Operador De Centrifugadora (Tratamentos Químicos E Afins),6,3011.5
Itupeva,,Recebedor De Apostas (Loteria),6,1644.59
Itapetininga,,Montador De Equipamentos Elétricos (Aparelhos Eletrodomésticos),6,1922.84
Itapetininga,,Pintor A Pincel E Rolo (Exceto Obras E Estruturas Metálicas),6,1790.84
Itupeva,,Professor De Ciências Exatas E Naturais Do Ensino Fundamental,6,2988.79
Itu,,Pedagogo,6,2337.55
Ibiúna,,Operador De Motoniveladora,6,1936.8
Araçoiaba da Serra,,Metalizador A Pistola,6,2127.9
Itapeva,,Mecânico De Manutenção De Motores E Equipamentos Navais,6,1208.53
Boituva,,Gerente De Produção E Operações Da Construção Civil E Obras Públicas,6,7619
Cerquilho,,Trabalhador Da Avicultura De Corte,6,1598.42
Itapetininga,,Professor De Biologia No Ensino Médio,6,1591.27
Ibiúna,,Marmorista (Construção),6,1596.01
Itu,,Trabalhador De Pecuária Polivalente,6,2403.68
Charqueada,,"Passador De Roupas, À Mão",6,1165.29
Pindamonhangaba,,Supervisor De Embalagem E Etiquetagem,6,3344.57
Americana,,Cozinheiro Do Serviço Doméstico,6,1506.5
Itu,,Modelador De Madeira,6,2675.78
Itapetininga,,Colchoeiro (Confecção De Colchões),6,2020.1
Itapeva,,Professor De Educação Física No Ensino Médio,6,1669.25
Araçatuba,,"Operador De Máquina De Fabricação De Produtos De Higiene E Limpeza (Sabão, Sabonete, Detergente, Absorvente, Fraldas Cotonetes E Outros)",6,1714.24
Porto Feliz,,Balanceiro,6,2446.71
Porto Feliz,,Técnico De Contabilidade,6,3774.02
Itapeva,,Armador De Estrutura De Concreto Armado,6,1667.34
Itapeva,,Brasador,6,1749.59
Cerquilho,,Gravador De Vidro A  Jato De Areia,6,1452.86
Ibiúna,,"Montador De Máquinas, Motores E Acessórios (Montagem Em Série)",6,1458.21
Porto Feliz,,Cirurgião Dentista - Clínico Geral,6,4737.08
Araçoiaba da Serra,,Trabalhador Da Elaboração De Pré-Fabricados (Cimento Amianto),6,1446.04
Americana,,Desenhista Técnico (Construção Civil),6,3708.16
Piedade,,Mecânico De Manutenção De Bicicletas E Veículos Similares,6,1860.34
Itapetininga,,Mecânico De Manutenção De Bicicletas E Veículos Similares,6,1461.31
Itapetininga,,Técnico Mecânico,6,4164.46
Itapetininga,,Professor De Física No Ensino Médio,6,1477.63
Ibiúna,,"Produtor Na Olericultura De Talos, Folhas E Flores",6,1252.94
Americana,,Instalador De Tubulações De Gás Combustível (Produção E Distribuição),6,3696.3
Itapetininga,,Professor De Língua E Literatura Brasileira No Ensino Médio,6,1522.82
Araçariguama,,"Eletrotécnico Na Fabricação, Montagem E Instalação De Máquinas E Equipamentos",6,3441.02
Araçatuba,,"Embalador, A Máquina",6,2212.25
Itapeva,,Promotor De Vendas Especializado,6,2434.48
Itupeva,,Desenhista Técnico (Construção Civil),6,2641.54
Araçoiaba da Serra,,Eletricista De Instalações (Edifícios),6,1568.24
Araçatuba,,Operador De Centro De Usinagem Com Comando Numérico,6,2058.68
Cerquilho,,Mecânico De Veículos Automotores A Diesel (Exceto Tratores),6,2202.72
Boituva,,Auxiliar De Enfermagem,6,1593.21
Cabreúva,,Psicólogo Educacional,6,3025.75
Itu,,Trabalhador No Cultivo De Árvores Frutíferas,6,1903.09
Araçoiaba da Serra,,Operador De Inspeção De Qualidade,6,3019.85
Araçatuba,,Piloto De Aeronaves,6,6144.79
Itu,,Fiscal De Pátio De Usina De Concreto,6,2440.38
Pindamonhangaba,,Polidor De Metais,6,610.18
Cabreúva,,Operador De Sistemas De Prova (Analógico E Digital),6,2738.07
Itapeva,,Operador De Draga,6,1346.21
Cabreúva,,Supervisor De Manutenção De Máquinas Operatrizes E De Usinagem,6,2839.64
Itupeva,,Operador De Caminhão (Minas E Pedreiras),6,2852.29
Cerquilho,,Técnico Em Manutenção De Instrumentos De Medição E Precisão,6,2660.15
Pindamonhangaba,,Técnico De Aciaria Em Siderurgia,6,10663.65
Itupeva,,Técnico De Laboratório De Análises Físico-Químicas (Materiais De Construção),6,3181.73
Charqueada,,Revisor De Tecidos Acabados,6,1496.81
Itupeva,,Diretor Administrativo E Financeiro,6,36204.06
Itu,,Técnico Florestal,6,3811.14
Americana,,Modelador De Madeira,6,3350.8
Araçoiaba da Serra,,Gerente De Projetos E Serviços De Manutenção,6,4334.53
Itupeva,,Gerente De Suprimentos,6,7224.94
Itupeva,,Operador De Máquina De Fabricação De Cosméticos,6,3288.48
Itu,,Operador De Mandriladora Com Comando Numérico,6,3251.35
Porto Feliz,,Auxiliar De Laboratório De Análises Clínicas,6,1664.49
Itapetininga,,Lavador De Roupas  A Maquina,6,1805.99
Itu,,Supervisor De Exploração Pecuária,6,2531.12
Araçoiaba da Serra,,Desenhista Projetista De Arquitetura,6,2979.38
Cerquilho,,Cobrador Externo,6,2864.9
Itapetininga,,Cabeleireiro,6,1492.68
Itu,,Técnico De Controle De Meio Ambiente,6,4932.84
Itu,,Gestor Em Segurança,6,3074.43
Itapetininga,,Operador De Inspeção De Qualidade,6,2879.7
Macatuba,,Operador De Quadro De Distribuição De Energia Elétrica,6,4053.5
Araçoiaba da Serra,,Chefe De Cozinha,6,1462.51
Araçoiaba da Serra,,Técnico Eletrônico,6,1883.37
Araçatuba,,Coordenador De Programação,6,2332.08
Itupeva,,Contínuo,6,1980.32
Pindamonhangaba,,Mestre De Usinagem,6,7518.24
Araçatuba,,Tesoureiro De Banco,6,2781.4
Porto Feliz,,Supervisor De Exploração Agropecuária,6,2739.21
Itapeva,,Técnico De Contabilidade,6,3167.54
Araçariguama,,Supervisor De Montagem E Instalação Eletroeletrônica,6,4058.43
Araçoiaba da Serra,,Técnico Em Fotônica,6,2723.04
Cerquilho,,Técnico De Suporte Ao Usuário De Tecnologia Da Informação,6,2735.43
Porto Feliz,,Varredor De Rua,6,1606.75
Piedade,,Operador De Máquina De Envasar Líquidos,6,1490.04
Porto Feliz,,Professor De Língua Inglesa,6,2206.24
Cerquilho,,Supervisor De Caixas E Bilheteiros (Exceto Caixa De Banco),6,2591.6
Itapeva,,Técnico De Telecomunicações (Telefonia),6,1420.04
Americana,,Costureira De Reparação De Roupas,6,1119.37
Pindamonhangaba,,Montador De Equipamento De Levantamento,6,2180.63
Itu,,Mecânico De Manutenção De Bicicletas E Veículos Similares,6,2698.26
Pindamonhangaba,,Supervisor De Vendas De Serviços,6,3442.08
Araçariguama,,Vidraceiro,6,1774.08
Araçatuba,,Operador De Controle Mestre,6,3208.89
Ibiúna,,Analista De Suporte Computacional,6,5538.48
Porto Feliz,,Auxiliar De Prótese Dentária,6,1259.08
Americana,,Funileiro Industrial,6,4548.41
Itapeva,,Fiscal De Loja,6,1532.55
Araçariguama,,Gerente De Bar,6,2909.3
Itupeva,,Técnico De Suporte Ao Usuário De Tecnologia Da Informação,6,2327.07
Pindamonhangaba,,Polidor De Pedras,6,1776.4
Cabreúva,,Fonoaudiólogo Geral,6,5309.11
Araçatuba,,Analista De Crédito (Instituições Financeiras),6,2281.37
Pindamonhangaba,,Professor De Educação Física No Ensino Médio,6,1012
Araçariguama,,Atendente Comercial (Agência Postal),6,2902.63
Americana,,Classificador De Fibras Têxteis,6,2574.91
Itupeva,,Supervisor Da Manutenção E Reparação De Veículos Leves,6,3541.55
Americana,,Editor De Jornal,6,4785.76
Cabreúva,,Instalador De Linhas Elétricas De Alta E Baixa - Tensão (Rede Aérea E Subterrânea),6,3388.37
Araçoiaba da Serra,,Pizzaiolo,6,1812.26
Americana,,Analista De Seguros (Técnico),6,2257.83
Araçatuba,,Supervisor De Controle Patrimonial,6,4473.3
Cerquilho,,Operador De Fresadora Com Comando Numérico,6,4026.32
Pindamonhangaba,,Operador De Escória E Sucata,6,3029.78
Cerquilho,,Técnico De Manutenção Eletrônica,6,6411.15
Araçatuba,,Técnico Em Mecânica De Precisão,6,5504.81
Dourado,,Gerente De Vendas,6,8000.72
Cerquilho,,Técnico Em Patologia Clínica,6,1683.69
Itapeva,,Topógrafo,6,1870.62
Macatuba,,Carregador (Veículos De Transportes Terrestres),6,2362.25
Itapetininga,,Trabalhador Da Pecuária (Bovinos Leite),6,1934.94
Americana,,Técnico De Fundição Em Siderurgia,6,5001.48
Araçoiaba da Serra,,Operador De Guindaste (Fixo),6,2983.38
Araçatuba,,Operador De Motoniveladora,6,2377.31
Araçariguama,,Preparador De Matrizes De Corte E Vinco,6,5924.55
Macatuba,,"Mecânico De Manutenção De Máquinas, Em Geral",6,5622.93
Porto Feliz,,Professor De Língua Portuguesa Do Ensino Fundamental,6,2548.96
Araçatuba,,"Moldador, A  Máquina",6,3255.55
Boituva,,Moldador De Plástico Por Compressão,6,2685.95
Itu,,Supervisor Das Artes Gráficas  (Indústria Editorial E Gráfica),6,5873.46
Macatuba,,"Operador De Máquinas De Fabricação De Doces, Salgados E Massas Alimentícias",6,2367.93
Itu,,Psicólogo Educacional,6,2801.57
Macatuba,,Lavador De Roupas  A Maquina,6,1721.03
Araçoiaba da Serra,,Assistente De Laboratório Industrial,6,2944.58
Araçoiaba da Serra,,Técnico De Obras Civis,6,3666.25
Itupeva,,Médico Clínico,6,7604.82
Piedade,,Recepcionista De Hotel,6,1757.7
Macatuba,,Serralheiro,6,1571.17
Americana,,Operador De Trator De Lâmina,6,2001.81
Boituva,,Supervisor De Carga E Descarga,6,6872.15
Itapetininga,,Professor De História Do Ensino Fundamental,6,1329.19
Cerquilho,,Trefilador De Borracha,6,2011.91
Araçoiaba da Serra,,Desenhista Industrial De Produto (Designer De Produto),6,3490.23
Itu,,Preparador De Tintas,6,3628.75
Itupeva,,Supervisor De Manutenção Eletromecânica (Utilidades),6,6815.91
Itapeva,,Analista De Desenvolvimento De Sistemas,6,3140.34
Itapeva,,Agente De Vendas De Serviços,6,1557.35
Piedade,,Operador De Plaina Desengrossadeira,6,1659.61
Pindamonhangaba,,Supervisor De Exploração Agrícola,6,2970.59
Macatuba,,Auxiliar De Faturamento,6,3411.67
Piedade,,Inspetor De Risco,6,1535.88
Araçatuba,,Fermentador,6,4455.85
Americana,,Supervisor De Manutenção Eletromecânica,6,4983.8
Americana,,Avaliador De Bens Móveis,6,2048.78
Boituva,,Consultor Jurídico,6,1687.95
Itapeva,,Supervisor De Manutenção Elétrica De Alta Tensão Industrial,6,6674.3
Pindamonhangaba,,Administrador De Redes,6,3971.16
Macatuba,,"Operador De Estação De Captação, Tratamento E Distribuição De Água",6,2696.83
Pindamonhangaba,,Médico Veterinário,6,7032.15
Itupeva,,Salgador De Alimentos,6,1940.81
Ibiúna,,Analista De Desenvolvimento De Sistemas,6,5051.58
Americana,,Operador De Laminador,6,2183.7
Boituva,,Técnico De Rede (Telecomunicações),6,2912.02
Pindamonhangaba,,Eletrotécnico,6,4632.38
Boituva,,Fiscal De Tributos Estadual,6,6596.02
Itupeva,,Supervisor De Recepcionistas,6,2582.57
Pindamonhangaba,,Técnico De Manutenção Elétrica De Máquina,6,7589.81
Piedade,,Gerente De Recursos Humanos,6,8127.57
Boituva,,Nutricionista,6,4098.29
Araçariguama,,Técnico Em Eletromecânica,6,4663.55
Macatuba,,Auxiliar De Pessoal,6,3930.07
Macatuba,,Atendente De Farmácia - Balconista,6,2104.2
Itupeva,,Mantenedor De Sistemas Eletroeletrônicos De Segurança,6,1838.48
Boituva,,Operador De Telemarketing Receptivo,6,3481.39
Itu,,Desenhista Técnico (Construção Civil),6,5650.55
Boituva,,Armador De Estrutura De Concreto Armado,6,1645.31
Itupeva,,Recepcionista De Consultório Médico Ou Dentário,6,1685.8
Piedade,,Técnico Em Patologia Clínica,6,1834.65
Macatuba,,Educador Social,6,1473.61
Macatuba,,Escrevente,6,2201.96
Ibiúna,,Carpinteiro,6,2058.13
Porto Feliz,,Coordenador Pedagógico,6,2793.94
Boituva,,Engenheiro De Redes De Comunicação,6,9310.32
Itupeva,,Sepultador,6,3228.54
Itupeva,,Impressor De Rotogravura,6,4895.52
Boituva,,Operador De Máquina Bordatriz,6,1754.59
Itapetininga,,Professor De Língua Portuguesa,6,2551.57
Pindamonhangaba,,Professor De Artes No Ensino Médio,6,1143.33
Macatuba,,Preparador De Estruturas Metálicas,6,1548.96
Piedade,,Técnico Em Segurança Do Trabalho,6,2591.35
Araçatuba,,Galvanizador,6,2313.85
Pindamonhangaba,,Médico Clínico,6,7689.73
Boituva,,Controlador De Serviços De Máquinas E Veículos,6,2630.47
Itapeva,,Preparador De Tintas,6,2135.18
Piedade,,Coordenador Pedagógico,6,3930.35
Pindamonhangaba,,Analista De Pesquisa De Mercado,6,3607.69
Dourado,,"Operador De Utilidade (Produção E Distribuição De Vapor, Gás, Óleo, Combustível, Energia, Oxigênio)",6,3052.68
Cerquilho,,Operador De Máquinas De Beneficiamento De Produtos Agrícolas,6,2807.9
Macatuba,,Preparador Físico,6,1777
Pindamonhangaba,,Agente De Defesa Ambiental,6,4773.81
Boituva,,Metalizador A Pistola,6,2673.84
Pindamonhangaba,,Assistente De Laboratório Industrial,6,2695.42
Boituva,,Analista De Pcp (Programação E Controle Da Produção),6,3927.76
Pindamonhangaba,,Mestre De Soldagem,6,2425.13
Itapeva,,Médico Veterinário,6,3336.63
Boituva,,Banhista De Animais Domésticos,6,1193.51
Americana,,Administrador De Banco De Dados,5,8376.37
Porto Feliz,,Supervisor De Crédito E Cobrança,5,2211.42
Itu,,Técnico De Estradas,5,3992.53
Pindamonhangaba,,Técnico De Laboratório De Análises Físico-Químicas (Materiais De Construção),5,3526.83
Macatuba,,Supervisor De Vendas Comercial,5,3053.31
Boituva,,Escrivão Extra - Judicial,5,6113.04
Itapetininga,,Selecionador De Material Reciclável,5,944
Piedade,,Gerente Financeiro,5,3160.02
Macatuba,,Recebedor De Apostas (Loteria),5,1333.53
Itapeva,,Auxiliar De Seguros,5,1646.81
Macatuba,,Acabador De Embalagens (Flexíveis E Cartotécnicas),5,1679.47
Pindamonhangaba,,"Operador De Utilidade (Produção E Distribuição De Vapor, Gás, Óleo, Combustível, Energia, Oxigênio)",5,5042.59
Itupeva,,Eletrotécnico,5,2085.43
Boituva,,Operador De Câmaras Frias,5,2221.65
Boituva,,Soldador A  Oxigás,5,2846.82
Boituva,,Vendedor Ambulante,5,2469.7
Cerquilho,,Nutricionista,5,4396.15
Boituva,,Técnico De Controle De Meio Ambiente,5,5837.01
Itu,,Engenheiro Mecatrônico,5,5676.78
Itapetininga,,Engenheiro De Controle De Qualidade,5,9815.72
Boituva,,Trabalhador Da Fabricação De Resinas E Vernizes,5,1838.47
Itupeva,,Enfermeiro Auditor,5,4530.1
Boituva,,Operador De Bomba De Concreto,5,3181.04
Itu,,Documentalista,5,7287.73
Boituva,,Reparador De Aparelhos Eletrodomésticos (Exceto Imagem E Som),5,2224.68
Charqueada,,Gerente De Contas - Pessoa Física E Jurídica,5,5175.3
Itupeva,,"Moldador, A  Mão",5,2159.7
Boituva,,Costureiro De Roupa De Couro E Pele,5,1480.33
Dourado,,Diretor De Instituição Educacional Pública,5,6607.53
Boituva,,Técnico De Obras Civis,5,3002.02
Ibiúna,,Gerente De Agência,5,9542.8
Pindamonhangaba,,Emissor De Passagens,5,1707
Dourado,,Coletor De Lixo Domiciliar,5,2194.99
Pindamonhangaba,,Visual Merchandiser,5,1772.63
Itapetininga,,Médico Otorrinolaringologista,5,7971.69
Macatuba,,Técnico Em Segurança Do Trabalho,5,3783.89
Porto Feliz,,Gerente De Departamento Pessoal,5,7813.82
Porto Feliz,,Gerente De Logística (Armazenagem E Distribuição),5,7713.34
Itu,,Mestre De Caldeiraria,5,3060.1
Pindamonhangaba,,Técnico Em Laboratório De Farmácia,5,3003.41
Boituva,,"Supervisor De Fabricação De Produtos Cerâmicos, Porcelanatos E Afins",5,2292.58
Itupeva,,Desenhista Projetista Eletrônico,5,5275.34
Pindamonhangaba,,Gerente De Grandes Contas (Corporate),5,2403.74
Itapetininga,,Médico Oftalmologista,5,12425.56
Boituva,,Inspetor De Alunos De Escola Privada,5,1388.68
Itapeva,,Lavador De Roupas,5,1080
Porto Feliz,,Lubrificador De Veículos Automotores (Exceto Embarcações),5,1630.52
Boituva,,Preparador Físico,5,2782.96
Piedade,,Selecionador De Material Reciclável,5,2039.68
Boituva,,"Mestre (Indústria De Celulose, Papel E Papelão)",5,5122.14
Boituva,,Supervisor De Crédito E Cobrança,5,4612.15
Charqueada,,Locutor De Mídias Audiovisuais,5,976.06
Dourado,,Gerente De Marketing,5,16448.41
Cerquilho,,Técnico De Vendas,5,8048.38
Itapeva,,Vendedor Ambulante,5,1740.56
Cerquilho,,Diretor De Instituição Educacional Da Área Privada,5,7958.97
Itu,,Técnico De Contabilidade,5,3333.76
Dourado,,Vendedor Pracista,5,4464.4
Cerquilho,,Encarregado De Acabamento De Chapas E Metais  (Têmpera),5,2869.3
Itapeva,,Redator De Publicidade,5,1085.51
Macatuba,,Agente Funerário,5,2710.05
Itupeva,,Técnico De Rede (Telecomunicações),5,1956.04
Dourado,,Supervisor De Carga E Descarga,5,4407.4
Porto Feliz,,Técnico De Matéria-Prima E Material,5,6929.17
Cabreúva,,Editor De Mídia Eletrônica,5,3166.5
Cabreúva,,Nutricionista,5,5429.02
Ibiúna,,Analista De Redes E De Comunicação De Dados,5,1241.07
Dourado,,Pintor De Obras,5,1610.06
Itu,,Diretor De Manutenção,5,2251.82
Cabreúva,,Operador De Processo De Moagem,5,4324.4
Araçariguama,,Economista Financeiro,5,3928.09
Porto Feliz,,Mecânico De Manutenção De Motocicletas,5,1784.46
Itapetininga,,Cozinhador (Conservação De Alimentos),5,834.22
Cabreúva,,"Operador De Estação De Captação, Tratamento E Distribuição De Água",5,2654.94
Americana,,Técnico De Ortopedia,5,3751.65
Itupeva,,Analista De Planejamento De Materias,5,5696.51
Piedade,,Polidor De Metais,5,1786.81
Cerquilho,,Avicultor,5,1144.88
Americana,,Arquivista,5,2949.81
Itu,,Diretor Administrativo E Financeiro,5,15471.84
Dourado,,Zelador De Edifício,5,2009.04
Porto Feliz,,Técnico De Obras Civis,5,2769.04
Itapeva,,Trabalhador Da Exploração De Madeiras Tanantes,5,1438.04
Cerquilho,,Mecânico De Manutenção De Máquinas De Construção E Terraplenagem,5,2439.11
Porto Feliz,,Controlador De Serviços De Máquinas E Veículos,5,2894.21
Pindamonhangaba,,Auxiliar Técnico Em Laboratório De Farmácia,5,2044.39
Charqueada,,Operador De Draga,5,1660.03
Ibiúna,,Analista Financeiro (Instituições Financeiras),5,2189.91
Americana,,"Examinador De Cabos, Linhas Elétricas E Telefônicas",5,2107.31
Pindamonhangaba,,Operador De Máquina De Cortar E Dobrar Papelão,5,2084.52
Cerquilho,,Desenhista Técnico (Artes Gráficas),5,2413.72
Itu,,Montador De Veículos (Linha De Montagem),5,4055.2
Cerquilho,,"Passador De Roupas, À Mão",5,1657.38
Porto Feliz,,Auditor (Contadores E Afins),5,4830.03
Porto Feliz,,Carpinteiro,5,1423.56
Dourado,,Montador De Estruturas Metálicas,5,1860.95
Cabreúva,,Mecânico De Manutenção De Bicicletas E Veículos Similares,5,1494.29
Cerquilho,,Operador De Retorcedeira,5,1298.1
Cabreúva,,Supervisor De Vigilantes,5,4791.58
Itapeva,,Alinhador De Pneus,5,1808.64
Cerquilho,,Tratador De Animais,5,2559.97
Araçoiaba da Serra,,Gerente De Marketing,5,8303.19
Itupeva,,Supervisor De Exploração Agrícola,5,2521.49
Dourado,,Auxiliar Em Saúde Bucal,5,1457.99
Dourado,,"Montador De Máquinas, Motores E Acessórios (Montagem Em Série)",5,1905.83
Porto Feliz,,Enfestador De Roupas,5,2083.77
Itupeva,,Professor De Geografia No Ensino Médio,5,3489.86
Porto Feliz,,Atendente De Agência,5,3259.83
Cerquilho,,Inspetor De Risco,5,1698.22
Itapeva,,Trabalhador Da Elaboração De Pré-Fabricados (Cimento Amianto),5,1615.35
Porto Feliz,,Lubrificador Industrial,5,3587.59
Americana,,Carpinteiro De Carrocerias,5,2800.95
Itupeva,,Pedagogo,5,1706.72
Porto Feliz,,Mestre (Indústria De Borracha E Plástico),5,3246.77
Boituva,,Diretor De Operações De Serviços De Telecomunicações,5,2535.25
Itapeva,,Cobrador De Transportes Coletivos (Exceto Trem),5,1761.3
Cerquilho,,Balanceiro,5,2511.04
Porto Feliz,,Visitador Sanitário,5,4534.83
Cerquilho,,"Embalador, A Máquina",5,1606.61
Ibiúna,,Barman,5,1445.45
Itu,,Ascensorista,5,1426.38
Itu,,Operador De Ceifadeira Na Conservação De Vias Permanentes,5,1396.86
Cerquilho,,"Costureiro De Roupas De Couro E Pele, A  Máquina Na  Confecção Em Série",5,930.92
Itu,,Professor De Educação Física No Ensino Superior,5,3187.9
Araçoiaba da Serra,,Nutricionista,5,5178.87
Porto Feliz,,"Operador De Utilidade (Produção E Distribuição De Vapor, Gás, Óleo, Combustível, Energia, Oxigênio)",5,4678.02
Porto Feliz,,Operador Eletromecânico,5,4205.62
Ibiúna,,Contínuo,5,1781.05
Ibiúna,,Economista Industrial,5,9364.31
Itupeva,,Analista De Transporte Em Comércio Exterior,5,3999.2
Boituva,,Supervisor De Vendas De Serviços,5,11438.05
Boituva,,Gerente De Produção E Operações Agropecuárias,5,10966.47
Itupeva,,Produtor Agrícola Polivalente,5,1602.78
Itu,,Empregado  Doméstico  Nos Serviços Gerais,5,2080.32
Itu,,Montador De Equipamento De Levantamento,5,3791.68
Dourado,,"Mecânico De Manutenção De Automóveis, Motocicletas E Veículos Similares",5,2064.3
Itupeva,,Recepcionista De Seguro Saúde,5,1838.94
Itapeva,,"Bobinador Eletricista, À Máquina",5,2059.94
Ibiúna,,Enfermeiro Obstétrico,5,4029.08
Dourado,,Servente De Obras,5,1230.17
Americana,,Engenheiro Químico,5,12769.55
Cerquilho,,Trabalhador Agropecuário Em Geral,5,1610.46
Itapeva,,Oleiro (Fabricação De Tijolos),5,2256.67
Araçatuba,,Monitor De Transporte Escolar,5,1191.51
Araçariguama,,Ascensorista,5,4568.93
Araçatuba,,Repórter De Mídias Audiovisuais,5,2564.3
Americana,,Monitor De Dependente Químico,5,2059.78
Piedade,,Recebedor De Apostas (Loteria),5,1277.18
Americana,,"Bilheteiro (Estações De Metrô, Ferroviárias E Assemelhadas)",5,3018.99
Americana,,Encarregado De Equipe De Conservação De Vias Permanentes (Exceto Trilhos),5,5219.05
Araçariguama,,Vendedor Pracista,5,31925.15
Charqueada,,Contador,5,5997.35
Americana,,Engenheiro Eletrônico,5,8156
Itapeva,,Pintor De Veículos (Fabricação),5,1797.07
Americana,,Supervisor De Manutenção De Máquinas Industriais Têxteis,5,6732.55
Araçoiaba da Serra,,Preparador Físico,5,1775.01
Americana,,Médico Psiquiatra,5,8266.28
Itu,,"Bobinador Eletricista, À Máquina",5,1747.95
Itapeva,,Farmacêutico Hospitalar E Clínico,5,4167.58
Cerquilho,,Assentador De Revestimentos Cerâmicos,5,1371.51
Itapetininga,,Supervisor De Telemarketing E Atendimento,5,3249.85
Americana,,"Técnico De Utilidade (Produção E Distribuição De Vapor, Gases, Óleos, Combustíveis, Energia)",5,4996.86
Araçatuba,,Trabalhador Da Pecuária (Bovinos Leite),5,1511.1
Cerquilho,,Preparador De Estruturas Metálicas,5,1986.86
Itapeva,,Supervisor De Cobrança,5,3900.53
Americana,,Supervisor De Cobrança,5,3208.49
Cerquilho,,Técnico De Enfermagem Do Trabalho,5,2784.47
Americana,,Técnico Em Caldeiraria,5,2531.39
Araçatuba,,Prensista (Operador De Prensa),5,1785.02
Americana,,"Bordador, A  Mão",5,1596.58
Ibiúna,,Encarregado De Manutenção Mecânica De Sistemas Operacionais,5,2557.33
Itu,,Cozinhador (Conservação De Alimentos),5,1221.66
Dourado,,Cortador De Laminados De Madeira,5,2916.54
Itupeva,,Governanta De Hotelaria,5,3460.39
Itapetininga,,Gerente De Marketing,5,2888.09
Americana,,Analista De Gestão De Estoque,5,2403.21
Araçatuba,,Montador De Equipamentos Eletrônicos,5,2415.63
Dourado,,Técnico De Comunicação De Dados,5,3328.91
Araçatuba,,"Técnico Mecânico (Calefação, Ventilação E Refrigeração)",5,2260.94
Ibiúna,,Operador De Escavadeira,5,2302.07
Itapetininga,,Operador De Sistemas De Prova (Analógico E Digital),5,2112.24
Cerquilho,,Armador De Estrutura De Concreto Armado,5,2042.42
Americana,,Cortador De Artefatos De Couro (Exceto Roupas E Calçados),5,2353.82
Itu,,"Diretor De Produção E Operações Da Indústria De Transformação, Extração Mineral E Utilidades",5,44241.08
Itu,,Afretador,5,3200.66
Araçariguama,,Acabador De Embalagens (Flexíveis E Cartotécnicas),5,2146.19
Araçoiaba da Serra,,Ajustador Mecânico,5,2236.28
Americana,,Trabalhador De Preparação De Pescados (Limpeza),5,1738.71
Dourado,,Borracheiro,5,1364.64
Itapetininga,,Pedreiro De Edificações,5,2484.89
Piedade,,Técnico De Comunicação De Dados,5,1751.63
Americana,,Montador De Veículos (Linha De Montagem),5,2045.78
Araçatuba,,Médico Do Trabalho,5,11465.47
Cabreúva,,Cobrador Interno,5,2799.37
Americana,,Operador De Bate-Estacas,5,2048.41
Araçariguama,,Marceneiro,5,1981.84
Ibiúna,,Funileiro De Veículos (Reparação),5,3307.05
Itupeva,,Auxiliar De Serviços Jurídicos,5,3939.64
Cabreúva,,Atendente De Agência,5,3115.31
Ibiúna,,Rebarbador De Metal,5,2258.27
Pindamonhangaba,,Desenhista Projetista De Máquinas,5,4862.77
Americana,,Técnico Em Sonorização,5,1522.64
Ibiúna,,Tecnólogo Em Segurança Do Trabalho,5,7227.65
Itapeva,,Gerente De Compras,5,4062.48
Pindamonhangaba,,Técnico Em Instalação De Equipamentos De Áudio,5,2502.48
Itapeva,,Gerente De Logística (Armazenagem E Distribuição),5,4512.1
Itapetininga,,Supervisor De Carga E Descarga,5,3212.1
Itupeva,,Afiador De Ferramentas,5,7749.77
Itupeva,,Médico Do Trabalho,5,12412.79
Itupeva,,Operador De Estação De Bombeamento,5,3503.45
Pindamonhangaba,,"Operador De Tesoura Mecânica E Máquina De Corte, No Acabamento De Chapas E Metais",5,2921.07
Itapeva,,Supervisor De Contas A Pagar,5,3741.86
Americana,,Professor De Educação Física No Ensino Médio,5,3093.08
Ibiúna,,Auxiliar De Farmácia De Manipulação,5,1560.81
Pindamonhangaba,,Mineiro,5,2075.29
Araçatuba,,"Encarregado De Manutenção De Instrumentos De Controle, Medição E Similares",5,4875.86
Araçariguama,,"Técnico De Operação (Química, Petroquímica E Afins)",5,2031.68
Itapetininga,,Supervisor De Fabricação De Produtos De Vidro,5,2839.69
Araçariguama,,Mestre De Siderurgia,5,10155.26
Itapetininga,,Carpinteiro De Obras,5,1595.11
Ibiúna,,Selecionador De Material Reciclável,5,1804.81
Itu,,Médico Do Trabalho,5,13271.2
Araçariguama,,Técnico Em Mecatrônica - Automação Da Manufatura,5,8869.98
Itupeva,,Mestre De Produção Farmacêutica,5,8423.59
Itu,,Mestre De Usinagem,5,6400.83
Araçariguama,,Mestre De Pintura (Tratamento De Superfícies),5,3812.42
Pindamonhangaba,,Técnico Mecânico Na Manutenção De Ferramentas,5,2213.97
Piedade,,Cortador De Pedras,5,1730.01
Araçoiaba da Serra,,Queijeiro Na Fabricação De Laticínio,5,1588.64
Americana,,Desenhista Detalhista,5,3244.96
Piedade,,Apontador De Produção,5,2403.61
Pindamonhangaba,,Gerente De Produção E Operações  Florestais,5,2570.52
Itu,,Professor De Nível Médio No Ensino Profissionalizante,5,596.58
Piedade,,Supervisor De Tesouraria,5,2419
Pindamonhangaba,,Mecânico De Manutenção De Motores Diesel (Exceto De Veículos Automotores),5,2335.7
Pindamonhangaba,,Desenhista Técnico Mecânico,5,3909.61
Pindamonhangaba,,Operador De Central De Concreto,5,3247.54
Pindamonhangaba,,Preparador De Máquinas-Ferramenta,5,2206.47
Pindamonhangaba,,Produtor De Rádio,5,3008.83
Americana,,Administrador De Edifícios,5,2656.05
Pindamonhangaba,,Sacristão,5,1333.59
Araçariguama,,Encarregado Geral De Operações De Conservação De Vias Permanentes (Exceto Trilhos),5,2272.2
Itapeva,,Tratador De Animais,5,2583.04
Itu,,Engenheiro Agrônomo,5,9260.5
Piedade,,Montador De Veículos (Reparação),5,1498.66
Ibiúna,,Cabeleireiro,5,1203.97
Itu,,Supervisor De Contas A Pagar,5,3555.47
Cabreúva,,Gerente De Almoxarifado,5,17487.12
Piedade,,Agente De Viagem,5,1398.32
Pindamonhangaba,,Publicitário,5,2319.08
Americana,,Diretor De Contas (Publicidade),5,1844.59
Americana,,Consultor Jurídico,5,5876.09
Cabreúva,,"Supervisor De Manutenção Eletromecânica Industrial, Comercial E Predial",5,8720.37
Araçatuba,,Operador De Processo De Moagem,5,1342.74
Itu,,Técnico Em Mecânica De Precisão,5,8082.62
Pindamonhangaba,,Repórter De Mídias Audiovisuais,5,2558.35
Araçariguama,,Operador De Cortadeira De Papel,5,4527
Americana,,Agenciador De Propaganda,5,1335.21
Americana,,"Cartonageiro, A Máquina",5,3553.29
Araçatuba,,Montador De Máquinas De Terraplenagem,5,3007.48
Araçariguama,,Analista De Pesquisa De Mercado,5,4435.04
Itapeva,,Inspetor De Sinistros,5,1409.5
Ibiúna,,Gerente Financeiro,5,2787.92
Americana,,Ministro De Culto Religioso,5,6100.3
Cabreúva,,Técnico Mecânico Na Manutenção De Ferramentas,5,6397.14
Itapetininga,,"Lavadeiro, Em Geral",5,1695.91
Itapetininga,,Estampador De Tecido,5,1790.31
Itu,,Mestre De Linhas (Ferrovias),5,3789.58
Itapetininga,,Analista De Planejamento E Orçamento - Apo,5,2957.21
Pindamonhangaba,,Alinhador De Pneus,5,1778.74
Ibiúna,,Operador De Centro De Controle ( Sinterização),5,4577.69
Araçariguama,,Coordenador Pedagógico,5,6097.75
Cabreúva,,Supervisor De Montagem E Instalação Eletroeletrônica,5,4108
Itu,,Supervisor Da Manutenção E Reparação De Veículos Pesados,5,7351.49
Itapetininga,,Técnico Em Óptica E Optometria,5,4625.34
Piedade,,Jardineiro,5,1593.4
Itapetininga,,Bilheteiro De Transportes Coletivos,5,874.85
Macatuba,,Inspetor De Alunos De Escola Pública,5,1638.47
Pindamonhangaba,,Engenheiro Civil (Transportes E Trânsito),5,6233.56
Piedade,,Marmorista (Construção),5,1538.31
Ibiúna,,Viveirista Florestal,5,2087.63
Ibiúna,,Caseiro (Agricultura),5,1463.78
Cabreúva,,Técnico De Laboratório Industrial,5,4163.96
Araçatuba,,Assistente Técnico De Seguros,5,2087.75
Itu,,Técnico De Telecomunicações (Telefonia),5,3445.49
Piedade,,Gerente De Agência,5,11975.53
Araçoiaba da Serra,,Auxiliar De Laboratório De Análises Clínicas,5,1482.2
Itu,,Tecnólogo Em Gestão Da Tecnologia Da Informação,5,5064.53
Dourado,,"Eletricista De Manutenção De Linhas Elétricas, Telefônicas E De Comunicação De Dados",5,5064.2
Pindamonhangaba,,Gerente De Departamento Pessoal,5,7947.05
Itapeva,,Técnico De Mineração,5,3506.35
Itu,,Agente De Defesa Ambiental,5,5009.18
Itapeva,,Ajustador Mecânico,5,1347.95
Dourado,,Caldeireiro (Chapas De Ferro E Aço),5,3953.27
Pindamonhangaba,,"Pesquisador De Engenharia Metalúrgica, De Minas E De Materiais",5,10638.81
Pindamonhangaba,,Auditor (Contadores E Afins),5,8640.27
Cabreúva,,Dirigente Do Serviço Público Municipal,5,6052.59
Itapeva,,Mecânico De Manutenção E Instalação De Aparelhos De Climatização E  Refrigeração,5,1365.58
Itapetininga,,Analista De Crédito (Instituições Financeiras),5,2808.24
Itapetininga,,Técnico Em Laboratório De Farmácia,5,1737.45
Itu,,Assistente Técnico De Seguros,5,3856.99
Araçoiaba da Serra,,Vendedor Em Domicílio,5,1999.68
Itapetininga,,Professor De Sociologia Do Ensino Superior,5,1307.6
Ibiúna,,Classificador De Madeira,5,1221.19
Ibiúna,,Operador De Colheitadeira,5,1262.51
Itu,,Auxiliar De Prótese Dentária,5,1933.44
Pindamonhangaba,,Analista De Planejamento E Orçamento - Apo,5,2508.97
Itapeva,,Impressor (Serigrafia),5,1451.68
Boituva,,Diretor Geral De Empresa E Organizações (Exceto De Interesse Público),5,13898.08
Itapetininga,,Dirigente De Entidade De Trabalhadores,5,3719.79
Piedade,,"Costureiro, A  Máquina  Na Confecção Em Série",5,1417.11
Piedade,,Auxiliar De Cartório,5,1342.61
Boituva,,Diretor Administrativo,5,25097.44
Boituva,,Relações Públicas,5,10697.57
Boituva,,Diretor Comercial,5,22862.89
Itupeva,,Esterilizador De Alimentos,5,2341.97
Itu,,Contramestre De Acabamento (Indústria Têxtil),5,2745.72
Itapetininga,,Supervisor De Manutenção Eletromecânica,5,6909.68
Itapetininga,,Engenheiro Agrônomo,5,6317.35
Itupeva,,"Operador De Máquina De Usinagem Madeira, Em Geral",5,3109.53
Itapetininga,,Editor De Texto E Imagem,5,1845.44
Itapetininga,,Sondador De Poços (Exceto De Petróleo E Gás),5,2327.22
Itapetininga,,"Operador De Tesoura Mecânica E Máquina De Corte, No Acabamento De Chapas E Metais",5,3039.85
Itapeva,,Chaveiro,5,1543.38
Itu,,Editor De Mídia Audiovisual,5,1925.69
Porto Feliz,,Agente Fiscal De Qualidade,5,4135.07
Americana,,Forneiro E Operador (Forno Elétrico),5,6653.69
Araçatuba,,Gestor Em Segurança,5,4158.05
Itu,,Salgador De Alimentos,5,1705.54
Americana,,Farmacêutico Industrial,5,5804.22
Americana,,Oleiro (Fabricação De Tijolos),5,1833.89
Araçatuba,,Supervisor De Contas A Pagar,5,4976.07
Araçoiaba da Serra,,Costureira De Peças Sob Encomenda,5,1573.67
Charqueada,,Auxiliar De Desenvolvimento Infantil,5,1529.6
Cerquilho,,Analista Financeiro (Instituições Financeiras),5,2952.1
Americana,,Enfermeiro Do Trabalho,5,5424.01
Boituva,,Cortador De Artefatos De Couro (Exceto Roupas E Calçados),5,1880.81
Itapeva,,Mestre (Indústria De Madeira E Mobiliário),5,2495.92
Itapetininga,,Estofador De Móveis,5,1746.38
Araçatuba,,Administrador Em Segurança Da Informação,5,2910.6
Araçariguama,,Farmacêutico,5,4099.89
Boituva,,Técnico Em Secretariado,5,2040.69
Pindamonhangaba,,Diretor Geral De Empresa E Organizações (Exceto De Interesse Público),5,5704.9
Americana,,"Técnico Em Materiais, Produtos Cerâmicos E Vidros",5,6939.59
Boituva,,Inspetor De Risco,5,1744.94
Itu,,Agente De Recrutamento E Seleção,5,1820.03
Itupeva,,Chefe De Bar,5,2664.43
Araçatuba,,Gerente De Serviços Sociais,5,3621.9
Araçoiaba da Serra,,Auxiliar De Lavanderia,5,1962.3
Ibiúna,,Mecânico De Veículos Automotores A Diesel (Exceto Tratores),5,2389.21
Ibiúna,,Pizzaiolo,5,1216.62
Americana,,Montador De Instrumentos De Óptica,5,3353.69
Itu,,Torneiro (Lavra De Pedra),5,1506.26
Itupeva,,Gesseiro,5,2030.33
Ibiúna,,Esteticista,5,1639.27
Itapetininga,,Economista Do Setor Público,5,2913.44
Americana,,Documentalista,5,2734.5
Araçariguama,,Técnico Mecânico,5,5115.61
Pindamonhangaba,,Engenheiro Mecânico Automotivo,5,10828.07
Boituva,,Cobrador Externo,5,2310.24
Araçatuba,,Supervisor De Usina De Concreto,5,2526.91
Americana,,Supervisor De Manutenção De Máquinas Operatrizes E De Usinagem,5,5533.68
Itu,,Operador De Centro De Controle ( Sinterização),5,2319.17
Boituva,,Forneiro E Operador (Alto-Forno),5,1748.85
Pindamonhangaba,,Auxiliar De Banco De Sangue,5,1552.38
Itapeva,,Manicure/Pedicure,5,1281.3
Cerquilho,,Técnico Em Mecânica De Precisão,5,2250.91
Cerquilho,,Auxiliar De Serviços De Importação E Exportação,5,1851.17
Araçariguama,,Professor De Nível Médio No Ensino Fundamental,5,1820.89
Americana,,"Corretor De Valores, Ativos Financeiros, Mercadorias E Derivativos",5,2600.78
Itapetininga,,Técnico Em Saúde Bucal,5,1615.55
Itu,,Gerente De Desenvolvimento De Sistemas,5,14791.94
Araçatuba,,Salva-Vidas,5,2056.62
Araçoiaba da Serra,,Confeiteiro,5,1866.18
Boituva,,Instrumentador Cirúrgico,5,2573.87
Itapeva,,Psicólogo Clínico,5,2321.08
Pindamonhangaba,,Analista De Sistemas De Automação,5,6729.8
Charqueada,,Operador De Guindaste Móvel,5,2528.66
Pindamonhangaba,,Mestre De Produção Farmacêutica,5,10343.31
Pindamonhangaba,,Técnico De Fundição Em Siderurgia,5,9603.81
Pindamonhangaba,,"Supervisor De Manutenção De Aparelhos Térmicos, De Climatização E De Refrigeração",5,4554.56
Araçoiaba da Serra,,Professor De Nível Superior Na Educação Infantil (Zero A Três Anos),5,1495.24
Araçoiaba da Serra,,Analista De Folha De Pagamento,5,2961.35
Araçatuba,,Supervisor De Digitação E Operação,5,2288.01
Araçatuba,,Analista De Cobrança (Instituições Financeiras),5,3683.15
Itupeva,,Identificador Florestal,5,3925.29
Americana,,Professor De Língua Estrangeira Moderna Do Ensino Fundamental,5,2292.75
Itupeva,,Instrutor De Aprendizagem E Treinamento Industrial,5,3194.07
Boituva,,Mestre De Usinagem,5,5818.73
Itupeva,,Desenhista Projetista De Máquinas,5,7176.56
Itupeva,,Técnico De Enfermagem Do Trabalho,5,3140.58
Pindamonhangaba,,Estatístico,5,10874.53
Itu,,Cozinheiro Industrial,5,2102.31
Americana,,Temperador De Metais E De Compósitos,5,2981.31
Araçatuba,,Monitor De Sistemas Eletrônicos De Segurança Externo,5,1986.79
Americana,,Forneiro De Fundição (Forno De Redução),5,2226.21
Itu,,Treinador Profissional De Futebol,5,3500.15
Itu,,Guarda-Roupeiro De Cinema,5,1840.26
Itapeva,,Vigia Florestal,5,2524.55
Americana,,Operador De Máquina Perfuradora (Minas E Pedreiras),5,2694.9
Itapetininga,,Cortador De Artefatos De Couro (Exceto Roupas E Calçados),5,2480.36
Itu,,Auxiliar De Radiologia (Revelação Fotográfica),5,1539.9
Itupeva,,"Mecânico De Manutenção De Aeronaves, Em Geral",5,7382.85
Itapeva,,Operador De Bomba De Concreto,5,1907.6
Araçariguama,,Digitador,5,1565.62
Macatuba,,Contador,5,5082.13
Itapetininga,,Afiador De Serras,5,2087.37
Araçatuba,,Carpinteiro (Esquadrias),5,1876.44
Pindamonhangaba,,Professor De Geografia No Ensino Médio,5,1934.21
Araçoiaba da Serra,,Caldeireiro (Chapas De Ferro E Aço),5,2717.62
Pindamonhangaba,,Técnico De Desporto Individual E Coletivo (Exceto Futebol),5,4587.68
Araçatuba,,Agente De Pátio,5,2662.04
Macatuba,,Operador De Máquina De Costura De Acabamento,5,1266.26
Macatuba,,"Embalador, A Máquina",5,1990.59
Itapeva,,Recepcionista De Casas De Espetáculos,5,1165.05
Itapeva,,Churrasqueiro,5,1842.54
Cerquilho,,Marmorista (Construção),5,2009.66
Americana,,Artesão Moveleiro (Exceto Reciclado),5,2893.53
Macatuba,,Armazenista,5,2948.44
Macatuba,,Cortador De Roupas,5,1690.3
Itapeva,,Caminhoneiro Autônomo (Rotas Regionais E Internacionais),5,2756.09
Pindamonhangaba,,Queijeiro Na Fabricação De Laticínio,5,1841.94
Macatuba,,Auxiliar De Enfermagem Do Trabalho,5,1226.44
Araçatuba,,Auxiliar De Judiciário,5,2370.24
Americana,,Representante Comercial Autônomo,5,3193.35
Americana,,Designer De Vitrines,5,2644.84
Americana,,Riscador De Roupas,5,2297.28
Itu,,Gerente De Infraestrutura De Tecnologia Da Informação,5,14496.98
Araçatuba,,Desenhista Técnico (Ilustrações Artísticas),5,2006.88
Itapeva,,Professor De Geografia No Ensino Médio,5,1482.44
Itapetininga,,Conferente Mercadoria (Exceto Carga E Descarga),5,1661.12
Araçariguama,,Auxiliar De Enfermagem,5,1475.37
Cerquilho,,Contínuo,5,1679.15
Itu,,Operador De Telemarketing Ativo,5,2163.71
Itupeva,,Contorcionista,5,1870.54
Americana,,Auxiliar De Biblioteca,5,2696.68
Ibiúna,,Técnico Em Instrumentação,5,3730.83
Itapeva,,Secador De Madeira,5,1260.38
Araçatuba,,Tecelão (Tear Manual),5,1685
Porto Feliz,,Cozinhador (Conservação De Alimentos),5,2320.81
Itu,,Operador De Instalação De Refrigeração,5,1661.62
Charqueada,,Cozinheiro Geral,5,1570.58
Itupeva,,Cobrador Externo,5,2540.86
Itapetininga,,Gerente De Produção E Operações Da Construção Civil E Obras Públicas,5,5729.2
Araçatuba,,Professor De Comunicação Social Do Ensino Superior,5,2512.29
Pindamonhangaba,,Mecânico De Manutenção De Aparelhos De Levantamento,5,1999.11
Ibiúna,,Gerente De Departamento Pessoal,5,3753.8
Ibiúna,,Mecânico De Manutenção De Máquinas-Ferramentas (Usinagem De Metais),5,3682.72
Americana,,Engenheiro Ambiental,5,10791.75
Americana,,Mestre (Indústria De Automotores E Material De Transportes),5,11132.83
Itapeva,,Fonoaudiólogo Geral,5,3396.14
Ibiúna,,Farmacêutico Em Saúde Pública,5,3601.26
Ibiúna,,Supervisor De Exploração Agropecuária,5,2005.7
Americana,,Professor De Tecnologia E Cálculo Técnico,5,798.08
Araçoiaba da Serra,,Supervisor De Manutenção Eletromecânica,5,9213.54
Pindamonhangaba,,Mecânico De Manutenção De Bicicletas E Veículos Similares,5,1599.16
Itapeva,,Professor De Educação Física Do Ensino Fundamental,5,694.62
Americana,,Chefe De Confeitaria,5,2447.18
Itapeva,,Engenheiro Agrônomo,5,5688.49
Itapeva,,Cirurgião Dentista - Clínico Geral,5,4281.04
Cerquilho,,Gerente De Agência,5,11016.53
Pindamonhangaba,,Selecionador De Material Reciclável,5,5285.92
Araçatuba,,Supervisor De Ensino,5,3358.64
Ibiúna,,Telefonista,5,985.97
Itapetininga,,Cozinhador De Carnes,5,1331.28
Itapetininga,,Cumim,5,917.12
Itapetininga,,Supervisor De Transportes,5,1625.16
Porto Feliz,,Forneiro De Revérbero,5,4013.74
Porto Feliz,,Desenhista Técnico Mecânico,5,3409.48
Araçariguama,,Agente De Pátio,5,3238.68
Porto Feliz,,Agente De Saúde Pública,5,5905.29
Porto Feliz,,Mordomo De Residência,5,2072.5
Cabreúva,,"Produtor Agropecuário, Em Geral",5,1785.22
Itu,,Supervisor De Manutenção De Máquinas Industriais Têxteis,5,5814.32
Araçatuba,,Trabalhador Da Pecuária (Eqüinos),5,1628.31
Pindamonhangaba,,Técnico Em Nutrição E Dietética,5,2105.71
Porto Feliz,,Gerente De Suporte Técnico De Tecnologia Da Informação,5,5504.24
Cabreúva,,Modelador De Madeira,5,1712.09
Cabreúva,,Recepcionista De Hotel,5,1810.72
Itapetininga,,Controlador De Serviços De Máquinas E Veículos,5,2341.62
Pindamonhangaba,,Técnico De Controle De Meio Ambiente,5,3681.4
Cabreúva,,Analista De Pcp (Programação E Controle Da Produção),5,3682.06
Araçoiaba da Serra,,"Cartonageiro, A Máquina",5,1619.13
Porto Feliz,,Motorista Operacional De Guincho,5,2546.47
Porto Feliz,,Gerente De Bar,5,3639.56
Pindamonhangaba,,Enfermeiro Obstétrico,5,4491.82
Itupeva,,Operador De Betoneira,5,3136.21
Porto Feliz,,Desenhista Industrial Gráfico (Designer Gráfico),5,4528.32
Araçatuba,,Topógrafo,5,3482.75
Americana,,Diretor De Arte (Publicidade),5,3074.41
Pindamonhangaba,,Técnico Em Administração De Comércio Exterior,5,2932.91
Pindamonhangaba,,Mestre De Caldeiraria,5,3671.07
Itu,,Administrador De Edifícios,5,4094.83
Itupeva,,Químico Industrial,5,4689.99
Porto Feliz,,Enfermeiro Obstétrico,5,6492.9
Porto Feliz,,Desenhista Projetista De Construção Civil,5,5170.7
Araçatuba,,Assistente Comercial De Seguros,5,2608.23
Araçatuba,,Monitor De Teleatendimento,5,1992.68
Porto Feliz,,Barman,5,2554.29
Porto Feliz,,Gerente De Produção E Operações  Aqüícolas,5,3142.18
Pindamonhangaba,,Operador De Cortadeira De Papel,5,2430.38
Araçatuba,,Professor De História Do Ensino Fundamental,5,2588.64
Araçatuba,,Bombeiro Civil,5,2039.67
Araçatuba,,Enfermeiro De Centro Cirúrgico,5,2316.01
Araçatuba,,Técnico De Comunicação De Dados,5,4174.64
Itu,,Pesquisador De Engenharia Elétrica E Eletrônica,5,3423.18
Porto Feliz,,Auxiliar De Veterinário,5,1345.41
Araçatuba,,"Salsicheiro (Fabricação De Lingüiça, Salsicha E Produtos Similares)",5,3155.33
Boituva,,Instalador De Sistemas Eletroeletrônicos De Segurança,5,1478.48
Itu,,Operador De Máquina Perfuradora (Minas E Pedreiras),5,1754.07
Boituva,,Chefe De Cozinha,5,2078.05
Porto Feliz,,Banhista De Animais Domésticos,5,1634.18
Porto Feliz,,Operador De Máquina De Produtos Farmacêuticos,5,2513.59
Araçatuba,,Mestre De Soldagem,5,2368.8
Araçatuba,,Carpinteiro De Carrocerias,5,1690.82
Boituva,,Carpinteiro De Obras,5,2066.35
Americana,,Operador De Máquina De Eletroerosão,5,4444.79
Boituva,,Operador De Carregadeira,5,3010.28
Itu,,,5,3105.96
Araçatuba,,Gerente De Almoxarifado,5,3590.93
Araçoiaba da Serra,,Técnico De Laboratório Industrial,5,3898.31
Araçatuba,,Magarefe,5,2292.49
Piedade,,"Eletricista De Manutenção De Linhas Elétricas, Telefônicas E De Comunicação De Dados",5,2793.18
Itu,,Xaropeiro,5,1402.72
Porto Feliz,,Advogado,5,4578.59
Porto Feliz,,Professor De Nível Superior Do Ensino Fundamental (Primeira A Quarta Série),5,3053.59
Americana,,Advogado De Empresa,5,5342.46
Porto Feliz,,Supervisor De Tesouraria,5,6915.8
Itupeva,,Desenhista Industrial Gráfico (Designer Gráfico),5,1550.19
Araçatuba,,Monitor De Sistemas Eletrônicos De Segurança Interno,5,2237.34
Boituva,,Tecnólogo Em Secretariado Escolar,5,1635.17
Porto Feliz,,Engenheiro Mecânico,5,7592.35
Araçatuba,,Economista Do Setor Público,5,2967.03
Araçatuba,,Chefe De Serviços Bancários,5,4309.65
Araçariguama,,Instalador De Isolantes Térmicos De Caldeira E Tubulações,5,4309.79
Araçatuba,,Médico Ortopedista E Traumatologista,5,3589.39
Boituva,,Atendente Comercial (Agência Postal),5,2474.22
Boituva,,Técnico Em Atendimento E Vendas,5,3006.79
Araçoiaba da Serra,,Enfermeiro,5,3549.9
Porto Feliz,,Cilindreiro Na Preparação De Pasta Para Fabricação De Papel,5,2772.74
Boituva,,Técnico Em Plástico,5,5255.63
Porto Feliz,,Porteiro (Hotel),5,2574.96
Araçatuba,,Técnico De Imobilização Ortopédica,5,2664.81
Araçoiaba da Serra,,Analista Financeiro (Instituições Financeiras),5,4543.82
Araçatuba,,Operador De Máquina Perfuratriz,5,1963.54
Boituva,,Analista De Redes E De Comunicação De Dados,5,3042.64
Boituva,,Supervisor Das Artes Gráficas  (Indústria Editorial E Gráfica),5,3565.42
Araçatuba,,Impressor De Rotativa,5,2957.22
Porto Feliz,,Assentador De Revestimentos Cerâmicos,5,2251.78
Pindamonhangaba,,Operador De Acabamento (Indústria Gráfica),5,2297.83
Itu,,Professor De História No Ensino Médio,5,2341.65
Piedade,,Operador De Máquinas De Construção Civil E Mineração,5,2113.62
Pindamonhangaba,,Desenhista Técnico (Arquitetura),5,2254.26
Itapetininga,,Professor De Química No Ensino Médio,5,1892.35
Araçatuba,,Chefe De Contabilidade (Técnico),4,4509.95
Porto Feliz,,Supervisor De Embalagem E Etiquetagem,4,4085.8
Araçatuba,,Diretor De Instituição Educacional Pública,4,3781.49
Cerquilho,,Analista De Folha De Pagamento,4,2535
Porto Feliz,,Professor Instrutor De Ensino E Aprendizagem Em Serviços,4,1239.54
Boituva,,Monitor De Sistemas Eletrônicos De Segurança Externo,4,3748.31
Araçoiaba da Serra,,Supervisor De Produção Da Indústria Alimentícia,4,4332.62
Boituva,,Advogado,4,4783.84
Araçatuba,,Enfermeiro Obstétrico,4,4000.73
Boituva,,Operador De Time De Montagem,4,1858.77
Araçatuba,,Analista De Gestão De Estoque,4,2870.48
Araçoiaba da Serra,,Operador De Máquina De Produtos Farmacêuticos,4,2851.34
Araçatuba,,Marinheiro De Máquinas,4,3451.63
Pindamonhangaba,,Operador De Processo De Moagem,4,2387.66
Porto Feliz,,Operador De Colheitadeira,4,2934.19
Araçatuba,,Analista De Informações (Pesquisador De Informações De Rede),4,3716.81
Araçatuba,,Caldeireiro (Chapas De Cobre),4,2909.25
Itupeva,,Engenheiro Mecânico Automotivo,4,8748.17
Boituva,,Montador De Equipamentos Elétricos (Transformadores),4,1651.66
Araçoiaba da Serra,,Atendente Comercial (Agência Postal),4,3720.86
Boituva,,Operador De Pá Carregadeira,4,3296.87
Araçatuba,,Consultor Contábil (Técnico),4,3687.12
Boituva,,Fisioterapeuta Geral,4,2169.22
Americana,,Encarregado De Manutenção Elétrica De Veículos,4,4751.29
Itu,,Chefe De Serviços Bancários,4,5138.7
Porto Feliz,,Desenhista Detalhista,4,3302.77
Araçatuba,,Visual Merchandiser,4,2233.42
Porto Feliz,,"Tecelão De Tapetes, A  Mão",4,2841.94
Araçatuba,,Agente De Recrutamento E Seleção,4,2366.27
Araçoiaba da Serra,,Marmorista (Construção),4,2263.88
Itu,,Mestre (Construção Naval),4,5355.08
Porto Feliz,,Gerente De Agência,4,12371.46
Piedade,,Técnico De Garantia Da Qualidade,4,3452.87
Araçatuba,,Chaveiro,4,2486.74
Itupeva,,Analista De Sistemas De Automação,4,6604.36
Araçatuba,,Analista De Exportação E Importação,4,3827.14
Porto Feliz,,Gerente De Pesquisa E Desenvolvimento (P&D),4,13835.82
Porto Feliz,,Analista De Negócios,4,2634.84
Araçoiaba da Serra,,Leiturista,4,2311.86
Boituva,,Gerente De Bar,4,2047.4
Araçatuba,,"Técnico De Operação (Química, Petroquímica E Afins)",4,2962.8
Araçatuba,,Colorista De Papel,4,2233.5
Pindamonhangaba,,Consultor Contábil (Técnico),4,3625.93
Araçoiaba da Serra,,Operador De Máquina Perfuratriz,4,2668.36
Araçatuba,,Pintor Por Imersão,4,2325.64
Piedade,,Economista Financeiro,4,3556.9
Macatuba,,Gerente De Produção E Operações,4,7543.6
Boituva,,Temperador De Metais E De Compósitos,4,2018.52
Porto Feliz,,Professor De Educação Física Do Ensino Fundamental,4,2238.69
Boituva,,Supervisor De Telemarketing E Atendimento,4,4095.99
Boituva,,Mestre (Indústria De Máquinas E Outros Equipamentos Mecânicos),4,6117.79
Porto Feliz,,Auxiliar De Serviços De Importação E Exportação,4,1484.87
Macatuba,,Copeiro De Hospital,4,1774.79
Boituva,,Gerente De Operações De Transportes,4,6881.61
Porto Feliz,,Funileiro De Veículos (Reparação),4,2451.34
Macatuba,,Mestre (Construção Civil),4,3035.77
Macatuba,,Motorista Operacional De Guincho,4,2396.14
Boituva,,Piloto Comercial (Exceto Linhas Aéreas),4,33185.75
Araçariguama,,Supervisor De Produção Da Indústria Alimentícia,4,4172.22
Araçatuba,,Secretário  Bilíngüe,4,3524.69
Macatuba,,Recreador,4,2787.15
Piedade,,Operador De Máquinas De Usinar Madeira (Cnc),4,1954.3
Americana,,Controlador De Serviços De Máquinas E Veículos,4,3465.04
Araçatuba,,Operador De Rádio-Chamada,4,809.06
Araçoiaba da Serra,,Churrasqueiro,4,2665.9
Araçoiaba da Serra,,Auxiliar De Veterinário,4,1608.73
Macatuba,,Desenhista Projetista Mecânico,4,8283.45
Cabreúva,,Mecânico De Refrigeração,4,5820.93
Itu,,Gerente De Operações De Correios E Telecomunicações,4,3173.84
Araçariguama,,Operador De Telemarketing Receptivo,4,1561.16
Porto Feliz,,Impressor Digital,4,1904.17
Porto Feliz,,Conferente-Expedidor De Roupas (Lavanderias),4,3538.73
Itupeva,,Inspetor De Serviços De Transportes Rodoviários (Passageiros E Cargas),4,2786.78
Porto Feliz,,Soprador De Convertedor,4,2086.23
Pindamonhangaba,,Técnico Em Petroquímica,4,6725.88
Itapetininga,,Advogado De Empresa,4,18402.53
Cabreúva,,Operador De Máquina De Moldar Automatizada,4,3531.19
Itu,,Diretor De Marketing,4,16535.77
Pindamonhangaba,,Supervisor De Caixas E Bilheteiros (Exceto Caixa De Banco),4,2314.95
Araçatuba,,"Costurador De Calçados, A  Máquina",4,1217.12
Pindamonhangaba,,Desenhista Técnico (Construção Civil),4,2350.31
Piedade,,Montador De Equipamentos Eletrônicos (Computadores E Equipamentos Auxiliares),4,2778.01
Cabreúva,,Maître,4,2842.92
Porto Feliz,,Galvanizador,4,3920.84
Porto Feliz,,Mordomo De Hotelaria,4,2557.59
Itapetininga,,Médico Ginecologista E Obstetra,4,6538.82
Cabreúva,,Operador De Torno Com Comando Numérico,4,3111.18
Porto Feliz,,Recreador,4,2723.12
Itapeva,,Gerente De Produção E Operações  Florestais,4,11864.78
Itu,,Administrador De Banco De Dados,4,6395.86
Cerquilho,,Desenhista Industrial De Produto (Designer De Produto),4,8127.38
Itu,,Visual Merchandiser,4,2611.08
Itupeva,,Impressor De Ofsete (Plano E Rotativo),4,3925.57
Araçatuba,,Costureira De Peças Sob Encomenda,4,1393.23
Itu,,Diretor De Serviços De Saúde,4,10565.49
Cerquilho,,Supervisor De Tesouraria,4,6150.2
Cabreúva,,Auxiliar De Laboratório De Análises Físico-Químicas,4,1844.88
Cabreúva,,Lavador De Roupas  A Maquina,4,2464.93
Araçatuba,,Professor De Artes No Ensino Médio,4,736.26
Pindamonhangaba,,Assentador De Canalização (Edificações),4,1693.65
Araçatuba,,Professor De História No Ensino Médio,4,2773.52
Charqueada,,Operador De Mídia Audiovisual,4,793.14
Porto Feliz,,Técnico Em Mecatrônica - Automação Da Manufatura,4,3832.45
Cabreúva,,Lubrificador Industrial,4,1442.82
Itupeva,,Calandrista De Borracha,4,2919.68
Porto Feliz,,Professor De Matemática Do Ensino Fundamental,4,4000.29
Araçatuba,,Supervisor De Orçamento,4,4671.29
Porto Feliz,,Supervisor De Exploração Pecuária,4,4138.64
Charqueada,,Apontador De Produção,4,2918.63
Cerquilho,,Operador De Exaustor (Coqueria),4,2030.41
Araçatuba,,"Supervisor De Manutenção Eletromecânica Industrial, Comercial E Predial",4,3260.36
Cabreúva,,Auditor (Contadores E Afins),4,10482.49
Pindamonhangaba,,Impressor De Corte E Vinco,4,1816.78
Cerquilho,,"Confeccionador De Escovas, Pincéis E Produtos Similares (A Máquina)",4,1759.43
Araçatuba,,Bilheteiro No Serviço De Diversões,4,760.26
Itu,,Forneiro E Operador (Forno Elétrico),4,1831.18
Araçatuba,,Atendente De Lavanderia,4,1046.9
Porto Feliz,,Analista De Redes E De Comunicação De Dados,4,4868.8
Cerquilho,,Barman,4,1647.65
Cabreúva,,Químico,4,12119.04
Itu,,Operador De Incubadora,4,2223.14
Itu,,Operador De Painel De Controle,4,2666.65
Porto Feliz,,Diretor De Mídia (Publicidade),4,5726.43
Pindamonhangaba,,Avaliador Físico,4,1097
Itupeva,,Mecânico De Manutenção De Tratores,4,3405.82
Pindamonhangaba,,Arquivista De Documentos,4,1484.2
Porto Feliz,,Enfermeiro Do Trabalho,4,4912.97
Itapetininga,,Professor De Contabilidade,4,0
Itu,,Digitador,4,2439.11
Piedade,,Operador De Telemarketing Ativo E Receptivo,4,1098.01
Porto Feliz,,Médico Clínico,4,6604.31
Itupeva,,Professor De Nível Médio Na Educação Infantil,4,1985.51
Cerquilho,,Professor De Nível Médio No Ensino Fundamental,4,1730.64
Itu,,Agente De Portaria,4,2284.44
Ibiúna,,Gestor Em Segurança,4,4934.32
Pindamonhangaba,,Diretor De Manutenção,4,6551.87
Araçatuba,,Professor De História Do Ensino Superior,4,7003.64
Itu,,Assessor De Imprensa,4,3168.23
Pindamonhangaba,,"Supervisor De Fabricação De Produtos Cerâmicos, Porcelanatos E Afins",4,6247.84
Cerquilho,,Operador De Telemarketing Ativo,4,1512.73
Araçariguama,,Engenheiro De Materiais,4,23999.05
Pindamonhangaba,,Pesquisador De Engenharia E Tecnologia (Outras Áreas Da Engenharia),4,9687.71
Itapeva,,Operador De Compactadora De Solos,4,4294.33
Itupeva,,Xaropeiro,4,2269.49
Ibiúna,,Agente Funerário,4,2993.24
Itupeva,,"Mestre (Indústria De Celulose, Papel E Papelão)",4,6801.7
Americana,,Diretor De Serviços De Saúde,4,11237.29
Itupeva,,Lagareiro,4,4383.52
Itapeva,,Psicólogo Educacional,4,3040.66
Pindamonhangaba,,Gerente De Infraestrutura De Tecnologia Da Informação,4,16290.45
Dourado,,Técnico De Planejamento De Produção,4,5030.89
Pindamonhangaba,,Mestre (Indústria Petroquímica E Carboquímica),4,9762.26
Itupeva,,Instalador-Reparador De Linhas E Aparelhos De Telecomunicações,4,2556.22
Itupeva,,Sushiman,4,4141.76
Pindamonhangaba,,Gerente De Produção E Operações Agropecuárias,4,7342.74
Charqueada,,Supervisor De Lavanderia,4,1896.38
Araçoiaba da Serra,,Engenheiro Agrônomo,4,7336.69
Itupeva,,Telefonista,4,3179.93
Americana,,Montador De Máquinas Têxteis,4,6238.45
Itapetininga,,Agente De Defesa Ambiental,4,5303.41
Itapetininga,,Passador De Roupas Em Geral,4,1076.75
Charqueada,,Administrador,4,4560.64
Itapetininga,,Modelador De Madeira,4,1426.12
Itupeva,,Operador De Linha De Montagem (Aparelhos Eletrônicos),4,1610.3
Araçariguama,,Técnico De Apoio Em Pesquisa E Desenvolvimento (Exceto Agropecuário E Florestal),4,8779.22
Araçoiaba da Serra,,Gerente De Contas - Pessoa Física E Jurídica,4,7101.2
Araçatuba,,Trabalhador No Cultivo De Espécies Frutíferas Rasteiras,4,1532.08
Charqueada,,Atendente Comercial (Agência Postal),4,3189.2
Pindamonhangaba,,Gerente De Serviços De Saúde,4,15504.75
Itu,,"Bobinador Eletricista, À Mão",4,2988.66
Pindamonhangaba,,Relações Públicas,4,7250.85
Araçatuba,,Supervisor De Manutenção Eletromecânica (Utilidades),4,7997.94
Itapeva,,Técnico De Controle De Meio Ambiente,4,6975.67
Piedade,,Pesquisador De Engenharia Mecânica,4,7491.05
Araçatuba,,Confeccionador De Artefatos De Couro (Exceto Sapatos),4,1733.1
Americana,,Auxiliar De Judiciário,4,1938.19
Ibiúna,,Operador De Estação De Tratamento De Água E Efluentes,4,4262.67
Araçoiaba da Serra,,Gerente De Suporte Técnico De Tecnologia Da Informação,4,7231.68
Itapetininga,,Gerente De Grandes Contas (Corporate),4,5647.74
Americana,,Gerente De Serviços Culturais,4,2365.62
Ibiúna,,Supervisor De Transportes,4,2848.94
Itapeva,,Mecânico Montador De Motores De Explosão E Diesel,4,1242.35
Itu,,Confeccionador De Pneumáticos,4,1751.62
Itu,,Operador De Máquina De Cortar E Dobrar Papelão,4,1885.09
Pindamonhangaba,,Engenheiro Químico,4,11648.3
Cerquilho,,Chefe De Cozinha,4,1936.8
Itu,,Inspetor De Terraplenagem,4,3845.86
Itupeva,,Consultor Jurídico,4,3338.47
Araçoiaba da Serra,,Lubrificador De Veículos Automotores (Exceto Embarcações),4,1403.3
Itu,,Operador De Máquina De Fabricar Papel E Papelão,4,1983.42
Itu,,Desenhista Projetista De Eletricidade,4,2854.79
Americana,,Montador De Equipamentos Eletrônicos (Aparelhos Médicos),4,1599.29
Americana,,Afiador De Ferramentas,4,1977.69
Itu,,"Trabalhador Da Exploração De Árvores E Arbustos Produtores De Substâncias Aromát., Medic. E Tóxicas",4,1729.85
Itupeva,,Mecânico De Manutenção De Máquinas-Ferramentas (Usinagem De Metais),4,5506.95
Araçatuba,,Supervisor Técnico Operacional De Sistemas De Televisão E Produtoras De Vídeo,4,4312.19
Itupeva,,Operador De Esmaltadeira,4,3945.49
Ibiúna,,"Costureiro, A  Máquina  Na Confecção Em Série",4,1476.5
Charqueada,,Gerente De Agência,4,7076.56
Itupeva,,Cozinheiro Industrial,4,1980.14
Americana,,Trabalhador Da Fabricação De Resinas E Vernizes,4,1733.31
Americana,,Montador De Equipamentos Elétricos (Transformadores),4,1757.2
Ibiúna,,Operador De Draga,4,1849.93
Americana,,Supervisor Das Artes Gráficas  (Indústria Editorial E Gráfica),4,2048.66
Cerquilho,,Médico Clínico,4,3099.78
Macatuba,,Professor Prático No Ensino Profissionalizante,4,2201.07
Araçoiaba da Serra,,Diretor De Instituição Educacional Da Área Privada,4,3371.45
Araçatuba,,Controlador De Serviços De Máquinas E Veículos,4,5910.17
Araçatuba,,Passadeira De Peças Confeccionadas,4,1552.92
Itapetininga,,Cobrador De Transportes Coletivos (Exceto Trem),4,1409.53
Araçatuba,,Programador De Máquinas - Ferramenta Com Comando Numérico,4,3105.12
Araçoiaba da Serra,,Operador De Máquina De Dobrar Chapas,4,2520.99
Araçatuba,,Codificador De Dados,4,1680.91
Itu,,Técnico Químico De Petróleo,4,2555.7
Araçatuba,,Diretor De Mídia (Publicidade),4,3909.1
Araçatuba,,Técnico De Enfermagem Do Trabalho,4,2813.56
Itupeva,,Trabalhador De Pecuária Polivalente,4,2242.91
Araçatuba,,Operador De Guilhotina (Corte De Papel),4,3131.55
Pindamonhangaba,,Supervisor De Ensino,4,1800.36
Dourado,,Operador De Estação De Tratamento De Água E Efluentes,4,3101.98
Araçoiaba da Serra,,Gerente Financeiro,4,3388.52
Pindamonhangaba,,Tesoureiro De Banco,4,4772.05
Itu,,Auxiliar De Enfermagem Do Trabalho,4,2862.15
Itu,,Piloto De Aeronaves,4,4913.93
Macatuba,,Expedidor De Mercadorias,4,2583.94
Itapeva,,Gerente De Marketing,4,2323.03
Araçatuba,,Massoterapeuta,4,1975.98
Americana,,Trabalhador No Cultivo De Plantas Ornamentais,4,1997.27
Araçatuba,,Montador De Equipamentos Elétricos (Transformadores),4,1649.83
Itapeva,,Agente De Viagem,4,1456.96
Itupeva,,Inspetor De Risco,4,1654.34
Araçoiaba da Serra,,Psicólogo Clínico,4,2597.49
Macatuba,,Trabalhador Agropecuário Em Geral,4,1377.05
Araçariguama,,Operador De Máquina De Lavar Fios E Tecidos,4,1943.22
Boituva,,Tecnólogo Em Produção Industrial,4,0
Boituva,,Produtor De Espécies Frutíferas Rasteiras,4,7669.95
Itupeva,,Gerente De Hotel,4,5438.06
Araçatuba,,Analista De Logistica,4,2103.4
Itapetininga,,Fermentador,4,1972
Itu,,Auxiliar De Serviços De Importação E Exportação,4,2823.93
Itupeva,,Manobrador,4,2389.09
Itapetininga,,Inseminador,4,2311.18
Boituva,,Técnico Mecânico Na Fabricação De Ferramentas,4,4965.14
Araçoiaba da Serra,,Pesquisador Em Ciências Da Computação E Informática,4,4109.68
Araçatuba,,Auditor (Contadores E Afins),4,2341.08
Itapetininga,,Médico Neurologista,4,3409.35
Dourado,,Recepcionista De Hotel,4,2140.7
Itu,,Emissor De Passagens,4,1736.87
Araçatuba,,Técnico De Alimentos,4,1856.52
Itupeva,,Demonstrador De Mercadorias,4,3061.39
Araçatuba,,Chefe De Portaria De Hotel,4,2225.35
Itu,,Operador De Câmaras Frias,4,2050.07
Itu,,Operador De Máquina De Etiquetar,4,2256.58
Americana,,Operador De Time De Montagem,4,4020.52
Americana,,Auxiliar De Serviços De Importação E Exportação,4,2890.05
Itapetininga,,Secretário  Bilíngüe,4,3876.82
Dourado,,Cirurgião Dentista De Saúde Coletiva,4,3629.3
Piedade,,Impregnador De Madeira,4,1439.82
Boituva,,Operador De Zincagem (Processo Eletrolítico),4,2256.7
Araçoiaba da Serra,,Agente De Vendas De Serviços,4,945
Araçatuba,,Encarregado De Manutenção Elétrica De Veículos,4,2369.51
Americana,,"Bobinador Eletricista, À Mão",4,3587.04
Americana,,Auxiliar De Radiologia (Revelação Fotográfica),4,2742.8
Itapeva,,Técnico De Suporte Ao Usuário De Tecnologia Da Informação,4,2370
Americana,,Serrador De Madeira,4,1720.57
Araçariguama,,Economista Do Setor Público,4,4147.93
Itupeva,,Artista De Circo (Outros),4,2558.33
Itupeva,,Colchoeiro (Confecção De Colchões),4,2157.68
Americana,,Pintor De Letreiros,4,3211.99
Cerquilho,,Desenhista Projetista Mecânico,4,4480.72
Itu,,Operador De Torno Automático (Usinagem De Madeira),4,2624.13
Araçatuba,,Cronometrista,4,1607.73
Araçatuba,,Decapador,4,1669.23
Charqueada,,Motorista Operacional De Guincho,4,2860.01
Araçariguama,,Camareiro  De Hotel,4,1685.62
Itupeva,,Operador De Motosserra,4,2210.9
Americana,,Psicólogo Hospitalar,4,3471.71
Pindamonhangaba,,Gerente De Almoxarifado,4,2977.64
Itapetininga,,Inspetor De Sinistros,4,1349.56
Americana,,Avaliador De Imóveis,4,1529.1
Americana,,Técnico Em Administração,4,2051.97
Americana,,Auxiliar De Banco De Sangue,4,2443.06
Americana,,Químico Industrial,4,7077.7
Araçoiaba da Serra,,Rebarbador De Metal,4,2576.29
Boituva,,Técnico Em Eletromecânica,4,3619.65
Araçatuba,,Trabalhador Da Elaboração De Pré-Fabricados (Cimento Amianto),4,1986.15
Araçatuba,,Avaliador De Bens Móveis,4,3255.4
Araçatuba,,Diretor De Marketing,4,4118.34
Itapetininga,,"Montador De Máquinas, Motores E Acessórios (Montagem Em Série)",4,1164.87
Itupeva,,Publicitário,4,3853.25
Araçariguama,,Controlador De Pragas,4,1915.74
Araçatuba,,Preparador De Máquinas-Ferramenta,4,2305.01
Araçoiaba da Serra,,Trabalhador No Cultivo De Flores E Folhagens De Corte,4,2014.95
Araçatuba,,Organizador De Evento,4,4553.76
Araçariguama,,Professor De Nível Superior Na Educação Infantil (Zero A Três Anos),4,1161.76
Itupeva,,Pedreiro De Edificações,4,2073.59
Boituva,,Cortador De Roupas,4,2441.73
Araçoiaba da Serra,,Mestre Carpinteiro,4,3156.45
Pindamonhangaba,,Instalador De Som E Acessórios De Veículos,4,1450.67
Boituva,,"Instalador De Material Isolante, A Mão (Edificações)",4,1761.12
Itu,,Técnico De Desporto Individual E Coletivo (Exceto Futebol),4,709.55
Itapeva,,Analista De Planejamento De Manutenção,4,1287.96
Araçariguama,,Instalador De Tubulações,4,6744.48
Americana,,Operador De Motoniveladora,4,2690.47
Boituva,,Supervisor De Embalagem E Etiquetagem,4,2987.03
Araçariguama,,"Moldador De Abrasivos Na Fabricação De Cerâmica, Vidro E Porcelana",4,1511.11
Boituva,,Auxiliar De Laboratório De Análises Clínicas,4,1420.33
Araçoiaba da Serra,,Técnico Agrícola,4,4345.48
Itapetininga,,Visual Merchandiser,4,1964.06
Boituva,,Operador De Linha De Montagem (Aparelhos Elétricos),4,1545.71
Araçoiaba da Serra,,Avaliador Físico,4,1984.02
Araçoiaba da Serra,,Assistente Social,4,2376.48
Itupeva,,Colorista De Papel,4,5802.05
Itapeva,,Montador De Estruturas Metálicas,4,1464.13
Itu,,Operador De Trator Florestal,4,1313.85
Araçariguama,,Montador De Calçados,4,2097.92
Araçatuba,,Supervisor Da Indústria De Minerais Não Metálicos (Exceto Os Derivados De Petróleo E Carvão),4,7120.8
Itu,,Guardador De Veículos,4,1928.56
Itupeva,,Orientador Educacional,4,1881.11
Araçoiaba da Serra,,Engenheiro Civil (Estruturas Metálicas),4,7570.95
Araçariguama,,Cozinheiro Industrial,4,2110.33
Itapetininga,,Operador De Guilhotina (Corte De Papel),4,1904.13
Boituva,,Visual Merchandiser,4,1854.1
Itu,,Foguista (Locomotivas A Vapor),4,2013.27
Itu,,Forneiro E Operador (Refino De Metais Não-Ferrosos),4,3484.88
Araçariguama,,Bombeiro Civil,4,0
Americana,,"Operador De Máquina Eletroerosão, À Fio, Com Comando Numérico",4,3431.18
Itu,,Modelador De Metais (Fundição),4,3224.27
Americana,,Despachante De Transportes Coletivos (Exceto Trem),4,1886.89
Boituva,,Engenheiro Eletrônico,4,9269.12
Itapeva,,Balanceador,4,2739.56
Itapetininga,,Professor De Ensino Superior Na Área De Prática De Ensino,4,996.21
Itapetininga,,Carpinteiro De Fôrmas Para Concreto,4,2209.78
Itapeva,,Eletrotécnico,4,3416.92
Americana,,Assentador De Revestimentos Cerâmicos,4,2855.05
Ibiúna,,Engenheiro Eletricista,4,13256.51
Itupeva,,Técnico Em Administração,4,2392.63
Itu,,Montador De Equipamentos Eletrônicos (Máquinas Industriais),4,3437.05
Ibiúna,,Eletrotécnico,4,17749.54
Itapetininga,,Operador De Usinagem Convencional Por Abrasão,4,1874.55
Itupeva,,Técnico De Contabilidade,4,7176.66
Itapetininga,,Oxicortador A Mão E A  Máquina,4,2289.81
Itu,,Chefe De Portaria De Hotel,4,2532.06
Araçariguama,,Técnico De Vendas,4,4105.88
Itupeva,,Diretor De Pesquisa E Desenvolvimento (P&D),4,31345.61
Itupeva,,Trabalhador Da Cultura De Cana-De-Açúcar,4,1606.51
Ibiúna,,Técnico De Controle De Meio Ambiente,4,12144.16
Itupeva,,"Confeccionador De Escovas, Pincéis E Produtos Similares (A Máquina)",4,3715.31
Araçariguama,,Trabalhador De Fabricação De Vinhos,4,2919.27
Itapetininga,,Médico Em Radiologia E Diagnóstico Por Imagem,4,12284.03
Araçatuba,,Operador De Ponte Rolante,4,2581.82
Itu,,Consultor Contábil (Técnico),4,1435.36
Itapetininga,,Auxiliar De Corte (Preparação Da Confecção De Roupas),4,1314.87
Piedade,,Professor De Nível Médio Na Educação Infantil,4,1291.42
Piedade,,Professor De Educação Física Do Ensino Fundamental,4,1179.03
Ibiúna,,Balanceiro,4,1688.22
Cabreúva,,Engenheiro Eletrônico De Manutenção,4,9335.54
Itapeva,,Supervisor De Compras,4,7695.64
Pindamonhangaba,,Instalador De Sistemas Eletroeletrônicos De Segurança,4,1700.9
Araçatuba,,Produtor Agrícola Polivalente,4,1725.93
Itapetininga,,Médico Dermatologista,4,9824.98
Dourado,,Padeiro,4,2022.07
Cabreúva,,Técnico Em Mecatrônica - Automação Da Manufatura,4,5831.95
Cabreúva,,Supervisor De Orçamento,4,7474.98
Itu,,Professor De Técnicas De Enfermagem,4,1118.66
Cabreúva,,Mecânico De Manutenção De Equipamento De Mineração,4,7453.77
Itapeva,,Auxiliar De Corte (Preparação Da Confecção De Roupas),4,1348.02
Cabreúva,,Advogado,4,5409.27
Itapeva,,Estofador De Móveis,4,1910.53
Piedade,,Operador De Telemarketing Técnico,4,1419.27
Itu,,Trabalhador Da Elaboração De Pré-Fabricados (Cimento Amianto),4,3082.73
Pindamonhangaba,,Mestre De Trefilação De Metais,4,5332.9
Itupeva,,Diretor Financeiro,4,17018.47
Itu,,Gerente De Riscos,4,7264.31
Pindamonhangaba,,Monitor De Sistemas Eletrônicos De Segurança Externo,4,1646.8
Ibiúna,,Atendente De Agência,4,2169.48
Itapeva,,Engenheiro Civil,4,11589.83
Piedade,,Professor De Língua Inglesa,4,3238.2
Cabreúva,,Desenhista Técnico Mecânico,4,3813.39
Itu,,Técnico De Manutenção Eletrônica (Circuitos De Máquinas Com Comando Numérico),4,3423.83
Piedade,,Analista De Desenvolvimento De Sistemas,4,4606.1
Itu,,"Ferramenteiro De Mandris, Calibradores E Outros Dispositivos",4,3068.09
Itupeva,,Técnico Em Piscicultura,4,2185.9
Cabreúva,,Gerente De Operações De Transportes,4,3981.32
Itapeva,,Esteticista,4,1495.7
Ibiúna,,Supervisor De Logística,4,3052.76
Piedade,,Auxiliar De Laboratório De Análises Clínicas,4,1485.21
Cabreúva,,Motorista Operacional De Guincho,4,2194.33
Itapetininga,,Engenheiro Químico,4,12162.82
Ibiúna,,Banhista De Animais Domésticos,4,1211.75
Itapetininga,,Forneiro E Operador (Forno Elétrico),4,1938.6
Araçatuba,,Técnico Mecânico (Aeronaves),4,7529.36
Itu,,Professor De Filosofia No Ensino Médio,4,1441.29
Itapeva,,Ajudante De Confecção,4,1461.56
Piedade,,"Encarregado De Manutenção De Instrumentos De Controle, Medição E Similares",4,2258.96
Itu,,Organizador De Evento,4,3569.87
Pindamonhangaba,,Estofador De Móveis,4,1486.99
Pindamonhangaba,,Monitor De Transporte Escolar,4,802.53
Itu,,Avaliador De Imóveis,4,1083.27
Cabreúva,,Auxiliar De Cartório,4,1938.24
Itapetininga,,Calceteiro,4,2437.74
Cabreúva,,Operador De Linha De Montagem (Aparelhos Eletrônicos),4,1787.74
Ibiúna,,Forneiro (Materiais De Construção),4,2652.93
Itapetininga,,Operador De Torno Com Comando Numérico,4,2890.79
Araçariguama,,Documentalista,4,4803.26
Itapetininga,,Ciclista Mensageiro,4,2259.84
Itapeva,,Farmacêutico Analista Clínico,4,3313.49
Americana,,Técnico De Manutenção Elétrica De Máquina,4,3724.42
Americana,,Fosfatizador,4,2792.84
Itu,,"Operador De Máquinas De Fabricação De Doces, Salgados E Massas Alimentícias",4,1602.1
Ibiúna,,"Operador De Utilidade (Produção E Distribuição De Vapor, Gás, Óleo, Combustível, Energia, Oxigênio)",4,5602.65
Itu,,Professor De Artes No Ensino Médio,4,2100.17
Itu,,Redator De Textos Técnicos,4,2080.89
Itu,,Mantenedor De Equipamentos De Parques De Diversões E Similares,4,1944.3
Itu,,Queijeiro Na Fabricação De Laticínio,4,1822.37
Ibiúna,,Operador De Caldeira,4,5375.2
Piedade,,Abatedor,4,1244.1
Itupeva,,Operador De Processo De Moagem,4,2088.26
Ibiúna,,Cobrador Externo,4,3391.71
Pindamonhangaba,,Projetista De Móveis,4,1698.06
Pindamonhangaba,,Esteticista,4,2376.61
Piedade,,Leiturista,4,1759.37
Cabreúva,,Professor De Educação Física Do Ensino Fundamental,4,1771.34
Itapeva,,Serrador De Bordas No Desdobramento De Madeira,4,1442.9
Araçariguama,,Técnico Em Administração,4,9328
Macatuba,,Técnico Em Radiologia E Imagenologia,4,4954.74
Ibiúna,,Analista De Pesquisa De Mercado,4,3424.38
Macatuba,,Cirurgião Dentista De Saúde Coletiva,4,7915.15
Itu,,Engenheiro De Materiais,4,5533.05
Itu,,Tecnólogo Em Secretariado Escolar,4,2228.03
Americana,,Mestre De Produção Farmacêutica,4,3239.92
Cabreúva,,Supervisor De Carga E Descarga,4,6119.71
Americana,,Trabalhador No Cultivo De Flores Em Vaso,4,2847.36
Itupeva,,Supervisor De Cobrança,4,6152.04
Macatuba,,Técnico De Garantia Da Qualidade,4,5506.39
Itupeva,,Coletor De Resíduos Sólidos De Serviços De Saúde,4,2352.01
Macatuba,,Técnico Agrícola,4,4696.32
Cabreúva,,Diretor Comercial,4,13580.11
Piedade,,Instalador De Sistemas Eletroeletrônicos De Segurança,4,1367.15
Araçariguama,,Gerente De Departamento Pessoal,4,5621.4
Itu,,"Mestre (Indústria De Celulose, Papel E Papelão)",4,7572.4
Americana,,"Supervisor De Operação Elétrica (Geração, Transmissão E Distribuição De Energia Elétrica)",4,3931.45
Itupeva,,Gestor Em Segurança,4,6923.74
Americana,,Analista De Planejamento De Materias,4,4245.86
Cabreúva,,Técnico Em Mecânica De Precisão,4,9151.55
Itu,,Museólogo,4,6698.82
Itapeva,,Assistente Comercial De Seguros,4,1995
Araçariguama,,Agente De Vendas De Serviços,4,4239.86
Itu,,Gerente De Produtos Bancários,4,9173.84
Macatuba,,Balanceiro,4,2746.35
Itu,,Arquiteto De Soluções De Tecnologia Da Informação,4,10688.93
Araçariguama,,Analista De Exportação E Importação,4,5820.82
Ibiúna,,Recebedor De Apostas (Loteria),4,1443.56
Itu,,Gerente De Almoxarifado,4,12127.01
Pindamonhangaba,,Cumim,4,1384.63
Cabreúva,,Vendedor Pracista,4,11461.34
Itu,,"Trabalhador Na Olericultura (Talos, Folhas E Flores)",4,1260.58
Americana,,Cirurgião Dentista De Saúde Coletiva,4,9143.09
Piedade,,Professor De Nível Superior Na Educação Infantil (Quatro A Seis Anos),4,1619.98
Piedade,,Babá,4,1363.61
Itapeva,,Educador Social,4,1633.09
Itu,,Professor De Ciências Exatas E Naturais Do Ensino Fundamental,4,2705.37
Itu,,Professor De Língua Estrangeira Moderna Do Ensino Fundamental,4,2657.49
Macatuba,,Camareiro  De Hotel,4,1673.28
Cabreúva,,Diretor Geral De Empresa E Organizações (Exceto De Interesse Público),4,33081.03
Piedade,,Auxiliar De Veterinário,4,1497.33
Piedade,,Cobrador Externo,4,2820.26
Cabreúva,,Supervisor De Exploração Agropecuária,4,1422.34
Itupeva,,Agente Fiscal De Qualidade,4,3777.55
Americana,,Fiscal De Transportes Coletivos (Exceto Trem),4,2241.3
Itu,,Churrasqueiro,4,1725.91
Macatuba,,Motorista De Furgão Ou Veículo Similar,4,2334.38
Macatuba,,Auxiliar De Laboratório De Análises Físico-Químicas,4,1883.01
Macatuba,,Trabalhador De Serviços De Limpeza E Conservação De Áreas Públicas,4,1728.67
Americana,,Planejista,4,4181.85
Itapetininga,,Operador De Guindaste Móvel,4,1640.78
Itapeva,,Forneiro (Materiais De Construção),4,2461.37
Itupeva,,Professor De Nível Médio No Ensino Profissionalizante,4,1789.15
Araçariguama,,"Encarregado De Manutenção De Instrumentos De Controle, Medição E Similares",4,3139.47
Piedade,,Supervisor De Embalagem E Etiquetagem,4,2065.51
Itapeva,,"Embalador, A Máquina",4,2422.1
Piedade,,Supervisor De Caixas E Bilheteiros (Exceto Caixa De Banco),4,2079.55
Itu,,Mestre De Produção Química,4,3889.47
Cabreúva,,Borracheiro,4,2153.67
Ibiúna,,Cozinhador (Conservação De Alimentos),4,1725.07
Macatuba,,Instrutor De Auto-Escola,4,2379.86
Americana,,Supervisor De Vigilantes,4,5170.63
Americana,,Operador De Forno De Tratamento Térmico De Metais,4,5232.63
Americana,,Psicólogo Educacional,4,3415.23
Pindamonhangaba,,Mestre De Fundição,4,6454.74
Pindamonhangaba,,Gerente De Serviços Sociais,4,3772.28
Itupeva,,Colorista Têxtil,4,3404.35
Itupeva,,Tecnólogo Em Segurança Do Trabalho,4,3758.8
Pindamonhangaba,,Gerente De Serviços Culturais,4,4331.35
Piedade,,Agente De Pátio,4,2476.13
Pindamonhangaba,,Técnico Em Óptica E Optometria,4,3168.76
Pindamonhangaba,,Gerente De Hotel,4,4000.72
Itapetininga,,Técnico De Laboratório Industrial,4,3636.81
Piedade,,Barman,4,2156.89
Americana,,Técnico De Matéria-Prima E Material,4,2792.4
Pindamonhangaba,,Digitador,4,1370.29
Piedade,,Apontador De Mão-De-Obra,4,2234.45
Araçariguama,,Mestre De Aciaria,4,10854.16
Piedade,,Mestre (Construção Civil),4,2111.26
Piedade,,Operador De Turismo,4,1617.71
Ibiúna,,"Encarregado De Manutenção De Instrumentos De Controle, Medição E Similares",4,2637.25
Cerquilho,,Analista De Exportação E Importação,4,4746.5
Ibiúna,,Armador De Estrutura De Concreto,4,1930.9
Pindamonhangaba,,Supervisor De Contas A Pagar,4,3830.55
Cerquilho,,Gerente Financeiro,4,6925.73
Itapetininga,,Operador De Escória E Sucata,4,2125.13
Araçariguama,,Técnico Em Atendimento E Vendas,4,8966.81
Charqueada,,Instrutor De Auto-Escola,4,1788.61
Araçariguama,,Químico Industrial,4,7877.13
Cabreúva,,Calandrista De Borracha,4,2092.63
Americana,,Enfermeiro Obstétrico,4,6290.25
Americana,,Agente De Recrutamento E Seleção,4,2534.11
Itupeva,,Modelo Artístico,4,2599.81
Piedade,,Operador De Laminador,4,3101.29
Cerquilho,,Engenheiro De Segurança Do Trabalho,4,6823.86
Cabreúva,,Forneiro (Materiais De Construção),4,2616.14
Itupeva,,"Supervisor De Fabricação De Produtos Cerâmicos, Porcelanatos E Afins",4,5287.79
Boituva,,Técnico Em Radiologia E Imagenologia,4,3415.87
Pindamonhangaba,,"Técnico Mecânico (Calefação, Ventilação E Refrigeração)",4,2451.65
Pindamonhangaba,,Desenhista Projetista De Eletricidade,4,2870.72
Cerquilho,,Agente De Vendas De Serviços,4,2079.72
Americana,,"Lavador De Garrafas, Vidros E Outros Utensílios",4,0
Macatuba,,Montador De Estruturas Metálicas,4,2898.64
Itupeva,,Supervisor Das Artes Gráficas  (Indústria Editorial E Gráfica),4,6151.97
Cerquilho,,Passadeira De Peças Confeccionadas,4,869.97
Charqueada,,Técnico Em Segurança Do Trabalho,4,3895.72
Piedade,,Pintor De Veículos (Reparação),4,2528.29
Piedade,,Mestre De Produção Química,4,6283.51
Ibiúna,,Pintor De Veículos (Reparação),4,3153.84
Ibiúna,,Mecânico De Manutenção E Instalação De Aparelhos De Climatização E  Refrigeração,4,2956.85
Ibiúna,,Cronoanalista,4,4193.39
Macatuba,,Serrador De Madeira,4,1190.62
Ibiúna,,Caminhoneiro Autônomo (Rotas Regionais E Internacionais),4,2602.42
Itapetininga,,Técnico Em Administração,4,2790.76
Cabreúva,,Técnico De Laboratório De Análises Físico-Químicas (Materiais De Construção),4,2684.06
Macatuba,,Auxiliar De Farmácia De Manipulação,4,1919.84
Itapeva,,Gerente De Almoxarifado,4,3537.73
Dourado,,Operador De Acabamento (Indústria Gráfica),4,0
Itu,,Mecânico De Manutenção De Empilhadeiras E Outros Veículos De Cargas Leves,4,5445.49
Dourado,,Carteiro,4,3959.36
Macatuba,,Assistente Social,4,2959.99
Itapetininga,,Colorista De Papel,4,2305.65
Itapetininga,,Operador De Acabamento (Indústria Gráfica),4,2033.72
Itupeva,,Psicólogo Clínico,4,3766.14
Macatuba,,Gerente De Contas - Pessoa Física E Jurídica,4,6587.95
Itapeva,,"Mestre (Indústria De Celulose, Papel E Papelão)",4,3282.85
Boituva,,Mecânico De Manutenção De Máquinas-Ferramentas (Usinagem De Metais),4,3404.24
Itapetininga,,Preparador De Rações,4,2975.76
Pindamonhangaba,,Técnico De Sistemas Audiovisuais,4,2010.4
Itupeva,,Analista De Gestão De Estoque,4,4324.95
Itapetininga,,Instalador De Tubulações De Vapor (Produção E Distribuição),4,1850.55
Americana,,Trabalhador Do Acabamento De Artefatos De Tecidos E Couros,4,1458.34
Charqueada,,Mestre (Indústria De Borracha E Plástico),4,3716.1
Boituva,,Professor De Nível Superior Na Educação Infantil (Zero A Três Anos),4,1477.64
Pindamonhangaba,,Lubrificador Industrial,4,2355.97
Ibiúna,,Recreador,4,2226.81
Boituva,,Carpinteiro,4,1569.3
Pindamonhangaba,,Mecânico De Manutenção De Máquinas-Ferramentas (Usinagem De Metais),4,4133.28
Itu,,Operador De Processos Químicos E Petroquímicos,4,4331.51
Cabreúva,,Auxiliar De Enfermagem Do Trabalho,4,2435.87
Boituva,,Gerente De Operações De Serviços De Assistência Técnica,4,2253.16
Ibiúna,,"Operador De Estação De Captação, Tratamento E Distribuição De Água",4,1814.79
Itupeva,,Desenhista Técnico (Eletricidade E Eletrônica),4,4460.45
Pindamonhangaba,,Operador De Usinagem Convencional Por Abrasão,4,2158.03
Pindamonhangaba,,Técnico De Refratário Em Siderurgia,4,3730.01
Itupeva,,Supervisor De Usina De Concreto,4,4927.52
Itupeva,,Agente De Saúde Pública,4,5600.53
Americana,,Operador De Caminhão (Minas E Pedreiras),4,1696.05
Boituva,,Lubrificador De Veículos Automotores (Exceto Embarcações),4,1846.15
Americana,,Mãe Social,4,1772.98
Cerquilho,,Auxiliar De Lavanderia,4,1173.71
Itupeva,,Instalador De Linhas Elétricas De Alta E Baixa - Tensão (Rede Aérea E Subterrânea),4,3219.14
Cabreúva,,Serrador De Madeira (Serra Circular Múltipla),4,3146.66
Araçariguama,,Técnico De Suporte Ao Usuário De Tecnologia Da Informação,4,1660.28
Cabreúva,,Mecânico De Manutenção De Motocicletas,4,1576.22
Itapetininga,,Médico Do Trabalho,4,12285.33
Cerquilho,,Operador Eletromecânico,4,2527.43
Itupeva,,Advogado (Direito Público),4,3290.31
Cerquilho,,Psicólogo Clínico,4,2721.01
Itupeva,,Enfermeiro Obstétrico,4,4916.86
Piedade,,Engenheiro Agrônomo,4,7514.81
Pindamonhangaba,,Chefe De Serviços Bancários,4,4843.56
Itapetininga,,Supervisor De Tesouraria,4,3293.88
Porto Feliz,,Supervisor De Manutenção Elétrica De Alta Tensão Industrial,4,8400.45
Boituva,,Trabalhador Da Avicultura De Postura,4,2537.17
Charqueada,,Operador De Máquina Bordatriz,4,2353.96
Cerquilho,,Mecânico De Manutenção De Compressores De Ar,4,1940.11
Ibiúna,,Supervisor De Recepcionistas,4,2319.69
Americana,,Trabalhador Na Olericultura (Legumes),4,1594.95
Boituva,,Controlador De Pragas,4,1490.69
Americana,,"Costurador De Artefatos De Couro, A  Máquina (Exceto Roupas E Calçados)",4,1405.33
Cerquilho,,"Operador De Máquinas De Fabricação De Doces, Salgados E Massas Alimentícias",4,2444.34
Boituva,,Eletricista De Instalações (Edifícios),4,2392.11
Boituva,,Técnico Eletricista,4,4617.3
Itapeva,,Técnico De Vendas,4,3238.67
Porto Feliz,,Mestre De Ferramentaria,4,7016.47
Boituva,,Mecânico De Refrigeração,4,2114.27
Ibiúna,,Auxiliar De Serviços Jurídicos,4,6917.62
Porto Feliz,,Gerente De Hotel,4,8673.41
Charqueada,,Técnico Agrícola,4,3724.03
Americana,,Artesão Tecelão,4,1760.37
Dourado,,Assistente Social,4,2948.85
Ibiúna,,Fundidor De Metais,4,3008.12
Itapetininga,,Analista De Exportação E Importação,4,2968.1
Itapetininga,,Supervisor De Vigilantes,4,2685.3
Americana,,Trabalhador No Cultivo De Forrações,4,1375.48
Americana,,Atleta Profissional De Futebol,4,1073.72
Dourado,,Gerente De Restaurante,4,4800.9
Itapeva,,Diretor Administrativo E Financeiro,4,8717.75
Dourado,,Instrutor De Auto-Escola,4,2305.47
Cerquilho,,Gerente De Projetos E Serviços De Manutenção,4,11919.58
Itapetininga,,Engenheiro Eletricista,4,9936.69
Charqueada,,Operador De Máquinas De Beneficiamento De Produtos Agrícolas,4,2369.58
Cerquilho,,Instalador De Tubulações,4,3287.69
Boituva,,"Técnico De Utilidade (Produção E Distribuição De Vapor, Gases, Óleos, Combustíveis, Energia)",4,4156.31
Cerquilho,,Diretor Geral De Empresa E Organizações (Exceto De Interesse Público),4,28915.12
Boituva,,Assistente Social,4,2268.77
Cerquilho,,Digitador,4,2623.25
Boituva,,Administrador Em Segurança Da Informação,4,9865.42
Americana,,Gerente De Instituição Educacional Da Área Privada,4,1276.53
Itapetininga,,Operador De Bomba De Concreto,4,2182.92
Cabreúva,,"Operador De Utilidade (Produção E Distribuição De Vapor, Gás, Óleo, Combustível, Energia, Oxigênio)",4,5161.41
Americana,,Gerente De Grandes Contas (Corporate),4,5937.33
Itupeva,,Engenheiro Eletricista De Projetos,4,8711.94
Dourado,,Motorista De Ônibus Urbano,4,1408.04
Araçariguama,,Supervisor De Vendas De Serviços,4,8178.55
Dourado,,Chefe De Cozinha,4,3990.97
Itapetininga,,Cirurgião Dentista - Clínico Geral,4,4513.53
Cerquilho,,Demonstrador De Mercadorias,4,1441.37
Cabreúva,,Mecânico De Manutenção De Bombas,4,7265.79
Cerquilho,,Funileiro De Veículos (Reparação),4,3182.75
Charqueada,,Assistente De Vendas,4,1788.67
Cabreúva,,Mestre De Caldeiraria,4,5297
Cerquilho,,Gerente De Logística (Armazenagem E Distribuição),4,9540.51
Porto Feliz,,Passador De Roupas Em Geral,4,1748.67
Araçariguama,,Mestre De Laminação,4,11952.54
Cerquilho,,Técnico De Planejamento E Programação Da Manutenção,4,2651.88
Dourado,,Diretor De  Produção E Operações De Alimentação,4,19560
Cerquilho,,Operador De Máquinas Operatrizes,4,1440.6
Cerquilho,,"Operador De Extrusora (Química, Petroquímica E Afins)",4,2291.53
Cabreúva,,Impressor De Corte E Vinco,4,4194.91
Boituva,,Impressor De Corte E Vinco,4,2068.65
Itapetininga,,Terapeuta Ocupacional,4,1899.45
Araçariguama,,Engenheiro De Segurança Do Trabalho,4,11559.35
Dourado,,Encanador,4,2661.87
Porto Feliz,,Fotógrafo Publicitário,4,1896.46
Araçariguama,,Gerente De Marketing,4,14379.52
Dourado,,Confeiteiro,4,2285.34
Charqueada,,Operador De Caldeira,4,3647.97
Itapetininga,,Professor De Técnicas Comerciais E Secretariais,4,1161.61
Itapetininga,,Professor De Nível Médio No Ensino Profissionalizante,4,1484.62
Cerquilho,,"Eletrotécnico Na Fabricação, Montagem E Instalação De Máquinas E Equipamentos",4,4586.92
Boituva,,Técnico Em Administração,4,2430.36
Ibiúna,,Auxiliar De Desenvolvimento Infantil,4,1382.36
Charqueada,,Mecânico De Manutenção De Máquinas Agrícolas,4,2997.43
Dourado,,Motofretista,4,1523.93
Charqueada,,Padeiro,4,1811.04
Boituva,,Médico Do Trabalho,4,10199.02
Itapetininga,,Instalador-Reparador De Redes Telefônicas E De Comunicação De Dados,4,1623.32
Charqueada,,Governanta De Hotelaria,4,1412.11
Boituva,,"Supervisor De Operação Elétrica (Geração, Transmissão E Distribuição De Energia Elétrica)",4,2386.26
Porto Feliz,,Moldador De Plástico Por Compressão,4,2542.96
Itapeva,,Operador De Telemarketing Ativo E Receptivo,4,985.71
Ibiúna,,Professor De Educação Física Do Ensino Fundamental,4,2260.38
Cerquilho,,Mordomo De Residência,4,1527.06
Cerquilho,,"Técnico Mecânico (Calefação, Ventilação E Refrigeração)",4,2724.36
Cabreúva,,Afiador De Ferramentas,4,2501.93
Charqueada,,Operador De Equipamentos De Refinação De Açúcar (Processo Contínuo),4,3505.97
Dourado,,Operador De Guindaste Móvel,4,2635.64
Dourado,,"Lavadeiro, Em Geral",4,1878.31
Porto Feliz,,Carregador (Veículos De Transportes Terrestres),4,2692.77
Itapetininga,,Técnico De Manutenção Eletrônica,4,1383.53
Dourado,,Gerente De Produção E Operações Agropecuárias,4,4174.06
Cabreúva,,Rebarbador De Metal,4,2600.07
Porto Feliz,,Professor De Biologia No Ensino Médio,4,2755.09
Porto Feliz,,Mecânico De Manutenção De Tratores,4,2344.97
Cabreúva,,Forneiro Na Fundição De Vidro,4,1952.3
Cerquilho,,Instrutor De Cursos Livres,4,1494.31
Cerquilho,,Coordenador Pedagógico,4,5455.25
Porto Feliz,,Impressor De Ofsete (Plano E Rotativo),4,2356.22
Porto Feliz,,Moleiro De Cereais (Exceto Arroz),4,1864.49
Dourado,,Agente De Saúde Pública,4,2480.9
Boituva,,Assentador De Canalização (Edificações),4,1712.97
Itapetininga,,Chaveiro,4,1427.7
Porto Feliz,,Eletricista De Instalações (Edifícios),4,2201.92
Cabreúva,,Operador De Bomba De Concreto,4,1321.12
Porto Feliz,,Trabalhador De Pecuária Polivalente,4,2803.08
Porto Feliz,,Adestrador De Animais,4,2719.7
Cerquilho,,Cabeleireiro,4,1546.12
Porto Feliz,,"Confeccionador De Bolsas, Sacos E Sacolas E Papel, A Máquina",4,2227.97
Cabreúva,,Gerente De Projetos De Tecnologia Da Informação,4,11072.19
Charqueada,,Auxiliar De Enfermagem,4,1724.69
Dourado,,Psicólogo Clínico,4,3018.16
Cabreúva,,Engenheiro De Segurança Do Trabalho,4,11884.27
Cabreúva,,Técnico De Controle De Meio Ambiente,4,5821.92
Porto Feliz,,Masseiro (Massas Alimentícias),4,1916.07
Cabreúva,,"Operador De Bobinadeira De Tiras A Quente, No Acabamento De Chapas E Metais",4,2611.14
Itapeva,,"Produtor Agropecuário, Em Geral",4,2313.63
Dourado,,Auxiliar De Contabilidade,4,2318.98
Porto Feliz,,Desossador,4,1938.18
Cerquilho,,Professores De Cursos Livres,4,1445.89
Charqueada,,Operador De Moenda Na Fabricação De Açúcar,4,2676.37
Porto Feliz,,Técnico Em Secretariado,4,1441.33
Cabreúva,,"Supervisor De Fabricação De Produtos Cerâmicos, Porcelanatos E Afins",4,3677.29
Cabreúva,,Professor De Ciências Exatas E Naturais Do Ensino Fundamental,4,2060.78
Porto Feliz,,Cilindrista (Petroquímica E Afins),4,1993.15
Itapeva,,"Pintor, A  Pistola (Exceto Obras E Estruturas Metálicas)",4,1682.55
Cerquilho,,"Operador De Máquina De Usinagem Madeira, Em Geral",4,3550.31
Itapeva,,Preparador De Máquinas-Ferramenta,4,1358.28
Cerquilho,,Auxiliar De Prótese Dentária,4,1335.69
Cerquilho,,Operador De Máquina De Lavar Fios E Tecidos,4,2530.59
Itapetininga,,Ajustador Mecânico (Usinagem Em Bancada E Em Máquinas-Ferramentas),4,2717.11
Cabreúva,,Auxiliar De Lavanderia,4,1909.32
Cerquilho,,Encarregado De Corte Na Confecção Do Vestuário,4,2441.98
Cabreúva,,"Encarregado De Manutenção De Instrumentos De Controle, Medição E Similares",4,3481.96
Americana,,Governanta De Hotelaria,4,2607.43
Araçariguama,,Desenvolvedor De Sistemas De Tecnologia Da Informação (Técnico),3,7471
Boituva,,Mestre De Fundição,3,4769.99
Cerquilho,,Desenhista Projetista De Eletricidade,3,2246.32
Dourado,,Atendente De Farmácia - Balconista,3,1377.18
Cerquilho,,Costureira De Peças Sob Encomenda,3,1417.44
Cerquilho,,Instrutor De Aprendizagem E Treinamento Industrial,3,1932.78
Porto Feliz,,Vendedor Em Domicílio,3,2555.05
Cerquilho,,Carregador (Veículos De Transportes Terrestres),3,2462.6
Porto Feliz,,Diretor De Instituição Educacional Da Área Privada,3,3642.03
Cabreúva,,Caseiro (Agricultura),3,1296.73
Charqueada,,Serralheiro,3,1543.05
Cabreúva,,Operador De Cardas,3,1840.85
Porto Feliz,,Cozinhador De Carnes,3,1864.37
Cerquilho,,Professor De Biologia No Ensino Médio,3,1589.84
Cabreúva,,Caminhoneiro Autônomo (Rotas Regionais E Internacionais),3,1881.68
Boituva,,Rebitador A  Martelo Pneumático,3,2183.79
Cabreúva,,Funileiro De Veículos (Reparação),3,2299.4
Itapetininga,,Aplicador De Asfalto Impermeabilizante (Coberturas),3,1820.78
Cabreúva,,Impressor (Serigrafia),3,1853.83
Porto Feliz,,Pizzaiolo,3,1944
Porto Feliz,,Sondador De Poços (Exceto De Petróleo E Gás),3,1307.73
Cerquilho,,Operador De Jato Abrasivo,3,1738.15
Itapeva,,Mecânico De Manutenção De Máquinas-Ferramentas (Usinagem De Metais),3,1672.46
Dourado,,Analista De Transporte Em Comércio Exterior,3,4593.79
Itapetininga,,Polidor De Metais,3,1726.36
Ibiúna,,Trabalhador Da Avicultura De Corte,3,1502.66
Porto Feliz,,Cobrador Externo,3,2470.29
Dourado,,Administrador,3,2123.49
Itapeva,,Gerente De Operações De Serviços De Assistência Técnica,3,2652.84
Cabreúva,,Economista Industrial,3,5972.31
Porto Feliz,,Confeccionador De Pneumáticos,3,1774.2
Porto Feliz,,Auxiliar De Produção Farmacêutica,3,1913.5
Cabreúva,,Supervisor De Crédito E Cobrança,3,9496.82
Charqueada,,Professor De Alunos Com Deficiência Física,3,1477.79
Boituva,,Trabalhador Na Produção De Mudas E Sementes,3,988.45
Cabreúva,,Coordenador De Operações De Combate À Poluição No Meio Aquaviário,3,6756.84
Charqueada,,Trabalhador Da Cultura De Milho E Sorgo,3,1705.29
Cerquilho,,Esteticista,3,1634.26
Cabreúva,,Operador De Compactadora De Solos,3,2277.17
Dourado,,Eletricista De Instalações,3,2573.41
Boituva,,Porteiro (Hotel),3,2136.86
Cabreúva,,Agente De Vendas De Serviços,3,3464.9
Porto Feliz,,Operador De Prensa De Material Reciclável,3,1680.93
Porto Feliz,,Preparador De Tintas (Fábrica De Tecidos),3,3151.19
Itapeva,,"Mecânico De Manutenção De Aeronaves, Em Geral",3,2622.64
Porto Feliz,,Editor De Texto E Imagem,3,2276.41
Porto Feliz,,Diretor Administrativo E Financeiro,3,3560.75
Porto Feliz,,Publicitário,3,2795.3
Dourado,,Técnico Em Secretariado,3,3620.67
Cerquilho,,Publicitário,3,1750.73
Dourado,,Barman,3,2127.51
Charqueada,,Comprador,3,2251.04
Charqueada,,Vendedor Em Comércio Atacadista,3,2266.43
Cerquilho,,Supervisor De Vendas De Serviços,3,2818.4
Cerquilho,,Professor De Educação Artística Do Ensino Fundamental,3,1983.91
Cerquilho,,Operador De Máquina De Dobrar Chapas,3,1887.17
Cerquilho,,Atendente De Agência,3,2479.7
Porto Feliz,,Operador De Torno Com Comando Numérico,3,2683.6
Charqueada,,Atendente De Agência,3,2642.23
Porto Feliz,,"Operador De Tesoura Mecânica E Máquina De Corte, No Acabamento De Chapas E Metais",3,2806.67
Cerquilho,,Instalador De Som E Acessórios De Veículos,3,1385.95
Porto Feliz,,Chefe De Portaria De Hotel,3,3318.03
Itapetininga,,Desenvolvedor Web (Técnico),3,2054.33
Cerquilho,,Químico,3,7238.38
Porto Feliz,,Operador De Máquina De Lavar Fios E Tecidos,3,2839.92
Itapetininga,,Entregador De Publicações,3,1641.47
Itapeva,,Professor De Biologia No Ensino Médio,3,1587.97
Porto Feliz,,Supervisor De Manutenção De Máquinas Industriais Têxteis,3,3924.79
Porto Feliz,,Ministro De Culto Religioso,3,1194.15
Itapeva,,Técnico De Obras Civis,3,1727.42
Charqueada,,Operador De Inspeção De Qualidade,3,1783.49
Cabreúva,,"Mecânico De Manutenção De Máquinas Cortadoras De Grama, Roçadeiras, Motosserras E Similares",3,1722.51
Ibiúna,,Churrasqueiro,3,1776.19
Dourado,,Escrevente,3,1200
Porto Feliz,,Instalador-Reparador De Redes E Cabos Telefônicos,3,2664.94
Itapeva,,Masseiro (Massas Alimentícias),3,2197.86
Charqueada,,Técnico De Rede (Telecomunicações),3,1981.76
Boituva,,Desenhista Projetista Eletrônico,3,4470.12
Cerquilho,,Banhista De Animais Domésticos,3,1383.27
Porto Feliz,,Professor De História Do Ensino Fundamental,3,2460.41
Ibiúna,,Técnico De Manutenção Eletrônica (Circuitos De Máquinas Com Comando Numérico),3,1368.2
Cerquilho,,Trabalhador Da Elaboração De Pré-Fabricados (Cimento Amianto),3,1506.2
Porto Feliz,,Diretor Geral De Empresa E Organizações (Exceto De Interesse Público),3,48755.93
Itapeva,,Monitor De Transporte Escolar,3,1093.36
Porto Feliz,,Psicólogo Social,3,4411.55
Dourado,,Inspetor De Qualidade,3,4629.51
Cabreúva,,Polidor De Pedras,3,2216.21
Dourado,,"Operador De Máquinas Fixas, Em Geral",3,1043.26
Cerquilho,,Trabalhador Da Pecuária (Bovinos Corte),3,1856.3
Porto Feliz,,Supervisor De Compras,3,5104.09
Porto Feliz,,Técnico Em Instrumentação,3,4897.74
Porto Feliz,,Diretor Administrativo,3,36834.91
Porto Feliz,,"Supervisor De Operação De Fluidos (Distribuição, Captação, Tratamento De Água, Gases, Vapor)",3,8061.21
Araçariguama,,Engenheiro De Controle De Qualidade,3,10929.1
Cerquilho,,Operador De Centrifugadora (Tratamentos Químicos E Afins),3,2725.94
Charqueada,,Operador De Tratamento De Calda Na Refinação De Açúcar,3,3614.61
Cerquilho,,Orientador Educacional,3,1780.17
Cerquilho,,Reparador De Aparelhos Eletrodomésticos (Exceto Imagem E Som),3,1489.57
Itapetininga,,Gerente De Clientes Especiais (Private),3,5890.7
Itapetininga,,Desenhista Projetista De Arquitetura,3,1751.24
Ibiúna,,Cortador De Pedras,3,1566.87
Cabreúva,,Desenhista Detalhista,3,3363.86
Itu,,Assentador De Canalização (Edificações),3,1482.02
Itapeva,,Operador De Negócios,3,1681.99
Itapeva,,Lavador De Peças,3,1215.74
Itapeva,,Analista De Suporte Computacional,3,2827.69
Boituva,,Mestre De Produção Farmacêutica,3,3278.06
Itupeva,,Especialista Em Pesquisa Operacional,3,7265.63
Itapeva,,Operador De Trator De Lâmina,3,2419.36
Boituva,,Técnico Mecânico (Motores),3,1521.78
Araçariguama,,Médico Do Trabalho,3,9879.16
Itapeva,,Trabalhador Da Pecuária (Bovinos Leite),3,2681.78
Cabreúva,,Tecnólogo Em Segurança Do Trabalho,3,5308.2
Itapetininga,,Gerente De Turismo,3,4609.82
Cerquilho,,Mecânico De Manutenção De Bombas,3,1571.99
Charqueada,,Analista De Folha De Pagamento,3,2630.38
Boituva,,Arquiteto De Edificações,3,5216.6
Itapetininga,,Operador De Serras No Desdobramento De Madeira,3,2411.83
Cerquilho,,Supervisor De Logística,3,5139.65
Charqueada,,Ajustador Mecânico,3,1070.82
Itupeva,,Engenheiro Metalurgista,3,6966.76
Cabreúva,,Engenheiro Mecânico Automotivo,3,5968.49
Itapeva,,Psicólogo Social,3,3663.86
Boituva,,Despachante Aduaneiro,3,1850.53
Cerquilho,,Operador De Máquina De Fabricar Papel E Papelão,3,1645.35
Boituva,,Organizador De Evento,3,2277.61
Itupeva,,Hidrogenador De Óleos E Gorduras,3,5849.08
Cerquilho,,Artista (Artes Visuais),3,1013.68
Cerquilho,,Vendedor Ambulante,3,2647.14
Cerquilho,,Prensista (Operador De Prensa),3,1709.53
Araçariguama,,Instrutor De Auto-Escola,3,1197.27
Cerquilho,,Diretor Comercial,3,15543.13
Cerquilho,,Técnico Em Óptica E Optometria,3,2553.98
Dourado,,Analista De Redes E De Comunicação De Dados,3,4093.93
Cerquilho,,Auxiliar De Seguros,3,3420.63
Araçariguama,,Gerente De Contas - Pessoa Física E Jurídica,3,8496.4
Pindamonhangaba,,Topógrafo,3,2168.56
Itupeva,,Professor Instrutor De Ensino E Aprendizagem Em Serviços,3,1506.26
Cerquilho,,Engenheiro De Produção,3,6992.99
Cerquilho,,Encanador,3,2382.9
Cabreúva,,Instrutor De Aprendizagem E Treinamento Industrial,3,3523.65
Boituva,,Operador De Trator De Lâmina,3,1896.8
Americana,,Auxiliar De Estatística,3,1448.17
Boituva,,Diretor De Planejamento Estratégico,3,2860.27
Cabreúva,,Professor De Matemática No Ensino Médio,3,4581.64
Ibiúna,,Gerente De Pesquisa E Desenvolvimento (P&D),3,19326.63
Boituva,,Trabalhador Da Pecuária (Bovinos Leite),3,896.98
Dourado,,Mestre (Construção Civil),3,6315.47
Itapetininga,,Trabalhador De Preparação De Pescados (Limpeza),3,1842.4
Boituva,,Trabalhador Da Cultura De Café,3,1932.85
Dourado,,Cuidador De Idosos,3,1294.21
Porto Feliz,,Técnico Agrícola,3,8401.17
Charqueada,,Promotor De Vendas Especializado,3,1750.64
Boituva,,Mecânico De Manutenção De Aparelhos De Levantamento,3,3907.86
Cerquilho,,Professor De Disciplinas Pedagógicas No Ensino Médio,3,5836.56
Boituva,,Passador De Roupas Em Geral,3,1475.8
Americana,,Operador De Processo De Tratamento De Imagem,3,2699.98
Cerquilho,,Operador De Acabamento (Indústria Gráfica),3,1760.16
Porto Feliz,,Gerente De Operações De Serviços De Assistência Técnica,3,11282.66
Boituva,,"Operador De Máquina Eletroerosão, À Fio, Com Comando Numérico",3,2333.04
Araçariguama,,Comerciante Atacadista,3,2106.96
Boituva,,Operador De Máquina De Etiquetar,3,1614.26
Charqueada,,Pesquisador Em Ciências Agronômicas,3,7639.08
Boituva,,Técnico Em Manutenção De Equipamentos De Informática,3,1633.83
Charqueada,,"Operador De Processo (Química, Petroquímica E Afins)",3,1759.83
Cerquilho,,Tecnólogo Em Gestão Administrativo- Financeira,3,3941.51
Ibiúna,,Supervisor De Carga E Descarga,3,2941.66
Pindamonhangaba,,Assessor De Imprensa,3,7286.23
Americana,,Auxiliar De Produção Farmacêutica,3,1659.73
Itu,,Enfermeiro Auditor,3,5383.16
Cerquilho,,Técnico Têxtil De Tecelagem,3,1507.64
Ibiúna,,Chefe De Cozinha,3,3498.61
Cerquilho,,Supervisor Da Manutenção E Reparação De Veículos Pesados,3,6860.79
Cerquilho,,Tecnólogo Em Eletrônica,3,6919.76
Boituva,,Mestre De Pintura (Tratamento De Superfícies),3,5148.27
Ibiúna,,Técnico Em Fotônica,3,2482.58
Pindamonhangaba,,Mestre De Ferramentaria,3,6210.13
Pindamonhangaba,,Técnico Químico De Petróleo,3,3136.72
Boituva,,Técnico Em Manutenção De Máquinas,3,2959.58
Itupeva,,Contramestre De Tecelagem (Indústria Têxtil),3,331.34
Itu,,Supervisor De Fabricação De Produtos De Vidro,3,7849.44
Araçariguama,,Nutricionista,3,2473.71
Cerquilho,,Caseiro (Agricultura),3,1832.68
Itapetininga,,Desenhista Projetista De Construção Civil,3,4594.62
Itupeva,,Pesquisador De Engenharia E Tecnologia (Outras Áreas Da Engenharia),3,6183.27
Boituva,,Engenheiro Eletricista,3,7475.41
Itupeva,,Técnico Mecânico (Motores),3,4973.26
Boituva,,Monitor De Transporte Escolar,3,587.84
Pindamonhangaba,,Programador De Máquinas - Ferramenta Com Comando Numérico,3,3953.06
Pindamonhangaba,,Supervisor De Entrevistadores E Recenseadores,3,4374.79
Macatuba,,Professor De Nível Superior Do Ensino Fundamental (Primeira A Quarta Série),3,2275.66
Dourado,,Técnico De Suporte Ao Usuário De Tecnologia Da Informação,3,2275.96
Piedade,,Analista De Exportação E Importação,3,5246.92
Pindamonhangaba,,Tecnólogo Em Produção Industrial,3,2760.35
Boituva,,Diretor De Instituição Educacional Da Área Privada,3,4039.69
Cerquilho,,"Ferramenteiro De Mandris, Calibradores E Outros Dispositivos",3,2020.27
Boituva,,Técnico Agrícola,3,4299.37
Itapetininga,,"Supervisor Da Confecção De Artefatos De Tecidos, Couros E Afins",3,3163.47
Piedade,,Fisioterapeuta Geral,3,3566.59
Americana,,Modelador De Metais (Fundição),3,1864.36
Araçariguama,,"Confeccionador De Velas Náuticas, Barracas E Toldos",3,2300.3
Araçariguama,,Ajustador Mecânico,3,2323.95
Americana,,Fermentador,3,1790.78
Pindamonhangaba,,Operador De Jato Abrasivo,3,4431.96
Boituva,,Operador De Guilhotina (Corte De Papel),3,2279.48
Itapetininga,,Cozinhador De Malte,3,2329.76
Cerquilho,,Gerente De Compras,3,5755.97
Macatuba,,Supervisor De Manutenção De Máquinas Operatrizes E De Usinagem,3,13480.16
Itu,,Terapeuta Ocupacional,3,3330.22
Dourado,,Vendedor Em Comércio Atacadista,3,1588.62
Itu,,Ouvidor,3,4950.52
Pindamonhangaba,,Supervisor De Transportes,3,5223.08
Macatuba,,Zelador De Edifício,3,1168.63
Ibiúna,,Montador De Veículos (Reparação),3,2823.21
Araçariguama,,Contínuo,3,1035.39
Itupeva,,Técnico De Seguros,3,4353.27
Pindamonhangaba,,"Bobinador Eletricista, À Máquina",3,2418.33
Itupeva,,Técnico Em Nutrição E Dietética,3,2750.01
Piedade,,Tesoureiro De Banco,3,2395.66
Itupeva,,Nutricionista,3,3192.67
Piedade,,Moldador De Borracha Por Compressão,3,2257.72
Boituva,,Gerente De Hotel,3,2024.7
Pindamonhangaba,,Operador De Bate-Estacas,3,2888.86
Boituva,,Operador Eletromecânico,3,4547.91
Itu,,Balanceador,3,1891.35
Itapetininga,,Balanceador,3,2217.83
Itu,,Mecânico De Manutenção De Bombas,3,2657.54
Macatuba,,"Operador De Máquinas Fixas, Em Geral",3,2917.7
Pindamonhangaba,,Supervisor Da Manutenção E Reparação De Veículos Leves,3,2139.16
Itu,,Tecnólogo Em Automação Industrial,3,4981.13
Cerquilho,,Contramestre De Fiação (Indústria Têxtil),3,2589.92
Dourado,,Operador De Motosserra,3,2292.42
Charqueada,,"Supervisor De Fabricação De Produtos Cerâmicos, Porcelanatos E Afins",3,3447.95
Itu,,Operador De Betoneira,3,3661.77
Americana,,Técnico Em Gravação De Áudio,3,2868.57
Americana,,Analista De Informações (Pesquisador De Informações De Rede),3,3079.52
Itapetininga,,Psicólogo Hospitalar,3,3780.5
Cerquilho,,Operador De Compactadora De Solos,3,2496.64
Boituva,,Editor,3,5050.66
Itapeva,,Supervisor De Ensino,3,1688.6
Itapeva,,Emissor De Passagens,3,1900.05
Itapeva,,Gerente De Hotel,3,3863.59
Itapetininga,,Operador De Carregadeira,3,2542.66
Charqueada,,Gerente De Vendas,3,7125.74
Cerquilho,,Mecânico De Manutenção De Empilhadeiras E Outros Veículos De Cargas Leves,3,2881.86
Ibiúna,,Técnico Em Nutrição E Dietética,3,2149.85
Macatuba,,Topógrafo,3,3325.64
Itupeva,,Impressor De Corte E Vinco,3,1926.92
Charqueada,,Preparador Físico,3,2403.02
Cerquilho,,Cirurgião Dentista - Clínico Geral,3,3895.72
Americana,,Produtor De Espécies Frutíferas Rasteiras,3,3312.21
Itapetininga,,"Revestidor De Interiores (Papel, Material Plástico E Emborrachados)",3,1939.08
Cerquilho,,Médico Do Trabalho,3,3842.17
Ibiúna,,Operador De Serras No Desdobramento De Madeira,3,2339.84
Dourado,,Editor De Texto E Imagem,3,4483.17
Cabreúva,,Telefonista,3,3259.81
Itapeva,,Técnico Mecânico,3,1711.8
Cabreúva,,Pintor A Pincel E Rolo (Exceto Obras E Estruturas Metálicas),3,1902.27
Cabreúva,,Inspetor De Risco,3,1642.81
Itupeva,,Forjador Prensista,3,3270.5
Itu,,Mecânico De Manutenção De Motores E Equipamentos Navais,3,3032.4
Cerquilho,,Técnico De Contabilidade,3,3783.34
Itu,,"Macheiro, A  Máquina",3,3486.53
Boituva,,Engenheiro Mecânico Industrial,3,8035.11
Itu,,Tecnólogo Em Produção Industrial,3,6302.91
Itapetininga,,Impressor Flexográfico,3,3261.12
Itapetininga,,Soldador Elétrico,3,2584.95
Cerquilho,,Gerente De Produção E Operações Agropecuárias,3,3846.42
Cerquilho,,Técnico De Imobilização Ortopédica,3,3730.97
Charqueada,,Carteiro,3,3921.77
Ibiúna,,Forneiro E Operador (Refino De Metais Não-Ferrosos),3,3138.02
Itapetininga,,"Bordador, À Máquina",3,2084.45
Cabreúva,,Administrador De Redes,3,942.2
Araçariguama,,Químico,3,7427.67
Pindamonhangaba,,Gerente De Clientes Especiais (Private),3,6770.73
Pindamonhangaba,,Operador De Destilação E Subprodutos De Coque,3,7217.3
Araçariguama,,Técnico De Enfermagem Do Trabalho,3,4754.63
Pindamonhangaba,,Operador De Linha De Montagem (Aparelhos Eletrônicos),3,2505.37
Itu,,Forneiro E Operador De Forno De Redução Direta,3,2518.5
Piedade,,Técnico Mecânico,3,4249.67
Itu,,Operador De Docagem,3,2277.54
Pindamonhangaba,,Analista De Redes E De Comunicação De Dados,3,5879.31
Piedade,,Instalador-Reparador De Redes Telefônicas E De Comunicação De Dados,3,1954.25
Itupeva,,Impregnador De Madeira,3,3247.69
Piedade,,Montador De Estruturas Metálicas,3,1645.87
Pindamonhangaba,,Redator De Publicidade,3,2155.36
Pindamonhangaba,,Chefe De Serviço De Transporte Rodoviário (Passageiros E Cargas),3,3975.06
Itapeva,,Gerente De Produtos Bancários,3,5835.11
Araçariguama,,Pedreiro (Material Refratário),3,3564.76
Americana,,Técnico Em Soldagem,3,1129.72
Piedade,,Chefe De Cozinha,3,3175.91
Pindamonhangaba,,Gerente De Suporte Técnico De Tecnologia Da Informação,3,3134.79
Macatuba,,Técnico Químico,3,2975.61
Itapetininga,,Operador De Central Hidrelétrica,3,2056.32
Araçariguama,,Programador De Máquinas - Ferramenta Com Comando Numérico,3,4530.85
Itu,,Engenheiro Civil (Estruturas Metálicas),3,13568.68
Itu,,Ajustador Ferramenteiro,3,1955.16
Araçariguama,,Planejista,3,4663.77
Araçariguama,,Impressor (Serigrafia),3,1938.41
Americana,,Economista Industrial,3,4035.51
Macatuba,,Técnico Em Patologia Clínica,3,2069.27
Cabreúva,,Operador De Máquina De Costura De Acabamento,3,1318.88
Piedade,,Pintor De Estruturas Metálicas,3,1279.6
Piedade,,Supervisor De Exploração Agropecuária,3,2334.24
Macatuba,,Enfestador De Roupas,3,1682.5
Itu,,Gerente De Serviços Culturais,3,3777
Pindamonhangaba,,Mecânico De Manutenção De Motocicletas,3,2317.15
Ibiúna,,Supervisor De Vendas De Serviços,3,2186.31
Itupeva,,Gerente De Operação De Tecnologia Da Informação,3,7768.72
Pindamonhangaba,,Documentalista,3,4912.84
Piedade,,Instalador-Reparador De Linhas E Aparelhos De Telecomunicações,3,2287.12
Pindamonhangaba,,Barista,3,2008.79
Piedade,,"Instalador De Material Isolante, A Mão (Edificações)",3,2543.91
Americana,,Desenhista Técnico (Cartografia),3,3794.76
Macatuba,,Carteiro,3,4401.88
Itapeva,,Classificador De Grãos,3,2205.45
Itupeva,,"Supervisor De Manutenção De Bombas, Motores, Compressores E Equipamentos De Transmissão",3,7429.66
Macatuba,,Fiscal De Loja,3,2055.86
Piedade,,Cuidador De Idosos,3,1590.93
Pindamonhangaba,,Lavador De Roupas  A Maquina,3,1657.62
Cabreúva,,Trabalhador Da Pecuária (Bovinos Corte),3,2204.58
Macatuba,,Operador De Máquinas De Construção Civil E Mineração,3,1986.36
Itapeva,,Atendente De Lavanderia,3,1305.57
Itu,,Supervisor De Exploração Agrícola,3,2041.91
Pindamonhangaba,,Operador De Telemarketing Ativo E Receptivo,3,906.83
Piedade,,"Mecânico De Manutenção De Máquinas Cortadoras De Grama, Roçadeiras, Motosserras E Similares",3,1925.14
Itu,,Engenheiro Civil (Transportes E Trânsito),3,3733.96
Itapetininga,,Auxiliar De Biblioteca,3,1948.42
Pindamonhangaba,,Despachante De Transportes Coletivos (Exceto Trem),3,937.69
Itupeva,,Tosador De Animais Domésticos,3,2073.98
Americana,,Contramestre De Malharia (Indústria Têxtil),3,3546.44
Itupeva,,Armador De Estrutura De Concreto,3,2471.72
Itu,,Supervisor De Manutenção Eletromecânica (Utilidades),3,10790.32
Araçoiaba da Serra,,Mestre De Soldagem,3,4423.73
Macatuba,,Operador De Inspeção De Qualidade,3,2657.72
Piedade,,Operador De Máquinas De Beneficiamento De Produtos Agrícolas,3,2380.49
Itu,,Instalador De Linhas Elétricas De Alta E Baixa - Tensão (Rede Aérea E Subterrânea),3,2140.24
Piedade,,Borracheiro,3,1880.77
Cabreúva,,Técnico Mecânico Na Fabricação De Ferramentas,3,9201.81
Itu,,Químico,3,7370.9
Ibiúna,,Técnico De Suporte Ao Usuário De Tecnologia Da Informação,3,2932.15
Macatuba,,Químico,3,4753.63
Americana,,Eletromecânico De Manutenção De Portas Automáticas,3,3575.71
Piedade,,Operador De Máquina De Dobrar Chapas,3,2165.6
Pindamonhangaba,,Operador De Laços De Cabos De Aço,3,1446.41
Piedade,,Vidraceiro,3,949.03
Cabreúva,,Engenheiro Mecânico,3,8058.86
Itupeva,,Gerente De Comunicação,3,4363.57
Piedade,,Operador De Jato Abrasivo,3,1801.52
Pindamonhangaba,,Apontador De Mão-De-Obra,3,3681.3
Americana,,Propagandista De Produtos Famacêuticos,3,5147.94
Cabreúva,,Tecnólogo Em Construção Civil,3,9631.29
Cabreúva,,Supervisor De Telemarketing E Atendimento,3,6697.72
Americana,,Repórter (Exclusive Rádio E Televisão),3,4349.55
Itupeva,,Encanador,3,4156.26
Araçariguama,,Técnico Gráfico,3,7905.69
Itupeva,,Engenheiro De Controle E Automação,3,11922.69
Americana,,Jornalista,3,4480.53
Pindamonhangaba,,Carpinteiro De Obras,3,2194.04
Itu,,Analista De Gestão De Estoque,3,2729.28
Cabreúva,,Gerente De Suporte Técnico De Tecnologia Da Informação,3,9806.05
Itu,,Ajustador Mecânico (Usinagem Em Bancada E Em Máquinas-Ferramentas),3,2371.23
Ibiúna,,Impressor (Serigrafia),3,1919.46
Ibiúna,,Agente De Vendas De Serviços,3,1795.84
Itu,,Montador De Equipamentos Elétricos (Centrais Elétricas),3,1909.78
Itapetininga,,Supervisor Da Aqüicultura,3,5354.75
Itapeva,,Operador De Máquina De Costura De Acabamento,3,849.3
Ibiúna,,Auxiliar De Enfermagem Do Trabalho,3,4020.59
Araçariguama,,Carteiro,3,4448.16
Itapetininga,,Repórter De Mídias Audiovisuais,3,5103.09
Macatuba,,Contramestre De Acabamento (Indústria Têxtil),3,4688.71
Americana,,Especialista Em Pesquisa Operacional,3,5002.09
Pindamonhangaba,,Operador De Trator De Lâmina,3,1518.73
Itu,,Gerente De Produção E Operações  Aqüícolas,3,17888.11
Pindamonhangaba,,Atendente De Lavanderia,3,1484.29
Ibiúna,,Feirante,3,1422.55
Cabreúva,,Trabalhador No Cultivo De Plantas Ornamentais,3,1324.72
Cabreúva,,Zootecnista,3,1241.88
Itupeva,,Revisor De Tecidos Acabados,3,1038.98
Itapeva,,Vendedor Pracista,3,4763.26
Itupeva,,Moldador De Borracha Por Compressão,3,1913.44
Itapetininga,,Analista De Transporte Em Comércio Exterior,3,3057.43
Araçariguama,,Controlador De Serviços De Máquinas E Veículos,3,3617.56
Pindamonhangaba,,"Produtor Agropecuário, Em Geral",3,1886.41
Araçatuba,,Montador De Andaimes (Edificações),3,1906.89
Itupeva,,Gerente De Serviços Culturais,3,6572.48
Ibiúna,,Administrador De Edifícios,3,1589.67
Itapeva,,Agente De Pátio,3,3272.82
Itu,,Diretor De Mídia (Publicidade),3,3410.79
Itapetininga,,Operador De Máquinas De Usinar Madeira (Cnc),3,2466.61
Araçariguama,,"Pintor, A  Pistola (Exceto Obras E Estruturas Metálicas)",3,2301.91
Araçariguama,,"Operador De Tesoura Mecânica E Máquina De Corte, No Acabamento De Chapas E Metais",3,2950.9
Cabreúva,,Supervisor De Recepcionistas,3,2246.09
Cabreúva,,Lavador De Veículos,3,1008.08
Ibiúna,,Pintor De Obras,3,1860.58
Itu,,Editor De Revista,3,3347.22
Itapetininga,,Auxiliar De Produção Farmacêutica,3,1480.12
Piedade,,Auxiliar De Desenvolvimento Infantil,3,1007
Americana,,Lapidador De Vidros E Cristais,3,2172.67
Americana,,Forneiro Na Fundição De Vidro,3,766.05
Itapetininga,,Pintor De Estruturas Metálicas,3,1077.05
Itapeva,,Técnico De Laboratório De Análises Físico-Químicas (Materiais De Construção),3,1858.49
Itapeva,,Professor De Nível Médio No Ensino Profissionalizante,3,1034.27
Araçatuba,,Professor De Filosofia No Ensino Médio,3,2315.39
Itapeva,,Terapeuta Ocupacional,3,2277.09
Pindamonhangaba,,Bilheteiro No Serviço De Diversões,3,2183.35
Itu,,Lapidador De Vidros E Cristais,3,1489.22
Cabreúva,,Operador De Passador (Fiação),3,1771.26
Ibiúna,,Magarefe,3,1493.4
Itapetininga,,Inspetor De Serviços De Transportes Rodoviários (Passageiros E Cargas),3,6914.17
Itupeva,,Mecânico De Manutenção De Bicicletas E Veículos Similares,3,1857.14
Ibiúna,,Gerente De Recursos Humanos,3,6874.1
Itapeva,,Engenheiro Eletricista,3,13082.89
Cabreúva,,Leiturista,3,2780.23
Itu,,Supervisor Da Área Florestal,3,3036.37
Americana,,"Confeccionador De Velas Náuticas, Barracas E Toldos",3,850.54
Pindamonhangaba,,Agente De Ação Social,3,1509.76
Cabreúva,,Operador De Pá Carregadeira,3,4740.64
Itapetininga,,Técnico Em Agrimensura,3,6325.58
Araçatuba,,Engenheiro Eletricista De Manutenção,3,7346.98
Itu,,Tesoureiro De Banco,3,3122.92
Piedade,,Gerente De Pesquisa E Desenvolvimento (P&D),3,14688.87
Itapeva,,Criador De Bovinos (Leite),3,4652.91
Itapetininga,,Secador De Madeira,3,1868.57
Piedade,,Inspetor De Alunos De Escola Pública,3,1526.24
Ibiúna,,Preparador Físico,3,1648.09
Ibiúna,,Gerente De Compras,3,7951.28
Itu,,Trabalhador Da Avicultura De Postura,3,1681.47
Araçariguama,,Secretária(O) Executiva(O),3,966.67
Americana,,Técnico Em Óptica E Optometria,3,3392.13
Itu,,Passador De Roupas Em Geral,3,1494.32
Itapeva,,Professor De Matemática Do Ensino Fundamental,3,752.41
Itu,,Diretor De Tecnologia Da Informação,3,3063.51
Itapeva,,Professor De História No Ensino Médio,3,1563.71
Pindamonhangaba,,Abatedor,3,1645.33
Itapetininga,,Médico Cardiologista,3,7153.18
Itu,,Operador De Serras No Desdobramento De Madeira,3,2280.31
Araçoiaba da Serra,,Técnico De Rede (Telecomunicações),3,1482.35
Piedade,,Professor De Língua Estrangeira Moderna Do Ensino Fundamental,3,1475.72
Pindamonhangaba,,Agente De Viagem,3,1907.34
Itapetininga,,Operador De Telemarketing Receptivo,3,1288.15
Itapetininga,,Redator De Publicidade,3,2010.18
Cabreúva,,Gerente De Bar,3,2759.15
Itu,,Mecânico De Manutenção De Máquinas Agrícolas,3,8124.38
Itapeva,,Auxiliar De Enfermagem Do Trabalho,3,1607.58
Itu,,Operador De Urdideira,3,1694.35
Araçatuba,,Operador De Máquina Copiadora (Exceto Operador De Gráfica Rápida),3,1590.27
Itapetininga,,Cartazeiro,3,1995.94
Pindamonhangaba,,Agente De Portaria,3,1786.45
Itapeva,,Supervisor De Carga E Descarga,3,5439.65
Itu,,Reparador De Equipamentos De Escritório,3,2504.07
Araçatuba,,Professor De Filosofia Do Ensino Superior,3,2670.67
Itapetininga,,Professor De Educação Física No Ensino Médio,3,2010.13
Ibiúna,,Operador De Martelete,3,2104.81
Itapetininga,,Operador De Instalação De Ar-Condicionado,3,2142.16
Cabreúva,,Desenhista Técnico (Ilustrações Artísticas),3,5279.97
Araçatuba,,Professor De Desenho Técnico,3,2959.68
Americana,,Técnico De Seguros,3,2853.87
Americana,,Analista De Testes De Tecnologia Da Informação,3,2762.15
Itupeva,,Professor De Língua Estrangeira Moderna Do Ensino Fundamental,3,3643.6
Itapeva,,Avaliador Físico,3,1715.61
Itupeva,,Professor De Educação Artística Do Ensino Fundamental,3,2005.11
Itupeva,,Operador De Instalação De Ar-Condicionado,3,1705.74
Pindamonhangaba,,Supervisor De Manutenção Elétrica De Alta Tensão Industrial,3,7978.69
Itapetininga,,Encarregado De Equipe De Conservação De Vias Permanentes (Exceto Trilhos),3,1323.39
Ibiúna,,Técnico Químico,3,7073.4
Ibiúna,,Moldador De Plástico Por Injeção,3,1832.26
Itu,,Professor De Sociologia No Ensino Médio,3,1459.57
Piedade,,Instalador De Som E Acessórios De Veículos,3,1777.65
Americana,,Despachante De Trânsito,3,1810.43
Itupeva,,Desenhista Projetista De Arquitetura,3,2224.65
Ibiúna,,Vendedor Em Domicílio,3,2242
Piedade,,Mecânico De Manutenção De Tratores,3,3031.17
Americana,,Preparador De Rações,3,1751.45
Araçatuba,,Costureira De Reparação De Roupas,3,1414.25
Itupeva,,Alinhador De Pneus,3,1822.21
Itapetininga,,Médico Cirurgião Geral,3,8906.93
Boituva,,Médico Veterinário,3,15666.17
Itapeva,,Mestre Carpinteiro,3,1783.04
Itupeva,,Diretor De Arte (Publicidade),3,2249.46
Itapeva,,Diretor Financeiro,3,4239.83
Itapeva,,"Operador De Produção (Química, Petroquímica E Afins)",3,1951.28
Itu,,Feirante,3,2611.7
Itupeva,,"Diretor De Produção E Operações Da Indústria De Transformação, Extração Mineral E Utilidades",3,43218.99
Piedade,,Gerente De Bar,3,1403.65
Itu,,Manobrador,3,1404.55
Itapetininga,,Instalador Eletricista (Tração De Veículos),3,1955.44
Itapetininga,,Operador De Máquina De Cortar E Dobrar Papelão,3,1522.31
Itu,,Locutor De Mídias Audiovisuais,3,2020.01
Araçatuba,,Instalador De Isolantes Térmicos (Refrigeração E Climatização),3,1889.79
Itapeva,,"Encarregado De Manutenção De Instrumentos De Controle, Medição E Similares",3,1655.86
Ibiúna,,Operador De Linha De Montagem (Aparelhos Elétricos),3,1662.65
Ibiúna,,Médico Do Trabalho,3,13160.27
Itu,,Supervisor De Manutenção De Máquinas Operatrizes E De Usinagem,3,9239.97
Araçariguama,,Mecânico De Veículos Automotores A Diesel (Exceto Tratores),3,2180.25
Ibiúna,,Eletricista De Instalações (Edifícios),3,1903.87
Porto Feliz,,Lavador De Roupas  A Maquina,3,1403.8
Itapetininga,,Desenhista Projetista De Máquinas,3,3024.96
Araçoiaba da Serra,,Tosador De Animais Domésticos,3,1529.05
Araçoiaba da Serra,,"Supervisor De Operação De Fluidos (Distribuição, Captação, Tratamento De Água, Gases, Vapor)",3,7111.03
Itapetininga,,Professor De Matemática Do Ensino Fundamental,3,1078.78
Araçatuba,,Mecânico De Manutenção De Compressores De Ar,3,2618.25
Americana,,Professor De Desenho Técnico,3,879.42
Boituva,,Instrutor De Aprendizagem E Treinamento Industrial,3,5917.39
Piedade,,Montador De Artefatos De Couro (Exceto Roupas E Calçados),3,1385.74
Itapeva,,Supervisor De Usina De Concreto,3,1811.2
Piedade,,Auxiliar De Enfermagem Do Trabalho,3,2582.26
Itapeva,,Operador De Computador,3,969.71
Itapeva,,Operador De Cortadeira De Papel,3,1143.61
Itupeva,,Engenheiro Eletrônico De Manutenção,3,5396.88
Itupeva,,Professor De Nível Superior Na Educação Infantil (Zero A Três Anos),3,1776.54
Itupeva,,Inspetor De Alunos De Escola Privada,3,1850.72
Itu,,Professores De Cursos Livres,3,1457.01
Boituva,,Preparador De Sucata E Aparas,3,1893.09
Americana,,Piloto De Aeronaves,3,6579.47
Araçoiaba da Serra,,Instalador-Reparador De Redes Telefônicas E De Comunicação De Dados,3,1618.26
Araçariguama,,Destroçador De Pedra,3,2239.44
Itupeva,,Operador De Telemarketing Técnico,3,1876.72
Americana,,Gravador De Matriz Para Rotogravura (Eletromecânico E Químico),3,2204.11
Araçatuba,,Diretor De Serviços De Saúde,3,8437.99
Boituva,,Educador Social,3,2667.52
Boituva,,Professor De Língua Inglesa,3,1079.7
Itu,,Mestre De Fundição,3,3830.02
Americana,,Engenheiro Eletrônico De Projetos,3,6461.23
Ibiúna,,Publicitário,3,1441.5
Itu,,Cuidador Em Saúde,3,2157.5
Itapeva,,Desenhista Projetista De Construção Civil,3,2021.82
Itu,,Administrador De Sistemas Operacionais,3,11818.52
Itupeva,,Trabalhador Na Olericultura (Legumes),3,1585.3
Itapeva,,Preparador De Estruturas Metálicas,3,1173.75
Itupeva,,Operador De Central De Concreto,3,2220.75
Americana,,Tecnólogo Em Secretariado Escolar,3,4734
Ibiúna,,"Operador De Máquina De Usinagem Madeira, Em Geral",3,1553.76
Americana,,Desenhista Copista,3,2717.39
Itapeva,,Técnico De Manutenção Eletrônica,3,2947.49
Araçatuba,,Gerente De Crédito E Cobrança,3,4337.89
Araçariguama,,Supervisor De Compras,3,6528.77
Itupeva,,Operador De Concentração,3,3111.76
Boituva,,Forjador,3,2926.12
Ibiúna,,Preparador De Máquinas-Ferramenta,3,1492.05
Itapeva,,Banhista De Animais Domésticos,3,1319.32
Americana,,Operador De Prensa De Material Reciclável,3,2036.69
Araçoiaba da Serra,,Gerente De Compras,3,4217.25
Itu,,"Supervisor De Operação Elétrica (Geração, Transmissão E Distribuição De Energia Elétrica)",3,8966.08
Itapeva,,Analista De Pesquisa De Mercado,3,1895.05
Americana,,Estatístico,3,3811.24
Pindamonhangaba,,Operador De Motosserra,3,1031.59
Pindamonhangaba,,Costureira De Peças Sob Encomenda,3,416.23
Araçariguama,,Lavador De Veículos,3,1471.07
Araçoiaba da Serra,,Acabador De Embalagens (Flexíveis E Cartotécnicas),3,1712.03
Araçatuba,,Balanceiro,3,1896.89
Itu,,Desidratador De Alimentos,3,1965.08
Piedade,,Ajudante De Confecção,3,1267.52
Araçoiaba da Serra,,Supervisor De Manutenção Elétrica De Alta Tensão Industrial,3,3794.68
Americana,,Gerente De Crédito E Cobrança,3,3880.97
Ibiúna,,Analista De Folha De Pagamento,3,2187.65
Araçariguama,,Caldeireiro (Chapas De Cobre),3,3866.78
Itupeva,,Professor De Artes No Ensino Médio,3,2564.7
Araçatuba,,Gerente De Projetos De Tecnologia Da Informação,3,8113.23
Araçariguama,,Tecnólogo Em Produção Industrial,3,5435.89
Araçatuba,,Técnico Mecânico Na Manutenção De Ferramentas,3,3947.74
Americana,,Técnico De Saneamento,3,5614.34
Boituva,,Operador De Usinagem Convencional Por Abrasão,3,3123.37
Araçoiaba da Serra,,Camareiro  De Hotel,3,1946.73
Itu,,Engenheiro Civil (Rodovias),3,11025.48
Itu,,Lubrificador Industrial,3,2259.89
Araçatuba,,Acabador De Superfícies De Concreto,3,1797.64
Araçatuba,,Lustrador De Peças De Madeira,3,2565.72
Itupeva,,Gerente De Suporte Técnico De Tecnologia Da Informação,3,16765.82
Piedade,,Tratador De Animais,3,1811.82
Boituva,,Assistente Comercial De Seguros,3,2794.67
Americana,,Assistente Técnico De Seguros,3,2376.17
Americana,,Eletrotécnico (Produção De Energia),3,3300.51
Araçoiaba da Serra,,Operador De Torno Com Comando Numérico,3,3329.57
Boituva,,Serrador De Madeira (Serra Circular Múltipla),3,1516.44
Araçatuba,,Operador De Central De Concreto,3,3506.24
Araçariguama,,Psicólogo Social,3,2441.18
Piedade,,Professor De Educação Física No Ensino Médio,3,2280.71
Itu,,Montador De Artefatos De Couro (Exceto Roupas E Calçados),3,1398.76
Araçatuba,,Professor De Computação (No Ensino Superior),3,9618.29
Boituva,,Sushiman,3,2132.09
Araçoiaba da Serra,,Trabalhador De Pecuária Polivalente,3,1627.8
Araçatuba,,"Supervisor Da Confecção De Artefatos De Tecidos, Couros E Afins",3,3244.99
Araçoiaba da Serra,,Técnico De Matéria-Prima E Material,3,2921.65
Araçariguama,,Representante Comercial Autônomo,3,2405.4
Itupeva,,Trabalhador Da Fabricação De Resinas E Vernizes,3,2293.93
Itu,,Operador De Máquina De Usinagem De Madeira (Produção Em Série),3,1956.72
Itupeva,,Pintor De Veículos (Fabricação),3,1879.19
Boituva,,Encarregado De Costura Na Confecção Do Vestuário,3,3431.41
Americana,,Classificador De Madeira,3,1024.23
Americana,,Desenhista Industrial De Produto (Designer De Produto),3,3212.06
Araçoiaba da Serra,,Economista Financeiro,3,2763.96
Itu,,Instalador De Som E Acessórios De Veículos,3,2627.6
Dourado,,Supervisor De Contas A Pagar,3,4123.09
Americana,,"Rebitador, A  Mão",3,1738.8
Araçatuba,,Avaliador De Imóveis,3,1416.72
Boituva,,Decorador De Vidro,3,2075.3
Araçatuba,,Entrevistador De Preços,3,1950.28
Araçariguama,,Cobrador Interno,3,3577.09
Boituva,,Operador De Lixadeira (Usinagem De Madeira),3,4358.98
Araçoiaba da Serra,,Professor De Alunos Com Deficiência Mental,3,1749.79
Araçoiaba da Serra,,Montador De Máquinas-Ferramentas (Usinagem De Metais),3,3761.42
Charqueada,,Supervisor De Tesouraria,3,3538.15
Araçatuba,,Professor De Línguas Estrangeiras Modernas,3,586.21
Itapetininga,,Massoterapeuta,3,1500.62
Araçariguama,,Operador De Máquina Perfuratriz,3,3002.68
Pindamonhangaba,,Professor De Dança,3,1249.68
Boituva,,Inspetor De Serviços De Transportes Rodoviários (Passageiros E Cargas),3,3359.75
Araçatuba,,Editor,3,2906.91
Araçatuba,,Despachante Documentalista,3,1755.28
Boituva,,Biomédico,3,3358.3
Itupeva,,Fiscal De Transportes Coletivos (Exceto Trem),3,1592.56
Itu,,Socorrista (Exceto Médicos E Enfermeiros),3,1150.91
Araçariguama,,Supervisor De Lavanderia,3,2273.09
Charqueada,,Supervisor Da Área Florestal,3,4819
Itupeva,,Gerente De Almoxarifado,3,4143.5
Cerquilho,,Operador De Motoniveladora,3,3029.92
Itupeva,,Supervisor De Andar,3,3091.32
Itapetininga,,Limpador De Piscinas,3,1410.65
Itapetininga,,Educador Social,3,2057.66
Itapeva,,Sepultador,3,1622.6
Boituva,,Supervisor Da Manutenção E Reparação De Veículos Pesados,3,5239.57
Itupeva,,Professor De História No Ensino Médio,3,3243.76
Ibiúna,,Professor De Química No Ensino Médio,3,2422.2
Araçariguama,,Montador De Equipamentos Elétricos (Elevadores E Equipamentos Similares),3,3220.81
Americana,,Costureiro De Roupa De Couro E Pele,3,2015.23
Cerquilho,,Técnico Em Mecatrônica - Automação Da Manufatura,3,3661.56
Americana,,Operador De Central De Concreto,3,3530.12
Boituva,,Mestre De Galvanoplastia,3,3282.31
Itu,,Supervisor De Andar,3,2477.8
Pindamonhangaba,,Gerente De Bar,3,1649.93
Boituva,,Supervisor Da Mecânica De Precisão,3,6036.45
Itapetininga,,Analista De Seguros (Técnico),3,1676.92
Itu,,Limpador De Piscinas,3,2158.39
Ibiúna,,Inspetor De Sinistros,3,1369.24
Ibiúna,,Operador De Computador,3,2453.85
Americana,,Apontador De Mão-De-Obra,3,2576.52
Araçatuba,,Trabalhador Da Pecuária (Asininos E Muares),3,893.25
Boituva,,Chapeador,3,0
Itapeva,,Operador De Rebobinadeira Na Fabricação De Papel E Papelão,3,2237.63
Itupeva,,Despachante Documentalista,3,2990.99
Araçariguama,,Torrador De Café,3,3167.54
Itapeva,,Instalador De Sistemas Eletroeletrônicos De Segurança,3,1547.41
Americana,,Supervisor Da Área Florestal,3,2838.98
Piedade,,Diretor Comercial,3,14107.69
Pindamonhangaba,,Gerente De Operação De Tecnologia Da Informação,3,13631.32
Itapeva,,Armador De Estrutura De Concreto,3,1711.94
Itu,,Massoterapeuta,3,1894.87
Araçatuba,,Psicopedagogo,3,2188.16
Charqueada,,Gerente De Produção E Operações,3,4016.4
Itapetininga,,Operador De Betoneira,3,1990.06
Itapeva,,Operador De Escória E Sucata,3,1952.24
Itupeva,,Monitor De Sistemas Eletrônicos De Segurança Externo,3,2312.39
Araçariguama,,Operador De Computador,3,2120.94
Araçoiaba da Serra,,Terapeuta Ocupacional,3,2754.48
Itapetininga,,Técnico Em Eletromecânica,3,3644.23
Pindamonhangaba,,Gerente De Comunicação,3,10138.55
Pindamonhangaba,,Supervisor De Orçamento,3,8231.9
Itupeva,,Professor De Química No Ensino Médio,3,4172.6
Pindamonhangaba,,Professor Prático No Ensino Profissionalizante,3,887.2
Araçatuba,,Piloto Fluvial,3,2893.85
Macatuba,,Comerciante Varejista,3,3012.58
Araçoiaba da Serra,,Técnico De Apoio Em Pesquisa E Desenvolvimento (Exceto Agropecuário E Florestal),3,1889.06
Itapetininga,,Locutor De Mídias Audiovisuais,3,847.12
Dourado,,Técnico De Garantia Da Qualidade,3,3849.9
Americana,,Salgador De Alimentos,3,1445.37
Itupeva,,Operador De Máquina De Etiquetar,3,2316.87
Americana,,Sommelier,3,2487.37
Ibiúna,,Operador De Plaina Desengrossadeira,3,1505.31
Araçoiaba da Serra,,"Produtor Agropecuário, Em Geral",3,2064.93
Americana,,Ourives,3,1872.18
Macatuba,,Operador De Máquinas Operatrizes,3,1510.67
Araçatuba,,Operador De Prensa De Enfardamento,3,1418.95
Itupeva,,Engenheiro De Telecomunicações,3,2067.18
Araçatuba,,Tapeceiro De Autos,3,1748.66
Araçatuba,,Operador De Britadeira (Tratamentos Químicos E Afins),3,2201.26
Ibiúna,,Carvoeiro,3,1715.71
Itupeva,,Cronometrista,3,3683.56
Dourado,,"Eletrotécnico Na Fabricação, Montagem E Instalação De Máquinas E Equipamentos",3,3791.87
Araçatuba,,Babá,3,2256.78
Ibiúna,,Supervisor De Contas A Pagar,3,2371.71
Itupeva,,Carpinteiro,3,2772.1
Itu,,Analista De Cobrança (Instituições Financeiras),3,2640.81
Pindamonhangaba,,Especialista Em Calibrações Metrológicas,3,7197.13
Ibiúna,,Mecânico De Manutenção De Motores Diesel (Exceto De Veículos Automotores),3,1400.51
Americana,,"Macheiro, A Mão",3,2029.94
Itu,,Sommelier,3,1479.12
Itapeva,,Auxiliar De Serviços Jurídicos,3,2199.71
Araçoiaba da Serra,,Montador De Estruturas Metálicas,3,1751.97
Itupeva,,Adestrador De Animais,3,2510.04
Itapetininga,,Publicitário,3,1488.21
Araçatuba,,Cozinhador De Carnes,3,2478.33
Araçariguama,,"Cortador De Solas E Palmilhas, A  Máquina",3,1976.53
Itupeva,,Costureira De Peças Sob Encomenda,3,3040.47
Americana,,Linotipista,3,1916.15
Americana,,Técnico Têxtil (Tratamentos Químicos),3,4029.83
Itupeva,,Auxiliar De Veterinário,3,1520.05
Itu,,Designer De Vitrines,3,2368.82
Araçoiaba da Serra,,Coordenador Pedagógico,3,3694.38
Itapeva,,Técnico Em Administração,3,2794.23
Macatuba,,Supervisor Da Manutenção E Reparação De Veículos Pesados,3,4412.38
Charqueada,,Auxiliar De Contabilidade,3,1896.18
Araçatuba,,Químico,3,4735.66
Itapeva,,Preparador Físico,3,2108.41
Itapetininga,,Técnico Agropecuário,3,2858.06
Ibiúna,,Chefe De Portaria De Hotel,3,2135.47
Itu,,"Técnico Em Materiais, Produtos Cerâmicos E Vidros",3,1348.05
Araçoiaba da Serra,,Engenheiro Civil (Edificações),3,5697.33
Cerquilho,,Gerente De Bar,3,3387.13
Americana,,Treinador Profissional De Futebol,3,1853.98
Araçatuba,,Engenheiro Projetista De Telecomunicações,3,4154.38
Itu,,Lustrador De Piso,3,2239.36
Itapeva,,Piloto Agrícola,3,3378.21
Itapeva,,Moleiro De Minérios,3,2997.51
Itu,,Montador De Equipamentos Elétricos (Instrumentos De Medição),3,2644.73
Itapetininga,,Economista Agroindustrial,3,4497.63
Itu,,Auxiliar De Produção Farmacêutica,3,2097.42
Araçatuba,,Pesquisador Em Ciências Da Computação E Informática,3,7007.81
Araçariguama,,Maître,3,10070.5
Itu,,Contramestre De Tecelagem (Indústria Têxtil),3,8279.4
Ibiúna,,Instalador De Som E Acessórios De Veículos,3,1497.28
Itapetininga,,Assistente De Laboratório Industrial,3,2128.83
Itapeva,,Engenheiro Civil (Edificações),3,6136.38
Itapeva,,Fundidor De Metais,3,2641.1
Piedade,,Engenheiro De Controle De Qualidade,3,7804.09
Itapetininga,,Eletricista De Instalações (Edifícios),3,1131.16
Itapeva,,Carpinteiro De Obras,3,1581.12
Ibiúna,,Protético Dentário,3,2504.41
Itu,,Técnico Em Laboratório De Farmácia,3,2559.94
Americana,,Recuperador De Guias E Cilindros,3,1747.96
Americana,,Operador De Binadeira,3,1394.11
Americana,,Operador De Laminador De Barras A Quente,3,1949.96
Cerquilho,,Pintor De Veículos (Reparação),3,2752.94
Ibiúna,,Soldador A  Oxigás,3,3739.16
Itapetininga,,Diretor Administrativo E Financeiro,3,2074.59
Araçatuba,,"Limpador A Seco, À Máquina",3,0
Itu,,Diretor De Arte,3,2757.65
Itapeva,,Supervisor De Vendas De Serviços,3,4199.92
Araçatuba,,Professor De Matemática Pura (No Ensino Superior),3,2684.12
Dourado,,Operador De Máquina De Usinagem De Madeira (Produção Em Série),3,1569.81
Ibiúna,,Operador Eletromecânico,3,2949.84
Araçatuba,,Intérprete De Língua De Sinais,3,1246.28
Americana,,Fotógrafo Retratista,3,997.06
Araçariguama,,Marmorista (Construção),3,1957.18
Americana,,Engenheiro Eletrônico De Manutenção,3,8064.02
Araçatuba,,Gerente De Instituição Educacional Da Área Privada,3,12352.12
Itupeva,,Técnico Em Tratamento De Efluentes,3,2076.49
Pindamonhangaba,,Corretor De Seguros,3,1317.89
Araçoiaba da Serra,,Auxiliar De Seguros,3,1136.32
Ibiúna,,Criador De Animais Domésticos,3,1353.08
Itapeva,,Trabalhador Da Suinocultura,3,1652.75
Pindamonhangaba,,Desenhista Projetista De Construção Civil,3,1414.93
Ibiúna,,Técnico Em Radiologia E Imagenologia,3,2221.44
Cerquilho,,Apontador De Mão-De-Obra,3,2167.13
Itu,,Montador De Fotolito (Analógico E Digital),3,3604.42
Americana,,Professor De Ciências Biológicas Do Ensino Superior,3,1123.79
Cerquilho,,Auxiliar De Veterinário,3,1503.38
Pindamonhangaba,,Gerente De Projetos De Tecnologia Da Informação,3,5595.7
Araçatuba,,"Passador De Roupas, À Mão",3,1245.51
Itupeva,,Atendente De Agência,3,2851.4
Pindamonhangaba,,Tecnólogo Em Metalurgia,3,10551.15
Charqueada,,Cozinheiro De Hospital,3,1884.1
Ibiúna,,Maître,3,3484.17
Americana,,Diretor De Tecnologia Da Informação,3,21138.25
Itapeva,,Professor De Ensino Superior Na Área De Prática De Ensino,3,1150.45
Itupeva,,Trabalhador No Cultivo De Plantas Ornamentais,3,1579.01
Itupeva,,Maître,3,4314.41
Americana,,Gerente De Operação De Tecnologia Da Informação,3,11277.45
Americana,,Analista De Planejamento E Orçamento - Apo,3,8193.99
Itapetininga,,Chefe De Serviços Bancários,3,4742.91
Araçariguama,,Desenhista Industrial Gráfico (Designer Gráfico),3,2975.22
Pindamonhangaba,,Coordenador De Programação,3,5064.32
Cerquilho,,Professor De Matemática Do Ensino Fundamental,3,2862.11
Americana,,Alfaiate,3,2432.26
Itapeva,,Barman,3,1408.67
Cerquilho,,Professor De Física No Ensino Médio,3,2098.01
Itupeva,,Operador Eletromecânico,3,5148.82
Itupeva,,Cartazeiro,3,4739.36
Piedade,,Eletrotécnico,3,6816.27
Itupeva,,Professor De História Do Ensino Fundamental,3,3137.25
Araçatuba,,Gerente De Comunicação,3,9772.77
Pindamonhangaba,,Professor De Língua Estrangeira Moderna No Ensino Médio,3,1387.75
Cerquilho,,Babá,3,940.25
Dourado,,Controlador De Pragas,3,1657.36
Itupeva,,Diretor De Instituição Educacional Da Área Privada,3,6254.94
Itupeva,,Professor De Língua E Literatura Brasileira No Ensino Médio,3,4865.23
Porto Feliz,,Supervisor De Telemarketing E Atendimento,3,4925.43
Itupeva,,Trabalhador No Cultivo De Árvores Frutíferas,3,1482.56
Charqueada,,Vidraceiro,3,1781.35
Araçatuba,,Sonoplasta,3,1816.27
Cerquilho,,Churrasqueiro,3,1801.38
Charqueada,,Cortador De Pedras,3,1780.52
Porto Feliz,,Analista De Planejamento E Orçamento - Apo,3,5190.38
Pindamonhangaba,,Trabalhador No Cultivo De Flores E Folhagens De Corte,3,1465.78
Itupeva,,"Desenhista Técnico De Embalagens, Maquetes E Leiautes",3,3520.53
Porto Feliz,,Mestre (Indústria De Madeira E Mobiliário),3,4514.58
Americana,,Agente De Trânsito,3,2577.97
Americana,,Médico Otorrinolaringologista,3,7421.62
Cerquilho,,Instalador De Sistemas Eletroeletrônicos De Segurança,3,1612.13
Cerquilho,,Representante Comercial Autônomo,3,1309.1
Cabreúva,,Gerente De Suprimentos,3,16247.17
Americana,,Médico Em Medicina Intensiva,3,21212.07
Itapeva,,Operador De Máquina Perfuradora (Minas E Pedreiras),3,1642.48
Porto Feliz,,Árbitro Desportivo,3,4951.7
Araçatuba,,Desenhista Detalhista,3,3072.42
Americana,,Diretor De Pesquisa E Desenvolvimento (P&D),3,6269.35
Pindamonhangaba,,Montador De Veículos (Linha De Montagem),3,2064.65
Americana,,Manobrador,3,1849.54
Cabreúva,,Professores De Cursos Livres,3,1386.61
Cerquilho,,Recreador,3,1162.78
Cabreúva,,Professor De Nível Superior Na Educação Infantil (Zero A Três Anos),3,1974.93
Itupeva,,Operador De Usinagem Convencional Por Abrasão,3,3594.64
Porto Feliz,,Engenheiro Civil,3,8426.29
Cabreúva,,Inspetor De Alunos De Escola Privada,3,1274.44
Itu,,Torneiro Na Usinagem Convencional De Madeira,3,3605.16
Araçoiaba da Serra,,Trabalhador No Cultivo De Plantas Ornamentais,3,1179.69
Araçoiaba da Serra,,Professor De Educação Física No Ensino Médio,3,1572.17
Charqueada,,"Operador De Alambique De Funcionamento Contínuo (Produtos Químicos, Exceto Petróleo)",3,3575.87
Cerquilho,,Gerente De Desenvolvimento De Sistemas,3,14060.58
Porto Feliz,,Gerente De Operações De Transportes,3,4064.03
Cerquilho,,Gerente De Infraestrutura De Tecnologia Da Informação,3,8055.14
Cerquilho,,Supervisor De Manutenção Eletromecânica,3,7540.88
Araçatuba,,Tabelião De Notas,3,30150.27
Cabreúva,,Operador De Acabamento De Peças Fundidas,3,1960.32
Porto Feliz,,Operador De Prensa De Enfardamento,3,3256.27
Porto Feliz,,Técnico Eletricista,3,6579.3
Araçatuba,,Diretor De Tecnologia Da Informação,3,22910.3
Pindamonhangaba,,Despachante De Trânsito,3,1423.67
Araçatuba,,Profissional De Relações Com Investidores,3,10637.7
Cabreúva,,Técnico De Telecomunicações (Telefonia),3,2055.96
Piedade,,Guardador De Veículos,3,1439.14
Cerquilho,,Engenheiro Agrônomo,3,9613.87
Porto Feliz,,Cozinheiro De Hospital,3,1594.14
Cabreúva,,Operador De Estação De Tratamento De Água E Efluentes,3,2522.76
Porto Feliz,,Agente De Viagem,3,5056.37
Piedade,,Pizzaiolo,3,1858.62
Cabreúva,,Operador De Ponte Rolante,3,2918.79
Araçariguama,,Gerente De Operações De Serviços De Assistência Técnica,3,26446.25
Pindamonhangaba,,Cozinhador (Conservação De Alimentos),3,1647.61
Araçoiaba da Serra,,Técnico Em Secretariado,3,1337.92
Araçoiaba da Serra,,Técnico Em Atendimento E Vendas,3,1544.27
Cabreúva,,Lubrificador De Veículos Automotores (Exceto Embarcações),3,3439.13
Itu,,Sondador De Poços (Exceto De Petróleo E Gás),3,3021.72
Araçatuba,,"Operador De Pavimentadora (Asfalto, Concreto E Materiais Similares)",3,3341.23
Araçatuba,,Artesão Bordador,3,2105.16
Itapeva,,Gerente De Suporte Técnico De Tecnologia Da Informação,3,6768.2
Araçatuba,,Torneiro (Lavra De Pedra),3,2388.09
Pindamonhangaba,,Enfermeiro Auditor,3,4844.73
Cabreúva,,Desenhista Projetista De Máquinas,3,3730.41
Araçatuba,,Impressor De Corte E Vinco,3,3237.79
Porto Feliz,,Operador De Central De Concreto,3,2299.84
Itapetininga,,Engenheiro Eletricista De Manutenção,3,12347.6
Itu,,Analista De Informações (Pesquisador De Informações De Rede),3,3326.97
Pindamonhangaba,,Pedagogo,3,3917.56
Itupeva,,Diretor De Suprimentos,3,22223.06
Pindamonhangaba,,Técnico De Enfermagem Da Estratégia De Saúde Da Família,3,1705.94
Itu,,Médico Clínico,3,10188.4
Araçatuba,,Montador De Máquinas-Ferramentas (Usinagem De Metais),3,2873.3
Pindamonhangaba,,Lavador De Artefatos De Tapeçaria,3,1248.98
Porto Feliz,,Supervisor De Produção Da Indústria Alimentícia,3,4323.55
Itu,,Operador De Central Hidrelétrica,3,1899.83
Cabreúva,,Supervisor De Transportes,3,4162.29
Itapeva,,Supervisor De Tesouraria,3,5541.85
Cabreúva,,Psicopedagogo,3,6081.23
Porto Feliz,,Supervisor De Exploração Agrícola,3,3520.74
Araçatuba,,"Supervisor De Manutenção De Aparelhos Térmicos, De Climatização E De Refrigeração",3,6692.95
Americana,,Perfumista,3,2094.17
Macatuba,,Supervisor De Lavanderia,3,4441.25
Araçatuba,,Operador De Centro De Controle (Ferrovia E Metrô),3,1746.4
Porto Feliz,,Retalhador De Carne,3,1374.95
Itapetininga,,Supervisor De Manutenção Eletromecânica (Utilidades),3,6537.17
Porto Feliz,,Corretor De Imóveis,3,1528.33
Porto Feliz,,Queijeiro Na Fabricação De Laticínio,3,2111.19
Araçoiaba da Serra,,Instalador De Sistemas Eletroeletrônicos De Segurança,3,1135.41
Pindamonhangaba,,Processador De Fumo,3,3871.22
Araçatuba,,Mestre Carpinteiro,3,2806.87
Itapetininga,,Gerente De Operações De Serviços De Assistência Técnica,3,7270.49
Pindamonhangaba,,Assistente De Operações Audiovisuais,3,1890.04
Araçatuba,,Operador De Bomba De Concreto,3,2598.82
Porto Feliz,,Técnico Em Fotônica,3,3723.35
Porto Feliz,,Supervisor De Montagem E Instalação Eletroeletrônica,3,3529.72
Americana,,Operador De Bobinadeira,3,2187.86
Macatuba,,Administrador,3,2602.74
Araçariguama,,Operador De Calandras (Tecidos),3,1962.35
Araçatuba,,Aplicador De Asfalto Impermeabilizante (Coberturas),3,1480.46
Porto Feliz,,Tecnólogo Em Automação Industrial,3,2686.79
Piedade,,Operador De Estação De Tratamento De Água E Efluentes,3,2148.9
Macatuba,,Apontador De Mão-De-Obra,3,5809.45
Araçatuba,,Ministro De Culto Religioso,3,3015.96
Araçariguama,,Operador De Carregadeira,3,3378.47
Boituva,,Gerente De Infraestrutura De Tecnologia Da Informação,3,13149.08
Araçatuba,,Professor De Química (Ensino Superior),3,2783.35
Boituva,,Gerente De Comunicação,3,10710.58
Macatuba,,Caixa De Banco,3,2881.49
Araçoiaba da Serra,,Auxiliar Em Saúde Bucal,3,1486.22
Araçatuba,,Mecânico De Manutenção De Empilhadeiras E Outros Veículos De Cargas Leves,3,1832.8
Porto Feliz,,Pintor De Veículos (Reparação),3,2463.27
Porto Feliz,,"Encarregado De Manutenção De Instrumentos De Controle, Medição E Similares",3,4706.24
Araçatuba,,Cortador De Tapeçaria,3,1614.01
Porto Feliz,,Contramestre De Fiação (Indústria Têxtil),3,4648.55
Macatuba,,Professor De Dança,3,2216.25
Itupeva,,Modelador De Metais (Fundição),3,4945.59
Americana,,Operador De Britadeira (Tratamentos Químicos E Afins),3,3213.43
Porto Feliz,,"Eletricista De Instalações (Veículos Automotores E Máquinas Operatrizes, Exceto Aeronaves E Embarcações)",3,1950.87
Pindamonhangaba,,Mecânico De Manutenção De Instalações Mecânicas De Edifícios,3,3270.1
Araçoiaba da Serra,,,3,2424.02
Boituva,,Engenheiro Ambiental,3,9439.34
Porto Feliz,,Cortador De Laminados De Madeira,3,1403.54
Americana,,Operador De Torno Automático (Usinagem De Madeira),3,2503.82
Araçatuba,,"Costurador De Artefatos De Couro, A  Máquina (Exceto Roupas E Calçados)",3,1617.69
Macatuba,,Vidraceiro,3,1846.86
Boituva,,Pintor De Veículos (Reparação),3,1663.16
Macatuba,,Lavador De Veículos,3,2001.66
Itapeva,,Tecnólogo Em Secretariado Escolar,3,1899.62
Americana,,Mestre De Ferramentaria,3,6251.35
Porto Feliz,,Jornaleiro (Em Banca De Jornal),3,1844.1
Macatuba,,Operador De Carregadeira,3,1227.55
Piedade,,Operador De Prensa De Material Reciclável,3,2781.14
Macatuba,,Supervisor De Produção Da Indústria Alimentícia,3,10485
Porto Feliz,,Analista De Planejamento De Manutenção,3,2879.25
Araçatuba,,Entregador De Publicações,3,2233.63
Araçatuba,,Montador De Equipamentos Elétricos (Centrais Elétricas),3,2149.56
Araçatuba,,Operador De Motosserra,3,1810.1
Porto Feliz,,Analista De Testes De Tecnologia Da Informação,3,2088.1
Araçoiaba da Serra,,Operador De Guindaste Móvel,3,2972.68
Porto Feliz,,Organizador De Evento,3,2798.46
Araçatuba,,Desenhista Técnico (Arquitetura),3,2437.11
Boituva,,Montador De Equipamentos Eletrônicos (Máquinas Industriais),3,3280.72
Americana,,Operador De Rede De Teleprocessamento,3,4070.43
Araçoiaba da Serra,,Operador De Betoneira,3,2495.17
Araçatuba,,Diretor Comercial,3,3275.04
Porto Feliz,,Engenheiro Agrônomo,3,7826.4
Piedade,,Preparador De Máquinas-Ferramenta,3,2739.76
Porto Feliz,,Gerente De Operação De Tecnologia Da Informação,3,7255.99
Porto Feliz,,Cronoanalista,3,2440.67
Araçoiaba da Serra,,Engenheiro De Produção,3,4614.13
Pindamonhangaba,,Estivador,3,2340.4
Araçoiaba da Serra,,Técnico Em Laboratório De Farmácia,3,3956.65
Itupeva,,Operador De Mandriladora Com Comando Numérico,3,6059.42
Araçatuba,,"Instalador De Material Isolante, A Mão (Edificações)",3,1627.92
Americana,,Produtor De Texto,3,2679.7
Araçariguama,,Tecnólogo Em Secretariado Escolar,3,2509.77
Americana,,Preparador De Tintas (Fábrica De Tecidos),3,1048.13
Araçatuba,,Tecnólogo Em Gestão Da Tecnologia Da Informação,3,3785.28
Americana,,"Mecânico De Manutenção De Aeronaves, Em Geral",3,3744.77
Araçoiaba da Serra,,Gerente De Produção E Operações  Florestais,3,6907.27
Boituva,,Supervisor De Orçamento,3,6719.62
Araçatuba,,Auxiliar De Estatística,3,1691.5
Boituva,,Engenheiro Eletrônico De Projetos,3,7678.66
Araçariguama,,Analista De Desenvolvimento De Sistemas,3,6463.13
Araçatuba,,Inspetor De Sinistros,3,1925.86
Porto Feliz,,Arrematadeira,3,1724.33
Araçoiaba da Serra,,Gerente De Serviços De Saúde,3,4451.95
Araçatuba,,Administrador De Redes,3,5253.21
Araçatuba,,Técnico Em Saúde Bucal,3,2182.01
Araçatuba,,Instalador De Sistemas Fotovoltaicos,3,1874.6
Porto Feliz,,Tecnólogo Em Meio Ambiente,3,11355.89
Araçatuba,,Professor Prático No Ensino Profissionalizante,3,3833.49
Boituva,,Estampador De Tecido,3,1223.33
Araçoiaba da Serra,,"Operador De Utilidade (Produção E Distribuição De Vapor, Gás, Óleo, Combustível, Energia, Oxigênio)",3,3737.3
Porto Feliz,,Operador De Urdideira,3,2116.83
Porto Feliz,,Arquivista,3,2858.96
Porto Feliz,,Trabalhador Da Pecuária (Asininos E Muares),3,3169.98
Porto Feliz,,Operador De Serras No Desdobramento De Madeira,3,2734.82
Boituva,,Enfermeiro Do Trabalho,3,4125.33
Porto Feliz,,Terapeuta Ocupacional,3,2385.45
Araçatuba,,Técnico Agropecuário,3,4203.78
Porto Feliz,,Supervisor Da Indústria De Minerais Não Metálicos (Exceto Os Derivados De Petróleo E Carvão),3,14711.89
Araçoiaba da Serra,,Supervisor De Tesouraria,3,3395.1
Boituva,,Chefe De Serviço De Transporte Rodoviário (Passageiros E Cargas),3,3682.55
Boituva,,"Operador De Sala De Controle De Instalações Químicas, Petroquímicas E Afins",3,2498.34
Boituva,,Forneiro De Fundição (Forno De Redução),3,3597.25
Araçatuba,,Operador De Evaporador Na Destilação,3,3753.47
Araçatuba,,Operador De Quadro De Distribuição De Energia Elétrica,3,1855.57
Araçoiaba da Serra,,Motorista Operacional De Guincho,3,2659.35
Piedade,,Gerente De Logística (Armazenagem E Distribuição),3,3470.81
Porto Feliz,,Polidor De Pedras,3,1500
Araçoiaba da Serra,,Supervisor De Compras,3,2588.58
Araçoiaba da Serra,,Fisioterapeuta Geral,3,2648
Boituva,,Barista,3,1851.81
Boituva,,Churrasqueiro,3,1686.89
Porto Feliz,,Supervisor De Vigilantes,3,3737.14
Araçoiaba da Serra,,Técnico Em Tratamento De Efluentes,3,2996.97
Boituva,,Auxiliar De Serviços Jurídicos,3,2728.54
Porto Feliz,,"Mecânico De Manutenção De Máquinas Cortadoras De Grama, Roçadeiras, Motosserras E Similares",3,1892.01
Piedade,,Diretor De Instituição Educacional Da Área Privada,3,2190.32
Boituva,,"Operador De Máquina De Fabricação De Produtos De Higiene E Limpeza (Sabão, Sabonete, Detergente, Absorvente, Fraldas Cotonetes E Outros)",3,2123.77
Araçatuba,,Professor De Sociologia Do Ensino Superior,3,3067.12
Boituva,,Desenhista Técnico Mecânico,3,4118.26
Boituva,,Trefilador De Borracha,3,4030.75
Araçatuba,,Encarregado De Costura Na Confecção Do Vestuário,3,2909.91
Piedade,,Cortador De Artefatos De Couro (Exceto Roupas E Calçados),3,1736.02
Itu,,Supervisor De Manutenção Elétrica De Alta Tensão Industrial,2,2510.82
Piedade,,Motorista Operacional De Guincho,2,2114.97
Itu,,Tecnólogo Em Fabricação Mecânica,2,7470.29
Itapeva,,"Confeccionador De Velas Náuticas, Barracas E Toldos",2,1416.4
Itupeva,,Supervisor Da Mecânica De Precisão,2,8673.01
Itupeva,,Técnico Em Manutenção De Instrumentos De Medição E Precisão,2,9710.61
Itu,,Chefe De Contabilidade (Técnico),2,7863.19
Itupeva,,Gerente De Produção E Operações Da Construção Civil E Obras Públicas,2,5987.01
Itupeva,,Mestre De Soldagem,2,4647.66
Porto Feliz,,Gerente De Desenvolvimento De Sistemas,2,6100.93
Araçatuba,,Operador De Jato Abrasivo,2,3342.6
Itupeva,,Engenheiro De Materiais,2,7216.08
Itupeva,,Operador De Processo De Tratamento De Imagem,2,6065.86
Itupeva,,Enfermeiro De Centro Cirúrgico,2,2206.55
Araçoiaba da Serra,,Gerente De Restaurante,2,2952.33
Itupeva,,"Supervisor De Operação De Fluidos (Distribuição, Captação, Tratamento De Água, Gases, Vapor)",2,7371.54
Itu,,Secretário  Bilíngüe,2,6556.49
Itupeva,,Técnico Em Secretariado,2,4519.76
Itupeva,,Professor De Música No Ensino Superior,2,3877.37
Porto Feliz,,Operador De Linha De Montagem (Aparelhos Eletrônicos),2,1518.75
Porto Feliz,,Lavador De Veículos,2,1167.07
Itu,,Engenheiro De Controle E Automação,2,3159.98
Itu,,Relações Públicas,2,3751.32
Itupeva,,Operador De Equipamento De Secagem De Pintura,2,2529.35
Itupeva,,Tecnólogo Em Produção Industrial,2,4270.01
Araçatuba,,Moldador De Plástico Por Injeção,2,2599.68
Porto Feliz,,Técnico Em Atendimento E Vendas,2,1766.23
Araçatuba,,Mestre De Galvanoplastia,2,3703.01
Porto Feliz,,Operador De Telemarketing Receptivo,2,1266.35
Itupeva,,Encarregado De Equipe De Conservação De Vias Permanentes (Exceto Trilhos),2,3481.5
Itupeva,,Administrador De Edifícios,2,2726.74
Itu,,Árbitro De Futebol,2,2233.65
Porto Feliz,,Instalador De Sistemas Eletroeletrônicos De Segurança,2,1694.14
Itu,,Instrumentador Cirúrgico,2,2330.49
Araçatuba,,Trabalhador Na Cultura Do Girassol,2,2396.86
Porto Feliz,,Xaropeiro,2,1726.23
Porto Feliz,,Tecelão (Tear Automático),2,2188.42
Araçoiaba da Serra,,Caixa De Banco,2,3802.61
Porto Feliz,,Montador De Equipamentos Elétricos (Instrumentos De Medição),2,2382.39
Itu,,Técnico Em Manutenção De Balanças,2,2718.22
Araçatuba,,Assessor De Imprensa,2,2909.95
Araçoiaba da Serra,,Colorista Têxtil,2,2200.13
Itupeva,,Economista,2,2594.81
Porto Feliz,,Vidraceiro,2,1581.55
Araçatuba,,"Desenhista Técnico De Embalagens, Maquetes E Leiautes",2,5195.7
Porto Feliz,,Técnico De Alimentos,2,2471.68
Itupeva,,Agente De Defesa Ambiental,2,5558.14
Itupeva,,Caldeireiro (Chapas De Cobre),2,3703.76
Itupeva,,Operador De Jato Abrasivo,2,2665.97
Porto Feliz,,Contramestre De Tecelagem (Indústria Têxtil),2,2539.36
Porto Feliz,,Desenhista Industrial De Produto (Designer De Produto),2,2637.45
Porto Feliz,,Operador De Máquinas Florestais Estáticas,2,2749.56
Araçatuba,,Pesquisador Em Ciências Agronômicas,2,6968.78
Porto Feliz,,"Moldador, A  Máquina",2,2298.35
Itupeva,,Analista De Informações (Pesquisador De Informações De Rede),2,5274.87
Porto Feliz,,Pintor De Estruturas Metálicas,2,2416.91
Itu,,Operador De Forno De Tratamento Térmico De Metais,2,3002.11
Araçoiaba da Serra,,Diretor De Serviços De Saúde,2,7768.16
Araçoiaba da Serra,,Pesquisador De Engenharia E Tecnologia (Outras Áreas Da Engenharia),2,9175.28
Porto Feliz,,Carregador (Armazém),2,1035.2
Itupeva,,Técnico Mecânico Na Fabricação De Ferramentas,2,2650.92
Porto Feliz,,Supervisor De Usina De Concreto,2,3711.02
Itupeva,,Operador De Máquina De Fabricar Papel E Papelão,2,2385.51
Itu,,Encarregado De Costura Na Confecção Do Vestuário,2,2828.29
Porto Feliz,,Mestre (Indústria De Máquinas E Outros Equipamentos Mecânicos),2,6823.54
Itu,,Adestrador De Animais,2,2582.57
Itupeva,,Operador De Instalação De Refrigeração,2,1024.75
Itu,,Psicólogo Social,2,2076.49
Itu,,Mecânico De Manutenção De Aparelhos Esportivos E De Ginástica,2,2220.26
Porto Feliz,,"Operador De Aparelho De Reação E Conversão (Produtos Químicos, Exceto Petróleo)",2,3948.31
Porto Feliz,,Gerente De Clientes Especiais (Private),2,5948.7
Americana,,Diretor De Marketing,2,12525.2
Araçariguama,,Diretor Comercial,2,19943.14
Araçatuba,,Chapeador,2,1771.38
Araçoiaba da Serra,,Carpinteiro (Esquadrias),2,1625.1
Itu,,"Operador De Forno (Fabricação De Pães, Biscoitos E Similares)",2,1570.72
Araçariguama,,Laboratorista Fotográfico,2,11509.78
Araçariguama,,Analista De Sistemas De Automação,2,11990.82
Itupeva,,Encarregado De Corte Na Confecção Do Vestuário,2,2020.99
Itu,,"Desenhista Técnico De Embalagens, Maquetes E Leiautes",2,2558.68
Americana,,Filtrador De Cerveja,2,2117.55
Araçatuba,,Técnico Em Mecatrônica - Robótica,2,3176.93
Araçoiaba da Serra,,Auxiliar De Serviços Jurídicos,2,1348.38
Araçoiaba da Serra,,Gerente De Bar,2,1962.17
Americana,,Redeiro (Pesca),2,1516.88
Itu,,Operador De Lixadeira (Usinagem De Madeira),2,2223.4
Araçatuba,,Repórter (Exclusive Rádio E Televisão),2,1400
Araçoiaba da Serra,,Contínuo,2,1393.01
Itupeva,,Limpador De Piscinas,2,2914.98
Araçoiaba da Serra,,Desenhista Projetista Mecânico,2,3013.31
Araçatuba,,"Confeccionador De Instrumentos De Percussão (Pele, Couro Ou Plástico)",2,1499.74
Araçoiaba da Serra,,Ceramista Prensador,2,1403.66
Araçatuba,,Mestre Serralheiro,2,1845.27
Araçariguama,,Borracheiro,2,2178.36
Americana,,Maquiador,2,1986.88
Araçariguama,,Trabalhador Agropecuário Em Geral,2,1768.45
Americana,,Professor De Alunos Com Deficiência Visual,2,1871.59
Araçatuba,,Engenheiro Eletrônico,2,8146.2
Itu,,Impressor De Rotativa,2,4037.34
Araçoiaba da Serra,,Gerente De Agência,2,12273.61
Araçoiaba da Serra,,Gerente De Operação De Tecnologia Da Informação,2,11012.05
Araçatuba,,Diretor De Recursos Humanos,2,13366.57
Araçoiaba da Serra,,Engenheiros De Sistemas Operacionais Em Computação,2,9252.52
Itu,,"Cartonageiro, A Máquina",2,2086.64
Pindamonhangaba,,Químico Industrial,2,12359.95
Araçatuba,,Técnico Mecânico Na Fabricação De Ferramentas,2,8540.44
Araçariguama,,"Operador De Forno (Fabricação De Pães, Biscoitos E Similares)",2,1838.73
Itupeva,,Operador De Máquina De Cortar E Dobrar Papelão,2,2271.59
Itupeva,,Tecelão De Malhas (Máquina Circular),2,2094.9
Araçariguama,,"Costureiro, A  Máquina  Na Confecção Em Série",2,2213.86
Araçariguama,,Tecnólogo Em Processos Químicos,2,2589.59
Macatuba,,Diretor Geral De Empresa E Organizações (Exceto De Interesse Público),2,7213.39
Itu,,Atendente De Lavanderia,2,1326.79
Macatuba,,Trabalhador Na Operação De Sistemas Convencionais De Irrigação Por Aspersão,2,4281.07
Itupeva,,Técnico Em Saúde Bucal,2,1553.22
Americana,,Escriturário  Em  Estatística,2,2025.7
Araçariguama,,Motofretista,2,1885.63
Araçariguama,,Agente De Portaria,2,1833.21
Americana,,Babá,2,1518.03
Americana,,Tecelão De Meias (Máquina Circular),2,2161.51
Macatuba,,Confeiteiro,2,2349.91
Americana,,Montador De Fotolito (Analógico E Digital),2,2545.2
Itupeva,,Diretor De Operações Comerciais (Comércio Atacadista E Varejista),2,3781.76
Macatuba,,Operador De Centrifugadora (Tratamentos Químicos E Afins),2,2246.04
Americana,,Conferente-Expedidor De Roupas (Lavanderias),2,2437.22
Piedade,,Supervisor De Compras,2,4927.18
Araçariguama,,Operador De Fresadora Com Comando Numérico,2,2749.04
Macatuba,,Operador De Computador,2,2283.7
Macatuba,,Analista De Sistemas De Automação,2,4359.25
Americana,,Mecânico Montador De Motores De Explosão E Diesel,2,2789.63
Macatuba,,Esteticista De Animais Domésticos,2,1514.91
Itupeva,,Auxiliar Técnico Em Laboratório De Farmácia,2,1923.22
Pindamonhangaba,,Diretor De Tecnologia Da Informação,2,11391.9
Itu,,Instalador-Reparador De Linhas E Aparelhos De Telecomunicações,2,2894.89
Itupeva,,Analista De Crédito (Instituições Financeiras),2,1530.91
Americana,,Xaropeiro,2,1316.97
Macatuba,,Operador De Máquina De Envasar Líquidos,2,1600.45
Americana,,Operador De Mídia Audiovisual,2,1974.36
Americana,,Técnico Em Métodos Eletrográficos Em Encefalografia,2,2183.93
Itu,,Técnico Em Manutenção De Instrumentos De Medição E Precisão,2,3551.63
Araçariguama,,Analista De Crédito (Instituições Financeiras),2,4011.74
Araçariguama,,Técnico De Matéria-Prima E Material,2,4971.96
Araçariguama,,Engenheiro De Controle E Automação,2,4281.28
Pindamonhangaba,,Técnico De Acabamento Em Siderurgia,2,13033.46
Itupeva,,Tecelão (Redes),2,1483.02
Macatuba,,Auxiliar De Corte (Preparação Da Confecção De Roupas),2,1410.62
Itu,,"Bordador, A  Mão",2,1447.41
Araçariguama,,Supervisor De Cobrança,2,1944.61
Macatuba,,Pesquisador Em Biologia De Microorganismos E Parasitas,2,8549.08
Araçariguama,,"Supervisor De Manutenção Eletromecânica Industrial, Comercial E Predial",2,5244.37
Macatuba,,Desenhista Industrial De Produto De Moda (Designer De Moda),2,5151.69
Macatuba,,Engenheiro De Produção,2,7275.16
Americana,,Agente Fiscal De Qualidade,2,3808.19
Araçariguama,,Eletromecânico De Manutenção De Portas Automáticas,2,2514.6
Araçariguama,,Supervisor De Manutenção De Máquinas Industriais Têxteis,2,5730.27
Itupeva,,Trabalhador Na Olericultura (Frutos E Sementes),2,1846.11
Americana,,Tesoureiro De Banco,2,2261.62
Itupeva,,Tratador De Animais,2,1778.22
Araçariguama,,Costureira De Peças Sob Encomenda,2,2907.26
Americana,,Supervisor De Fabricação De Produtos De Vidro,2,4973.94
Americana,,Profissional De Relações Com Investidores,2,6241.17
Itu,,Técnico De Sistemas Audiovisuais,2,978.87
Araçariguama,,Encarregado De Equipe De Conservação De Vias Permanentes (Exceto Trilhos),2,2958.8
Americana,,Cirurgião Dentista - Traumatologista Bucomaxilofacial,2,7747.17
Americana,,Engenheiro De Telecomunicações,2,4401.55
Araçariguama,,Tecnólogo Em Gestão Da Tecnologia Da Informação,2,1494.53
Itapeva,,Analista De Mídias Sociais,2,549.66
Boituva,,Técnico De Matéria-Prima E Material,2,4483.47
Ibiúna,,"Mecânico De Manutenção De Máquinas Cortadoras De Grama, Roçadeiras, Motosserras E Similares",2,933.86
Itapetininga,,Professor De Dança,2,561.28
Itapetininga,,Professor De Psicologia Do Ensino Superior,2,671.41
Boituva,,Tecnólogo Em Radiologia,2,2626.23
Itapetininga,,Engenheiro Mecânico,2,11201.6
Boituva,,Supervisor De Compras,2,3437.09
Itapeva,,Técnico Em Geologia,2,6400.07
Itapeva,,Engenheiro Florestal,2,8942.84
Boituva,,Sondador De Poços (Exceto De Petróleo E Gás),2,3817.12
Itu,,Diretor De Recursos Humanos,2,22698.45
Itupeva,,Auxiliar De Estatística,2,10764.11
Itapetininga,,Gerente De Comunicação,2,12137.5
Boituva,,Fermentador,2,3760.98
Boituva,,"Supervisor De Operação De Fluidos (Distribuição, Captação, Tratamento De Água, Gases, Vapor)",2,5194.56
Boituva,,Impressor De Rotativa,2,2320.2
Boituva,,Tecelão De Malhas (Máquina Circular),2,3167.36
Boituva,,Auxiliar De Enfermagem Do Trabalho,2,2032.48
Itupeva,,Secretário  Bilíngüe,2,15559.69
Ibiúna,,Técnico Eletricista,2,10349.14
Itupeva,,Visual Merchandiser,2,8652.48
Boituva,,Cartazeiro,2,2061.66
Ibiúna,,Tradutor,2,4337.63
Piedade,,Esteticista,2,1359.54
Itupeva,,Engenheiro Químico,2,13871.9
Boituva,,Oxicortador A Mão E A  Máquina,2,1910.38
Itu,,Moço De Convés (Marítimo E Fluviário),2,7563.38
Piedade,,Trabalhador No Cultivo De Árvores Frutíferas,2,1644.7
Ibiúna,,Professor De Educação Artística Do Ensino Fundamental,2,1325.96
Piedade,,Operador De Motosserra,2,790.41
Itapeva,,Professor Prático No Ensino Profissionalizante,2,1640.37
Boituva,,Editor De Texto E Imagem,2,1745.12
Itupeva,,Tecnólogo Em Gestão Da Tecnologia Da Informação,2,6686.89
Boituva,,Esteticista,2,1257.44
Boituva,,Chefe De Serviços Bancários,2,4418.91
Itupeva,,Instrutor De Aprendizagem E Treinamento Comercial,2,7682.77
Itapeva,,Telhador (Telhas De Argila E Materiais Similares),2,1448.88
Ibiúna,,Comissário De Trem,2,1795.71
Itapetininga,,Cozinheiro Industrial,2,664.5
Itapetininga,,Barman,2,1165.77
Boituva,,Administrador De Redes,2,7529.19
Boituva,,Gerente De Riscos,2,20660.15
Itapetininga,,"Corretor De Valores, Ativos Financeiros, Mercadorias E Derivativos",2,1963.26
Itapetininga,,Despachante Documentalista,2,1785.19
Itapeva,,Inspetor De Risco,2,1039.94
Itapetininga,,Avaliador De Bens Móveis,2,1322.12
Itapetininga,,Gerente De Serviços Culturais,2,5565.91
Itapetininga,,Pintor De Letreiros,2,1778.12
Ibiúna,,Operador De Acabamento (Indústria Gráfica),2,1777.76
Ibiúna,,Polidor De Metais,2,1599.29
Itapeva,,Técnico Do Mobiliário,2,1979.86
Itapetininga,,Montador De Filmes,2,1784.91
Piedade,,Supervisor De Almoxarifado,2,3212.77
Itapetininga,,Desenhista Industrial De Produto (Designer De Produto),2,1812.33
Ibiúna,,Montador De Equipamentos Elétricos (Aparelhos Eletrodomésticos),2,1615.34
Ibiúna,,Governanta De Hotelaria,2,2004.6
Itapetininga,,Churrasqueiro,2,1950.24
Piedade,,Monitor De Sistemas Eletrônicos De Segurança Interno,2,1501.31
Itapeva,,Chapeador,2,1717.74
Itapetininga,,Gerente De Crédito E Cobrança,2,2672.5
Ibiúna,,Professor De Geografia No Ensino Médio,2,2172.64
Ibiúna,,Professor De Nível Médio No Ensino Profissionalizante,2,2545.44
Ibiúna,,Técnico De Imobilização Ortopédica,2,2109.9
Itapetininga,,Diretor De Marketing,2,3998.18
Itapetininga,,Agente Fiscal De Qualidade,2,2088.84
Itapetininga,,Mecânico De Manutenção De Máquinas Operatrizes (Lavra De Madeira),2,3340.95
Cabreúva,,Professor De Física No Ensino Médio,2,3377.72
Cabreúva,,Professor De Nível Médio No Ensino Fundamental,2,2739.68
Cabreúva,,Operador De Motoniveladora,2,2514.73
Itapetininga,,Desenhista Projetista Mecânico,2,3572.45
Piedade,,Remetedor De Fios,2,1392.76
Charqueada,,Operador De Máquinas De Construção Civil E Mineração,2,4507.11
Cerquilho,,Gerente De Operações De Serviços De Assistência Técnica,2,5085.78
Dourado,,Gerente De Contas - Pessoa Física E Jurídica,2,3785.13
Pindamonhangaba,,Representante Comercial Autônomo,2,1326.32
Cerquilho,,Eletrotécnico (Produção De Energia),2,5053.1
Cerquilho,,Operador De Cristalização Na Refinação De Açucar,2,3618.42
Cabreúva,,Forneiro E Operador (Refino De Metais Não-Ferrosos),2,2948.23
Charqueada,,Supervisor De Transportes,2,3352.87
Charqueada,,Gerente De Recursos Humanos,2,3663.28
Cabreúva,,Analista De Planejamento E Orçamento - Apo,2,3177.81
Cabreúva,,Moleiro (Tratamentos Químicos E Afins),2,2655.53
Cabreúva,,Farmacêutico Industrial,2,2512.14
Charqueada,,Lavador De Roupas  A Maquina,2,2135.11
Cabreúva,,Analista De Redes E De Comunicação De Dados,2,2911.44
Dourado,,Supervisor De Crédito E Cobrança,2,3517.91
Cabreúva,,Cozinheiro De Hospital,2,2138.39
Itapetininga,,Auxiliar De Judiciário,2,2618.05
Dourado,,Caminhoneiro Autônomo (Rotas Regionais E Internacionais),2,2508.97
Ibiúna,,Técnico Mecânico (Motores),2,2594.35
Itapetininga,,Salva-Vidas,2,2451
Itapetininga,,Supervisor De Lavanderia,2,3607.49
Cabreúva,,Operador De Binadeira,2,1825.34
Ibiúna,,Técnico Em Patologia Clínica,2,1146.53
Cerquilho,,Analista De Logistica,2,2601.01
Cabreúva,,Operador De Prensa De Enfardamento,2,1781.99
Ibiúna,,Psicólogo Clínico,2,3505.03
Cerquilho,,"Operador De Processo (Química, Petroquímica E Afins)",2,1111.61
Cabreúva,,Marcador De Produtos (Siderúrgico E Metalúrgico),2,2434.09
Cerquilho,,Gerente De Suprimentos,2,4201.37
Itapeva,,Diretor De Instituição Educacional Pública,2,2351.95
Cabreúva,,Desenhista Industrial Gráfico (Designer Gráfico),2,1911.68
Cerquilho,,Gerente De Departamento Pessoal,2,4522.93
Charqueada,,Lubrificador Industrial,2,2617.91
Itapetininga,,Engenheiro Ambiental,2,7343.53
Cerquilho,,Operador De Draga,2,1901.24
Itapetininga,,Enfermeiro Do Trabalho,2,4861.44
Cabreúva,,Mestre (Indústria Têxtil E De Confecções),2,10872.07
Cabreúva,,Mestre (Indústria De Automotores E Material De Transportes),2,8529.73
Cabreúva,,Supervisor De Fabricação De Produtos De Vidro,2,10059.15
Cerquilho,,Lavador De Roupas,2,2325.76
Charqueada,,Tingidor De Roupas,2,1803.55
Cabreúva,,Professor Instrutor De Ensino E Aprendizagem Em Serviços,2,1327.02
Dourado,,Terapeuta Ocupacional,2,2130.78
Cerquilho,,Professor De Língua E Literatura Brasileira No Ensino Médio,2,3212.74
Ibiúna,,Professor De Física No Ensino Médio,2,1267.65
Ibiúna,,Professor De Matemática Do Ensino Fundamental,2,2643.46
Cerquilho,,Professor De Língua Portuguesa Do Ensino Fundamental,2,3766.52
Itapetininga,,Produtor De Rádio,2,1774.24
Charqueada,,Documentalista,2,1870.67
Dourado,,Técnico Em Nutrição E Dietética,2,2381.45
Cerquilho,,Recepcionista De Hotel,2,2160.76
Ibiúna,,Gerente De Marketing,2,6370.39
Itapeva,,Tecnólogo Em Eletrônica,2,1518.67
Itapeva,,Supervisor Da Manutenção E Reparação De Veículos Pesados,2,5427.08
Itapeva,,Mecânico De Refrigeração,2,0
Cerquilho,,Operador De Máquina De Etiquetar,2,1691.82
Cerquilho,,Operador De Instalação De Ar-Condicionado,2,2010.78
Itapeva,,Fiscal De Transportes Coletivos (Exceto Trem),2,5747.77
Itapeva,,Professor De Química No Ensino Médio,2,2342.47
Piedade,,Instalador-Reparador De Redes E Cabos Telefônicos,2,2007.97
Dourado,,Impressor De Corte E Vinco,2,842.54
Cerquilho,,Conferente Mercadoria (Exceto Carga E Descarga),2,1707.95
Itapetininga,,Gerente De Suporte Técnico De Tecnologia Da Informação,2,2500
Itapeva,,Operador De Máquina Misturadeira (Tratamentos Químicos E Afins),2,0
Pindamonhangaba,,Tecnólogo Em Secretariado Escolar,2,2118.28
Charqueada,,Balanceiro,2,2270.43
Dourado,,Copeiro,2,1902.73
Dourado,,Cabeleireiro,2,1805.88
Pindamonhangaba,,Dietista,2,2656.94
Cabreúva,,Médico Do Trabalho,2,16457.26
Dourado,,Vigia,2,2330.66
Pindamonhangaba,,Treinador Profissional De Futebol,2,1975.62
Cabreúva,,Técnico Mecânico (Motores),2,1523.26
Pindamonhangaba,,Maquinista De Cinema E Vídeo,2,1976.53
Cerquilho,,Professor De Língua Espanhola,2,1935
Cabreúva,,Moldador (Vidros),2,1592.52
Piedade,,Pesquisador Em Ciências Da Pesca E Aqüicultura,2,2345.69
Cerquilho,,Operador De Negócios,2,1426.84
Cerquilho,,Pizzaiolo,2,2489.92
Pindamonhangaba,,Operador De Carregadeira,2,2543.05
Charqueada,,Camareiro  De Hotel,2,1306.79
Dourado,,Gerente De Loja E Supermercado,2,2296.35
Charqueada,,Ajudante De Motorista,2,1480.19
Cerquilho,,Empregado Doméstico  Faxineiro,2,854.96
Cabreúva,,Cozinhador (Conservação De Alimentos),2,1485.43
Cabreúva,,Instalador-Reparador De Redes Telefônicas E De Comunicação De Dados,2,1744.11
Cabreúva,,Topógrafo,2,1571.93
Piedade,,Desenhista Técnico,2,2495.05
Pindamonhangaba,,Técnico Em Tratamento De Efluentes,2,4028.09
Cerquilho,,Alinhador De Pneus,2,1928.84
Cabreúva,,Professor De Educação Artística Do Ensino Fundamental,2,2112.11
Cabreúva,,Queijeiro Na Fabricação De Laticínio,2,1698.95
Itapetininga,,Redator De Textos Técnicos,2,7160.3
Cerquilho,,Programador De Máquinas - Ferramenta Com Comando Numérico,2,1718.51
Cabreúva,,Operador De Abertura (Fiação),2,1799.27
Pindamonhangaba,,Avaliador De Bens Móveis,2,2285.4
Cabreúva,,Armador De Estrutura De Concreto,2,2153.45
Pindamonhangaba,,Operador De Filtro-Prensa (Tratamentos Químicos E Afins),2,2407.74
Cabreúva,,Montador De Estruturas Metálicas,2,2146.89
Cabreúva,,Classificador De Madeira,2,1631.68
Cabreúva,,Gerente De Produção E Operações Agropecuárias,2,1871.02
Cabreúva,,Professor De Geografia No Ensino Médio,2,2077.84
Cabreúva,,Operador De Cortadeira De Papel,2,2359.85
Cabreúva,,Montador De Veículos (Linha De Montagem),2,2034.54
Ibiúna,,Gerente De Clientes Especiais (Private),2,5943.84
Cabreúva,,Lapidador De Vidros E Cristais,2,2465.24
Cerquilho,,Camareiro  De Hotel,2,1217.53
Cabreúva,,Operador De Refrigeração (Coqueria),2,2766.66
Cabreúva,,"Salsicheiro (Fabricação De Lingüiça, Salsicha E Produtos Similares)",2,3441.93
Cerquilho,,Modelador De Madeira,2,2057.11
Pindamonhangaba,,Analista De Transporte Em Comércio Exterior,2,1451.21
Pindamonhangaba,,Tecnólogo Em Meio Ambiente,2,5178.44
Itapetininga,,Tecnólogo Em Segurança Do Trabalho,2,6113.37
Cabreúva,,Governanta De Hotelaria,2,2589.73
Piedade,,Biomédico,2,3325.99
Cabreúva,,Supervisor De Vendas De Serviços,2,4144.77
Cabreúva,,Técnico De Contabilidade,2,7514.8
Charqueada,,Operador De Estação De Tratamento De Água E Efluentes,2,1290.2
Cabreúva,,Preparador De Estruturas Metálicas,2,2853.15
Pindamonhangaba,,Metalizador A Pistola,2,3906.34
Cabreúva,,Montador De Equipamentos Elétricos (Centrais Elétricas),2,3557.85
Itapeva,,Supervisor Da Aqüicultura,2,2319.51
Cerquilho,,Engenheiro Eletricista De Manutenção,2,14460.94
Dourado,,Gerente Financeiro,2,14611.11
Cabreúva,,Diretor De Pesquisa E Desenvolvimento (P&D),2,8572.91
Boituva,,Diretor De Operações De Serviços De Transporte,2,32566.1
Cerquilho,,Limpador De Vidros,2,878.59
Boituva,,Supervisor De Manutenção Eletromecânica (Utilidades),2,6857.68
Piedade,,Gerente De Projetos E Serviços De Manutenção,2,3336.77
Boituva,,Varredor De Rua,2,1292.97
Pindamonhangaba,,Supervisor De Digitação E Operação,2,3582.63
Boituva,,Maître,2,1810.89
Pindamonhangaba,,Mestre De Galvanoplastia,2,7285.1
Pindamonhangaba,,Técnico Em Soldagem,2,6696.84
Piedade,,Tecnólogo Em Radiologia,2,3517.98
Pindamonhangaba,,"Supervisor De Operação De Fluidos (Distribuição, Captação, Tratamento De Água, Gases, Vapor)",2,8108.2
Boituva,,Balanceiro,2,2611.63
Pindamonhangaba,,Mestre (Indústria De Automotores E Material De Transportes),2,4539.44
Boituva,,Impressor Tipográfico,2,2299.77
Piedade,,Engenheiro De Minas (Processo),2,4309.24
Piedade,,Técnico De Manutenção Elétrica,2,5784.19
Boituva,,Vendedor  Permissionário,2,2462.96
Piedade,,Nutricionista,2,3218.66
Piedade,,Técnico Em Secretariado,2,4343.39
Pindamonhangaba,,Tecnólogo Em Gestão Administrativo- Financeira,2,1718.16
Boituva,,Operador De Draga,2,2377.01
Piedade,,Operador De Máquina Cortadora (Minas E Pedreiras),2,3627.69
Boituva,,Técnico De Enfermagem Do Trabalho,2,2707.81
Pindamonhangaba,,Maquiador,2,2445.11
Boituva,,Operador De Acabamento De Peças Fundidas,2,1853.59
Boituva,,Contramestre De Acabamento (Indústria Têxtil),2,3023.64
Piedade,,Instrutor De Cursos Livres,2,2555.77
Pindamonhangaba,,Engenheiro Químico (Petróleo E Borracha),2,21360.22
Boituva,,Oleiro (Fabricação De Tijolos),2,2296.8
Piedade,,Vistoriador Naval,2,2478.98
Pindamonhangaba,,Engenheiro Agrônomo,2,5957.52
Boituva,,Lubrificador Industrial,2,2461.2
Pindamonhangaba,,Mecânico De Manutenção De Tratores,2,3255.98
Boituva,,Gerente De Suprimentos,2,3820.7
Boituva,,Designer De Interiores,2,3255.22
Boituva,,"Técnico Mecânico (Calefação, Ventilação E Refrigeração)",2,2152.72
Boituva,,Alinhador De Pneus,2,2441.05
Boituva,,Operador De Máquina De Eletroerosão,2,2950.86
Boituva,,Supervisor De Controle Patrimonial,2,3942.31
Ibiúna,,Forneiro De Fundição (Forno De Redução),2,3073.84
Boituva,,Plataformista (Petróleo),2,4364.51
Boituva,,Supervisor De Transportes,2,5031.81
Pindamonhangaba,,Educador Social,2,1791.97
Piedade,,Assistente Social,2,2365.35
Piedade,,Desenhista Projetista De Construção Civil,2,1834.64
Itapetininga,,Taquígrafo,2,3601.39
Boituva,,Produtor De Televisão,2,8603.47
Boituva,,Operador De Máquinas De Usinar Madeira (Cnc),2,0
Piedade,,Mecânico De Manutenção E Instalação De Aparelhos De Climatização E  Refrigeração,2,1615.45
Macatuba,,"Pintor, A  Pistola (Exceto Obras E Estruturas Metálicas)",2,2109.14
Itapeva,,Biólogo,2,3037.72
Piedade,,Preparador De Tintas,2,1601.13
Macatuba,,Secretária Trilíngüe,2,1237.5
Itapeva,,Bibliotecário,2,3946.48
Macatuba,,Funileiro Industrial,2,942.26
Macatuba,,Operador De Britadeira (Tratamentos Químicos E Afins),2,1381.15
Macatuba,,Técnico De Obras Civis,2,5232
Itapetininga,,Técnico De Contabilidade,2,4191.91
Macatuba,,Analista De Recursos Humanos,2,3153.59
Macatuba,,Conferente Mercadoria (Exceto Carga E Descarga),2,3368.36
Pindamonhangaba,,Técnico Mecânico Na Fabricação De Ferramentas,2,2547.23
Macatuba,,Analista De Suporte Computacional,2,4570.24
Macatuba,,Gerente De Compras,2,4447.14
Macatuba,,Economista Financeiro,2,4723.19
Macatuba,,Gerente De Departamento Pessoal,2,3800.84
Pindamonhangaba,,Analista De Informações (Pesquisador De Informações De Rede),2,2864.6
Pindamonhangaba,,Operador De Caminhão (Minas E Pedreiras),2,2130.11
Pindamonhangaba,,Adestrador De Animais,2,2335.39
Araçatuba,,Médico Neurologista,2,11985.85
Ibiúna,,Agente De Segurança,2,4276.83
Dourado,,Diretor Administrativo,2,22181.48
Cerquilho,,Supervisor De Crédito E Cobrança,2,7833.78
Dourado,,Diretor Comercial,2,25569.23
Araçatuba,,Supervisor De Transportes,2,7915.38
Araçatuba,,Técnico Operacional De Serviços De Correios,2,9360.2
Araçoiaba da Serra,,Técnico De Manutenção Eletrônica,2,2501.64
Araçatuba,,Entrevistador De Pesquisa De Opinião E Mídia,2,1152.47
Araçoiaba da Serra,,Professor De Língua Portuguesa,2,1693.14
Pindamonhangaba,,Inspetor De Risco,2,1542.86
Araçatuba,,Professor De Língua Espanhola,2,457.27
Araçatuba,,Revisor De Tecidos Acabados,2,1587.19
Araçatuba,,Ceramista,2,1331.81
Charqueada,,Jardineiro,2,1515.2
Cerquilho,,Instalador De Linhas Elétricas De Alta E Baixa - Tensão (Rede Aérea E Subterrânea),2,2988.61
Araçatuba,,Diretor De Planejamento Estratégico,2,2167.18
Araçatuba,,Vidraceiro (Edificações),2,1500
Piedade,,Analista De Pesquisa De Mercado,2,1525.18
Araçatuba,,Mecânico De Manutenção De Bomba Injetora (Exceto De Veículos Automotores),2,2504.8
Pindamonhangaba,,Chapeador,2,1682.29
Araçoiaba da Serra,,Cortador De Laminados De Madeira,2,1731.03
Araçatuba,,Vendedor Ambulante,2,1603.89
Araçatuba,,Maître,2,1490.95
Araçoiaba da Serra,,Professor De Artes No Ensino Médio,2,2119.44
Araçoiaba da Serra,,Médico Do Trabalho,2,4242.53
Ibiúna,,Engenheiro Agrônomo,2,6524.28
Araçoiaba da Serra,,Fonoaudiólogo Geral,2,2100.59
Araçoiaba da Serra,,Banhista De Animais Domésticos,2,1464.47
Piedade,,Banhista De Animais Domésticos,2,1461
Araçoiaba da Serra,,Desenhista Técnico (Artes Gráficas),2,2078.03
Araçatuba,,Montador De Calçados,2,1831.78
Charqueada,,Técnico Em Administração,2,1443.86
Araçatuba,,"Moldador De Abrasivos Na Fabricação De Cerâmica, Vidro E Porcelana",2,1887.09
Araçatuba,,Operador De Acabamento De Peças Fundidas,2,1879.5
Ibiúna,,Professor Instrutor De Ensino E Aprendizagem Em Serviços,2,2927.37
Araçatuba,,Condutor De Processos Robotizados De Soldagem,2,1872.63
Araçoiaba da Serra,,Pedreiro De Edificações,2,2349.31
Dourado,,Comerciante Varejista,2,1183.61
Itapeva,,Operador De Inspeção De Qualidade,2,2193.26
Itapetininga,,Artista (Artes Visuais),2,1840.07
Araçoiaba da Serra,,Supervisor De Caixas E Bilheteiros (Exceto Caixa De Banco),2,2269.08
Araçatuba,,Chefe De Confeitaria,2,3144.27
Araçatuba,,Tecnólogo Em Telecomunicações,2,1626.3
Itapetininga,,Corretor De Seguros,2,2805.01
Itapetininga,,Gerente De Projetos De Tecnologia Da Informação,2,1606.28
Itapetininga,,Porteiro (Hotel),2,1783.13
Cerquilho,,Promotor De Vendas,2,1518.87
Ibiúna,,Maquinista De Trem Metropolitano,2,2655.84
Itapeva,,Supervisor De Transportes,2,3484.77
Itapeva,,Agente De Trânsito,2,1720.43
Cerquilho,,Arrematadeira,2,1350.95
Charqueada,,Cortador De Laminados De Madeira,2,1497.14
Pindamonhangaba,,Cortador De Roupas,2,1325.87
Pindamonhangaba,,Supervisor De Cobrança,2,2516.45
Itapeva,,Montador De Instrumentos De Óptica,2,1721.28
Dourado,,Impressor De Ofsete (Plano E Rotativo),2,1356.3
Charqueada,,Porteiro De Edifícios,2,1686.47
Itapetininga,,Supervisor De Caixas E Bilheteiros (Exceto Caixa De Banco),2,1659.34
Itapetininga,,Cortador De Vidro,2,1758.26
Araçoiaba da Serra,,Técnico De Comunicação De Dados,2,1657.81
Ibiúna,,Ciclista Mensageiro,2,1917.2
Itapeva,,Mecânico De Manutenção De Bomba Injetora (Exceto De Veículos Automotores),2,2990.47
Ibiúna,,Técnico Em Atendimento E Vendas,2,2424.49
Araçatuba,,Operador De Rede De Teleprocessamento,2,2730.11
Araçatuba,,Perito Contábil,2,1795.03
Cerquilho,,Ajustador Mecânico,2,1699.68
Araçatuba,,Diretor De Arte (Publicidade),2,1775.41
Araçoiaba da Serra,,Operador De Triagem E Transbordo,2,2071.78
Itapeva,,Inspetor De Terraplenagem,2,2609.58
Araçatuba,,Ascensorista,2,2259.59
Itapetininga,,Preparador De Tintas,2,2294.22
Itapetininga,,Desenhista Detalhista,2,4046.37
Piedade,,Preparador Físico,2,998.37
Piedade,,Professor De Artes No Ensino Médio,2,1016.17
Itapeva,,Técnico De Planejamento E Programação Da Manutenção,2,5192.61
Araçatuba,,Operador De Máquina Misturadeira (Tratamentos Químicos E Afins),2,2924.14
Araçatuba,,Diretor De Produção,2,2437.1
Itapeva,,Limpador De Fachadas,2,1995.83
Araçoiaba da Serra,,Coordenador De Programação,2,1713.39
Itapetininga,,Trabalhador No Cultivo De Flores Em Vaso,2,1692.97
Cerquilho,,Preparador De Rações,2,1409.98
Araçoiaba da Serra,,Desenhista Projetista De Construção Civil,2,2555.22
Itapeva,,Professores De Cursos Livres,2,1283.28
Araçoiaba da Serra,,"Eletricista De Instalações (Veículos Automotores E Máquinas Operatrizes, Exceto Aeronaves E Embarcações)",2,2596.27
Araçatuba,,Operador De Instalação De Ar-Condicionado,2,3185.94
Itapeva,,Auxiliar De Laboratório De Imunobiológicos,2,1698.22
Araçatuba,,Operador De Abastecimento De Combustível De Aeronave,2,3097.96
Araçatuba,,Localizador (Cobrador),2,2660.69
Pindamonhangaba,,Calafetador,2,1792.9
Araçatuba,,Psicólogo Do Trabalho,2,4516.69
Araçoiaba da Serra,,Mestre De Pintura (Tratamento De Superfícies),2,3061.78
Cerquilho,,Mecânico De Manutenção De Bicicletas E Veículos Similares,2,1683.18
Araçoiaba da Serra,,Impressor (Serigrafia),2,4970.79
Itapeva,,Locutor De Mídias Audiovisuais,2,1600.86
Itapetininga,,Desenhista Técnico (Artes Gráficas),2,3573.6
Araçoiaba da Serra,,Analista De Exportação E Importação,2,5017.98
Araçoiaba da Serra,,"Supervisor De Operação Elétrica (Geração, Transmissão E Distribuição De Energia Elétrica)",2,4768.11
Araçoiaba da Serra,,Cirurgião Dentista - Clínico Geral,2,4188.78
Itapeva,,Pizzaiolo,2,1128.95
Cerquilho,,Desenvolvedor Web (Técnico),2,1449.85
Araçoiaba da Serra,,Engenheiro De Segurança Do Trabalho,2,7985.46
Itapetininga,,Cozinhador De Pescado,2,1557.35
Araçoiaba da Serra,,Topógrafo,2,7109.61
Araçoiaba da Serra,,Engenheiro Civil,2,6289.13
Cerquilho,,Montador De Equipamentos Elétricos (Centrais Elétricas),2,1154.19
Pindamonhangaba,,Secretário  Bilíngüe,2,11282.53
Araçatuba,,Operador De Sonda Rotativa,2,0
Charqueada,,Recebedor De Apostas (Loteria),2,1201.26
Itapetininga,,"Confeccionador De Velas Náuticas, Barracas E Toldos",2,1445.08
Piedade,,Gerente De Suprimentos,2,9403.56
Pindamonhangaba,,Mestre De Pintura (Tratamento De Superfícies),2,7572.07
Ibiúna,,Lustrador De Peças De Madeira,2,1576.97
Pindamonhangaba,,Teleoperador,2,1151.05
Cerquilho,,Zelador De Edifício,2,2458.11
Piedade,,Oleiro (Fabricação De Tijolos),2,1513.92
Pindamonhangaba,,Banhista De Animais Domésticos,2,1180.53
Ibiúna,,Despachante Documentalista,2,1655.87
Itapeva,,Conferente Mercadoria (Exceto Carga E Descarga),2,1556.42
Pindamonhangaba,,Professor De Sociologia No Ensino Médio,2,1906.05
Pindamonhangaba,,Enfermeiro De Terapia Intensiva,2,1533.31
Itapeva,,Advogado De Empresa,2,3118.14
Itapeva,,"Eletricista De Manutenção De Linhas Elétricas, Telefônicas E De Comunicação De Dados",2,1596.28
Itapeva,,Eletricista De Instalações (Edifícios),2,1234.29
Pindamonhangaba,,Monitor De Dependente Químico,2,1184.38
Araçoiaba da Serra,,Médico Veterinário,2,8835.2
Araçoiaba da Serra,,Instrutor De Aprendizagem E Treinamento Industrial,2,7865.51
Dourado,,Operador De Incubadora,2,2132.89
Araçatuba,,Médico Oftalmologista,2,7968.9
Itapetininga,,Assentador De Canalização (Edificações),2,1455.85
Araçatuba,,"Supervisor De Operação Elétrica (Geração, Transmissão E Distribuição De Energia Elétrica)",2,7819.59
Itapetininga,,Montador De Equipamentos Elétricos,2,1579.29
Itapetininga,,Modelista De Roupas,2,1667.2
Araçatuba,,Engenheiro Metalurgista,2,7752.43
Dourado,,Torrador De Café,2,1794.5
Itapetininga,,Queijeiro Na Fabricação De Laticínio,2,1495
Araçatuba,,Tecnólogo Em Automação Industrial,2,6883.6
Araçatuba,,Operador De Triagem E Transbordo,2,4243.91
Cerquilho,,Planejista,2,1629.7
Araçatuba,,Técnico De Controle De Meio Ambiente,2,4673.18
Araçatuba,,Médico Otorrinolaringologista,2,6850.78
Araçoiaba da Serra,,Encarregado De Acabamento De Chapas E Metais  (Têmpera),2,3724.68
Charqueada,,Motorista De Carro De Passeio,2,1936.79
Itapetininga,,Professor De Língua Estrangeira Moderna Do Ensino Fundamental,2,1419.57
Charqueada,,Conferente De Carga E Descarga,2,2214.41
Araçoiaba da Serra,,Supervisor De Manutenção De Máquinas Industriais Têxteis,2,4667.6
Itapetininga,,Professor De Educação Artística Do Ensino Fundamental,2,1781.53
Araçatuba,,Gravador De Matriz Para Flexografia (Clicherista),2,3223.72
Araçatuba,,Psicólogo Educacional,2,3377.28
Dourado,,Operador De Máquinas Operatrizes,2,2172.26
Araçatuba,,Desenvolvedor Web (Técnico),2,3084.72
Pindamonhangaba,,Pedreiro De Edificações,2,1870.24
Araçatuba,,Técnico De Manutenção Elétrica De Máquina,2,3052.24
Araçatuba,,Queijeiro Na Fabricação De Laticínio,2,2298.99
Itapetininga,,Professor De Computação (No Ensino Superior),2,858.02
Araçatuba,,Técnico De Seguros,2,3604.32
Araçatuba,,Montador De Veículos (Linha De Montagem),2,2114.82
Araçoiaba da Serra,,Gerente De Produção E Operações Da Construção Civil E Obras Públicas,2,2663.39
Itapetininga,,Arquivista,2,941.68
Araçatuba,,Montador De Estruturas Metálicas De Embarcações,2,1138.37
Ibiúna,,Carregador (Armazém),2,1329.47
Pindamonhangaba,,Lapidador De Vidros E Cristais,2,2204.35
Piedade,,Modelador De Madeira,2,2081.48
Pindamonhangaba,,"Operador De Máquina Eletroerosão, À Fio, Com Comando Numérico",2,2924.93
Araçatuba,,"Supervisor De Fabricação De Produtos Cerâmicos, Porcelanatos E Afins",2,2324.85
Araçatuba,,Técnico De Painel De Controle,2,2480.84
Araçatuba,,Mestre De Produção Farmacêutica,2,3118.56
Piedade,,Montador De Instrumentos De Óptica,2,1964.92
Pindamonhangaba,,Serrador De Madeira,2,1708.31
Itapeva,,Gerente De Suprimentos,2,7049.17
Cerquilho,,Corretor De Seguros,2,2035.07
Dourado,,Agente De Portaria,2,1807.66
Piedade,,Cobrador De Transportes Coletivos (Exceto Trem),2,1841.47
Araçoiaba da Serra,,Auxiliar Técnico Em Laboratório De Farmácia,2,2515.32
Araçatuba,,Mestre (Indústria Petroquímica E Carboquímica),2,2741.08
Pindamonhangaba,,Organizador De Evento,2,3604.63
Pindamonhangaba,,Desenhista Técnico (Artes Gráficas),2,1301.75
Piedade,,Gerente De Departamento Pessoal,2,1698.8
Araçoiaba da Serra,,Instalador-Reparador De Redes E Cabos Telefônicos,2,3153.48
Cerquilho,,Tosador De Animais Domésticos,2,914.81
Dourado,,Trabalhador Da Pecuária (Bovinos Corte),2,2117.83
Piedade,,"Eletrotécnico Na Fabricação, Montagem E Instalação De Máquinas E Equipamentos",2,1574.38
Araçatuba,,Enfermeiro De Terapia Intensiva,2,1705.13
Dourado,,Supervisor De Exploração Agropecuária,2,4290.73
Pindamonhangaba,,"Encarregado De Manutenção De Instrumentos De Controle, Medição E Similares",2,2748.12
Pindamonhangaba,,Operador De Colheitadeira,2,2934.2
Dourado,,Operador De Trator Florestal,2,2186.3
Dourado,,Gerente De Projetos E Serviços De Manutenção,2,4414.31
Araçatuba,,Trabalhador Polivalente Da Confecção De Calçados,2,2441.72
Dourado,,Cobrador Interno,2,2898.8
Araçatuba,,Engenheiro Civil (Edificações),2,6059.25
Araçatuba,,Oficial Do Registro Civil De Pessoas Naturais,2,2738.5
Pindamonhangaba,,"Operador De Bobinadeira De Tiras A Quente, No Acabamento De Chapas E Metais",2,2875.13
Araçoiaba da Serra,,Operador De Caldeira,2,2107.34
Americana,,Técnico De Painel De Controle,2,0
Araçatuba,,Técnico Gráfico,2,2194.22
Araçatuba,,Trabalhador No Cultivo De Flores Em Vaso,2,1675.03
Araçatuba,,Mecânico De Manutenção De Motores E Equipamentos Navais,2,1982.37
Araçatuba,,Mecânico De Manutenção De Instalações Mecânicas De Edifícios,2,1728.05
Piedade,,Operador De Desempenadeira Na Usinagem Convencional De Madeira,2,2651.28
Piedade,,Eletrotécnico (Produção De Energia),2,4357.94
Cerquilho,,Operador De Bomba De Concreto,2,2560.63
Piedade,,Carpinteiro,2,3126.72
Charqueada,,Rebarbador De Metal,2,2306.26
Piedade,,Operador De Negócios,2,2052.6
Araçatuba,,Teleoperador,2,1683.39
Pindamonhangaba,,Agente Fiscal Metrológico,2,4064.53
Cerquilho,,"Encarregado De Manutenção De Instrumentos De Controle, Medição E Similares",2,3068.54
Araçatuba,,Auxiliar De Maquinista De Trem,2,978.88
Pindamonhangaba,,Editor De Mídia Eletrônica,2,3152.18
Pindamonhangaba,,Eletricista De Instalações (Cenários),2,2904.05
Pindamonhangaba,,Administrador De Sistemas Operacionais,2,5063.93
Pindamonhangaba,,Mestre Carpinteiro,2,4626.02
Cerquilho,,Eletrotécnico,2,3657.22
Cerquilho,,Professor Instrutor De Ensino E Aprendizagem Em Serviços,2,1110.44
Dourado,,Monitor De Transporte Escolar,2,1386.77
Araçariguama,,Consultor Jurídico,2,10571.6
Dourado,,Mecânico De Veículos Automotores A Diesel (Exceto Tratores),2,1421.33
Cerquilho,,Administrador De Sistemas Operacionais,2,2205.58
Americana,,Engenheiro Químico (Indústria Química),2,7503.36
Cerquilho,,Agente De Viagem,2,1529.32
Cerquilho,,Xaropeiro,2,1331.61
Charqueada,,Operador De Central De Concreto,2,1585.68
Charqueada,,Operador De Pá Carregadeira,2,1733.95
Cerquilho,,Alambiqueiro,2,2522.73
Cerquilho,,Gerente De Suporte Técnico De Tecnologia Da Informação,2,1496.79
Araçatuba,,Operador De Cobrança Bancária,2,1568.17
Cerquilho,,Tecnólogo Em Secretariado Escolar,2,1900.34
Charqueada,,Analista Financeiro (Instituições Financeiras),2,2083.49
Cerquilho,,Pedagogo,2,3633.79
Cerquilho,,Técnico De Desporto Individual E Coletivo (Exceto Futebol),2,2224.32
Cerquilho,,Riscador De Roupas,2,1551.88
Araçatuba,,Serrador De Madeira,2,1515.93
Dourado,,Analista De Suporte Computacional,2,1687.74
Araçariguama,,Supervisor De Manutenção Elétrica De Alta Tensão Industrial,2,5587.95
Charqueada,,Marmorista (Construção),2,2199.24
Dourado,,Operador De Máquinas De Usinar Madeira (Cnc),2,2445.47
Cerquilho,,Analista De Negócios,2,2433.55
Cerquilho,,Cortador De Pedras,2,2032.23
Cerquilho,,Técnico De Controle De Meio Ambiente,2,3906.24
Cerquilho,,Auxiliar De Biblioteca,2,1570.42
Americana,,Advogado (Direito Público),2,4780.24
Araçatuba,,Laminador De Plástico,2,1549.19
Charqueada,,Encarregado De Manutenção Mecânica De Sistemas Operacionais,2,5140.32
Americana,,Eletricista De Instalações (Aeronaves),2,4965.39
Cerquilho,,Supervisor De Telemarketing E Atendimento,2,2796.14
Americana,,Técnico De Manutenção De Sistemas E Instrumentos,2,5693.77
Cerquilho,,Diretor De Suprimentos,2,3674.56
Cerquilho,,Advogado,2,2147
Araçariguama,,Técnico De Obras Civis,2,6283.15
Dourado,,"Operador De Tesoura Mecânica E Máquina De Corte, No Acabamento De Chapas E Metais",2,2505.01
Araçoiaba da Serra,,Adestrador De Animais,2,1406.22
Cerquilho,,Analista De Transporte Em Comércio Exterior,2,2799.79
Charqueada,,Mestre (Indústria Petroquímica E Carboquímica),2,4558.24
Araçoiaba da Serra,,Trabalhador Na Olericultura (Legumes),2,1225.76
Araçoiaba da Serra,,Trabalhador Da Cultura De Arroz,2,1281.72
Cerquilho,,Motorista Operacional De Guincho,2,1610.49
Dourado,,Gerente De Logística (Armazenagem E Distribuição),2,2705.7
Cerquilho,,Gerente De Operações De Transportes,2,12114.64
Araçatuba,,Professor De Sociologia No Ensino Médio,2,1500.47
Americana,,Supervisor De Produção Na Mineração,2,4829.4
Dourado,,Fiscal De Tributos Municipal,2,2612.16
Dourado,,Farmacêutico Em Saúde Pública,2,3176.59
Cerquilho,,Professor De Educação Física Do Ensino Fundamental,2,2754.49
Americana,,Colorista De Papel,2,4115.69
Cerquilho,,Supervisor De Lavanderia,2,2105.89
Dourado,,Maître,2,3530.1
Charqueada,,Caixa De Banco,2,3625.86
Cerquilho,,Enfermeiro Do Trabalho,2,4891.11
Charqueada,,Supervisor De Produção Da Indústria Alimentícia,2,6990.23
Charqueada,,Operador De Escavadeira,2,4282.32
Cerquilho,,Gerente De Clientes Especiais (Private),2,6637.37
Cerquilho,,Engenheiro Eletricista,2,4868.14
Cerquilho,,Engenheiro De Controle De Qualidade,2,8390.86
Cerquilho,,Mestre De Produção Química,2,3221.14
Cerquilho,,Chefe De Serviço De Transporte Rodoviário (Passageiros E Cargas),2,7082.96
Araçoiaba da Serra,,Criador De Eqüínos,2,1130.55
Cerquilho,,Encarregado De Manutenção Mecânica De Sistemas Operacionais,2,6634.04
Americana,,Pedreiro (Material Refratário),2,2354.36
Araçatuba,,Médico Infectologista,2,8310.65
Americana,,"Técnico De Operação (Química, Petroquímica E Afins)",2,1761.55
Dourado,,Técnico Em Radiologia E Imagenologia,2,5933.69
Americana,,Técnico Têxtil De Malharia,2,4218
Charqueada,,Engenheiro Agrônomo,2,8204.69
Itu,,Entregador De Publicações,2,494.22
Itu,,Mestre De Pintura (Tratamento De Superfícies),2,7114.19
Araçatuba,,Engenheiro De Controle De Qualidade,2,6658.25
Itu,,Pesquisador De Engenharia Mecânica,2,9507.08
Pindamonhangaba,,Soldador A  Oxigás,2,1090.85
Itu,,Mestre De Produção Farmacêutica,2,6539.84
Americana,,Operador De Compactadora De Solos,2,1274.68
Araçariguama,,Encarregado De Manutenção Elétrica De Veículos,2,3581.38
Itupeva,,Concierge,2,8801.72
Itupeva,,Gerente De Projetos De Tecnologia Da Informação,2,18875.5
Americana,,Moleiro De Minérios,2,3920.34
Americana,,"Macheiro, A  Máquina",2,3347.29
Itupeva,,Engenheiro Mecatrônico,2,11955.31
Itupeva,,Diretor De  Produção E Operações De Alimentação,2,18861.81
Americana,,"Supervisor De Fabricação De Produtos Cerâmicos, Porcelanatos E Afins",2,3796.34
Araçariguama,,Técnico Mecânico (Máquinas),2,3473.32
Itu,,Diretor De Pesquisa E Desenvolvimento (P&D),2,31753.44
Araçariguama,,Operador De Britadeira (Tratamentos Químicos E Afins),2,3534.45
Itu,,Profissonal De Relações Internacionais,2,22632.1
Itu,,Professor De Computação (No Ensino Superior),2,2233.82
Itu,,Trabalhador No Cultivo De Flores E Folhagens De Corte,2,1402.76
Itu,,Chaveiro,2,1314.93
Itu,,Coletor De Resíduos Sólidos De Serviços De Saúde,2,1378.34
Itu,,Tapeceiro De Autos,2,2916.62
Itupeva,,Jornaleiro (Em Banca De Jornal),2,1181.14
Itu,,Relojoeiro (Reparação),2,1511.56
Itu,,Recepcionista De Seguro Saúde,2,1308.88
Itu,,Arquivista De Documentos,2,1403.19
Americana,,Mecânico De Manutenção De Máquinas Gráficas,2,4337.92
Araçariguama,,Técnico De Telecomunicações (Telefonia),2,2568.78
Itu,,Arquivista,2,1483.88
Itu,,Passadeira De Peças Confeccionadas,2,1759.01
Americana,,Desenhista Projetista Eletrônico,2,3148.31
Itupeva,,Rebitador A  Martelo Pneumático,2,2916.81
Araçatuba,,"Diretor De Produção E Operações Da Indústria De Transformação, Extração Mineral E Utilidades",2,20269.23
Americana,,Eletromecânico De Manutenção De Elevadores,2,3444.24
Itu,,"Confeccionador De Velas Náuticas, Barracas E Toldos",2,1679.74
Itu,,Editor De Mídia Eletrônica,2,2164.32
Itupeva,,Desenvolvedor Web (Técnico),2,2263.18
Americana,,Operador De Montagem De Cilindros E Mancais,2,3407.15
Itupeva,,Gerente De Infraestrutura De Tecnologia Da Informação,2,13786.82
Americana,,Operador De Equipamentos De Preparação De Areia,2,2472.87
Itu,,"Operador De Estação De Captação, Tratamento E Distribuição De Água",2,2236.41
Itu,,Professor De Outras Línguas E Literaturas,2,2830.17
Macatuba,,Analista De Exportação E Importação,2,5236
Macatuba,,Cirurgião Dentista - Clínico Geral,2,4277.56
Itu,,Técnico De Imobilização Ortopédica,2,2161.22
Itupeva,,"Operador De Estação De Captação, Tratamento E Distribuição De Água",2,2320.06
Macatuba,,Fonoaudiólogo Geral,2,2366.68
Itupeva,,"Encarregado De Manutenção De Instrumentos De Controle, Medição E Similares",2,2572.07
Itu,,Mestre Carpinteiro,2,2952.46
Macatuba,,Psicólogo Educacional,2,3100.85
Macatuba,,Gerente De Vendas,2,3865.2
Araçariguama,,"Eletricista De Manutenção De Linhas Elétricas, Telefônicas E De Comunicação De Dados",2,3708.59
Itupeva,,Mecânico De Manutenção De Máquinas Gráficas,2,3352.53
Macatuba,,Analista De Pesquisa De Mercado,2,2323.81
Itupeva,,Operador De Máquina Cortadora (Minas E Pedreiras),2,3433.56
Itupeva,,Mecânico De Manutenção De Instalações Mecânicas De Edifícios,2,3107.3
Itu,,Fosfatizador,2,2939.83
Macatuba,,Operador De Máquinas De Beneficiamento De Produtos Agrícolas,2,2569.01
Americana,,Operador De Máquinas De Beneficiamento De Produtos Agrícolas,2,1799.65
Macatuba,,Instrutor De Cursos Livres,2,2261.95
Araçariguama,,Recepcionista De Hotel,2,1731.93
Americana,,Carregador (Aeronaves),2,1831.27
Araçariguama,,Operador De Ponte Rolante,2,1999.73
Americana,,Relojoeiro (Reparação),2,1727.99
Americana,,Agente De Microcrédito,2,1858.38
Itupeva,,Ajustador Mecânico (Usinagem Em Bancada E Em Máquinas-Ferramentas),2,2296.2
Americana,,Decorador De Interiores De Nível Superior,2,3551
Itupeva,,Árbitro De Judô,2,2224.61
Americana,,Mecânico De Manutenção De Bombas,2,1814.22
Araçariguama,,Demonstrador De Mercadorias,2,2040.43
Itu,,Mecânico De Manutenção De Aparelhos De Levantamento,2,3048.49
Macatuba,,Promotor De Vendas,2,1832.02
Araçariguama,,Operador De Prensa De Material Reciclável,2,1694.81
Americana,,Magarefe,2,1955.8
Americana,,Técnico Mecânico (Motores),2,4847.72
Macatuba,,Pintor De Obras,2,1849.06
Araçariguama,,Montador De Andaimes (Edificações),2,2160.17
Araçariguama,,Operador De Acabamento De Peças Fundidas,2,2048.7
Macatuba,,Cronoanalista,2,1543.4
Araçariguama,,Preparador De Solas E Palmilhas,2,1684.67
Itu,,Jornalista,2,2430.11
Araçariguama,,Vendedor  Permissionário,2,2245.58
Americana,,Caseiro (Agricultura),2,1707.53
Americana,,Chaveiro,2,1593.94
Macatuba,,Montador De Veículos (Reparação),2,1336.47
Araçariguama,,Operador De Máquinas De Construção Civil E Mineração,2,2268.59
Itu,,Técnico Em Administração,2,4854.87
Americana,,Artista (Artes Visuais),2,1653.99
Macatuba,,Caseiro (Agricultura),2,1728.61
Itu,,Técnico De Enfermagem Da Estratégia De Saúde Da Família,2,1142.13
Araçariguama,,Visitador Sanitário,2,1623.58
Americana,,Camareiro De Teatro,2,1503.2
Itupeva,,Mestre De Siderurgia,2,7127.4
Americana,,Assoalhador,2,1456.38
Itu,,Atendente De Enfermagem,2,3469.53
Itupeva,,Ouvidor,2,3205.36
Americana,,Arrematadeira,2,1262.26
Americana,,Operador De Rebobinadeira Na Fabricação De Papel E Papelão,2,1406.3
Itupeva,,Reparador De Aparelhos Eletrodomésticos (Exceto Imagem E Som),2,2775.25
Itupeva,,Desenhista Copista,2,6118.19
Americana,,Médico Cirurgião Pediátrico,2,5513.24
Boituva,,Operador De Equipamento De Destilação De Álcool,2,0
Itupeva,,Babá,2,13949.43
Araçariguama,,Diretor De Instituição Educacional Da Área Privada,2,578.84
Itu,,Técnico De Painel De Controle,2,4579.91
Araçariguama,,Operador De Telemarketing Ativo E Receptivo,2,989.1
Boituva,,Engenheiro De Controle De Qualidade,2,5812.97
Itu,,Gerente De Produção E Operações  Florestais,2,12975.33
Americana,,Operador De Triagem E Transbordo,2,6348.09
Americana,,Engenheiro De Aplicativos Em Computação,2,9844.19
Boituva,,Mestre De Produção Química,2,4261.88
Araçariguama,,Gerente De Suprimentos,2,8416.66
Itu,,Operador De Compactadora De Solos,2,2957.03
Araçariguama,,Engenheiro Eletricista De Manutenção,2,13324.19
Araçariguama,,Diretor Administrativo E Financeiro,2,26409.1
Americana,,Diretor De Manutenção,2,23061.53
Boituva,,Técnico De Manutenção Elétrica De Máquina,2,5728.73
Boituva,,Funileiro De Veículos (Reparação),2,4016.66
Boituva,,Planejista,2,3271.39
Itupeva,,Topógrafo,2,3990.39
Porto Feliz,,Engenheiro Eletricista,2,8929.15
Boituva,,Gerente De Projetos De Tecnologia Da Informação,2,6191.2
Boituva,,Mestre (Indústria Petroquímica E Carboquímica),2,4887.78
Porto Feliz,,Médico Oftalmologista,2,6568.28
Boituva,,Técnico Em Patologia Clínica,2,3452.65
Porto Feliz,,Técnico De Manutenção Elétrica De Máquina,2,6017.5
Itu,,Fonoaudiólogo Geral,2,3154.49
Itupeva,,Técnico Em Turismo,2,4516.48
Itu,,Fisioterapeuta Esportivo,2,3055.89
Itu,,Preparador De Massa De Argila,2,2453.02
Boituva,,Montador De Veículos (Reparação),2,2181.26
Boituva,,Desenhista Detalhista,2,3316.52
Itupeva,,Forneiro Na Fundição De Vidro,2,4544.55
Boituva,,Ajustador Mecânico (Usinagem Em Bancada E Em Máquinas-Ferramentas),2,2498.18
Boituva,,Laminador De Plástico,2,2327.11
Boituva,,Supervisor De Exploração Agrícola,2,3238.18
Porto Feliz,,Supervisor De Produção Na Mineração,2,6041.35
Boituva,,Psicólogo Clínico,2,1922.91
Boituva,,Terapeuta Ocupacional,2,4808.01
Porto Feliz,,Fonoaudiólogo Geral,2,3834.99
Boituva,,Inspetor De Alunos De Escola Pública,2,1953.03
Porto Feliz,,Psicólogo Clínico,2,3431.81
Porto Feliz,,Fisioterapeuta Esportivo,2,2880.82
Boituva,,Caminhoneiro Autônomo (Rotas Regionais E Internacionais),2,2119.78
Boituva,,Oleiro (Fabricação De Telhas),2,1602.11
Boituva,,"Mecânico De Manutenção De Máquinas Cortadoras De Grama, Roçadeiras, Motosserras E Similares",2,2797.64
Boituva,,Ajustador Mecânico,2,2855.1
Boituva,,Montador De Veículos (Linha De Montagem),2,2002.91
Itu,,Arquiteto De Edificações,2,6939.48
Boituva,,Jóquei,2,1522.72
Porto Feliz,,Caminhoneiro Autônomo (Rotas Regionais E Internacionais),2,1896.52
Porto Feliz,,Técnico De Saneamento,2,2547.86
Porto Feliz,,Relações Públicas,2,11618.79
Porto Feliz,,Mecânico De Manutenção De Aparelhos De Levantamento,2,5366.26
Porto Feliz,,Acabador De Embalagens (Flexíveis E Cartotécnicas),2,2552.18
Porto Feliz,,Diretor De Recursos Humanos,2,25579.62
Itupeva,,Professor De Física No Ensino Médio,2,2857.86
Porto Feliz,,Diretor Comercial,2,16727.88
Porto Feliz,,Intérprete,2,7922.81
Porto Feliz,,Mecânico De Manutenção De Empilhadeiras E Outros Veículos De Cargas Leves,2,2235.64
Porto Feliz,,Gerente De Produção E Operações Da Construção Civil E Obras Públicas,2,16357.72
Porto Feliz,,Professor De Educação Física No Ensino Médio,2,805.1
Porto Feliz,,Inspetor De Risco,2,1598.5
Porto Feliz,,Professor De Química No Ensino Médio,2,1499.11
Porto Feliz,,Sondador (Poços De Petróleo E Gás),2,2515.24
Porto Feliz,,Montador De Equipamentos Elétricos,2,2074.51
Porto Feliz,,"Trefilador De Metais, À Máquina",2,2247.68
Porto Feliz,,Desenhista Industrial De Produto De Moda (Designer De Moda),2,1796.91
Porto Feliz,,Operador De Trator Florestal,2,1567.02
Porto Feliz,,Costureira De Peças Sob Encomenda,2,1633.74
Porto Feliz,,Cortador De Tapeçaria,2,1496.22
Itu,,Trabalhador No Cultivo De Plantas Ornamentais,2,1391.64
Porto Feliz,,Atendente De Lavanderia,2,844.64
Porto Feliz,,Telefonista,2,2272
Porto Feliz,,Monitor De Dependente Químico,2,1265.85
Porto Feliz,,Mecânico De Manutenção De Máquinas Agrícolas,2,4695.31
Porto Feliz,,Operador De Britador De Mandíbulas,2,2893.57
Porto Feliz,,Engenheiro Mecânico Automotivo,2,3257.59
Porto Feliz,,Assistente De Laboratório Industrial,2,2524.8
Porto Feliz,,Operador De Centro De Controle ( Sinterização),2,3542.35
Porto Feliz,,Topógrafo,2,1323.14
Porto Feliz,,Operador De Linha De Montagem (Aparelhos Elétricos),2,2028.14
Porto Feliz,,Operador De Máquina Recobridora De Arame,2,2701.07
Porto Feliz,,Supervisor De Vendas De Serviços,2,1768.47
Porto Feliz,,Médico Veterinário,2,5871.65
Porto Feliz,,Professor De Artes No Ensino Médio,2,1229.2
Porto Feliz,,Médico Psiquiatra,2,3604.93
Porto Feliz,,Árbitro De Futebol,2,3541.11
Porto Feliz,,Engenheiro De Segurança Do Trabalho,2,11033.01
Boituva,,Tecnólogo Em Automação Industrial,2,8163.56
Porto Feliz,,Mestre De Usinagem,2,3517.41
Porto Feliz,,Fiscal De Transportes Coletivos (Exceto Trem),2,1513.69
Itupeva,,Operador Polivalente Da Indústria Têxtil,2,899.75
Porto Feliz,,Bombeiro Civil,2,3672.47
Itupeva,,Funileiro Industrial,2,0
Porto Feliz,,"Operador De Pavimentadora (Asfalto, Concreto E Materiais Similares)",2,3867.09
Porto Feliz,,Técnico Mecânico Na Fabricação De Ferramentas,2,5737.94
Porto Feliz,,Médico Pediatra,2,5158.49
Porto Feliz,,Gerente De Serviços De Saúde,2,6213.99
Porto Feliz,,Supervisor Da Manutenção E Reparação De Veículos Pesados,2,8991.46
Itu,,"Cartonageiro, A Mão (Caixas De Papelão)",2,1515.86
Porto Feliz,,Engenheiro Químico,2,7062.45
Americana,,Engenheiro Mecânico Automotivo,2,11626.51
Cabreúva,,Técnico Em Mecatrônica - Robótica,2,8747.58
Cabreúva,,Supervisor Da Manutenção E Reparação De Veículos Pesados,2,7691.3
Araçariguama,,Pedreiro De Edificações,2,1631.88
Cabreúva,,Supervisor De Embalagem E Etiquetagem,2,3831.37
Cabreúva,,Técnico Em Soldagem,2,3702.6
Itu,,Eletrotécnico (Produção De Energia),2,6864.13
Cabreúva,,Secretário  Bilíngüe,2,4173.16
Itupeva,,Gerente De Clientes Especiais (Private),2,4895.06
Cabreúva,,Bombeiro Civil,2,3941.03
Cabreúva,,Afiador De Serras,2,3204.58
Araçariguama,,Supervisor De Manutenção De Máquinas Operatrizes E De Usinagem,2,8481.08
Americana,,Professor De Antropologia Do Ensino Superior,2,1081.53
Cabreúva,,Supervisor De Cobrança,2,2338.55
Americana,,Bilheteiro De Transportes Coletivos,2,1249.23
Itu,,Técnico Em Programação Visual,2,4404.66
Itu,,Gerente De Comunicação,2,2814.53
Itu,,Colorista Têxtil,2,1317.87
Cabreúva,,Encarregado De Equipe De Conservação De Vias Permanentes (Exceto Trilhos),2,2832.16
Araçariguama,,Banhista De Animais Domésticos,2,1145.92
Itu,,Contramestre De Cabotagem,2,5001.7
Itupeva,,Técnico Em Farmácia,2,1916.38
Araçariguama,,Porteiro (Hotel),2,2241.64
Itupeva,,Professor De Biologia No Ensino Médio,2,4876.96
Cabreúva,,Operador De Usinagem Convencional Por Abrasão,2,2902.85
Itu,,Psicólogo Do Trabalho,2,3651.45
Itu,,Controlador De Serviços De Máquinas E Veículos,2,3567.23
Itupeva,,Técnico De Apoio À Bioengenharia,2,4356.75
Americana,,Operador De Compressor De Ar,2,3240.76
Americana,,Emendador De Cabos Elétricos E Telefônicos (Aéreos E Subterrâneos),2,1518.29
Cabreúva,,Professor De História Do Ensino Fundamental,2,3254.73
Cabreúva,,Professor De Língua Inglesa,2,2140.66
Itupeva,,"Operador De Calandra (Química, Petroquímica E Afins)",2,4251.8
Itupeva,,Biólogo,2,4141.66
Itu,,Técnico Em Tratamento De Efluentes,2,2305.05
Itupeva,,Filtrador De Cerveja,2,2336.13
Cabreúva,,Professor Prático No Ensino Profissionalizante,2,2335.28
Cabreúva,,Agente De Defesa Ambiental,2,2678.13
Cabreúva,,Inspetor De Serviços De Transportes Rodoviários (Passageiros E Cargas),2,4736.19
Itu,,Artífice Do Couro,2,1536.81
Cabreúva,,Mecânico De Manutenção De Motores Diesel (Exceto De Veículos Automotores),2,1838.9
Americana,,Técnico De Sistemas Audiovisuais,2,2192.18
Araçariguama,,Desenhista Projetista De Arquitetura,2,4943.72
Americana,,Técnico Em Agrimensura,2,3896.39
Itu,,Bibliotecário,2,4114.39
Itu,,Administrador Em Segurança Da Informação,2,7596.79
Araçariguama,,Instrutor De Cursos Livres,2,2047.19
Cabreúva,,Cortador De Roupas,2,2014.16
Itu,,Carpinteiro (Esquadrias),2,1713.72
Itupeva,,Diretor De Leasing,2,2794.18
Araçariguama,,Encanador,2,2554.2
Americana,,Trabalhador Da Pecuária (Eqüinos),2,2569.22
Araçariguama,,Operador De Processo De Moagem,2,2305.18
Itu,,Editor,2,1970.46
Itupeva,,Forneiro De Fundição (Forno De Redução),2,2680.46
Itu,,Técnico Em Pesquisa Mineral,2,1831.96
Itu,,Chefe De Confeitaria,2,2651.89
Itu,,"Supervisor De Manutenção De Bombas, Motores, Compressores E Equipamentos De Transmissão",2,3664.59
Araçariguama,,Técnico De Manutenção Eletrônica,2,2495.14
Americana,,Calandrista De Borracha,2,3335.86
Cabreúva,,Técnico Em Secretariado,2,2121.39
Americana,,Traçador De Pedras,2,2687.36
Itu,,Sinaleiro (Ponte-Rolante),2,1913
Cabreúva,,Sushiman,2,1750
Itu,,Mecânico De Manutenção De Bomba Injetora (Exceto De Veículos Automotores),2,3533.19
Itu,,Instalador De Isolantes Acústicos,2,2502.24
Americana,,Mestre Serralheiro,2,3269.65
Americana,,Operador De Projetor Cinematográfico,2,3747.22
Cabreúva,,Operador De Jato Abrasivo,2,2092.57
Cabreúva,,Operador De Britador De Mandíbulas,2,1147.63
Americana,,Tecnólogo Em Eletrônica,2,3805.99
Americana,,Torneiro Na Usinagem Convencional De Madeira,2,4148.08
Itupeva,,Analista De Planejamento E Orçamento - Apo,2,1895.34
Itu,,Barista,2,1503.39
Itupeva,,Soldador A  Oxigás,2,2230.92
Itu,,Cozinheiro Do Serviço Doméstico,2,1714.29
Itupeva,,Cortador De Pedras,2,1857.14
Araçariguama,,Supervisor De Caixas E Bilheteiros (Exceto Caixa De Banco),2,2060.36
Araçariguama,,Técnico De Manutenção Elétrica De Máquina,2,2574.75
Itupeva,,Redator De Publicidade,2,4710.72
Itu,,Ourives,2,1786.05
Itu,,Engenheiro Eletricista De Manutenção,2,4367.13
Itupeva,,Ceramista,2,2986.16
Americana,,Tecnólogo Em Gestão Da Tecnologia Da Informação,2,2320.5
Araçariguama,,Assistente Social,2,2433.91
Itupeva,,Desenhista Projetista De Eletricidade,2,3578.85
Americana,,Operador De Britador De Mandíbulas,2,3278.46
Americana,,Tecnólogo Em Produção Industrial,2,3604.63
Americana,,Advogado (Áreas Especiais),2,6122.52
Araçariguama,,Selecionador De Material Reciclável,2,3530.8
Araçariguama,,Analista De Gestão De Estoque,2,3552.26
Americana,,Diretor De Criação,2,4482.32
Araçariguama,,Técnico Eletricista,2,4986.62
Araçariguama,,Técnico De Fundição Em Siderurgia,2,3883.59
Araçariguama,,Tecnólogo Em Automação Industrial,2,6310.69
Itu,,Operador De Mídia Audiovisual,2,2049.56
Araçariguama,,Mestre De Alto-Forno,2,7658.94
Americana,,Tecnólogo Em Soldagem,2,8607.24
Ibiúna,,Operador De Britador De Mandíbulas,2,0
Itapetininga,,"Ferramenteiro De Mandris, Calibradores E Outros Dispositivos",2,7595.3
Ibiúna,,Gerente De Serviços De Saúde,2,5838.44
Itapeva,,Médico Clínico,2,9340.55
Itapeva,,Supervisor De Montagem E Instalação Eletroeletrônica,2,6993.23
Itu,,Desenvolvedor De Multimídia,2,1651.3
Itupeva,,Operador De Guindaste Móvel,2,2304.09
Americana,,Operador De Centro De Usinagem De Madeira (Cnc),2,6152.41
Itapeva,,Agente De Ação Social,2,3646.84
Americana,,Desenhista Técnico Aeronáutico,2,6342.36
Itapeva,,Dirigente De Entidade De Trabalhadores,2,3901.7
Itapeva,,Professor De Física No Ensino Médio,2,1770.06
Itapeva,,Enfermeiro Do Trabalho,2,5461.6
Ibiúna,,Médico Veterinário,2,5222.3
Itapeva,,Técnico Em Mecânica De Precisão,2,4578.1
Itu,,Mecânico De Manutenção De Compressores De Ar,2,2567.02
Itu,,Diretor De Serviços Sociais,2,2265.59
Itu,,Entrevistador De Preços,2,3503.59
Ibiúna,,Ajustador Mecânico Em Bancada,2,3479.7
Itapetininga,,Fisioterapeuta  Do Trabalho,2,4541.63
Itapetininga,,Operador De Telemarketing Ativo E Receptivo,2,1418.49
Itu,,Operador De Guindaste (Fixo),2,2112.5
Itupeva,,"Técnico Mecânico (Calefação, Ventilação E Refrigeração)",2,2147.82
Ibiúna,,Farmacêutico Hospitalar E Clínico,2,4217.01
Itapetininga,,Biólogo,2,5434.84
Itupeva,,Advogado,2,3266.84
Itu,,Operador De Acabamento De Peças Fundidas,2,1660.93
Americana,,Médico Ortopedista E Traumatologista,2,9977.37
Itu,,Gravador De Matriz Serigráfica,2,2928.93
Itapetininga,,Auditor (Contadores E Afins),2,1497.1
Itapeva,,Tesoureiro De Banco,2,2922.39
Itapetininga,,Editor,2,6703
Itapeva,,Reparador De Equipamentos De Escritório,2,3421.72
Ibiúna,,Cartazeiro,2,1156.91
Itapetininga,,Mecânico De Manutenção De Máquinas-Ferramentas (Usinagem De Metais),2,2859.65
Itapetininga,,Operador De Máquina De Fundição,2,1262.31
Itupeva,,"Macheiro, A Mão",2,2941.02
Araçariguama,,Laminador De Plástico,2,2296.26
Itu,,"Macheiro, A Mão",2,3116.68
Itu,,Cirurgião Dentista - Odontologista Legal,2,1544.15
Itu,,Operador De Vazamento,2,3329.4
Itapetininga,,Analista De Pcp (Programação E Controle Da Produção),2,2940.89
Itapeva,,Operador De Maçaroqueira,2,2063.55
Itapetininga,,Inspetor De Risco,2,1450.55
Itapetininga,,Operador De Máquina De Usinagem De Madeira (Produção Em Série),2,2704.13
Itapetininga,,Bibliotecário,2,3064.41
Itupeva,,Limpador De Vidros,2,1358.86
Itupeva,,Auxiliar De Seguros,2,1843.26
Itu,,Lavador De Roupas  A Maquina,2,1620.45
Itapetininga,,Maître,2,2613.64
Itupeva,,Lubrificador De Veículos Automotores (Exceto Embarcações),2,2217.19
Itapetininga,,Atendente De Lavanderia,2,879.57
Itapetininga,,Operador De Ponte Rolante,2,2285.86
Itapetininga,,Analista De Informações (Pesquisador De Informações De Rede),2,4805.21
Itapeva,,Mecânico De Manutenção De Equipamento De Mineração,2,3402.31
Itapeva,,Analista De Redes E De Comunicação De Dados,2,2849.65
Itu,,Confeccionador De Brinquedos De Pano,2,1584.9
Itapetininga,,Supervisor Da Manutenção E Reparação De Veículos Pesados,2,7244.74
Itapetininga,,"Trabalhador Na Olericultura (Raízes, Bulbos E Tubérculos)",2,2695.28
Itupeva,,"Técnico Em Materiais, Produtos Cerâmicos E Vidros",2,1933.27
Itupeva,,Projetista De Móveis,2,1448.61
Itapetininga,,Médico Endocrinologista E Metabologista,2,18064.91
Itu,,Costureira De Reparação De Roupas,2,1390.3
Itu,,Técnico Em Farmácia,2,3077.24
Itapetininga,,Professor De Língua Portuguesa Do Ensino Fundamental,2,2726.53
Itu,,Técnico Em Piscicultura,2,1564.38
Itu,,Cafeicultor,2,1268.86
Ibiúna,,Instrumentador Cirúrgico,2,2139.32
Ibiúna,,Biomédico,2,1543.74
Itapetininga,,Supervisor De Compras,2,9720.35
Itu,,Editor De Jornal,2,2620.34
Itapetininga,,Administrador De Redes,2,8929.28
Itu,,Supervisor Técnico Operacional De Sistemas De Televisão E Produtoras De Vídeo,2,3112.6
Itapetininga,,Supervisor De Contas A Pagar,2,2947.01
Itapetininga,,Professor De Filosofia No Ensino Médio,2,2404.91
Itapeva,,Médico Do Trabalho,2,15929.67
Itapetininga,,Operador De Máquina De Abrir Valas,2,1943.38
Itupeva,,Enfermeiro Do Trabalho,2,4007.26
Itapetininga,,Consultor Jurídico,2,1632.35
Itapetininga,,Fiscal De Atividades Urbanas,2,2451.36
Itapetininga,,Auxiliar De Enfermagem Do Trabalho,2,1700.28
Ibiúna,,Instalador-Reparador De Redes E Cabos Telefônicos,2,2007.02
Ibiúna,,Gesseiro,2,1100
Itapetininga,,Lavador De Roupas,2,1674.95
Ibiúna,,Operador De Máquina Perfuratriz,2,1931.88
Itapeva,,Professor De Línguas Estrangeiras Modernas,2,947.63
Itupeva,,Mestre De Fundição,2,5556.06
Itu,,"Pesquisador De Engenharia Metalúrgica, De Minas E De Materiais",2,12084.78
Itapetininga,,Vendedor Ambulante,2,1854.47
Itapetininga,,"Bordador, A  Mão",2,1318.82
Itapetininga,,Mecânico De Manutenção De Compressores De Ar,2,2444.44
Itapeva,,Desenhista Técnico (Artes Gráficas),2,1666.87
Itapeva,,Chefe De Serviço De Transporte Rodoviário (Passageiros E Cargas),2,3660.95
Ibiúna,,Mecânico De Manutenção De Motocicletas,2,1567.33
Itu,,Técnico Em Calibração,2,2754.66
Itu,,Operador De Máquina Extrusora De Varetas E Tubos De Vidro,2,3190.08
Itapeva,,Operador De Acabamento (Indústria Gráfica),2,987.08
Itupeva,,Mestre De Ferramentaria,2,9473.53
Itupeva,,"Corretor De Valores, Ativos Financeiros, Mercadorias E Derivativos",2,2853.55
Ibiúna,,Montador De Equipamentos Eletrônicos (Aparelhos Médicos),2,1181.24
Ibiúna,,Técnico Eletrônico,2,1666.86
Araçatuba,,Técnico De Sistemas Audiovisuais,2,4152.59
Itapetininga,,"Tecelão De Tapetes, A  Máquina",2,826.04
Itapetininga,,Torneiro Na Usinagem Convencional De Madeira,2,1610.79
Itu,,Mecânico De Manutenção De Máquinas Operatrizes (Lavra De Madeira),2,3787.12
Ibiúna,,Alinhador De Pneus,2,2498.85
Itupeva,,Supervisor De Controle Patrimonial,2,7394.6
Itu,,Gerente De Turismo,2,3151.94
Itapeva,,Ajustador Mecânico (Usinagem Em Bancada E Em Máquinas-Ferramentas),2,1563.88
Ibiúna,,Encarregado Geral De Operações De Conservação De Vias Permanentes (Exceto Trilhos),2,1870.38
Itapetininga,,Moço De Convés (Marítimo E Fluviário),2,1371.2
Itu,,Mestre De Ferramentaria,2,11120.94
Ibiúna,,Operador De Molduradora (Usinagem De Madeira),2,1291.34
Itapeva,,Motorista De Táxi,2,1424.22
Itapeva,,Operador De Triagem E Transbordo,2,1828.48
Itu,,Professor De Alunos Com Deficiência Visual,2,2373.34
Itapetininga,,Vaqueador De Couros E Peles,2,2493.52
Itupeva,,Técnico De Mineração,2,5443.65
Itupeva,,Técnico De Telecomunicações (Telefonia),2,323.87
Itapeva,,Supervisor De Exploração Pecuária,2,2131.43
Itapetininga,,Operador De Impermeabilizador De Tecidos,2,1544.63
Ibiúna,,Auxiliar De Seguros,2,1532.41
Itapeva,,Recebedor De Apostas (Loteria),2,1297.38
Ibiúna,,Professor De Biologia No Ensino Médio,2,1064.63
Ibiúna,,Professores De Cursos Livres,2,1465.99
Ibiúna,,Lavador De Roupas,2,2333.24
Ibiúna,,Assessor De Imprensa,2,4726.63
Itapetininga,,Técnico Em Sonorização,2,3123.52
Itapetininga,,Esteticista,2,2004.1
Ibiúna,,Cortador De Roupas,2,1841.29
Itapeva,,Impressor Flexográfico,2,1504.6
Itapeva,,Analista De Cobrança (Instituições Financeiras),2,1495.83
Itapetininga,,Técnico Mecânico (Máquinas),2,1704.11
Itupeva,,Técnico Mecânico Na Manutenção De Ferramentas,2,6450.93
Itapetininga,,Torneiro (Lavra De Pedra),2,3206.7
Itapetininga,,Analista De Folha De Pagamento,2,2831.76
Itapetininga,,Gerente De Almoxarifado,2,2061.15
Itapeva,,Corretor De Imóveis,2,1293.34
Ibiúna,,Técnico Mecânico (Máquinas),2,2332.34
Ibiúna,,Montador De Instrumentos De Óptica,2,1785.61
Itapetininga,,Guardador De Veículos,2,1215.41
Itapeva,,Desenhista Técnico (Construção Civil),2,2266.66
Itapeva,,Tecnólogo Em Logística De Transporte,2,2447.95
Itapeva,,Governanta De Hotelaria,2,4794.9
Itapetininga,,Montador De Instrumentos De Óptica,2,1886.28
Ibiúna,,Recepcionista De Hotel,2,1648.93
Itapeva,,Auxiliar De Veterinário,2,1585.12
Ibiúna,,Auxiliar Técnico Em Laboratório De Farmácia,2,1598.52
Ibiúna,,Armazenista,2,1231.24
Ibiúna,,Controlador De Pragas,2,1796.41
Itapeva,,Vistoriador Naval,2,2770.64
Itapeva,,Professor De Educação Artística Do Ensino Fundamental,2,2301.19
Itapeva,,"Bobinador Eletricista, À Mão",2,1694.78
Itapeva,,Professor De Artes No Ensino Médio,2,932.76
Itapetininga,,Assistente Comercial De Seguros,2,3240.83
Itapeva,,Técnico Em Patologia Clínica,2,2098.21
Itapetininga,,Operador De Centrifugadora (Tratamentos Químicos E Afins),2,2143.13
Ibiúna,,Técnico De Obras Civis,2,3846.86
Itapetininga,,Lavador De Peças,2,1516.94
Porto Feliz,,Locutor De Mídias Audiovisuais,2,686.31
Itapetininga,,Técnico Em Automobilística,2,2380.84
Itapeva,,Técnico De Estradas,2,3489.14
Ibiúna,,Pintor De Veículos (Fabricação),2,2140.57
Ibiúna,,Instalador-Reparador De Linhas E Aparelhos De Telecomunicações,2,1104.76
Cerquilho,,Tecnólogo Em Radiologia,2,3903.16
Ibiúna,,"Pintor, A  Pistola (Exceto Obras E Estruturas Metálicas)",2,2746.63
Ibiúna,,Contramestre De Acabamento (Indústria Têxtil),2,3072.97
Itapeva,,Bloqueiro (Trabalhador Portuário),2,1500
Itapetininga,,Operador De Central Termoelétrica,2,2888.9
Dourado,,Gerente De Produção E Operações,2,7572.59
Itapetininga,,Operador De Máquina Perfuratriz,2,1488.89
Itapetininga,,"Mecânico De Manutenção De Aeronaves, Em Geral",2,1494.31
Ibiúna,,Mecânico De Manutenção De Bomba Injetora (Exceto De Veículos Automotores),2,2773.88
Itapeva,,Operador De Central De Concreto,2,1802.01
Itapeva,,"Salsicheiro (Fabricação De Lingüiça, Salsicha E Produtos Similares)",2,2610.16
Itapeva,,Operador De Máquina De Dobrar Chapas,2,1832.49
Cerquilho,,Operador De Quadro De Distribuição De Energia Elétrica,2,5176.71
Itapeva,,"Bordador, À Máquina",2,1330.14
Dourado,,Supervisor De Telemarketing E Atendimento,2,5013.8
Itapeva,,Operador De Máquina Cortadora (Minas E Pedreiras),2,2124.33
Itapeva,,Cortador De Laminados De Madeira,2,2222.49
Itapetininga,,Diretor Comercial,2,6640.64
Itapetininga,,Supervisor De Cobrança,2,4119.09
Ibiúna,,Criador De Suínos,2,1784.49
Itapetininga,,Instrumentador Cirúrgico,2,2528.9
Itapeva,,Trabalhador Da Avicultura De Corte,2,1752.71
Cerquilho,,Inspetor De Serviços De Transportes Rodoviários (Passageiros E Cargas),2,3739.43
Cerquilho,,Mestre De Usinagem,2,5962.36
Porto Feliz,,Engenheiro De Alimentos,2,16931.79
Itapeva,,Condutor De Ambulância,2,3633.86
Ibiúna,,Trabalhador Na Olericultura (Frutos E Sementes),2,1433.94
Ibiúna,,Técnico Agrícola,2,4101.06
Itapetininga,,Tecnólogo Em Radiologia,2,3699.56
Cerquilho,,Ajustador Mecânico Em Bancada,2,4819.52
Itapetininga,,Médico Reumatologista,2,3918.51
Itapetininga,,Médico Ortopedista E Traumatologista,2,4952.39
Dourado,,Advogado,2,7968.34
Charqueada,,Supervisor De Compras,2,3749.4
Itapetininga,,Diretor Geral De Empresa E Organizações (Exceto De Interesse Público),2,5688.01
Ibiúna,,Vigia Portuário,2,3597.32
Itapetininga,,Técnico Em Estruturas Metálicas,2,3556.7
Ibiúna,,Gerente De Logística (Armazenagem E Distribuição),2,6942.91
Porto Feliz,,Produtor Agrícola Polivalente,2,1195.33
Itapetininga,,Professor De Nível Superior Na Educação Infantil (Zero A Três Anos),2,908.7
Porto Feliz,,Operador De Trator De Lâmina,2,1900.94
Cerquilho,,Assistente Comercial De Seguros,2,2577.47
Porto Feliz,,Avicultor,2,1540
Ibiúna,,Professor De Língua Inglesa,2,1336.95
Dourado,,Gerente De Serviços Culturais,2,2652.14
Dourado,,Instalador De Sistemas Eletroeletrônicos De Segurança,2,1847.26
Ibiúna,,Ajudante De Confecção,2,1370.76
Itapetininga,,Psicopedagogo,2,1354.18
Porto Feliz,,Revisor De Tecidos Acabados,2,2008.25
Itapetininga,,Dançarino Tradicional,2,961
Itapeva,,Administrador De Sistemas Operacionais,2,5732.3
Itapetininga,,Montador De Equipamentos Eletrônicos,2,2419.09
Cabreúva,,Supervisor De Manutenção Eletromecânica (Utilidades),2,9507.88
Charqueada,,Expedidor De Mercadorias,2,2417.69
Charqueada,,Auxiliar De Pessoal,2,1937.68
Cerquilho,,Desenhista Industrial De Produto De Moda (Designer De Moda),2,3573.15
Cabreúva,,Supervisor De Controle Patrimonial,2,11857.37
Cabreúva,,Trabalhador Da Cultura De Café,2,1402.88
Cerquilho,,Desenhista Técnico,2,3334.66
Cabreúva,,Cumim,2,1621.24
Cabreúva,,Lavador De Roupas,2,1415.91
Cabreúva,,Operador De Guindaste (Fixo),2,2482.2
Dourado,,Analista De Desenvolvimento De Sistemas,2,2429.41
Dourado,,Fisioterapeuta Geral,2,2810.13
Cabreúva,,"Mecânico De Manutenção De Aeronaves, Em Geral",2,1755.17
Cabreúva,,Encarregado Geral De Operações De Conservação De Vias Permanentes (Exceto Trilhos),2,3671.19
Cerquilho,,Professor De Matemática No Ensino Médio,2,2519.64
Itapetininga,,Médico Urologista,2,15943.7
Cabreúva,,Agente Funerário,2,2148.59
Charqueada,,Instalador-Reparador De Linhas E Aparelhos De Telecomunicações,2,1846.82
Cabreúva,,Técnico Em Manutenção De Máquinas,2,2502.76
Ibiúna,,Gerente De Produção E Operações Da Construção Civil E Obras Públicas,2,11643.15
Cerquilho,,Sushiman,2,1758.13
Dourado,,Contínuo,2,1847.65
Cabreúva,,Biólogo,2,3610.99
Cabreúva,,Eletricista De Instalações (Edifícios),2,2949.54
Cabreúva,,Técnico Em Radiologia E Imagenologia,2,3329.14
Cabreúva,,Analista De Folha De Pagamento,2,4408.84
Cabreúva,,Professor De Filosofia No Ensino Médio,2,5621.89
Cabreúva,,Programador De Máquinas - Ferramenta Com Comando Numérico,2,6048.7
Cerquilho,,Auxiliar Técnico Em Laboratório De Farmácia,2,1586.19
Cerquilho,,Técnico Em Laboratório De Farmácia,2,2070.01
Cabreúva,,Condutor De Processos Robotizados De Soldagem,2,6645.9
Ibiúna,,Gerente De Almoxarifado,2,9157.81
Boituva,,Gerente De Operação De Tecnologia Da Informação,2,9012.17
Cerquilho,,Operador De Projetor Cinematográfico,2,1552.82
Boituva,,Garagista,2,1317.43
Porto Feliz,,Redator De Publicidade,2,1870.92
Cerquilho,,Telhador (Telhas De Argila E Materiais Similares),2,1513.79
Itapetininga,,Professor De Língua Espanhola,2,784.16
Boituva,,Impressor Digital,2,1847.93
Boituva,,Datilógrafo,2,1603.8
Boituva,,"Instalador De Cortinas E Persianas, Portas Sanfonadas E Boxe",2,2141.32
Cerquilho,,Economista Do Setor Público,2,2431.35
Porto Feliz,,Conferente Mercadoria (Exceto Carga E Descarga),2,2276.53
Boituva,,Tecelão (Tear Automático),2,1910.66
Boituva,,Operador De Laminador,2,2438.49
Boituva,,Bamburista,2,1837.03
Cerquilho,,Mecânico De Manutenção De Motocicletas,2,2036.51
Porto Feliz,,Advogado De Empresa,2,4183.2
Boituva,,Moleiro (Tratamentos Químicos E Afins),2,2252.23
Cerquilho,,Engenheiro Eletrônico,2,2357.87
Boituva,,Kardexista,2,1431.88
Cerquilho,,Operador De Zincagem (Processo Eletrolítico),2,1013.14
Boituva,,"Lavadeiro, Em Geral",2,1724.74
Boituva,,Agente De Viagem,2,2150.49
Boituva,,Marcador De Produtos (Siderúrgico E Metalúrgico),2,2668.73
Boituva,,Técnico Mecânico Na Manutenção De Ferramentas,2,3483.27
Boituva,,Analista De Transporte Em Comércio Exterior,2,4957.15
Boituva,,Técnico Em Mecatrônica - Automação Da Manufatura,2,5537.41
Cerquilho,,Contramestre De Malharia (Indústria Têxtil),2,2423.38
Cerquilho,,Preparador De Sucata E Aparas,2,1720.03
Porto Feliz,,Supervisor De Contas A Pagar,2,3257.97
Cerquilho,,Técnico Mecânico,2,3077.06
Boituva,,Diretor De Marketing,2,3528.81
Porto Feliz,,Agente Funerário,2,2019.81
Boituva,,Enfermeiro,2,2990.61
Cerquilho,,"Operador De Forno (Fabricação De Pães, Biscoitos E Similares)",2,1902.13
Araçariguama,,Desenhista Projetista Mecânico,2,3282.86
Araçariguama,,Professor De Nível Médio Na Educação Infantil,2,4461.94
Americana,,Gerente De Captação (Fundos E Investimentos Institucionais),2,7556.23
Americana,,Engenheiro Eletricista De Manutenção,2,6134.99
Araçariguama,,Mestre (Indústria Têxtil E De Confecções),2,5787.64
Americana,,Engenheiro De Alimentos,2,5461.56
Cerquilho,,Professor De Geografia Do Ensino Fundamental,2,2068.97
Araçariguama,,Montador De Fotolito (Analógico E Digital),2,5758
Americana,,Dirigente E Administrador De Organização Religiosa,2,4372.84
Americana,,Mestre De Trefilação De Metais,2,4885.4
Araçariguama,,Técnico Mecânico Na Manutenção De Ferramentas,2,4365.85
Dourado,,Operador De Mídia Audiovisual,2,1736.53
Americana,,Supervisor De Transportes,2,2852.75
Americana,,Analista De Câmbio,2,3528.78
Dourado,,Chefe De Bar,2,1884.64
Americana,,Psicopedagogo,2,3690.7
Americana,,Médico Neurocirurgião,2,3600.36
Americana,,Supervisor De Andar,2,1173.69
Americana,,Psicólogo Do Trabalho,2,2160.66
Charqueada,,Motofretista,2,1566.53
Araçariguama,,Garagista,2,2432.03
Macatuba,,Atendente Comercial (Agência Postal),2,6134.05
Porto Feliz,,Mecânico Montador De Turboalimentadores,2,3289.77
Macatuba,,Gerente De Pesquisa E Desenvolvimento (P&D),2,27622.03
Macatuba,,Cozinheiro Do Serviço Doméstico,2,1530.37
Araçariguama,,Montador De Equipamentos Eletrônicos (Máquinas Industriais),2,1897.83
Macatuba,,Contínuo,2,1755.5
Porto Feliz,,Professores De Cursos Livres,2,2511.2
Porto Feliz,,Controlador De Pragas,2,3197.03
Americana,,Operador De Máquina Misturadeira (Tratamentos Químicos E Afins),2,949.28
Cerquilho,,Telefonista,2,1563.09
Americana,,Afretador,2,6211.43
Macatuba,,Auxiliar De Cartório,2,1187.34
Macatuba,,Montador De Fotolito (Analógico E Digital),2,2548.57
Americana,,Supervisor De Controle Patrimonial,2,5545.4
Porto Feliz,,Modelador De Madeira,2,3245.66
Americana,,Impressor Tipográfico,2,3484.06
Macatuba,,Agente Fiscal De Qualidade,2,4761.77
Araçariguama,,Tesoureiro De Banco,2,3041.59
Macatuba,,Gerente De Produção E Operações  Florestais,2,7246.73
Macatuba,,Gerente De Serviços Sociais,2,3844.06
Porto Feliz,,"Operador De Processo (Química, Petroquímica E Afins)",2,5164.31
Porto Feliz,,Maître,2,5959.2
Porto Feliz,,Biólogo,2,4891.31
Cerquilho,,Professor Prático No Ensino Profissionalizante,2,1280.7
Araçariguama,,Auxiliar De Cartório,2,1868.26
Macatuba,,Gerente De Agência,2,9902.59
Araçariguama,,Churrasqueiro,2,2698.56
Araçatuba,,Piloto Comercial (Exceto Linhas Aéreas),2,16329.9
Araçatuba,,Gerente De Serviços Culturais,2,11396.5
Araçatuba,,Gerente De Produção E Operações  Florestais,2,7341.02
Americana,,Decapador,2,2751.64
Araçatuba,,Engenheiro Ambiental,2,9058.13
Araçatuba,,Impressor Digital,2,843.5
Araçatuba,,Professor De Psicologia No Ensino Médio,2,1460.3
Cerquilho,,"Supervisor De Manutenção Eletromecânica Industrial, Comercial E Predial",2,9276.2
Araçoiaba da Serra,,Trabalhador No Cultivo De Trepadeiras Frutíferas,2,1631.94
Araçatuba,,Auxiliar De Veterinário,2,1555.26
Dourado,,Diretor De Marketing,2,38839.35
Araçatuba,,"Cortador De Calçados, A  Máquina (Exceto Solas E Palmilhas)",2,1442.66
Araçoiaba da Serra,,Operador De Máquina De Moldar Automatizada,2,1802.39
Cerquilho,,Gerente De Produção E Operações Da Construção Civil E Obras Públicas,2,7246.05
Cerquilho,,Operador De Mandriladora Com Comando Numérico,2,7597.8
Cerquilho,,Engenheiro De Tempos E Movimentos,2,8815.89
Cerquilho,,Técnico Mecânico Na Fabricação De Ferramentas,2,11224.65
Americana,,Calceteiro,2,1916.26
Araçatuba,,Operador De Filtro-Prensa (Tratamentos Químicos E Afins),2,1706.88
Araçatuba,,Operador De Sonda De Percussão,2,1758.3
Araçoiaba da Serra,,Supervisor Da Manutenção E Reparação De Veículos Leves,2,1075
Americana,,Diretor De Planejamento Estratégico,2,12819.9
Araçoiaba da Serra,,Vendedor  Permissionário,2,1678.5
Araçoiaba da Serra,,Operador De Negócios,2,1976.01
Araçatuba,,Trabalhador Na Operação De Sistema De Irrigação Localizada (Microaspersão E Gotejamento),2,1970.66
Araçatuba,,Revestidor De Superfícies De Concreto,2,1672
Pindamonhangaba,,Engenheiro Mecânico Industrial,2,8885.53
Araçoiaba da Serra,,Mecânico De Refrigeração,2,2127.05
Americana,,Advogado (Direito Do Trabalho),2,10094.02
Piedade,,Gerente De Clientes Especiais (Private),2,6013.36
Araçoiaba da Serra,,Fiscal De Loja,2,2019.96
Pindamonhangaba,,Gerente De Produtos Bancários,2,7241.93
Americana,,Operador De Máquina Bordatriz,2,1784.19
Araçatuba,,Chefe De Bar,2,1754.11
Araçatuba,,Supervisor De Lavanderia,2,1710.38
Araçatuba,,Analista De Crédito Rural,2,2643.14
Araçoiaba da Serra,,Professores De Cursos Livres,2,4173.72
Piedade,,Gerente De Operações De Transportes,2,4303.45
Americana,,Sapateiro (Calçados Sob Medida),2,1838.07
Araçoiaba da Serra,,Agente Funerário,2,2043.29
Araçatuba,,Operador De Carregadeira,2,2544.22
Araçoiaba da Serra,,Operador De Telemarketing Ativo E Receptivo,2,2657.13
Araçoiaba da Serra,,Operador De Máquina De Usinagem De Madeira (Produção Em Série),2,2835.52
Pindamonhangaba,,Operador De Rede De Teleprocessamento,2,4078.86
Americana,,Limpador De Vidros,2,1417.5
Piedade,,Supervisor De Recepcionistas,2,3126.3
Araçoiaba da Serra,,"Operador De Tesoura Mecânica E Máquina De Corte, No Acabamento De Chapas E Metais",2,2684.61
Araçoiaba da Serra,,Analista De Logistica,2,2628.76
Araçatuba,,Analista De Transporte Em Comércio Exterior,2,2781.77
Araçatuba,,Tecnólogo Em Gastronomia,2,1504.42
Piedade,,Professor Instrutor De Ensino E Aprendizagem Em Serviços,2,2753.9
Piedade,,Despachante Documentalista,2,3078.34
Americana,,Instalador De Isolantes Acústicos,2,1709.8
Araçoiaba da Serra,,Operador De Trator De Lâmina,2,2857.28
Araçoiaba da Serra,,Documentalista,2,4917.14
Araçatuba,,Supervisor De Fabricação De Instrumentos Musicais,2,3167.16
Araçoiaba da Serra,,Técnico Em Manutenção De Equipamentos De Informática,2,4326.01
Araçatuba,,Mestre (Indústria De Automotores E Material De Transportes),2,5111.31
Pindamonhangaba,,Controlador De Serviços De Máquinas E Veículos,2,3415.44
Piedade,,Supervisor De Carga E Descarga,2,2282.99
Araçatuba,,Agente De Ação Social,2,3818.95
Piedade,,Ciclista Mensageiro,2,2841.78
Araçatuba,,Auxiliar De Banco De Sangue,2,2082.86
Pindamonhangaba,,Técnico De Telecomunicações (Telefonia),2,3167.24
Piedade,,Técnico De Apoio Em Pesquisa E Desenvolvimento Agropecuário Florestal,2,2337.43
Pindamonhangaba,,Engenheiro Químico (Utilidades E Meio Ambiente),2,5219.85
Piedade,,Professor De Dança,2,699.42
Americana,,Editor,2,1439.94
Piedade,,Professor De Nível Médio No Ensino Fundamental,2,1096.94
Pindamonhangaba,,Operador De Máquina De Cilindrar Chapas,2,3307.96
Pindamonhangaba,,Acabador De Superfícies De Concreto,2,2055.21
Pindamonhangaba,,Supervisor De Controle Patrimonial,2,6452.98
Pindamonhangaba,,Auxiliar De Prótese Dentária,2,1210.2
Pindamonhangaba,,Psicopedagogo,2,1424.22
Pindamonhangaba,,Professor De Língua Espanhola,2,1505.73
Piedade,,Vigilante,2,1833.89
Piedade,,Criador De Bovinos (Leite),2,834.15
Pindamonhangaba,,Vendedor Ambulante,2,1658.25
Piedade,,Operador De Prensa De Enfardamento,2,1700.89
Americana,,Operador De Máquina De Moldar Automatizada,2,1971.26
Pindamonhangaba,,Operador De Máquina Copiadora (Exceto Operador De Gráfica Rápida),2,1612.01
Piedade,,Chefe De Bar,2,1583.39
Piedade,,Desenhista Industrial Gráfico (Designer Gráfico),2,1175.11
Pindamonhangaba,,Instalador De Isolantes Térmicos (Refrigeração E Climatização),2,2015.91
Pindamonhangaba,,Auxiliar De Seguros,2,1462.27
Piedade,,Cozinheiro De Hospital,2,1551.49
Piedade,,Advogado,2,2068.86
Pindamonhangaba,,Conferente Mercadoria (Exceto Carga E Descarga),2,2001.22
Pindamonhangaba,,Operador De Aparelho De Flotação,2,2283.24
Araçariguama,,Gerente De Operações De Transportes,2,8931.92
Itupeva,,"Supervisor De Manutenção De Aparelhos Térmicos, De Climatização E De Refrigeração",2,8462.21
Ibiúna,,"Técnico Mecânico (Calefação, Ventilação E Refrigeração)",1,1628.6
Itu,,Atleta Profissional De Luta,1,814.33
Piedade,,Técnico Mecânico Na Manutenção De Ferramentas,1,1465.3
Pindamonhangaba,,Editor De Livro,1,1551.52
Pindamonhangaba,,"Operador De Máquina De Usinagem Madeira, Em Geral",1,2017.96
Pindamonhangaba,,Operador De Câmaras Frias,1,1911.36
Pindamonhangaba,,Operador De Máquina De Etiquetar,1,1979.6
Piedade,,Churrasqueiro,1,1784
Piedade,,Inspetor De Estamparia (Produção Têxtil),1,1440.94
Piedade,,Operador De Telemarketing Ativo,1,1890.03
Piedade,,Garagista,1,1665.6
Piedade,,Entrevistador De Pesquisas De Mercado,1,1750
Piedade,,Auxiliar De Banco De Sangue,1,1659.12
Pindamonhangaba,,Professor De Filosofia No Ensino Médio,1,1332.6
Pindamonhangaba,,Coreógrafo,1,1743.87
Piedade,,Supervisor De Telemarketing E Atendimento,1,2237.51
Pindamonhangaba,,Produtor Cinematográfico,1,1293.89
Americana,,Piloto De Competição Automobilística,1,11382.03
Piedade,,Recreador,1,1497.22
Pindamonhangaba,,Masseiro (Massas Alimentícias),1,1279.05
Piedade,,Diretor De Mídia (Publicidade),1,1860
Pindamonhangaba,,Vendedor  Permissionário,1,1439.79
Piedade,,Supervisor De Exploração Pecuária,1,2517.19
Piedade,,"Supervisor Da Confecção De Artefatos De Tecidos, Couros E Afins",1,1874.55
Araçariguama,,Supervisor De Manutenção De Máquinas Gráficas,1,11552.44
Piedade,,Chefe De Serviço De Transporte Rodoviário (Passageiros E Cargas),1,1382.94
Pindamonhangaba,,Instalador De Isolantes Acústicos,1,1491.93
Araçariguama,,Gerente De Clientes Especiais (Private),1,10840.25
Piedade,,"Bordador, À Máquina",1,1377.81
Pindamonhangaba,,Trabalhador Da Fabricação De Resinas E Vernizes,1,2895.55
Pindamonhangaba,,Psicólogo Do Trabalho,1,2245.19
Piedade,,Arquiteto Paisagista,1,1441.91
Pindamonhangaba,,Operador De Máquina De Moldar Automatizada,1,2914.29
Araçariguama,,Supervisor De Telemarketing E Atendimento,1,11725.26
Pindamonhangaba,,Afretador,1,1996.82
Piedade,,Médico Clínico,1,14302.33
Piedade,,Gerente De Operação De Tecnologia Da Informação,1,11179.35
Piedade,,Pesquisador De Engenharia E Tecnologia (Outras Áreas Da Engenharia),1,15794.59
Pindamonhangaba,,Administrador Em Segurança Da Informação,1,19678.34
Pindamonhangaba,,Gestor Em Segurança,1,15348.88
Piedade,,Operador De Central De Concreto,1,2812.13
Piedade,,Técnico Em Atendimento E Vendas,1,12291.51
Piedade,,Supervisor De Orçamento,1,2995.47
Piedade,,Engenheiro Civil (Transportes E Trânsito),1,2280.63
Piedade,,Técnico Em Calibração,1,2876.56
Pindamonhangaba,,Agenciador De Propaganda,1,2444.25
Araçoiaba da Serra,,Carpinteiro,1,0
Araçoiaba da Serra,,Supervisor De Contas A Pagar,1,2480.85
Araçatuba,,Designer De Vitrines,1,2999.77
Araçoiaba da Serra,,Gesseiro,1,0
Araçoiaba da Serra,,Advogado De Empresa,1,0
Araçatuba,,Mestre (Indústria De Máquinas E Outros Equipamentos Mecânicos),1,0
Araçatuba,,Cozinheiro Do Serviço Doméstico,1,0
Araçatuba,,Gerente De Desenvolvimento De Sistemas,1,7182.38
Araçoiaba da Serra,,Operador Eletromecânico,1,7882.43
Araçatuba,,Engenheiro Naval,1,10189
Americana,,Técnico Em Piscicultura,1,1557.02
Araçatuba,,Engenheiro Civil (Transportes E Trânsito),1,7319.5
Araçoiaba da Serra,,Gerente De Recursos Humanos,1,9528.65
Araçoiaba da Serra,,Diretor Administrativo E Financeiro,1,7104.58
Araçatuba,,Tecnólogo Em Secretariado Escolar,1,5423.91
Americana,,Empregado Doméstico  Faxineiro,1,1380.11
Araçatuba,,Desenhista Técnico Mecânico,1,3679.49
Araçatuba,,"Macheiro, A Mão",1,5357.86
Araçoiaba da Serra,,Gerente De Suprimentos,1,7328.67
Araçatuba,,Zootecnista,1,6755.05
Pindamonhangaba,,Montador De Instrumentos De Óptica,1,2195.1
Pindamonhangaba,,Mecânico De Manutenção De Bomba Injetora (Exceto De Veículos Automotores),1,2437.71
Araçatuba,,Kardexista,1,2927.02
Piedade,,Supervisor De Lavanderia,1,2330.39
Araçoiaba da Serra,,Psicopedagogo,1,2299.89
Pindamonhangaba,,Supervisor De Andar,1,2800.52
Araçatuba,,Gerente De Infraestrutura De Tecnologia Da Informação,1,3154.75
Araçariguama,,Analista De Redes E De Comunicação De Dados,1,3494.25
Araçoiaba da Serra,,Escrivão Extra - Judicial,1,4380.3
Araçatuba,,Técnico Em Fotônica,1,2706.97
Araçatuba,,Colorista Têxtil,1,2929.46
Araçoiaba da Serra,,Operador De Abastecimento De Combustível De Aeronave,1,3702.19
Araçoiaba da Serra,,Supervisor De Transportes,1,3066.95
Araçoiaba da Serra,,Eletrotécnico (Produção De Energia),1,4861.42
Piedade,,Gerente De Restaurante,1,2213.16
Araçatuba,,Operador De Forno (Serviços Funerários),1,3406.31
Americana,,Operador De Draga,1,2824.37
Pindamonhangaba,,Fisioterapeuta  Do Trabalho,1,2272.64
Araçatuba,,Músico Regente,1,2152.18
Araçariguama,,Catador De Material Reciclável,1,1327.5
Piedade,,Supervisor De Produção Da Indústria Alimentícia,1,2370.17
Araçatuba,,Diretor De Serviços Sociais,1,2480.58
Araçatuba,,Profissional De Educação Física Na Saúde,1,2056.55
Piedade,,Professor De Matemática Do Ensino Fundamental,1,2988.81
Araçoiaba da Serra,,Professor De Filosofia No Ensino Médio,1,2755.57
Araçoiaba da Serra,,Professor Leigo No Ensino Fundamental,1,2845.49
Araçatuba,,Trabalhador No Cultivo De Plantas Ornamentais,1,2252.67
Araçatuba,,Diretor De  Produção E Operações De Turismo,1,2222.53
Araçoiaba da Serra,,Gerente De Departamento Pessoal,1,2485.45
Araçoiaba da Serra,,Masseiro (Massas Alimentícias),1,2544.85
Araçatuba,,Operador De Turismo,1,2710.31
Araçatuba,,Ourives,1,2712.33
Araçatuba,,"Revestidor De Interiores (Papel, Material Plástico E Emborrachados)",1,2185.38
Piedade,,Professor De Física No Ensino Médio,1,2996.66
Araçariguama,,Tratorista Agrícola,1,1765.87
Piedade,,Professor De História No Ensino Médio,1,2724.7
Araçatuba,,Gerente De Produção E Operações Pesqueiras,1,2207.19
Araçoiaba da Serra,,Pintor De Veículos (Fabricação),1,2688.45
Araçatuba,,Desenhista Industrial De Produto (Designer De Produto),1,1973.41
Araçoiaba da Serra,,Soprador De Vidro,1,2050.37
Pindamonhangaba,,Embalsamador,1,2598.96
Pindamonhangaba,,Operador De Máquina De Eletroerosão,1,3094.21
Araçoiaba da Serra,,Mecânico De Manutenção De Máquinas Têxteis,1,2924.16
Araçoiaba da Serra,,Operador De Máquina De Etiquetar,1,2769.11
Araçoiaba da Serra,,Controlador De Serviços De Máquinas E Veículos,1,2352.13
Piedade,,Mecânico De Manutenção De Equipamento De Mineração,1,3112.52
Piedade,,Analista De Planejamento E Orçamento - Apo,1,4118.16
Piedade,,Designer De Vitrines,1,2482.2
Araçatuba,,Técnico De Manutenção Eletrônica (Circuitos De Máquinas Com Comando Numérico),1,1780.32
Araçariguama,,Auxiliar De Desenvolvimento Infantil,1,1114.58
Araçatuba,,Mestre Fluvial,1,2351.2
Piedade,,Analista De Redes E De Comunicação De Dados,1,2716.91
Araçatuba,,Oficial Do Registro De Títulos E Documentos,1,2040.5
Piedade,,Analista De Transporte Em Comércio Exterior,1,3435.31
Araçatuba,,Datilógrafo,1,1927.41
Pindamonhangaba,,Produtor De Texto,1,4000
Americana,,"Produtor Agropecuário, Em Geral",1,1863.33
Araçatuba,,Técnico Em Métodos Eletrográficos Em Encefalografia,1,1680.4
Araçariguama,,Abatedor,1,2028.99
Pindamonhangaba,,Editor,1,2770.87
Araçoiaba da Serra,,Secretária(O) Executiva(O),1,2000
Americana,,Identificador Florestal,1,1515.81
Pindamonhangaba,,Impressor Tipográfico,1,5457.94
Araçatuba,,Mecânico Montador De Motores De Explosão E Diesel,1,2261.54
Araçatuba,,Joalheiro,1,1592.18
Americana,,"Tecelão De Meias, A  Máquina",1,1358.51
Araçatuba,,Fonoaudiólogo Em Audiologia,1,1850
Araçoiaba da Serra,,Minhocultor,1,1923.78
Araçatuba,,Supervisor De Operações Portuárias,1,2047.78
Piedade,,Técnico De Laboratório Industrial,1,3790.54
Araçariguama,,Acabador De Calçados,1,1570.96
Piedade,,Gerente De Suporte Técnico De Tecnologia Da Informação,1,3503.29
Pindamonhangaba,,Chefe De Portaria De Hotel,1,6087.47
Americana,,Operador De Prensa De Embutir Papelão,1,2027.62
Araçoiaba da Serra,,Projetista De Móveis,1,1616.56
Pindamonhangaba,,"Supervisor De Manutenção De Bombas, Motores, Compressores E Equipamentos De Transmissão",1,6906.13
Pindamonhangaba,,Engenheiro Civil (Estruturas Metálicas),1,0
Araçatuba,,Tecnólogo Em Construção Civil,1,1845.38
Araçatuba,,Pintor De Letreiros,1,2278.53
Araçoiaba da Serra,,Operador De Instalação De Ar-Condicionado,1,1808.71
Araçoiaba da Serra,,Técnico De Planejamento E Programação Da Manutenção,1,2173.78
Piedade,,Cozinheiro Industrial,1,1725.15
Araçatuba,,Marcador De Produtos (Siderúrgico E Metalúrgico),1,1669.51
Piedade,,Engenheiro Mecânico,1,0
Araçoiaba da Serra,,Montador De Equipamentos Eletrônicos,1,1833.23
Araçoiaba da Serra,,Operador De Ceifadeira Na Conservação De Vias Permanentes,1,2029.51
Araçoiaba da Serra,,"Operador De Máquinas De Fabricação De Doces, Salgados E Massas Alimentícias",1,1542.53
Pindamonhangaba,,Varredor De Rua,1,0
Dourado,,Supervisor De Montagem E Instalação Eletroeletrônica,1,14538.34
Araçatuba,,Montador De Filmes,1,1234.68
Araçatuba,,Barista,1,1250
Araçoiaba da Serra,,Montador De Máquinas Agrícolas,1,1151.11
Araçoiaba da Serra,,Técnico Em Manutenção De Máquinas,1,1461.13
Araçariguama,,Engenheiro Mecânico,1,1670.59
Araçatuba,,Secador De Madeira,1,1624.6
Dourado,,Supervisor De Orçamento,1,18266.17
Cerquilho,,Gerente De Grandes Contas (Corporate),1,15583.36
Cerquilho,,Diretor De Compliance,1,11764.63
Dourado,,Gerente De Agência,1,10498.22
Araçatuba,,Acabador De Calçados,1,1276.22
Dourado,,Gerente De Operação De Tecnologia Da Informação,1,21966.66
Araçoiaba da Serra,,Publicitário,1,1388.84
Araçoiaba da Serra,,"Trabalhador De Extração Florestal, Em Geral",1,1302.85
Americana,,Lavador De Peças,1,1427.72
Dourado,,Diretor De Suprimentos,1,64403.58
Araçariguama,,Auxiliar De Serviços De Importação E Exportação,1,1918.38
Dourado,,Diretor Financeiro,1,30851.84
Araçatuba,,Professor De Estatística (No Ensino Superior),1,1160.91
Cerquilho,,Adestrador De Animais,1,1134.99
Charqueada,,Fermentador,1,2913.73
Araçoiaba da Serra,,Trabalhador Da Caprinocultura,1,1130.55
Araçoiaba da Serra,,Criador De Bovinos (Corte),1,1130.55
Araçoiaba da Serra,,Produtor De Flores De Corte,1,1136.82
Araçoiaba da Serra,,Diretor De Planejamento Estratégico,1,14227.77
Charqueada,,Afiador De Serras,1,1560.61
Cerquilho,,"Coordenador De Provas (Concurso, Avaliação, Exame)",1,916.66
Araçatuba,,Advogado (Direito Civil),1,13762.79
Araçoiaba da Serra,,Gerente De Logística (Armazenagem E Distribuição),1,11583.33
Porto Feliz,,Gerente De Produtos Bancários,1,0
Araçatuba,,Preparador De Atleta,1,565.07
Porto Feliz,,Gerente De Suprimentos,1,0
Porto Feliz,,Médico Ginecologista E Obstetra,1,8459.95
Macatuba,,Mecânico Montador De Motores De Explosão E Diesel,1,0
Porto Feliz,,Administrador Em Segurança Da Informação,1,8877.16
Porto Feliz,,Engenheiro Civil (Estruturas Metálicas),1,6388.34
Macatuba,,Encarregado De Manutenção Mecânica De Sistemas Operacionais,1,8910.59
Macatuba,,Gerente De Produção E Operações  Aqüícolas,1,7158.83
Porto Feliz,,Operador De Máquina De Eletroerosão,1,5258.8
Porto Feliz,,Desenhista Projetista De Máquinas,1,3869.99
Macatuba,,Vendedor Pracista,1,6658.2
Araçariguama,,Sinaleiro (Ponte-Rolante),1,1555.95
Araçariguama,,Instalador De Sistemas Eletroeletrônicos De Segurança,1,1976.25
Porto Feliz,,Técnico De Enfermagem Do Trabalho,1,5103.39
Araçariguama,,Gerente De Agência,1,1742.97
Macatuba,,Técnico De Alimentos,1,6442.12
Americana,,Limpador De Fachadas,1,1672.17
Americana,,Professor De Física (Ensino Superior),1,2005.03
Araçariguama,,Auxiliar Em Saúde Bucal,1,1608.08
Americana,,Técnico Em Saúde Bucal Da Estratégia De Saúde Da Família,1,2030.39
Macatuba,,Supervisor De Carga E Descarga,1,4685.42
Araçariguama,,Fisioterapeuta Geral,1,2116.19
Araçariguama,,Gerente De Produção E Operações Pesqueiras,1,1958.26
Araçariguama,,Editor De Mídia Audiovisual,1,1812.79
Americana,,Museólogo,1,1907.17
Porto Feliz,,Encarregado Geral De Operações De Conservação De Vias Permanentes (Exceto Trilhos),1,3675
Americana,,Sacristão,1,1556.06
Macatuba,,Técnico Em Mecânica De Precisão,1,3491.1
Cerquilho,,Trabalhador No Cultivo De Árvores Frutíferas,1,1874.68
Macatuba,,Professor Instrutor De Ensino E Aprendizagem Em Serviços,1,2149.35
Macatuba,,Gerente De Restaurante,1,2304.13
Americana,,Supervisor Da Indústria De Bebidas,1,2696.19
Macatuba,,Operador De Pá Carregadeira,1,2516.14
Macatuba,,Instalador De Isolantes Térmicos De Caldeira E Tubulações,1,2986.01
Americana,,Marinheiro De Esporte E Recreio,1,2759.42
Macatuba,,Professor De Educação Física Do Ensino Fundamental,1,1951.92
Macatuba,,Advogado,1,1741.96
Americana,,"Tecelão De Tapetes, A  Máquina",1,1742
Macatuba,,Desenhista Técnico Mecânico,1,1764.62
Americana,,Operador De Máquina De Fabricar Papel (Fase Seca),1,2316.9
Charqueada,,Tratador De Animais,1,1541.66
Macatuba,,Cortador De Pedras,1,1734.48
Porto Feliz,,Chefe De Confeitaria,1,3631.31
Cerquilho,,Impressor De Ofsete (Plano E Rotativo),1,1234.28
Macatuba,,Cozinheiro De Hospital,1,1949.08
Porto Feliz,,Consultor Jurídico,1,3968.24
Cerquilho,,Cerzidor,1,1362.6
Araçariguama,,Cortador De Pedras,1,2713.37
Porto Feliz,,Tecelão (Tear Mecânico De Maquineta),1,3491.79
Macatuba,,Gerente Comercial,1,1592.25
Charqueada,,Técnico Em Secretariado,1,1524.5
Araçariguama,,Tecnólogo Em Meio Ambiente,1,2959.57
Macatuba,,Eletricista De Instalações,1,1513.19
Cerquilho,,Mestre De Soldagem,1,1537.38
Porto Feliz,,Operador De Máquina De Abrir Valas,1,3265.99
Macatuba,,Carpinteiro De Obras,1,1000
Americana,,Operador De Entalhadeira (Usinagem De Madeira),1,2797.15
Americana,,Técnico Em Programação Visual,1,2530.42
Porto Feliz,,Operador De Máquinas De Usinar Madeira (Cnc),1,2102.53
Cerquilho,,Estofador De Móveis,1,1154.33
Araçariguama,,Supervisor Da Área Florestal,1,2528.02
Macatuba,,Engenheiro Agrônomo,1,13937.78
Macatuba,,Supervisor De Orçamento,1,9900.1
Americana,,Instalador Eletricista (Tração De Veículos),1,2713.55
Americana,,Montador De Equipamentos Eletrônicos (Computadores E Equipamentos Auxiliares),1,2284.7
Boituva,,Despachante Documentalista,1,0
Charqueada,,Borracheiro,1,1648.44
Americana,,Repórter De Mídias Audiovisuais,1,2328.2
Americana,,Supervisor Técnico Operacional De Sistemas De Televisão E Produtoras De Vídeo,1,2552.64
Boituva,,Operador De Guindaste Móvel,1,2019.15
Americana,,Trabalhador Da Pecuária (Bovinos Leite),1,2569.41
Boituva,,Escolhedor De Papel,1,0
Araçariguama,,Operador De Guindaste Móvel,1,2609.72
Porto Feliz,,"Supervisor De Manutenção De Bombas, Motores, Compressores E Equipamentos De Transmissão",1,2328.8
Porto Feliz,,Eletrotécnico (Produção De Energia),1,2858.18
Cerquilho,,Técnico Em Eletromecânica,1,1348.93
Boituva,,Engenheiro Mecânico,1,0
Americana,,Pesquisador Em Psicologia,1,2650.4
Dourado,,Professor De Dança,1,1500
Americana,,Técnico De Enfermagem De Terapia Intensiva,1,1983.99
Boituva,,Pesquisador De Engenharia E Tecnologia (Outras Áreas Da Engenharia),1,8440.51
Porto Feliz,,Operador De Acabamento De Peças Fundidas,1,2412.81
Porto Feliz,,Condutor De Processos Robotizados De Soldagem,1,2611.92
Americana,,Impressor Tampográfico,1,3712.52
Boituva,,Diretor Financeiro,1,32574.63
Boituva,,Zootecnista,1,8186.45
Charqueada,,Operador De Computador,1,1237.26
Boituva,,Gerente De Serviços Culturais,1,5672.95
Araçariguama,,Analista De Planejamento E Orçamento - Apo,1,3385.64
Boituva,,Cozinheiro Do Serviço Doméstico,1,4408.54
Dourado,,Auxiliar De Cartório,1,1089.29
Americana,,Cronometrista,1,2629.15
Boituva,,Analista De Cobrança (Instituições Financeiras),1,5546.47
Boituva,,Leiturista,1,4351.24
Araçariguama,,Operador De Fresadora (Usinagem De Madeira),1,3964.87
Boituva,,Mestre De Construção De Fornos,1,6430.17
Araçariguama,,Agente De Segurança,1,3406.7
Boituva,,Engenheiro Agrônomo,1,7106.62
Araçariguama,,Mestre (Indústria De Máquinas E Outros Equipamentos Mecânicos),1,3544.81
Americana,,Chefe De Portaria De Hotel,1,3805.8
Americana,,Analista De Sinistros,1,3414.61
Araçariguama,,Supervisor De Operações Portuárias,1,3872.8
Americana,,Diretor De Arte,1,3470.52
Boituva,,Operador De Central De Concreto,1,4382.37
Charqueada,,Inspetor De Sinistros,1,1357.64
Americana,,Supervisor Da Aqüicultura,1,3527.29
Americana,,Montador De Bicicletas,1,5149.99
Dourado,,Garagista,1,1653.37
Araçariguama,,Moleiro (Tratamentos Químicos E Afins),1,3826.86
Americana,,Editor De Livro,1,5273.36
Boituva,,Farmacêutico Analista Clínico,1,2841.14
Americana,,Visitador Sanitário,1,3892.98
Americana,,Pesquisador Em Saúde Coletiva,1,5393.97
Americana,,Gerontólogo,1,5080.6
Araçariguama,,Piloto De Aeronaves,1,6000
Cerquilho,,Professor De Química No Ensino Médio,1,1530.09
Porto Feliz,,Operador De Máquina De Etiquetar,1,2139.29
Araçariguama,,Técnico Em Plástico,1,4661.52
Boituva,,Administrador De Fundos E Carteiras De Investimento,1,4247.5
Dourado,,Recepcionista De Consultório Médico Ou Dentário,1,1066.58
Araçariguama,,Supervisor De Orçamento,1,6054.77
Araçariguama,,Agente Fiscal De Qualidade,1,5361.7
Araçariguama,,Técnico Em Mecânica De Precisão,1,3950.1
Araçariguama,,Mestre (Indústria De Madeira E Mobiliário),1,4269.54
Araçariguama,,Chefe De Cozinha,1,5433.81
Americana,,Cozinhador De Carnes,1,4783.63
Cerquilho,,Secretário  Bilíngüe,1,1265
Boituva,,"Técnico Em Materiais, Produtos Cerâmicos E Vidros",1,2497.18
Cerquilho,,Auxiliar De Laboratório De Análises Clínicas,1,1255.13
Araçariguama,,Gerente De Desenvolvimento De Sistemas,1,11339.17
Americana,,Engenheiro Civil (Estruturas Metálicas),1,8791.66
Araçariguama,,Mestre (Afiador De Ferramentas),1,8648.14
Araçariguama,,Técnico De Manutenção Eletrônica (Circuitos De Máquinas Com Comando Numérico),1,9460.45
Araçariguama,,Forneiro E Operador (Forno Elétrico),1,7472.5
Americana,,Supervisor De Entrevistadores E Recenseadores,1,7962.78
Araçariguama,,Atendente De Judiciário,1,6681.03
Americana,,Oficial General Da Aeronáutica,1,0
Americana,,Preparador De Calçados,1,0
Araçariguama,,"Engenheiro Químico (Mineração, Metalurgia, Siderurgia, Cimenteira E Cerâmica)",1,13952.7
Porto Feliz,,Operador De Máquina Bordatriz,1,2379.48
Americana,,Brasador,1,2548.31
Araçariguama,,Mecânico De Manutenção De Equipamento De Mineração,1,1629.25
Americana,,Operador De Sonda Rotativa,1,0
Araçariguama,,Caixa De Banco,1,0
Americana,,Massoterapeuta,1,0
Americana,,"Ferramenteiro De Mandris, Calibradores E Outros Dispositivos",1,0
Araçariguama,,Operador De Máquinas Florestais Estáticas,1,0
Araçariguama,,Professor De Matemática Do Ensino Fundamental,1,4255.01
Araçariguama,,Médico Clínico,1,0
Araçariguama,,Professor Instrutor De Ensino E Aprendizagem Em Serviços,1,3530.19
Itapeva,,Gerente De Comunicação,1,480.19
Boituva,,Operador De Filtro De Tambor Rotativo (Tratamentos Químicos E Afins),1,2977.99
Boituva,,,1,3587.35
Boituva,,Técnico Em Mecânica De Precisão,1,5095.41
Boituva,,Supervisor De Exploração Pecuária,1,3806.79
Dourado,,Filtrador De Cerveja,1,1336.91
Porto Feliz,,Psicopedagogo,1,1450.66
Boituva,,Profissional De Relações Com Investidores,1,2964.29
Porto Feliz,,Diretor De Arte (Publicidade),1,1418.4
Boituva,,Gerente De Pensão,1,2221.63
Boituva,,Representante Comercial Autônomo,1,1598.05
Boituva,,Catador De Material Reciclável,1,1761.37
Boituva,,Soldador Elétrico,1,2428.12
Boituva,,Desenhista Técnico (Mobiliário),1,2489.53
Porto Feliz,,Professor De Língua Espanhola,1,2112.73
Porto Feliz,,Arquiteto Urbanista,1,1967.06
Dourado,,Operador De Escavadeira,1,1732.87
Boituva,,"Operador De Alambique De Funcionamento Contínuo (Produtos Químicos, Exceto Petróleo)",1,4582.44
Boituva,,Técnico Florestal,1,3073.01
Boituva,,Gerente De Produção E Operações  Aqüícolas,1,2346.79
Charqueada,,Impressor De Ofsete (Plano E Rotativo),1,1351.67
Ibiúna,,Técnico Em Secretariado,1,1980.02
Cerquilho,,Agente De Recrutamento E Seleção,1,1466.66
Cerquilho,,Operador De Máquina Rodoferroviária,1,1939.96
Boituva,,Chefe De Bar,1,1692.4
Dourado,,Desenhista Técnico (Mobiliário),1,1286.63
Boituva,,Auxiliar De Serviços De Importação E Exportação,1,1488.96
Porto Feliz,,Montador De Instrumentos De Óptica,1,1867.82
Boituva,,Operador De Fresadora (Usinagem De Madeira),1,1934.02
Porto Feliz,,Técnico Em Óptica E Optometria,1,1888.62
Porto Feliz,,Armador De Estrutura De Concreto Armado,1,1638.1
Porto Feliz,,Técnico Em Instalação De Equipamentos De Áudio,1,1557.4
Porto Feliz,,Pintor De Veículos (Fabricação),1,1589.95
Boituva,,Professor De Física No Ensino Médio,1,1427.03
Boituva,,Mototaxista,1,1200
Boituva,,Professor Instrutor De Ensino E Aprendizagem Em Serviços,1,1429.53
Charqueada,,Supervisor De Cobrança,1,1493.48
Boituva,,Operador De Telemarketing Ativo,1,1600
Boituva,,Desenhista Industrial De Produto (Designer De Produto),1,1228.18
Boituva,,"Trabalhador Na Olericultura (Talos, Folhas E Flores)",1,1398.04
Boituva,,Professor De Educação Física Do Ensino Fundamental,1,1029.32
Dourado,,Abatedor,1,2000
Boituva,,Auxiliar De Veterinário,1,804.27
Porto Feliz,,"Trabalhador De Extração Florestal, Em Geral",1,1927.89
Boituva,,"Supervisor Da Confecção De Artefatos De Tecidos, Couros E Afins",1,1085.82
Cerquilho,,Operador De Linha De Montagem (Aparelhos Elétricos),1,1677.36
Boituva,,Técnico De Alimentos,1,1025
Boituva,,Diretor De Suprimentos,1,33698.62
Cabreúva,,Cobrador De Transportes Coletivos (Exceto Trem),1,0
Cabreúva,,"Moldador De Abrasivos Na Fabricação De Cerâmica, Vidro E Porcelana",1,1851.6
Cerquilho,,Visual Merchandiser,1,1503.58
Cabreúva,,Produtor Agrícola Polivalente,1,0
Cabreúva,,Diretor De Arte (Publicidade),1,8123.32
Porto Feliz,,Operador De Impermeabilizador De Tecidos,1,1832.23
Cabreúva,,Operador De Máquina De Etiquetar,1,8218.73
Itapetininga,,Engenheiro Mecânico Industrial,1,14990.27
Cabreúva,,Mestre De Ferramentaria,1,10118.96
Cabreúva,,Supervisor De Manutenção Elétrica De Alta Tensão Industrial,1,7745.62
Cabreúva,,Engenheiro Mecânico Industrial,1,7974.2
Cerquilho,,Propagandista De Produtos Famacêuticos,1,2056.88
Cabreúva,,Perito Contábil,1,7068.71
Cabreúva,,Coreógrafo,1,4442.6
Porto Feliz,,Condutor De Máquinas,1,1960.42
Cabreúva,,Redator De Publicidade,1,5127.88
Cabreúva,,Desenhista Projetista De Eletricidade,1,4897.38
Cerquilho,,Cartazeiro,1,1630.76
Itapetininga,,Químico,1,11814.33
Cabreúva,,Preparador De Massa (Fabricação De Vidro),1,4420.85
Cabreúva,,Supervisor De Contas A Pagar,1,4808.8
Cabreúva,,Pesquisador Em Química,1,4044.22
Porto Feliz,,Trabalhador Da Pecuária (Bovinos Leite),1,1959.88
Cabreúva,,Bibliotecário,1,4492.79
Cabreúva,,"Bobinador Eletricista, À Máquina",1,3777.57
Cabreúva,,Pintor De Veículos (Fabricação),1,4854.89
Porto Feliz,,Gerente De Captação (Fundos E Investimentos Institucionais),1,1301
Porto Feliz,,Recepcionista De Banco,1,1378
Cabreúva,,Técnico De Enfermagem Do Trabalho,1,4464.59
Cabreúva,,Publicitário,1,2087.82
Cabreúva,,Esterilizador De Alimentos,1,2399.61
Ibiúna,,Diretor De Operações Comerciais (Comércio Atacadista E Varejista),1,22384.44
Cabreúva,,Trabalhador Da Cultura De Milho E Sorgo,1,1995.15
Itapeva,,Engenheiro Mecânico,1,16933.26
Porto Feliz,,Agente De Combate Às Endemias,1,1740.62
Cerquilho,,Operador De Trator Florestal,1,2059.77
Ibiúna,,Diretor Comercial,1,27150.71
Cerquilho,,Operador De Máquina Perfuratriz,1,2101.2
Dourado,,Auxiliar De Biblioteca,1,1898.58
Cabreúva,,Limpador De Vidros,1,1506.12
Cerquilho,,Técnico Em Saúde Bucal,1,1580.07
Cabreúva,,Impressor Tipográfico,1,1818.93
Cabreúva,,Vendedor  Permissionário,1,1597.33
Cabreúva,,Montador De Equipamentos Eletrônicos (Computadores E Equipamentos Auxiliares),1,1727.61
Cabreúva,,Guardador De Veículos,1,1531.56
Cabreúva,,Demonstrador De Mercadorias,1,1585.99
Charqueada,,Psicólogo Social,1,1940.46
Itapeva,,Impressor Digital,1,770
Cabreúva,,"Ferramenteiro De Mandris, Calibradores E Outros Dispositivos",1,1841.55
Porto Feliz,,Operador De Negócios,1,1460.05
Cabreúva,,Contramestre De Acabamento (Indústria Têxtil),1,1455.04
Cabreúva,,Trabalhador Da Pecuária (Bovinos Leite),1,1973.71
Porto Feliz,,Supervisor Da Manutenção E Reparação De Veículos Leves,1,1210.58
Cabreúva,,Colchoeiro (Confecção De Colchões),1,1261.69
Cabreúva,,Operador De Negócios,1,1329.5
Cerquilho,,Instalador-Reparador De Linhas E Aparelhos De Telecomunicações,1,1915.77
Cabreúva,,Massoterapeuta,1,1470.91
Cabreúva,,Auxiliar De Seguros,1,1389.89
Cabreúva,,Operador De Prensa De Material Reciclável,1,1472.79
Cabreúva,,"Confeccionador De Bolsas, Sacos E Sacolas E Papel, A Máquina",1,1226.66
Charqueada,,Supervisor De Exploração Agropecuária,1,2543.06
Cabreúva,,Diretor Administrativo E Financeiro,1,36778.92
Cabreúva,,Gerente De Operações De Serviços De Assistência Técnica,1,17952.18
Charqueada,,Operador De Centrifugadora (Tratamentos Químicos E Afins),1,2705.18
Charqueada,,Fiscal De Tributos Estadual,1,2339.65
Cabreúva,,Gerente De Departamento Pessoal,1,13515.92
Itapeva,,Mantenedor De Equipamentos De Parques De Diversões E Similares,1,0
Ibiúna,,Professor De Língua Espanhola,1,0
Ibiúna,,Modelador De Madeira,1,1997.26
Itapetininga,,"Operador De Utilidade (Produção E Distribuição De Vapor, Gás, Óleo, Combustível, Energia, Oxigênio)",1,0
Itapetininga,,Operador De Processo De Tratamento De Imagem,1,2565
Charqueada,,Operador De Usinagem Convencional Por Abrasão,1,1832.58
Itapetininga,,Médico Anestesiologista,1,6450.85
Itapeva,,Médico Infectologista,1,7673.89
Itapetininga,,Diretor Teatral,1,7881.18
Itapeva,,Mecânico De Manutenção De Bombas,1,7058.3
Ibiúna,,Psicólogo Do Trabalho,1,9370.3
Itapetininga,,Relações Públicas,1,9374.41
Itapetininga,,Farmacêutico Hospitalar E Clínico,1,7105.29
Itapetininga,,Gerente De Riscos,1,5376.86
Porto Feliz,,Trabalhador Da Elaboração De Pré-Fabricados (Cimento Amianto),1,1436.91
Ibiúna,,Operador De Máquinas-Ferramenta Convencionais,1,4765.62
Itapeva,,Tecnólogo Em Rochas Ornamentais,1,6461.38
Itapeva,,Supervisor De Vigilantes,1,5498.63
Itapetininga,,Chefe De Contabilidade (Técnico),1,4593.76
Itapetininga,,Economista,1,4265.67
Itapeva,,Trabalhador No Cultivo De Flores Em Vaso,1,6305.87
Dourado,,Operador De Carregadeira,1,2516.94
Charqueada,,Confeiteiro,1,2102.39
Itapeva,,Jornalista,1,4844.21
Ibiúna,,Inspetor De Risco,1,1392
Porto Feliz,,Cafeicultor,1,1247.44
Itapetininga,,Tecnólogo Em Sistemas Biomédicos,1,5468.9
Cerquilho,,Supervisor De Cobrança,1,3251.19
Charqueada,,Escrevente,1,2296.73
Ibiúna,,Diretor De Instituição Educacional Da Área Privada,1,4736.39
Itapeva,,Analista De Gestão De Estoque,1,4239.8
Dourado,,Supervisor De Lavanderia,1,1885.03
Cerquilho,,Supervisor De Ensino,1,2109.08
Itapeva,,Pesquisador Em Ciências Florestais,1,4596.79
Itapetininga,,Administrador De Edifícios,1,3505.61
Cerquilho,,Gerente De Serviços De Saúde,1,3177.47
Cerquilho,,Auxiliar De Enfermagem Do Trabalho,1,3225.48
Charqueada,,Encarregado De Costura Na Confecção Do Vestuário,1,3441.09
Porto Feliz,,Operador De Máquina Misturadeira (Tratamentos Químicos E Afins),1,3126.69
Charqueada,,Pesquisador Em Biologia De Microorganismos E Parasitas,1,2890.38
Itapeva,,Mordomo De Residência,1,4258.52
Itapeva,,Inspetor De Alunos De Escola Pública,1,3270.03
Ibiúna,,Auditor (Contadores E Afins),1,3011.04
Itapeva,,Mestre De Caldeiraria,1,2742.21
Itapetininga,,"Operador De Forno (Fabricação De Pães, Biscoitos E Similares)",1,2629.12
Itapetininga,,Criador Em Pecuária Polivalente,1,3349.49
Ibiúna,,Promotor De Justiça,1,1495.68
Cerquilho,,Tecnólogo Em Processos Químicos,1,4410.91
Itapeva,,Enfermeiro Obstétrico,1,3083.33
Ibiúna,,Supervisor De Controle Patrimonial,1,2797.09
Ibiúna,,Biólogo,1,3000
Cerquilho,,Operador De Centro De Usinagem Com Comando Numérico,1,2640.49
Itapeva,,Ouvidor,1,2228.24
Porto Feliz,,Diretor De Produção,1,46080.12
Itapetininga,,Criador De Bovinos (Corte),1,1437.99
Ibiúna,,Trabalhador Da Pecuária (Bovinos Corte),1,1170.9
Itapeva,,Técnico De Imobilização Ortopédica,1,2264.35
Charqueada,,Farmacêutico,1,4168.34
Charqueada,,Técnico De Laboratório De Análises Físico-Químicas (Materiais De Construção),1,3034.69
Dourado,,Diretor De Serviços Sociais,1,3703.73
Itapetininga,,Tecnólogo Em Eletrônica,1,1786.58
Itapetininga,,Supervisor De Ensino,1,2264.15
Charqueada,,Farmacêutico Hospitalar E Clínico,1,3952.09
Itapeva,,Enfermeiro Auditor,1,3423.56
Porto Feliz,,Supervisor De Transportes,1,9773.6
Itapeva,,Gerente De Produção E Operações  Aqüícolas,1,1467.32
Cerquilho,,Biomédico,1,4726.19
Itapetininga,,Encarregado De Corte Na Confecção Do Vestuário,1,2790
Itapeva,,"Supervisor De Fabricação De Produtos Cerâmicos, Porcelanatos E Afins",1,2629.06
Charqueada,,Supervisor Da Manutenção E Reparação De Veículos Pesados,1,4905.79
Porto Feliz,,Supervisor De Manutenção Eletromecânica (Utilidades),1,14332.56
Cerquilho,,Remetedor De Fios,1,3550.13
Itapetininga,,Revisor De Texto,1,1208.54
Cerquilho,,"Supervisor De Operação De Fluidos (Distribuição, Captação, Tratamento De Água, Gases, Vapor)",1,4014.81
Itapeva,,Comerciante Atacadista,1,2297.5
Ibiúna,,Economista Financeiro,1,2267.02
Cerquilho,,Analista De Crédito (Instituições Financeiras),1,4797.25
Charqueada,,Encarregado De Acabamento De Chapas E Metais  (Têmpera),1,5729.32
Dourado,,Apontador De Produção,1,3969.55
Porto Feliz,,Engenheiro Eletricista De Manutenção,1,13888.66
Ibiúna,,Engenheiro Eletricista De Manutenção,1,2247.58
Itapetininga,,Técnico De Laboratório De Análises Físico-Químicas (Materiais De Construção),1,2201.1
Itapeva,,Gerente De Infraestrutura De Tecnologia Da Informação,1,1300
Charqueada,,Operador De Centro De Usinagem Com Comando Numérico,1,3849.59
Itapeva,,Soldador Elétrico,1,1401.62
Itapetininga,,Técnico Em Manutenção De Instrumentos De Medição E Precisão,1,2704.1
Itapetininga,,Moldador De Plástico Por Injeção,1,2437.66
Cerquilho,,Chefe De Serviços Bancários,1,4954.8
Cerquilho,,Professor De História Do Ensino Fundamental,1,5474.33
Porto Feliz,,Químico,1,14098.67
Itapetininga,,Operador De Prensa De Material Reciclável,1,1224
Ibiúna,,Operador De Betoneira,1,1269.04
Itapeva,,Montador De Máquinas,1,2351.17
Cerquilho,,Diretor De Operações De Serviços De Armazenamento,1,6526.94
Dourado,,Leiturista,1,6426.8
Itapetininga,,Operador De Jato Abrasivo,1,2124.28
Porto Feliz,,Designer De Interiores,1,10315.76
Itapeva,,Técnico De Manutenção De Sistemas E Instrumentos,1,2372.32
Dourado,,Atendente Comercial (Agência Postal),1,4201.66
Itapeva,,Técnico Mecânico (Motores),1,2184.8
Ibiúna,,Operador De Pórtico Rolante,1,2413
Ibiúna,,Auxiliar De Laboratório De Análises Físico-Químicas,1,2066.31
Itapetininga,,Supervisor De Embalagem E Etiquetagem,1,2027.21
Dourado,,Gerente De Desenvolvimento De Sistemas,1,5732.54
Itapetininga,,Tecnólogo Em Processos Químicos,1,2729.82
Dourado,,Supervisor De Tesouraria,1,7218.54
Dourado,,Piloto Comercial (Exceto Linhas Aéreas),1,8173.96
Ibiúna,,Costureira De Reparação De Roupas,1,2000
Itapetininga,,Produtor Na Olericultura De Frutos E Sementes,1,1500
Ibiúna,,Cuidador Em Saúde,1,1842.51
Itapetininga,,Médico Cirurgião Cardiovascular,1,3047.3
Dourado,,Engenheiro Agrônomo,1,10833
Itapetininga,,Protético Dentário,1,1924.03
Cerquilho,,Psicólogo Social,1,8359.04
Cerquilho,,Supervisor De Manutenção De Máquinas Industriais Têxteis,1,8396.54
Cerquilho,,Operador De Computador,1,8906.59
Itupeva,,Professor De Dança,1,691.68
Itupeva,,Representante Comercial Autônomo,1,0
Itu,,Monitor De Sistemas Eletrônicos De Segurança Externo,1,0
Itu,,Ceramista Moldador,1,1876.1
Ibiúna,,Limpador De Piscinas,1,1336.11
Itapetininga,,Operador De Rádio-Chamada,1,1771.57
Ibiúna,,Gerente De Hotel,1,1725.8
Itapetininga,,Instalador De Tubulações De Gás Combustível (Produção E Distribuição),1,1344.22
Cerquilho,,"Bordador, A  Mão",1,0
Itupeva,,Gerente De Produção E Operações  Aqüícolas,1,9746.32
Itupeva,,Gerente De Crédito E Cobrança,1,6246.75
Itupeva,,Operador De Motoniveladora,1,6779.59
Ibiúna,,Costureira De Peças Sob Encomenda,1,1400
Cerquilho,,Bombeiro Civil,1,0
Itu,,Pesquisador Em Biologia Ambiental,1,6821.04
Itu,,Dirigente De Entidade De Trabalhadores,1,6883.33
Ibiúna,,Lubrificador De Veículos Automotores (Exceto Embarcações),1,1923.45
Itapetininga,,Fiscal De Tributos Estadual,1,1647.17
Ibiúna,,Operador De Telemarketing Ativo E Receptivo,1,1505.81
Itu,,Gerente De Serviços Sociais,1,6228.25
Itapetininga,,Manobrador,1,1219.34
Itapeva,,Mototaxista,1,1235.1
Itapetininga,,Ajudante De Despachante Aduaneiro,1,2073.11
Itapetininga,,Gerente De Serviços De Saúde,1,2027.53
Ibiúna,,Supervisor De Manutenção Elétrica De Alta Tensão Industrial,1,1976.8
Itupeva,,Diretor De Marketing,1,5960
Ibiúna,,Consultor Jurídico,1,1607.29
Itu,,Escriturário  Em  Estatística,1,5764.79
Itapetininga,,Auxiliar De Seguros,1,1442
Itupeva,,Diretor De Serviços De Saúde,1,6346.09
Itapetininga,,Ascensorista,1,1594.44
Itapeva,,Mecânico De Manutenção De Bicicletas E Veículos Similares,1,1229.37
Itu,,Advogado (Direito Civil),1,6683.32
Itapetininga,,Escrivão Extra - Judicial,1,1550.24
Itu,,"Corretor De Valores, Ativos Financeiros, Mercadorias E Derivativos",1,3924.67
Itupeva,,"Supervisor Da Confecção De Artefatos De Tecidos, Couros E Afins",1,5828.69
Itapeva,,"Costurador De Calçados, A  Máquina",1,1954.18
Ibiúna,,Vendedor  Permissionário,1,1577.33
Itapetininga,,Operador De Centro De Controle ( Sinterização),1,1716.45
Itapeva,,Fiscal De Pátio De Usina De Concreto,1,1870.27
Ibiúna,,Operador De Ponte Rolante,1,1948.49
Itupeva,,Gerente De Produção E Operações  Florestais,1,7927.72
Itapetininga,,Encarregado De Manutenção Elétrica De Veículos,1,1518.17
Itupeva,,Mecânico De Manutenção De Equipamento De Mineração,1,5849.82
Cerquilho,,Diretor Administrativo,1,0
Itupeva,,Engenheiro Químico (Petróleo E Borracha),1,7090.82
Itapetininga,,Operador De Máquina De Lavar Fios E Tecidos,1,1672.44
Itapeva,,Despachante Documentalista,1,1348.94
Itapetininga,,"Costureiro De Roupas De Couro E Pele, A  Máquina Na  Confecção Em Série",1,1471.87
Ibiúna,,Inspetor De Serviços De Transportes Rodoviários (Passageiros E Cargas),1,1119.53
Itapetininga,,Forneiro E Operador (Alto-Forno),1,1401.86
Itapetininga,,Adestrador De Animais,1,2103.69
Ibiúna,,Operador De Trator De Lâmina,1,2103.75
Itapetininga,,Professor Leigo No Ensino Fundamental,1,1400
Itapetininga,,Auxiliar De Laboratório De Análises Físico-Químicas,1,1482.54
Itapetininga,,Professor De Geologia,1,1892.32
Cerquilho,,Pintor A Pincel E Rolo (Exceto Obras E Estruturas Metálicas),1,0
Itupeva,,Gerente De Bar,1,4519.73
Itapetininga,,Secretária Trilíngüe,1,1300
Ibiúna,,"Produtor Agropecuário, Em Geral",1,1664.18
Itupeva,,Arquiteto Paisagista,1,5219.59
Itu,,Supervisor De Usina De Concreto,1,5690.48
Itapetininga,,Médico Hematologista,1,1628
Itapeva,,Atendente De Enfermagem,1,1260.59
Itapeva,,Arquivista,1,1460.01
Dourado,,Caixa De Banco,1,0
Ibiúna,,Advogado De Empresa,1,1590
Ibiúna,,Professor De Filosofia No Ensino Médio,1,831.79
Itupeva,,Desenhista Técnico Mecânico,1,3593.25
Itu,,Supervisor Da Indústria De Minerais Não Metálicos (Exceto Os Derivados De Petróleo E Carvão),1,4642.1
Itu,,Mestre (Afiador De Ferramentas),1,4255.64
Charqueada,,Mãe Social,1,0
Ibiúna,,Entrevistador De Preços,1,1163.55
Ibiúna,,Adestrador De Animais,1,1300
Itapeva,,Técnico Eletricista,1,1527.45
Ibiúna,,Trabalhador De Pecuária Polivalente,1,1857.16
Ibiúna,,Mecânico De Manutenção De Máquinas Agrícolas,1,2328.01
Itapeva,,Instalador-Reparador De Redes Telefônicas E De Comunicação De Dados,1,1106.88
Itapetininga,,"Gravador, À Mão (Encadernação)",1,1226.79
Itapeva,,Cozinheiro Do Serviço Doméstico,1,1714.14
Itupeva,,Mecânico De Manutenção De Máquinas Têxteis,1,642.01
Itu,,Operador De Fresadora (Usinagem De Madeira),1,3800
Itu,,Psicólogo Hospitalar,1,3565.87
Itupeva,,Psicólogo Hospitalar,1,3881.36
Itupeva,,Especialista Em Ensaios Metrológicos,1,9482.08
Ibiúna,,Fiscal De Loja,1,1484.93
Ibiúna,,Perfumista,1,1292.63
Ibiúna,,Montador De Bicicletas,1,1355
Itu,,Desenhista Técnico (Ilustrações Técnicas),1,1726.03
Itapeva,,Operador De Máquinas Especiais Em Conservação De Via Permanente (Trilhos),1,1750.94
Itapetininga,,Operador De Centro De Usinagem Com Comando Numérico,1,1332.48
Ibiúna,,Conferente Mercadoria (Exceto Carga E Descarga),1,1483.68
Itu,,Impressor De Rotogravura,1,2354.31
Itapeva,,Gerente De Pesquisa E Desenvolvimento (P&D),1,1754.62
Itupeva,,Instalador De Sistemas Eletroeletrônicos De Segurança,1,3519.72
Itapeva,,Oficial General Da Marinha,1,1545.32
Itu,,Supervisor De Digitação E Operação,1,2941.51
Itapeva,,Tapeceiro De Autos,1,1248.02
Itapeva,,Montador De Veículos (Linha De Montagem),1,1212.31
Itupeva,,"Pesquisador De Engenharia Metalúrgica, De Minas E De Materiais",1,14729.1
Ibiúna,,Operador De Máquinas Operatrizes,1,1870.49
Itapetininga,,Mineiro,1,1448.22
Itupeva,,Engenheiro Agrônomo,1,3839.07
Itu,,Supervisor De Joalheria,1,3230.92
Araçatuba,,Operador De Telemarketing Técnico,1,2630.9
Itupeva,,Operador De Máquina Intercaladora De Placas (Compensados),1,2935.61
Itu,,Operador De Retificadora Com Comando Numérico,1,3778.68
Itapeva,,Operador De Motoniveladora,1,1912
Itapetininga,,Técnico De Apoio À Bioengenharia,1,1881.65
Itapetininga,,"Costurador De Artefatos De Couro, A  Máquina (Exceto Roupas E Calçados)",1,1482.6
Itu,,Técnico Em Administração De Comércio Exterior,1,2736.38
Itu,,Tecnólogo Em Eletricidade,1,3756.27
Itupeva,,Especialista Em Instrumentação Metrológica,1,3151.41
Itupeva,,Trabalhador De Fabricação De Tintas,1,3277.1
Itupeva,,Operador De Área De Corrida,1,4285.03
Itu,,Operador De Motoniveladora,1,3775.26
Itapetininga,,Operador De Evaporador Na Destilação,1,1392.54
Itapeva,,Colorista Têxtil,1,1816.04
Itupeva,,Técnico Em Administração De Comércio Exterior,1,2717.35
Itapeva,,Técnico Mecânico Na Manutenção De Ferramentas,1,2010.91
Itapeva,,Empregado  Doméstico  Nos Serviços Gerais,1,1372.63
Itapeva,,"Corretor De Valores, Ativos Financeiros, Mercadorias E Derivativos",1,1554.76
Itapetininga,,Árbitro De Futebol,1,963.96
Itapetininga,,Oficial Da Aeronáutica,1,1589.08
Ibiúna,,Tecnólogo Em Gestão Da Tecnologia Da Informação,1,1789.36
Itu,,Engenheiro Civil (Pontes E Viadutos),1,13000
Itupeva,,Diretor De Mídia (Publicidade),1,3739.58
Itapetininga,,Instalador De Isolantes Térmicos (Refrigeração E Climatização),1,2129.04
Itapetininga,,Professor De Música No Ensino Superior,1,833.38
Itapetininga,,Reparador De Aparelhos De Telecomunicações Em Laboratório,1,1066.66
Itupeva,,Trabalhador Da Avicultura De Corte,1,4298.07
Itapetininga,,Oficial General Da Aeronáutica,1,1615
Itupeva,,Supervisor De Exploração Pecuária,1,4012.38
Itupeva,,Cozinheiro Do Serviço Doméstico,1,3771.09
Itapetininga,,Apicultor,1,1130.55
Itupeva,,Supervisor Técnico Operacional De Sistemas De Televisão E Produtoras De Vídeo,1,13101.38
Itupeva,,Diretor De Operações De Serviços De Transporte,1,17827.27
Ibiúna,,Assistente Comercial De Seguros,1,2217.84
Itupeva,,Diretor De Planejamento Estratégico,1,28554.14
Itapetininga,,Médico Em Endoscopia,1,17018.37
Itu,,Engenheiro Mecânico Industrial,1,15608.17
Ibiúna,,Mestre De Soldagem,1,1424.42
Itapeva,,Gerente De Projetos De Tecnologia Da Informação,1,17514.57
Itapeva,,Gerente De Crédito E Cobrança,1,2000
Itapetininga,,Engenheiro De Alimentos,1,1882.22
Itu,,Extrusor De Fios Ou Fibras De Vidro,1,1850.18
Itapeva,,Engenheiro De Segurança Do Trabalho,1,20110.28
Itu,,Encarregado De Manutenção Elétrica De Veículos,1,6817.16
Itu,,Despachante Documentalista,1,2373.87
Itu,,Auxiliar De Judiciário,1,2598.92
Ibiúna,,Diretor Administrativo E Financeiro,1,22085.13
Itu,,Dietista,1,1837.03
Itupeva,,Professor De Língua Espanhola,1,781.17
Itu,,Confeccionador De Instrumentos De Corda,1,1100
Itu,,Revisor De Tecidos Acabados,1,1541.22
Ibiúna,,Dirigente E Administrador De Organização Religiosa,1,14960.24
Itu,,Projetista De Sistemas De Áudio,1,1945.87
Itu,,"Supervisor Da Confecção De Artefatos De Tecidos, Couros E Afins",1,1957.47
Itapetininga,,Diretor De Redação,1,13905.93
Itupeva,,Sommelier,1,3115.11
Itapetininga,,Identificador Florestal,1,2023.5
Itupeva,,Telhador (Telhas Metálicas),1,2476.96
Itapeva,,Operador De Sonda De Percussão,1,1625.01
Itu,,Costureiro De Roupa De Couro E Pele,1,1613.43
Ibiúna,,Engenheiro Mecânico Industrial,1,16168.06
Itapetininga,,Engenheiro De Controle E Automação,1,8246.18
Itu,,Designer De Interiores,1,1534.82
Itupeva,,Técnico Em Calibração,1,2420.55
Itu,,Telhador (Telhas Plásticas),1,1449.33
Itapeva,,Gerente De Bar,1,2282.9
Ibiúna,,Limpador De Fachadas,1,397.51
Itu,,Engenheiro Agrimensor,1,2469.96
Itu,,"Limpador A Seco, À Máquina",1,1402.29
Ibiúna,,"Supervisor De Manutenção Eletromecânica Industrial, Comercial E Predial",1,2206.23
Ibiúna,,Desenhista Técnico,1,2949.65
Itu,,Operador De Máquina Copiadora (Exceto Operador De Gráfica Rápida),1,1507
Itu,,Missionário,1,1186.68
Itapetininga,,"Supervisor De Operação De Fluidos (Distribuição, Captação, Tratamento De Água, Gases, Vapor)",1,538.68
Itapetininga,,Classificador E Empilhador De Tijolos Refratários,1,2946.8
Itupeva,,Professor De Filosofia No Ensino Médio,1,1039.41
Itapetininga,,Prensista (Operador De Prensa),1,2157.59
Itapetininga,,Brasador,1,1980.26
Araçariguama,,Armador De Estrutura De Concreto,1,0
Itu,,Sacristão,1,1599.67
Itupeva,,"Trabalhador De Extração Florestal, Em Geral",1,1896.1
Araçariguama,,Engenheiro Civil,1,7908.76
Ibiúna,,Mecânico De Manutenção De Máquinas De Construção E Terraplenagem,1,2066.48
Itu,,Produtor Agrícola Polivalente,1,1988.77
Itu,,"Confeccionador De Bolsas, Sacos E Sacolas E Papel, A Máquina",1,1750
Ibiúna,,Inspetor De Equipamentos,1,3041.33
Itapeva,,Operador De Telemarketing Receptivo,1,2725.83
Itapetininga,,Operador De Câmaras Frias,1,1766.42
Itupeva,,Técnico Agrícola,1,1906.66
Itapeva,,Supervisor De Recepcionistas,1,2180.78
Itapetininga,,Instalador De Isolantes Acústicos,1,2005.12
Araçariguama,,Passadeira De Peças Confeccionadas,1,0
Ibiúna,,Gerente De Câmbio E Comércio Exterior,1,2566.66
Itupeva,,Criador De Peixes,1,1662
Ibiúna,,Domador De Animais (Circense),1,1815.61
Ibiúna,,Supervisor Da Manutenção E Reparação De Veículos Pesados,1,2035.79
Americana,,Forneiro (Materiais De Construção),1,0
Itapetininga,,Chefe De Portaria De Hotel,1,2503.55
Itapeva,,Supervisor De Produção Da Indústria Alimentícia,1,2869.73
Itu,,Brasador,1,2065.33
Itupeva,,Operador De Prensa De Embutir Papelão,1,1887.71
Itupeva,,Operador De Prensa De Alta Freqüência Na Usinagem De Madeira,1,1674.99
Itapetininga,,Engenheiro De Minas,1,2998.04
Itapetininga,,Inspetor De Terraplenagem,1,2076.71
Araçariguama,,Estivador,1,0
Itapetininga,,Operador De Prensa De Embutir Papelão,1,2359.29
Ibiúna,,Diretor Geral De Empresa E Organizações (Exceto De Interesse Público),1,2447.22
Araçariguama,,Operador De Máquina Cortadora (Minas E Pedreiras),1,0
Itapeva,,Técnico Em Hemoterapia,1,2420.2
Itu,,Lavador De Peças,1,2130.35
Itu,,"Trabalhador De Extração Florestal, Em Geral",1,1291.71
Itupeva,,Operador De Serras (Usinagem De Madeira),1,1771.14
Itu,,Instalador Eletricista (Tração De Veículos),1,1723.56
Itapeva,,Treinador Profissional De Futebol,1,4325.85
Ibiúna,,Auxiliar Técnico De Sinalização Nautica,1,2693.39
Americana,,Diretor Comercial Em Operações De Intermediação Financeira,1,9442.41
Itupeva,,Operador De Negócios,1,2005.87
Itapeva,,Supervisor Da Indústria De Minerais Não Metálicos (Exceto Os Derivados De Petróleo E Carvão),1,3828.49
Araçariguama,,Supervisor De Perfuração E Desmonte,1,7091.28
Itupeva,,Gandula,1,1244.44
Ibiúna,,Pintor A Pincel E Rolo (Exceto Obras E Estruturas Metálicas),1,4000.43
Araçariguama,,Administrador De Sistemas Operacionais,1,9020
Americana,,Técnico Em Manutenção De Instrumentos De Medição E Precisão,1,8962.43
Ibiúna,,Impressor De Ofsete (Plano E Rotativo),1,2641.49
Araçariguama,,Engenheiro Químico (Indústria Química),1,8426.03
Itu,,Montador De Instrumentos De Óptica,1,1664.1
Araçariguama,,Especialista Em Pesquisa Operacional,1,8069.94
Itapetininga,,"Supervisor De Manutenção De Bombas, Motores, Compressores E Equipamentos De Transmissão",1,3544
Americana,,Digitador,1,3019.23
Itapeva,,Dirigente Do Serviço Público Municipal,1,3723.03
Americana,,Economista,1,5400.96
Araçariguama,,Desenhista Técnico (Construção Civil),1,3998.73
Itu,,Técnico Em Óptica E Optometria,1,1476.02
Itapeva,,Gerente De Turismo,1,2810.01
Itapeva,,Gerente De Operação De Tecnologia Da Informação,1,3325
Ibiúna,,Tecnólogo Em Eletrônica,1,2923.23
Americana,,Assessor De Imprensa,1,5968.32
Itu,,Agente De Trânsito,1,1521.21
Ibiúna,,Professor De Matemática No Ensino Médio,1,3400.95
Itu,,Cozinhador De Frutas E Legumes,1,1551.99
Itapetininga,,Supervisor De Telefonistas,1,3544.46
Ibiúna,,Médico Psiquiatra,1,3737.77
Itupeva,,Escrivão Extra - Judicial,1,1911
Araçariguama,,Analista De Planejamento De Materias,1,4738.28
Ibiúna,,Biotecnologista,1,3708.41
Itu,,Atendente De Judiciário,1,1883.82
Ibiúna,,Diretor Administrativo,1,5381.89
Ibiúna,,Chefe De Serviços Bancários,1,4873.73
Ibiúna,,Gerente De Riscos,1,4969.92
Itupeva,,Operador De Máquina De Cilindrar Chapas,1,1749.32
Itu,,Pesquisador Em História,1,1631.42
Itapeva,,Engenheiro Agrimensor,1,7133.77
Itapeva,,Técnico Em Madeira,1,5793.78
Ibiúna,,Instrutor De Aprendizagem E Treinamento Comercial,1,5094.52
Itapeva,,Tecnólogo Em Meio Ambiente,1,6333.33
Ibiúna,,Mestre De Usinagem,1,7428.6
Itapetininga,,Diretor De Planejamento Estratégico,1,6414.38
Itupeva,,Cuidador Em Saúde,1,1777.66
Itupeva,,Passador De Roupas Em Geral,1,2004.29
Itupeva,,Trabalhador No Cultivo De Trepadeiras Frutíferas,1,1942.89
Itupeva,,Contramestre De Acabamento (Indústria Têxtil),1,2346.31
Itapetininga,,Gerente De Captação (Fundos E Investimentos Institucionais),1,9212.37
Itapetininga,,Especialista Em Ensaios Metrológicos,1,8158.3
Itapeva,,Diretor De Serviços De Saúde,1,9147.08
Itapetininga,,Médico Hemoterapeuta,1,9401.88
Itapetininga,,Piloto Fluvial,1,666.66
Itapeva,,"Engenheiro Químico (Mineração, Metalurgia, Siderurgia, Cimenteira E Cerâmica)",1,13219.93
Itupeva,,"Instalador De Material Isolante, À Máquina (Edificações)",1,3025.4
Itapeva,,Diretor De Mídia (Publicidade),1,0
Itapetininga,,Professor De Economia,1,0
Itapeva,,Fisioterapeuta Respiratória,1,4177.1
Itapetininga,,Médico Neurofisiologista Clínico,1,11008.58
Itapetininga,,Músico Intérprete Instrumentista,1,0
Itupeva,,Marcador De Peças Confeccionadas Para Bordar,1,2041.91
Americana,,Engenheiro De Materiais,1,5758.67
Itu,,Produtor De Rádio,1,2090.56
Itupeva,,Moleiro De Cereais (Exceto Arroz),1,2296.12
Araçariguama,,Analista De Planejamento De Manutenção,1,2870.8
Araçariguama,,Supervisor De Crédito E Cobrança,1,4437.9
Araçariguama,,Economista Industrial,1,5595.46
Araçariguama,,"Eletricista De Instalações (Veículos Automotores E Máquinas Operatrizes, Exceto Aeronaves E Embarcações)",1,6898.98
Americana,,Técnico Em Geologia,1,4784.19
Americana,,Médico Cardiologista,1,7313.82
Americana,,Gerente De Crédito Imobiliário,1,4149.02
Americana,,Técnico Em Manutenção De Balanças,1,3498.99
Itu,,Operador De Máquina De Fundição,1,2909.88
Itu,,Diretor De Planejamento Estratégico,1,2156.78
Americana,,Fiscal De Tributos Estadual,1,3704.45
Americana,,Tecnólogo Em Radiologia,1,3425.41
Americana,,Emissor De Passagens,1,4185.22
Itupeva,,Churrasqueiro,1,1804.57
Araçariguama,,Diretor De Manutenção,1,3467.7
Itu,,Cozinheiro De Hospital,1,1865.3
Araçariguama,,Desenhista Copista,1,2951.54
Cabreúva,,Tecnólogo Em Fabricação Mecânica,1,10920.46
Itupeva,,Operador De Acabamento De Peças Fundidas,1,2231.47
Cabreúva,,Economista,1,13273.11
Itupeva,,Assistente Técnico De Seguros,1,2851.84
Americana,,Pintor Por Imersão,1,3566.86
Itu,,Agente De Saúde Pública,1,1528.54
Araçariguama,,Técnico Em Nutrição E Dietética,1,3344.64
Itupeva,,Metalizador (Banho Quente),1,3145.16
Americana,,Supervisor De Exploração Agropecuária,1,3300.27
Cabreúva,,Diretor De Recursos Humanos,1,32880.92
Cabreúva,,Diretor De Operações De Serviços De Armazenamento,1,35105.07
Itu,,Laminador De Metais Preciosos A  Mão,1,2878.17
Americana,,Técnico Em Polissonografia,1,1883.11
Americana,,Supervisor  (Indústria De Calçados E Artefatos De Couro),1,2344.9
Itu,,"Confeccionador De Móveis De Vime, Junco E Bambu",1,1460.75
Itupeva,,Montador De Andaimes (Edificações),1,2020.08
Araçariguama,,Fiscal De Pátio De Usina De Concreto,1,1954.22
Araçariguama,,Operador De Equipamentos De Preparação De Areia,1,2428.66
Americana,,Marinheiro Auxiliar De Convés (Marítimo E Aquaviario),1,3000
Americana,,Tecnólogo Em Gestão Administrativo- Financeira,1,2372.13
Americana,,Instalador-Reparador De Redes E Cabos Telefônicos,1,2956.43
Araçariguama,,Motorista De Ônibus Urbano,1,2301.89
Itupeva,,Designer De Vitrines,1,1797.23
Araçariguama,,Operador De Máquina De Dobrar Chapas,1,2145.39
Cabreúva,,Trabalhador Da Pecuária (Eqüinos),1,1312.08
Araçariguama,,Engenheiro Eletricista,1,2500
Americana,,Operador De Equipamento De Secagem De Pintura,1,2810.17
Itu,,Trabalhador De Tratamento Do Leite E Fabricação De Laticínios E Afins,1,1776.84
Itupeva,,Operador De Máquina De Abrir Valas,1,2578.18
Araçariguama,,Desenhista Técnico (Artes Gráficas),1,2739.74
Americana,,Serrador De Madeira (Serra De Fita Múltipla),1,3176.25
Americana,,Forjador,1,2933.06
Itupeva,,Instalador De Isolantes Térmicos (Refrigeração E Climatização),1,1847.57
Americana,,Metrologista,1,3054.82
Itu,,Técnico Em Automobilística,1,2483.95
Itupeva,,Pintor De Veículos (Reparação),1,1600.74
Cabreúva,,Mecânico De Manutenção De Aparelhos Esportivos E De Ginástica,1,1568.29
Itupeva,,Operador De Sonda De Percussão,1,1537.77
Araçariguama,,Montador De Equipamentos Elétricos,1,3701.46
Araçariguama,,"Operador De Bobinadeira De Tiras A Quente, No Acabamento De Chapas E Metais",1,2283.99
Cabreúva,,Chapeador,1,1764.13
Itupeva,,Chefe De Confeitaria,1,3677.86
Itu,,Vendedor  Permissionário,1,2134.97
Itu,,Produtor Cultural,1,2310.76
Itu,,Montador De Equipamentos Eletrônicos (Computadores E Equipamentos Auxiliares),1,1706.65
Americana,,Operador De Open-End,1,2268.79
Itupeva,,Operador De Guindaste (Fixo),1,2572.74
Itu,,"Operador De Máquina De Usinagem Madeira, Em Geral",1,2359.48
Cabreúva,,Monitor De Sistemas Eletrônicos De Segurança Interno,1,1493.33
Itupeva,,Carpinteiro De Obras,1,1489.52
Itupeva,,Operador De Prensa De Material Reciclável,1,1885.74
Americana,,Atleta Profissional De Luta,1,1438.23
Itupeva,,Diretor De Relações De Trabalho,1,2642.07
Cabreúva,,Encarregado De Costura Na Confecção Do Vestuário,1,1381.01
Itupeva,,Dietista,1,1850.05
Americana,,Professor De Música No Ensino Superior,1,1916
Americana,,Bilheteiro No Serviço De Diversões,1,2080.25
Araçariguama,,Tosador De Animais Domésticos,1,1521.7
Itu,,Diretor De Relações De Trabalho,1,2577.1
Itu,,Equoterapeuta,1,2054.13
Itu,,Produtor De Texto,1,2681.13
Cabreúva,,Traçador De Pedras,1,1484.41
Itupeva,,Operador De Trator De Lâmina,1,2011.74
Cabreúva,,"Bordador, A  Mão",1,1567.86
Araçariguama,,Operador De Câmera De Televisão,1,1831.14
Cabreúva,,Instalador De Som E Acessórios De Veículos,1,1899.2
Itupeva,,Mestre (Indústria Têxtil E De Confecções),1,2120.08
Cabreúva,,Limpador De Piscinas,1,1532.56
Cabreúva,,Professor De Educação Física No Ensino Médio,1,1957.35
Americana,,Operador De Centro De Controle (Ferrovia E Metrô),1,1902.23
Itupeva,,Abatedor,1,2068
Itu,,Tecelão (Tear Mecânico Liso),1,1989.38
Itu,,Abatedor,1,1605
Itupeva,,Vendedor  Permissionário,1,3299.95
Cabreúva,,Orientador Educacional,1,1935.48
Americana,,Especialista Em Calibrações Metrológicas,1,1800
Cabreúva,,Bilheteiro No Serviço De Diversões,1,3105.59
Americana,,Operador De Aciaria (Dessulfuração De Gusa),1,1703.39
Itupeva,,Inspetor De Terraplenagem,1,3296.74
Araçariguama,,Operador De Rebobinadeira Na Fabricação De Papel E Papelão,1,1832.44
Itu,,Analista De Crédito Rural,1,1968.77
Cabreúva,,"Cartonageiro, A Máquina",1,3002.27
Araçariguama,,Mecânico De Manutenção De Instalações Mecânicas De Edifícios,1,2224.56
Itu,,Diretor De Operações De Serviços De Transporte,1,3500
Americana,,Operador De Instalação De Refrigeração,1,1726
Cabreúva,,Modelador De Metais (Fundição),1,2213.36
Cabreúva,,Operador De Máquina Perfuratriz,1,2554.97
Itu,,Fisioterapeuta  Do Trabalho,1,3376.91
Araçariguama,,Despachante De Trânsito,1,1136.95
Itupeva,,Técnico De Celulose E Papel,1,5156.7
Cabreúva,,Operador De Fresadora Com Comando Numérico,1,2657.8
Americana,,Trabalhador De Pecuária Polivalente,1,1600.64
Cabreúva,,Encarregado De Corte Na Confecção Do Vestuário,1,2240.49
Americana,,Monitor De Teleatendimento,1,1538.12
Itupeva,,Condutor De Processos Robotizados De Soldagem,1,3177.31
Cabreúva,,Gerente De Produção E Operações Da Construção Civil E Obras Públicas,1,2671.63
Araçariguama,,Mordomo De Residência,1,1098.81
Cabreúva,,Vendedor Em Domicílio,1,1968.27
Itupeva,,"Confeccionador De Sacos De Celofane, A Máquina",1,4308.03
Itupeva,,Guardador De Veículos,1,3912.86
Americana,,Operador De Painel De Controle,1,1533.02
Araçariguama,,Caseiro (Agricultura),1,1502.75
Itu,,Impressor Tipográfico,1,4456.58
Araçariguama,,Empregado  Doméstico  Nos Serviços Gerais,1,1100
Americana,,Médico De Família E Comunidade,1,15752.18
Itupeva,,Professor De Língua Portuguesa Do Ensino Fundamental,1,4677.46
Araçariguama,,Engenheiro Civil (Edificações),1,13638.84
Cabreúva,,Operador De Máquina De Cortar E Dobrar Papelão,1,3718.86
Itu,,Enfermeiro Sanitarista,1,4543
Itu,,Poceiro (Edificações),1,5746.58
Itupeva,,Documentalista,1,5642.06
Cabreúva,,Caldeireiro (Chapas De Cobre),1,3799.86
Cabreúva,,Condutor De Processos Robotizados De Pintura,1,3612.46
Itu,,Riscador De Estruturas Metálicas,1,5364.34
Cabreúva,,Analista De Desembaraço Aduaneiro,1,3823.71
Cabreúva,,Analista De Sistemas De Automação,1,3999.97
Itu,,Biólogo,1,5070.68
Araçariguama,,"Supervisor De Fabricação De Produtos Cerâmicos, Porcelanatos E Afins",1,5675.73
Cabreúva,,Professor De Geografia Do Ensino Fundamental,1,4363.26
Itu,,Pesquisador Em Saúde Coletiva,1,4569.01
Cabreúva,,Operador De Mandriladora Com Comando Numérico,1,3826.61
Cabreúva,,Chefe De Serviços Bancários,1,5306.04
Cabreúva,,Analista De Informações (Pesquisador De Informações De Rede),1,4111.16
Americana,,Pesquisador De Engenharia Elétrica E Eletrônica,1,16654.3
Itupeva,,Agente De Pátio,1,1575
Cabreúva,,Mestre De Usinagem,1,6011.62
Cabreúva,,Engenheiro De Controle E Automação,1,6687.19
Cabreúva,,Relações Públicas,1,6462.15
Cabreúva,,Mestre De Galvanoplastia,1,5347.91
Cabreúva,,Agente De Recrutamento E Seleção,1,6186.94
Cabreúva,,Engenheiro Químico,1,10964.01
Cabreúva,,Gerente De Câmbio E Comércio Exterior,1,8132.19
Itupeva,,Professores De Cursos Livres,1,6028.73
Cabreúva,,Metrologista,1,4926.16
Cabreúva,,Operador De Computador,1,0
Itupeva,,Engenheiro De Minas,1,7386.29
Araçariguama,,Supervisor De Produção Na Mineração,1,8782.48
Porto Feliz,,Analista De Sistemas De Automação,1,9172.27
Porto Feliz,,Tecnólogo Em Eletrônica,1,5219.32
Itupeva,,Bibliotecário,1,7802.24
Porto Feliz,,Administrador De Redes,1,5533.9
Boituva,,"Diretor De Produção E Operações Da Indústria De Transformação, Extração Mineral E Utilidades",1,36531.41
Itupeva,,Engenheiro Eletricista De Manutenção,1,10275.84
Porto Feliz,,Técnico Em Pecuária,1,6027.78
Porto Feliz,,Agente De Recrutamento E Seleção,1,4916.1
Boituva,,Coordenador De Operações De Combate À Poluição No Meio Aquaviário,1,16194.1
Itu,,Supervisor De Entrevistadores E Recenseadores,1,7985.79
Porto Feliz,,Professor De Geografia Do Ensino Fundamental,1,4732.25
Itu,,Médico Hemoterapeuta,1,9317.18
Porto Feliz,,Apresentador De Eventos,1,4116.11
Itu,,Operador De Máquinas Especiais Em Conservação De Via Permanente (Trilhos),1,1479.7
Porto Feliz,,Tecnólogo Em Fabricação Mecânica,1,4707.07
Porto Feliz,,Mestre Serralheiro,1,3851.57
Porto Feliz,,"Desenhista Técnico De Embalagens, Maquetes E Leiautes",1,4127.36
Porto Feliz,,Economista,1,6450.04
Porto Feliz,,Supervisor De Cobrança,1,4649.03
Itupeva,,Trabalhador Da Cultura De Café,1,0
Boituva,,Técnico De Desporto Individual E Coletivo (Exceto Futebol),1,925
Porto Feliz,,Diretor De Instituição Educacional Pública,1,4374.58
Itupeva,,Alvejador (Tecidos),1,566.05
Porto Feliz,,Chefe De Serviços Bancários,1,4668.33
Boituva,,"Supervisor De Manutenção De Aparelhos Térmicos, De Climatização E De Refrigeração",1,10240.53
Porto Feliz,,Emendador De Cabos Elétricos E Telefônicos (Aéreos E Subterrâneos),1,2975.05
Itupeva,,Lubrificador Industrial,1,0
Porto Feliz,,Eletromecânico De Manutenção De Portas Automáticas,1,3787
Itupeva,,Operador De Máquina De Usinagem De Madeira (Produção Em Série),1,0
Porto Feliz,,Operador De Fresadora Com Comando Numérico,1,3586.89
Itu,,Professor De Língua Espanhola,1,683.99
Porto Feliz,,Técnico De Laboratório De Análises Físico-Químicas (Materiais De Construção),1,3347.36
Porto Feliz,,Atleta Profissional De Golfe,1,3067.59
Porto Feliz,,Médico Do Trabalho,1,12040.24
Porto Feliz,,Biomédico,1,3006.16
Porto Feliz,,"Diretor De Produção E Operações Da Indústria De Transformação, Extração Mineral E Utilidades",1,85759.39
Porto Feliz,,Inspetor De Sinistros,1,2295
Porto Feliz,,Professor De Língua Portuguesa,1,1021.04
Porto Feliz,,Gerente De Almoxarifado,1,2342.54
Porto Feliz,,Empregado  Doméstico  Nos Serviços Gerais,1,1587.75
Porto Feliz,,Modelador De Metais (Fundição),1,2561.59
Itupeva,,,1,1529.41
Porto Feliz,,Administrador De Sistemas Operacionais,1,1447.47
Porto Feliz,,Ajustador De Instrumentos De Precisão,1,2837.91
Porto Feliz,,Desenhista Técnico,1,2220.53
Porto Feliz,,Cobrador Interno,1,2453.21
Porto Feliz,,Despachante De Trânsito,1,1528
Porto Feliz,,Médico Pneumologista,1,1532.33
Porto Feliz,,Professor De Ciências Exatas E Naturais Do Ensino Fundamental,1,1429.48
Porto Feliz,,Inseminador,1,3180.29
Porto Feliz,,Técnico Agropecuário,1,2639.23
Porto Feliz,,Professor De Língua Estrangeira Moderna No Ensino Médio,1,1278.33
Porto Feliz,,Auxiliar De Enfermagem Do Trabalho,1,1602.64
Porto Feliz,,Cabeleireiro,1,1361.15
Porto Feliz,,Motorista De Ônibus Rodoviário,1,2203.56
Porto Feliz,,Guia De Turismo,1,1877.98
Porto Feliz,,Pasteurizador,1,1971.05
Porto Feliz,,Aplicador De Asfalto Impermeabilizante (Coberturas),1,1697.07
Porto Feliz,,Tecnólogo Em Gestão Da Tecnologia Da Informação,1,1304.81
Porto Feliz,,Mestre De Pintura (Tratamento De Superfícies),1,1632.01
Porto Feliz,,Visual Merchandiser,1,1808.4
Boituva,,Montador De Equipamentos Elétricos (Centrais Elétricas),1,1530.26
Porto Feliz,,"Cartonageiro, A Máquina",1,1647.82
Porto Feliz,,Instalador De Som E Acessórios De Veículos,1,1494.07
Itu,,Recepcionista De Casas De Espetáculos,1,1100
Itu,,Farmacêutico Analista Clínico,1,930.88
Porto Feliz,,Tecnólogo Em Radiologia,1,1430
Porto Feliz,,Mecânico De Manutenção De Bombas,1,1888.01
Porto Feliz,,Serrador De Madeira,1,1431.23
Porto Feliz,,Monitor De Sistemas Eletrônicos De Segurança Interno,1,1245.2
Boituva,,Empregado  Doméstico  Nos Serviços Gerais,1,852.43
Porto Feliz,,Assistente Comercial De Seguros,1,1203.01
Boituva,,Eletrotécnico,1,1518
Porto Feliz,,Mecânico De Manutenção De Motores Diesel (Exceto De Veículos Automotores),1,1567.7
Boituva,,Despachante De Trânsito,1,1404.77
Porto Feliz,,Trabalhador Na Olericultura (Frutos E Sementes),1,1185.45
Boituva,,Governanta De Hotelaria,1,1616.69
Porto Feliz,,Desenvolvedor Web (Técnico),1,1667.86
Porto Feliz,,Economista Industrial,1,2017.37
Porto Feliz,,Professor De Geografia No Ensino Médio,1,2016.89
Porto Feliz,,Montador De Veículos (Reparação),1,1255.9
Porto Feliz,,Técnico Em Confecções Do Vestuário,1,2647.8
Porto Feliz,,Gerente De Segurança Da Informação,1,17593.67
Boituva,,Técnico Em Manutenção De Hidrômetros,1,1926.03
Porto Feliz,,Reparador De Aparelhos Eletrodomésticos (Exceto Imagem E Som),1,2381.48
Porto Feliz,,Supervisor Da Mecânica De Precisão,1,11343.69
Itupeva,,Terapeuta Ocupacional,1,2864.39
Boituva,,Avaliador Físico,1,1325
Boituva,,Chaveiro,1,1080.97
Itu,,Mecânico De Manutenção De Instalações Mecânicas De Edifícios,1,878.83
Porto Feliz,,Eletrotécnico,1,3029.57
Itu,,Engenheiro Eletricista,1,0
Boituva,,Contramestre De Fiação (Indústria Têxtil),1,1785.46
Itupeva,,Montador De Equipamento De Levantamento,1,0
Boituva,,Técnico Gráfico,1,1668.12
Itupeva,,Tecnólogo Em Automação Industrial,1,3453.33
Itupeva,,Operador De Laminador De Barras A Frio,1,4385.51
Boituva,,Operador De Moenda Na Fabricação De Açúcar,1,2229.64
Boituva,,Operador De Calcinação (Tratamento Químico E Afins),1,1749.59
Itu,,Operador De Montagem De Cilindros E Mancais,1,0
Itu,,Coordenador De Programação,1,6829.2
Itupeva,,Técnico Gráfico,1,8518.55
Boituva,,Montador De Equipamentos Elétricos (Aparelhos Eletrodomésticos),1,843.25
Porto Feliz,,Impressor (Serigrafia),1,3154.83
Itupeva,,Supervisor Da Indústria De Fumo,1,6956.99
Itupeva,,Engenheiro Químico (Indústria Química),1,9860.22
Boituva,,Tecnólogo Em Metalurgia,1,1643.26
Boituva,,Pedreiro De Edificações,1,1841.67
Itu,,Supervisor De Produção Na Mineração,1,7455.23
Boituva,,"Examinador De Cabos, Linhas Elétricas E Telefônicas",1,1374.37
Boituva,,Aplicador Serigráfico Em Vidros,1,1837.23
Itupeva,,Professor De Língua Portuguesa,1,6149.3
Itupeva,,Técnico De Desporto Individual E Coletivo (Exceto Futebol),1,7268.31
Porto Feliz,,"Supervisor De Fabricação De Produtos Cerâmicos, Porcelanatos E Afins",1,2210.32
Porto Feliz,,Operador De Escória E Sucata,1,2353.91
Boituva,,Mecânico De Manutenção De Bicicletas E Veículos Similares,1,1606.5
Boituva,,Comerciante Atacadista,1,1940.35
Porto Feliz,,Técnico De Controle De Meio Ambiente,1,2113.88
Porto Feliz,,"Passador De Roupas, À Mão",1,2228.44
Itu,,Analista De Testes De Tecnologia Da Informação,1,6314.64
Itu,,Analista De Projetos Logisticos,1,5550.49
Itupeva,,Engenheiro Eletricista,1,6871.49
Itupeva,,Analista De Planejamento De Manutenção,1,4777
Itu,,Técnico De Fundição Em Siderurgia,1,4406.01
Itu,,Mecânico De Manutenção De Veículos Ferroviários,1,4794.47
Itu,,Ciclista Mensageiro,1,892.18
Boituva,,Cilindreiro Na Preparação De Pasta Para Fabricação De Papel,1,1979.56
Boituva,,Técnico De Comunicação De Dados,1,2020.72
Boituva,,Desenhista Técnico (Arquitetura),1,2000
Itupeva,,Operador De Filtro De Secagem (Mineração),1,6672.51
Porto Feliz,,Psicólogo Educacional,1,1825.99
Itupeva,,Diretor De Manutenção,1,6023.19
Itupeva,,Engenheiro De Manutenção De Telecomunicações,1,6924.4
Boituva,,Atendente De Enfermagem,1,1705.94
Itupeva,,Operador De Laminador De Metais Não-Ferrosos,1,4563.42
Itupeva,,Mestre De Caldeiraria,1,5835.74
Porto Feliz,,Trabalhador Da Pecuária (Bubalinos),1,3745.17
Boituva,,Fonoaudiólogo Geral,1,1962.33
Itu,,Carpinteiro (Telhados),1,1244.44
Porto Feliz,,"Moldador, A  Mão",1,3097.55
Itu,,Desenhista Técnico (Arquitetura),1,3741.71
Itu,,"Salsicheiro (Fabricação De Lingüiça, Salsicha E Produtos Similares)",1,4388.6
Itupeva,,Tecnólogo Em Mecatrônica,1,4165.48
Porto Feliz,,Agente De Vendas De Serviços,1,2963.98
Itupeva,,"Operador De Máquina Eletroerosão, À Fio, Com Comando Numérico",1,4885.58
Itupeva,,Economista Industrial,1,4451.27
Boituva,,Montador De Equipamento De Levantamento,1,2336.58
Itupeva,,"Confeccionador De Velas Náuticas, Barracas E Toldos",1,3189.13
Porto Feliz,,Analista De Gestão De Estoque,1,3477.38
Porto Feliz,,Supervisor De Caixas E Bilheteiros (Exceto Caixa De Banco),1,3406.48
Boituva,,Operador De Processo De Moagem,1,2596
Itu,,Tecnólogo Em Segurança Do Trabalho,1,4699.77
Boituva,,Selecionador De Material Reciclável,1,2479.65
Porto Feliz,,Operador De Transporte Multimodal,1,2635.51
Porto Feliz,,Pedagogo,1,3721.31
Boituva,,"Tecelão De Tapetes, A  Mão",1,2389.53
Itupeva,,Operador De Cortadeira De Papel,1,4500.39
Boituva,,Técnico Em Nutrição E Dietética,1,2149.39
Porto Feliz,,Técnico De Desporto Individual E Coletivo (Exceto Futebol),1,3446.62
Boituva,,Desenhista Técnico (Eletricidade E Eletrônica),1,2846.01
Porto Feliz,,Consultor Contábil (Técnico),1,5728.8
Porto Feliz,,Detonador,1,4320.71
Itu,,Tradutor,1,3149.15
Itu,,Entrevistador Censitário E De Pesquisas Amostrais,1,2625.08
Boituva,,Avaliador De Imóveis,1,2873.86
Boituva,,Conferente De Serviços Bancários,1,2244.61
Boituva,,Ouvidor,1,2542.38
Porto Feliz,,Supervisor De Perfuração E Desmonte,1,5471.63
Porto Feliz,,Guarda-Civil Municipal,1,5732.41
Itu,,Comerciante Atacadista,1,3534.24
Boituva,,Acabador De Embalagens (Flexíveis E Cartotécnicas),1,3326.7
Porto Feliz,,Engenheiro Mecatrônico,1,9005.88
Itupeva,,Inspetor De Estamparia (Produção Têxtil),1,1064.97
Porto Feliz,,Técnico Em Higiene Ocupacional,1,8125.91
Boituva,,Serrador De Madeira,1,3389.74
Boituva,,Desenhista Técnico (Artes Gráficas),1,3451.55
Porto Feliz,,Técnico Gráfico,1,4705.83
Boituva,,Técnico De Fundição Em Siderurgia,1,3302.49
Boituva,,Professor De Técnicas De Enfermagem,1,3795.27
Boituva,,Afiador De Ferramentas,1,3376.47
Porto Feliz,,Impressor Flexográfico,1,2402.93
Boituva,,Analista De Gestão De Estoque,1,3388.14
Americana,,Engenheiro De Manutenção De Telecomunicações,1,21845.94
Itupeva,,Operador De Compactadora De Solos,1,4194.3
Boituva,,Mestre Carpinteiro,1,3899
Boituva,,Supervisor De Perfuração E Desmonte,1,4952.18
Americana,,Médico Oftalmologista,1,8144.51
Itu,,Engenheiro Eletricista De Projetos,1,3422.59
Boituva,,Operador De Câmera De Televisão,1,7154.05
Araçariguama,,Gestor Em Segurança,1,11478.47
Americana,,Reparador De Aparelhos Eletrodomésticos (Exceto Imagem E Som),1,1100
Boituva,,Engenheiro Mecatrônico,1,5198.91
Boituva,,Desenhista Copista,1,6210.77
Americana,,Professor De Técnicas Comerciais E Secretariais,1,720.99
Boituva,,Topógrafo,1,6359.11
Boituva,,Técnico De Contabilidade,1,6398.49
Boituva,,Engenheiro De Manutenção De Telecomunicações,1,4522.05
Boituva,,Administrador De Sistemas Operacionais,1,7539.67
Boituva,,Supervisor De Vigilantes,1,5989.16
Boituva,,Engenheiro Civil (Edificações),1,7993.54
Boituva,,Pedagogo,1,9301.17
Itu,,Arquiteto De Interiores,1,12833.53
Americana,,Técnico Em Acupuntura,1,1390.35
Itupeva,,"Desenhista Técnico (Calefação, Ventilação E Refrigeração)",1,3148.55
Itu,,"Operador De Bobinadeira De Tiras A Quente, No Acabamento De Chapas E Metais",1,3137.01
Itupeva,,Operador De Equipamentos De Preparação De Areia,1,3576.43
Itupeva,,Cortador De Vidro,1,3155.21
Itupeva,,Trabalhador Na Fabricação De Produtos Abrasivos,1,3758.45
Itu,,Técnico Gráfico,1,3649.07
Macatuba,,Engenheiro Civil,1,10545.83
Macatuba,,"Supervisor De Operação Elétrica (Geração, Transmissão E Distribuição De Energia Elétrica)",1,10644.4
Araçariguama,,Varredor De Rua,1,1770.94
Itu,,Técnico Em Museologia,1,2830.33
Itupeva,,Fonoaudiólogo Geral,1,3341.61
Macatuba,,Diretor De  Produção E Operações De Alimentação,1,22459.72
Araçariguama,,Montador De Equipamentos Eletrônicos,1,1194.82
Araçariguama,,Mecânico Montador De Turboalimentadores,1,1513.79
Americana,,Analista De Projetos Logisticos,1,1117.15
Itu,,Cortador De Laminados De Madeira,1,2323.15
Itu,,Desenvolvedor Web (Técnico),1,1613.15
Itupeva,,Professor De Língua Estrangeira Moderna No Ensino Médio,1,3153.04
Itupeva,,Diretor De Câmbio E Comércio Exterior,1,2878.28
Americana,,Redator De Textos Técnicos,1,1283.56
Itupeva,,Planejista,1,2096.98
Macatuba,,Mecânico De Manutenção E Instalação De Aparelhos De Climatização E  Refrigeração,1,1235.98
Araçariguama,,Limpador De Vidros,1,1294.26
Araçariguama,,Inspetor De Alunos De Escola Privada,1,1671.44
Itu,,Diretor De Contas (Publicidade),1,2325.26
Americana,,Analista De Planejamento De Manutenção,1,1647.35
Itupeva,,Taquígrafo,1,2183.26
Macatuba,,Copeiro,1,1368.9
Macatuba,,Impressor (Serigrafia),1,1546.41
Macatuba,,Garçom,1,1350
Macatuba,,Agente De Microcrédito,1,956.02
Itu,,Supervisor De Perfuração E Desmonte,1,2207.52
Macatuba,,Nutricionista,1,1169.76
Macatuba,,Banhista De Animais Domésticos,1,1204.44
Macatuba,,Afiador De Ferramentas,1,1569.33
Itupeva,,"Salsicheiro (Fabricação De Lingüiça, Salsicha E Produtos Similares)",1,2922.4
Itu,,Diretor De Produção E Operações Em Empresa Agropecuária,1,11921.62
Itupeva,,Montador De Veículos (Reparação),1,2515.98
Americana,,Balanceador,1,2184.31
Macatuba,,Mecânico De Manutenção De Máquinas Gráficas,1,1560.08
Itupeva,,Carpinteiro De Carrocerias,1,2045.08
Itu,,Operador De Bomba De Concreto,1,2143.77
Itu,,Eletromecânico De Manutenção De Elevadores,1,2577.25
Itu,,Engenheiros De Sistemas Operacionais Em Computação,1,11252.58
Araçariguama,,"Limpador De Roupas A Seco, À Mão",1,1626.12
Macatuba,,Cozinhador (Conservação De Alimentos),1,1476.29
Itupeva,,Redator De Textos Técnicos,1,1861.59
Itu,,Engastador (Jóias),1,2816.64
Itu,,Engenheiro Eletrônico De Projetos,1,12748.41
Macatuba,,Tabelião De Protestos,1,1329.05
Itu,,Mestre De Siderurgia,1,16912.71
Americana,,Recepcionista De Seguro Saúde,1,2174.16
Macatuba,,Funileiro De Veículos (Reparação),1,2754.82
Americana,,Médico Infectologista,1,6139.34
Macatuba,,Trabalhador De Fabricação De Sorvete,1,2255.08
Americana,,Coletor De Resíduos Sólidos De Serviços De Saúde,1,2117.97
Itupeva,,Tesoureiro De Banco,1,7920.1
Araçariguama,,Auditor (Contadores E Afins),1,1765.47
Americana,,Feirante,1,1421.42
Itu,,Mestre De Alto-Forno,1,2858.07
Itu,,Colorista De Papel,1,1973.05
Americana,,Despachante Aduaneiro,1,1781.13
Macatuba,,Motorista De Carro De Passeio,1,2373.11
Americana,,Operador De Máquinas Do Acabamento De Couros E Peles,1,2041.59
Americana,,Porteiro (Hotel),1,2691.6
Araçariguama,,Revisor De Tecidos Acabados,1,1988.86
Americana,,Técnico Em Confecções Do Vestuário,1,1871.74
Americana,,Coordenador De Operações De Combate À Poluição No Meio Aquaviário,1,2518.01
Araçariguama,,Lixador De Couros E Peles,1,2093.02
Americana,,Operador De Serras No Desdobramento De Madeira,1,2406.66
Itupeva,,Arquivista De Documentos,1,1653.36
Macatuba,,Mestre De Produção Química,1,2690.42
Macatuba,,Engenheiro Civil (Edificações),1,4052
Americana,,Trabalhador Na Fabricação De Produtos Abrasivos,1,2508.13
Macatuba,,Terapeuta Ocupacional,1,3711.72
Americana,,Cortador De Vidro,1,1949.69
Macatuba,,Modelista De Roupas,1,4608.37
Itu,,Professor De Geografia No Ensino Médio,1,1754.55
Macatuba,,Mestre De Caldeiraria,1,8992.27
Americana,,Técnico Em Manutenção De Hidrômetros,1,2914.28
Itupeva,,Mecânico De Manutenção De Bombas,1,2135.87
Itu,,Diretor De Operações De Obras Pública E Civil,1,2084.13
Americana,,"Moldador, A  Mão",1,2604.58
Itu,,Filtrador De Cerveja,1,13219.28
Itu,,"Cenotécnico (Cinema, Vídeo, Televisão, Teatro E Espetáculos)",1,1998.25
Araçariguama,,Pintor De Veículos (Fabricação),1,2367.27
Itu,,Decorador De Interiores De Nível Superior,1,2037.34
Itu,,Boiadeiro,1,1876.46
Itu,,Técnico Têxtil De Fiação,1,1750.02
Itu,,Desenhista Técnico (Artes Gráficas),1,1628.52
Araçariguama,,Publicitário,1,2420.03
Americana,,Vidraceiro (Vitrais),1,2027.62
Itu,,Operador De Máquina Cortadora (Minas E Pedreiras),1,1258.09
Itu,,Despachante De Trânsito,1,1486.86
Americana,,Gravador De Matriz Para Flexografia (Clicherista),1,2203.62
Itu,,Montador De Máquinas-Ferramentas (Usinagem De Metais),1,2060.84
Itupeva,,Assentador De Canalização (Edificações),1,1669.33
Araçoiaba da Serra,,Diretor Geral De Empresa E Organizações (Exceto De Interesse Público),1,24810.21
Itu,,Analista De Planejamento De Manutenção,1,2269.64
Itupeva,,Caminhoneiro Autônomo (Rotas Regionais E Internacionais),1,2103.13
Itupeva,,Acabador De Embalagens (Flexíveis E Cartotécnicas),1,1500.99
Itu,,Impregnador De Madeira,1,1914.2
Itupeva,,Cozinhador De Malte,1,1752.12
Americana,,Tapeceiro De Autos,1,2828.65
Itu,,Trabalhador Da Pecuária (Bubalinos),1,1300
Araçariguama,,Gerente De Hotel,1,2341.08
Araçariguama,,Chefe De Portaria De Hotel,1,3084.24
Itu,,Zootecnista,1,11924.53
Itu,,Operador De Triagem E Transbordo,1,1386.81
Itu,,Trabalhador De Preparação De Pescados (Limpeza),1,1572.8
Americana,,Enfermeiro Da Estratégia De Saúde Da Família,1,3576.57
Araçariguama,,Biólogo,1,2060.15
Americana,,Programador Visual Gráfico,1,2698.38
Itu,,Eletricista De Instalações (Cenários),1,1420.69
Americana,,Operador De Calcinação (Tratamento Químico E Afins),1,3228.22
Itu,,"Passador De Roupas, À Mão",1,1610.84
Americana,,Técnico De Operações E Serviços Bancários - Câmbio,1,3585.31
Araçariguama,,Sapateiro (Calçados Sob Medida),1,3223.25
Araçariguama,,"Mestre (Indústria De Celulose, Papel E Papelão)",1,3384.26
Itu,,Operador De Calcinação (Tratamento Químico E Afins),1,929.41
Itupeva,,Comerciante Atacadista,1,30028.84
Araçariguama,,Técnico Em Manutenção De Equipamentos De Informática,1,3719.34
Araçariguama,,Condutor De Máquinas,1,2597.11
Araçariguama,,Operador De Negócios,1,3235.76
Araçariguama,,Supervisor De Manutenção Eletromecânica (Utilidades),1,3557.49
Itupeva,,Engenheiro De Aplicativos Em Computação,1,15059.99
Americana,,Tropeiro,1,2841.55
Americana,,Processador De Fumo,1,3712.62
Americana,,"Supervisor De Manutenção De Aparelhos Térmicos, De Climatização E De Refrigeração",1,3400.88
Araçatuba,,Engenheiro Eletricista De Projetos,1,12526.99
Itupeva,,Administrador De Sistemas Operacionais,1,5650.97
Araçariguama,,Supervisor De Contas A Pagar,1,3566.05
Americana,,Instalador De Linhas Elétricas De Alta E Baixa - Tensão (Rede Aérea E Subterrânea),1,3185.97
Araçariguama,,Afretador,1,5030.88
Americana,,Marinheiro De Convés (Marítimo E Fluviário),1,4166.67
Itu,,Tecnólogo Em Metalurgia,1,10569.58
Araçariguama,,Operador De Máquina De Usinagem De Madeira (Produção Em Série),1,3639.51
Dourado,,Supervisor De Manutenção Eletromecânica (Utilidades),1,0
Cerquilho,,Mestre De Fundição,1,0
Cerquilho,,Diretor De Tecnologia Da Informação,1,10535.78
Americana,,Editor De Mídia Eletrônica,1,3515.7
Americana,,Coordenador De Programação,1,4228.41
Dourado,,Gerente De Departamento Pessoal,1,6324.84
Americana,,Analista De Compliance,1,3657.61
Dourado,,Gerente De Hotel,1,5646.15
Charqueada,,Supervisor De Telemarketing E Atendimento,1,5679.4
Cerquilho,,Porteiro (Hotel),1,0
Charqueada,,Mestre (Indústria De Máquinas E Outros Equipamentos Mecânicos),1,6933.22
Cerquilho,,Comerciante Atacadista,1,0
Charqueada,,"Operador De Sala De Controle De Instalações Químicas, Petroquímicas E Afins",1,4535.73
Cerquilho,,"Mecânico De Manutenção De Máquinas Cortadoras De Grama, Roçadeiras, Motosserras E Similares",1,0
Cerquilho,,"Supervisor De Operação Elétrica (Geração, Transmissão E Distribuição De Energia Elétrica)",1,9250
Cerquilho,,"Reparador De Rádio, Tv E Som",1,5610.54
Dourado,,Eletricista De Instalações (Edifícios),1,4533.98
Charqueada,,Mestre (Construção Civil),1,5344.44
Dourado,,"Supervisor De Operação De Fluidos (Distribuição, Captação, Tratamento De Água, Gases, Vapor)",1,12258.86
Charqueada,,Desenhista Técnico Mecânico,1,4067.56
Charqueada,,Eletrotécnico,1,5165.81
Dourado,,Economista Financeiro,1,3374.95
Dourado,,Gerente De Compras,1,5033.34
Dourado,,Instalador De Tubulações,1,6414.09
Cerquilho,,Técnico Eletricista,1,3923.29
Dourado,,Médico Veterinário,1,7813.48
Charqueada,,Eletricista De Instalações,1,2953.38
Cerquilho,,Carpinteiro De Obras,1,3185.04
Charqueada,,Forneiro De Fundição (Forno De Redução),1,3037.02
Cerquilho,,Operador De Central De Concreto,1,2694.65
Dourado,,Auxiliar Geral De Conservação De Vias Permanentes (Exceto Trilhos),1,3217.72
Dourado,,Analista De Folha De Pagamento,1,3859.6
Dourado,,"Supervisor De Manutenção Eletromecânica Industrial, Comercial E Predial",1,5903.4
Dourado,,Diretor De Instituição Educacional Da Área Privada,1,2564.35
Cerquilho,,Supervisor De Recepcionistas,1,2588.3
Cerquilho,,Gerente De Comunicação,1,2214.02
Cerquilho,,Professor De História Do Ensino Superior,1,3275.27
Cerquilho,,Professor De Nível Superior Na Educação Infantil (Quatro A Seis Anos),1,2962.93
Dourado,,Auxiliar De Logistica,1,4240.65
Charqueada,,Gerente Financeiro,1,6456.48
Cerquilho,,Fonoaudiólogo Geral,1,4806.19
Dourado,,Chefe De Portaria De Hotel,1,2722.34
Cerquilho,,Tesoureiro De Banco,1,3052.2
Americana,,Mestre De Laminação,1,4570.25
Cerquilho,,Produtor De Rádio,1,2706.84
Cerquilho,,Chefe De Bar,1,2183.28
Charqueada,,Supervisor De Exploração Agrícola,1,4756.12
Pindamonhangaba,,Funileiro Industrial,1,1923.07
Americana,,Técnico Gráfico,1,4758.97
Cerquilho,,Engenheiro Civil (Rodovias),1,2792.77
Cerquilho,,Operador De Carregadeira,1,1780.59
Dourado,,"Operador De Máquina De Usinagem Madeira, Em Geral",1,1947.14
Cerquilho,,Desenhista Técnico Mecânico,1,1990.44
Charqueada,,Montador De Equipamentos Elétricos (Centrais Elétricas),1,4019.97
Cerquilho,,Ceramista Moldador,1,2146.66
Araçoiaba da Serra,,Condutor Maquinista Motorista Fluvial,1,1491.36
Cerquilho,,Pesquisador De Engenharia Civil,1,5730.36
Araçoiaba da Serra,,Trabalhador No Cultivo De Árvores Frutíferas,1,974.92
Cerquilho,,Lustrador De Peças De Madeira,1,2537.88
Cerquilho,,Engenheiro Mecânico,1,2685.63
Cerquilho,,"Operador De Produção (Química, Petroquímica E Afins)",1,3450.42
Dourado,,Técnico De Manutenção Elétrica,1,6172.08
Dourado,,Supervisor De Compras,1,6676.2
Americana,,Operador De Máquina Cortadora (Minas E Pedreiras),1,4474.58
Cerquilho,,Montador De Fotolito (Analógico E Digital),1,2277.98
Dourado,,Operador De Preparação De Grãos Vegetais (Óleos E Gorduras),1,2057.98
Charqueada,,Operador De Máquina Cortadora (Minas E Pedreiras),1,3439.03
Dourado,,Auxiliar De Laboratório De Análises Físico-Químicas,1,2757.09
Dourado,,Auditor (Contadores E Afins),1,1860.45
Charqueada,,Operador De Estação De Bombeamento,1,3808.81
Cerquilho,,Polidor De Metais,1,2811.57
Charqueada,,Conferente-Expedidor De Roupas (Lavanderias),1,1574.43
Charqueada,,Estampador De Tecido,1,1870
Dourado,,Psicopedagogo,1,1883.07
Cerquilho,,Desenhista Projetista De Construção Civil,1,3808.02
Cerquilho,,Técnico Em Farmácia,1,1837.66
Cerquilho,,Professor De Nível Médio Na Educação Infantil,1,1694.09
Cerquilho,,Operador De Processos Químicos E Petroquímicos,1,2765.39
Cerquilho,,Mototaxista,1,1489.55
Charqueada,,Técnico Em Farmácia,1,2002.5
Americana,,Médico Pneumologista,1,11869.93
Cerquilho,,Telhador (Telhas Metálicas),1,2078.44
Cerquilho,,Catador De Material Reciclável,1,1774.51
Araçariguama,,Mecânico De Manutenção De Máquinas Têxteis,1,5976.03
Charqueada,,Supervisor De Carga E Descarga,1,1524.58
Charqueada,,Carpinteiro De Obras,1,2128.38
Araçoiaba da Serra,,Auxiliar De Enfermagem Do Trabalho,1,1534.44
Dourado,,Atleta Profissional De Futebol,1,3792
Cerquilho,,Técnico De Laboratório Industrial,1,1741.16
Araçoiaba da Serra,,Borracheiro,1,1228.63
Araçariguama,,Analista De Folha De Pagamento,1,2891.1
Araçariguama,,Engenheiro Mecânico Industrial,1,5358.46
Charqueada,,Psicólogo Clínico,1,2486.97
Araçariguama,,Eletricista De Instalações (Edifícios),1,5428.77
Araçariguama,,Operador De Guindaste (Fixo),1,7612.64
Cerquilho,,Confeccionador De Artefatos De Couro (Exceto Sapatos),1,1407.75
Cerquilho,,Cozinheiro Do Serviço Doméstico,1,1391.33
Charqueada,,Gerente De Serviços Sociais,1,1650
Araçoiaba da Serra,,Calafetador,1,1376.07
Araçoiaba da Serra,,Armazenista,1,1157.72
Araçatuba,,Ajudante De Carvoaria,1,1099.78
Charqueada,,Auxiliar Em Saúde Bucal,1,1444.21
Cerquilho,,Auxiliar De Serviços Jurídicos,1,1318.59
Cerquilho,,Decorador De Eventos,1,2512.98
Charqueada,,Instalador-Reparador De Redes Telefônicas E De Comunicação De Dados,1,2974.35
Dourado,,Supervisor Da Manutenção E Reparação De Veículos Pesados,1,2902.58
Araçatuba,,Desenhista Técnico (Construção Civil),1,1504.63
Cerquilho,,Designer De Vitrines,1,1675.72
Charqueada,,Auxiliar De Cartório,1,1141.48
Dourado,,Locutor De Mídias Audiovisuais,1,1674.44
Dourado,,Montador De Equipamentos Eletrônicos,1,1573.33
Cerquilho,,Operador De Time De Montagem,1,1589.05
Charqueada,,Pintor De Veículos (Reparação),1,1600
Cerquilho,,Técnico De Manutenção Eletrônica (Circuitos De Máquinas Com Comando Numérico),1,1525.05
Charqueada,,Auxiliar De Faturamento,1,2237.64
Americana,,Professor De Ensino Superior Na Área De Orientação Educacional,1,4196.8
Araçariguama,,Diretor De Arte (Publicidade),1,7640.75
Araçoiaba da Serra,,Relações Públicas,1,1300
Dourado,,Trabalhador Da Pecuária (Bovinos Leite),1,1384.65
Charqueada,,Cuidador De Idosos,1,1322.68
Araçatuba,,Supervisor De Produção Na Mineração,1,1626.72
Cerquilho,,Ferramenteiro,1,2064.8
Cerquilho,,Operador De Mídia Audiovisual,1,860.43
Dourado,,Bilheteiro De Transportes Coletivos,1,2969.18
Cerquilho,,Técnico Em Manutenção De Equipamentos E Instrumentos Médico-Hospitalares,1,2187.49
Dourado,,Gerente De Operações De Serviços De Assistência Técnica,1,1950.06
Dourado,,Costureiro Na Confecção Em Série,1,682.53
Charqueada,,Operador De Sonda De Percussão,1,2368.68
Cerquilho,,Diretor De Marketing,1,31560.98
Dourado,,Gerente De Suprimentos,1,13968.38
Charqueada,,Fisioterapeuta Geral,1,1402.74
Cerquilho,,Corretor De Imóveis,1,550
Cerquilho,,Montador De Veículos (Reparação),1,2927.58
Piedade,,Costureira De Reparação De Roupas,1,0
Piedade,,Professor De Filosofia No Ensino Médio,1,0
Pindamonhangaba,,Aplicador De Asfalto Impermeabilizante (Coberturas),1,2527.75
Pindamonhangaba,,"Técnico De Operação (Química, Petroquímica E Afins)",1,0
Piedade,,Gesseiro,1,0
Pindamonhangaba,,Tapeceiro De Autos,1,0
Piedade,,Montador De Andaimes (Edificações),1,1671.84
Pindamonhangaba,,"Cenotécnico (Cinema, Vídeo, Televisão, Teatro E Espetáculos)",1,4393.62
Piedade,,Engenheiro Mecânico Industrial,1,10185.17
Araçoiaba da Serra,,Coletor De Lixo Domiciliar,1,1561.4
Pindamonhangaba,,Engenheiro De Aplicativos Em Computação,1,5419.58
Piedade,,Técnico Agrícola,1,10450
Pindamonhangaba,,Modelista De Roupas,1,3415.3
Araçoiaba da Serra,,Mecânico De Manutenção De Máquinas Agrícolas,1,1597.22
Araçoiaba da Serra,,Criador Em Pecuária Polivalente,1,1820.51
Araçoiaba da Serra,,Inseminador,1,2058.16
Araçoiaba da Serra,,Domador De Animais (Circense),1,2101.99
Piedade,,Bibliotecário,1,5492.37
Piedade,,Mestre De Trefilação De Metais,1,4702.01
Pindamonhangaba,,"Técnico De Utilidade (Produção E Distribuição De Vapor, Gases, Óleos, Combustíveis, Energia)",1,6337.13
Pindamonhangaba,,Diretor De Pesquisa E Desenvolvimento (P&D),1,5128.77
Pindamonhangaba,,Fitotecário,1,2868.73
Pindamonhangaba,,Terapeuta Ocupacional,1,4662.18
Pindamonhangaba,,Comerciante Atacadista,1,4493.52
Cerquilho,,Engenheiro Civil,1,2625.66
Pindamonhangaba,,Desenhista Projetista Eletrônico,1,4764.35
Pindamonhangaba,,Desenhista Detalhista,1,4384.2
Piedade,,Professor De Língua Portuguesa Do Ensino Fundamental,1,3343.06
Piedade,,Gerente De Hotel,1,3605.15
Piedade,,Lubrificador De Veículos Automotores (Exceto Embarcações),1,3046.49
Araçatuba,,Técnico Em Petroquímica,1,1729.2
Piedade,,Maître,1,3819.32
Americana,,Mestre De Caldeiraria,1,5936.66
Araçatuba,,Fundidor De Metais,1,2094.9
Pindamonhangaba,,Agente De Microcrédito,1,2163.66
Charqueada,,Técnico Eletricista,1,2001.23
Araçoiaba da Serra,,Bilheteiro De Transportes Coletivos,1,1977.44
Pindamonhangaba,,Tradutor,1,3353.23
Araçoiaba da Serra,,Desenhista Técnico,1,2112.98
Piedade,,Técnico De Apoio Em Pesquisa E Desenvolvimento (Exceto Agropecuário E Florestal),1,3743.39
Araçatuba,,Técnico De Saneamento,1,1983.33
Piedade,,Especialista Em Ensaios Metrológicos,1,2244.11
Piedade,,Operador Eletromecânico,1,3447.06
Piedade,,Operador De Inspeção De Qualidade,1,3499.74
Pindamonhangaba,,Supervisor De Produção Na Mineração,1,3473.38
Charqueada,,Engenheiro Civil,1,2694.72
Piedade,,Supervisor De Controle Patrimonial,1,2515.45
Charqueada,,Arquiteto De Edificações,1,2532.54
Cerquilho,,Desenhista Detalhista,1,2500.77
Piedade,,Analista De Sinistros,1,2653.21
Dourado,,Engenheiro De Produção,1,2396.22
Charqueada,,Condutor De Ambulância,1,2225.34
Pindamonhangaba,,Analista De Planejamento De Manutenção,1,2138.83
Piedade,,Supervisor De Contas A Pagar,1,2254.53
Americana,,Engenheiro Metalurgista,1,7044.83
Araçatuba,,Prensista De Compensados,1,1737.17
Piedade,,Mecânico De Manutenção De Bomba Injetora (Exceto De Veículos Automotores),1,2363.88
Pindamonhangaba,,Técnico De Manutenção De Sistemas E Instrumentos,1,4215.5
Araçatuba,,Forneiro E Operador De Forno De Redução Direta,1,1704.34
Pindamonhangaba,,Carregador (Aeronaves),1,1922.66
Cerquilho,,"Supervisor De Fabricação De Produtos Cerâmicos, Porcelanatos E Afins",1,2657.03
Cerquilho,,Atendente De Enfermagem,1,2725.13
Piedade,,Operador De Máquina De Moldar Automatizada,1,2835.4
Araçatuba,,Operador De Serras No Desdobramento De Madeira,1,2056.09
Araçariguama,,Administrador Em Segurança Da Informação,1,5391.92
Americana,,Trabalhador Polivalente Da Confecção De Calçados,1,3685.07
Charqueada,,Técnico Em Petroquímica,1,4439.43
Dourado,,Serrador De Madeira (Serra Circular Múltipla),1,1902.88
Piedade,,Operador De Acabamento De Peças Fundidas,1,1726.42
Araçatuba,,Montador De Máquinas Gráficas,1,1521.69
Cerquilho,,Técnico Têxtil,1,2322.92
Araçatuba,,Comerciante Atacadista,1,1751.94
Pindamonhangaba,,Montador De Máquinas-Ferramentas (Usinagem De Metais),1,2214.45
Araçoiaba da Serra,,Instalador-Reparador De Linhas E Aparelhos De Telecomunicações,1,1837.49
Americana,,Forjador Prensista,1,0
Cerquilho,,Cozinhador (Conservação De Alimentos),1,2857.73
Piedade,,Operador De Máquina Misturadeira (Tratamentos Químicos E Afins),1,2571.61
Americana,,Cortador De Laminados De Madeira,1,0
Pindamonhangaba,,Planejista,1,2389.33
Araçariguama,,Analista De Seguros (Técnico),1,0
Araçatuba,,Advogado (Direito Público),1,1689.36
Araçatuba,,Montador De Equipamentos Elétricos (Motores E Dínamos),1,1539.13
Araçoiaba da Serra,,Professor De Língua Inglesa,1,2009.95
Piedade,,Químico,1,1977.74
Piedade,,Auxiliar De Laboratório De Análises Físico-Químicas,1,2037.02
Araçatuba,,Assistente De Coreografia,1,1540
Araçoiaba da Serra,,Mecânico De Manutenção De Aparelhos Esportivos E De Ginástica,1,1957.32
Dourado,,Supervisor De Almoxarifado,1,2209.93
Dourado,,Tratador De Animais,1,3438.4
Americana,,Estivador,1,0
Americana,,Técnico De Comunicação De Dados,1,4745.58
Pindamonhangaba,,Professor De Administração,1,1780.72
Araçatuba,,Avaliador Físico,1,1718.83
Charqueada,,Assistente Social,1,1979.02
Cerquilho,,Terapeuta Ocupacional,1,1730.33
Americana,,Professor De Administração,1,571.57
Araçoiaba da Serra,,Supervisor De Exploração Agropecuária,1,2900.01
Ibiúna,,Gerente De Operações De Transportes,1,15428.11
Cerquilho,,Professor De Geografia No Ensino Médio,1,2012.75
Araçoiaba da Serra,,Supervisor De Embalagem E Etiquetagem,1,2547.47
Dourado,,Técnico Em Laboratório De Farmácia,1,1726.27
Ibiúna,,Dirigente Do Serviço Público Municipal,1,15769.13
Ibiúna,,Engenheiro Mecânico,1,18688.1
Araçoiaba da Serra,,Controlador De Tráfego Aéreo,1,2227.1
Araçoiaba da Serra,,Economista Do Setor Público,1,2784.32
Itapetininga,,"Diretor De Produção E Operações Da Indústria De Transformação, Extração Mineral E Utilidades",1,39012.6
Araçoiaba da Serra,,Tecnólogo Em Processos Químicos,1,2097.66
Ibiúna,,Advogado,1,25762.52
Pindamonhangaba,,Caminhoneiro Autônomo (Rotas Regionais E Internacionais),1,1831.33
Araçoiaba da Serra,,Moldador De Plástico Por Injeção,1,2029.37
Charqueada,,Auxiliar De Farmácia De Manipulação,1,2106.61
Itapetininga,,Coletor De Resíduos Sólidos De Serviços De Saúde,1,1100
Araçatuba,,Polidor De Pedras,1,2731.96
Cerquilho,,Professor De Língua Estrangeira Moderna No Ensino Médio,1,1639.17
Araçoiaba da Serra,,Oxicortador A Mão E A  Máquina,1,2752.15
Itapeva,,Montador De Equipamentos Eletrônicos,1,1100
Charqueada,,Desenvolvedor De Sistemas De Tecnologia Da Informação (Técnico),1,1753.33
Charqueada,,Supervisor De Caixas E Bilheteiros (Exceto Caixa De Banco),1,1965.92
Araçoiaba da Serra,,Tecnólogo Em Sistemas Biomédicos,1,2212.44
Araçoiaba da Serra,,Técnico Mecânico,1,2439.49
Piedade,,Empregado Doméstico  Faxineiro,1,1636.31
Piedade,,Analista De Suporte Computacional,1,1732.66
Araçoiaba da Serra,,Técnico Em Eletromecânica,1,2826.04
Araçoiaba da Serra,,Técnico Em Manutenção De Instrumentos De Medição E Precisão,1,2332.7
Piedade,,"Pintor, A  Pistola (Exceto Obras E Estruturas Metálicas)",1,1698.65
Araçoiaba da Serra,,"Instalador De Material Isolante, A Mão (Edificações)",1,2575.14
Ibiúna,,Professor De História No Ensino Médio,1,741.73
Cerquilho,,Gravador De Matriz Para Flexografia (Clicherista),1,1816.32
Charqueada,,Supervisor De Vendas Comercial,1,1527.61
Piedade,,"Operador De Máquina De Usinagem Madeira, Em Geral",1,1782.95
Araçatuba,,Caminhoneiro Autônomo (Rotas Regionais E Internacionais),1,2378.56
Araçatuba,,Taquígrafo,1,3104.72
Araçatuba,,Entrevistador Censitário E De Pesquisas Amostrais,1,2416.79
Pindamonhangaba,,Empregado  Doméstico  Nos Serviços Gerais,1,1866.08
Charqueada,,Marceneiro,1,1742.09
Araçatuba,,Decorador De Interiores De Nível Superior,1,2872.97
Araçatuba,,Moldador De Borracha Por Compressão,1,2842.53
Cerquilho,,Montador De Equipamentos Elétricos,1,1978.3
Cerquilho,,Montador De Máquinas-Ferramentas (Usinagem De Metais),1,1572.04
Araçatuba,,Agente De Microcrédito,1,3129.06
Araçatuba,,Montador De Equipamentos Elétricos (Aparelhos Eletrodomésticos),1,1859.08
Araçatuba,,Relojoeiro (Reparação),1,2306.79
Araçatuba,,Redator De Textos Técnicos,1,2663.26
Araçatuba,,Engenheiro De Redes De Comunicação,1,2390.77
Itapetininga,,Professor De Sociologia No Ensino Médio,1,826.71
Piedade,,Auxiliar Geral De Conservação De Vias Permanentes (Exceto Trilhos),1,1566.48
Araçatuba,,Desenhista Técnico (Eletricidade E Eletrônica),1,2914.81
Araçatuba,,Pesquisador De Engenharia Civil,1,3275.13
Araçatuba,,Operador De Transporte Multimodal,1,2712.94
Araçatuba,,Decorador De Eventos,1,2500
Dourado,,Encarregado De Acabamento De Chapas E Metais  (Têmpera),1,1995.12
Araçoiaba da Serra,,Farmacêutico Hospitalar E Clínico,1,2872.74
Araçatuba,,Tecnólogo Em Gestão Hospitalar,1,2138.89
Araçoiaba da Serra,,Técnico Em Saúde Bucal,1,2443.22
Araçatuba,,Monitor De Dependente Químico,1,2823.92
Araçoiaba da Serra,,Diretor De Instituição Educacional Pública,1,3801.7
Pindamonhangaba,,"Macheiro, A  Máquina",1,1601.96
Araçoiaba da Serra,,Impressor De Ofsete (Plano E Rotativo),1,3305.11
Itapeva,,Auxiliar De Prótese Dentária,1,905.65
Charqueada,,Assentador De Revestimentos Cerâmicos,1,1881.86
Araçoiaba da Serra,,Serrador De Madeira (Serra De Fita Múltipla),1,3440.53
Piedade,,Cronometrista,1,1661.59
Ibiúna,,Manicure/Pedicure,1,1100
Araçoiaba da Serra,,Operador De Máquina Recobridora De Arame,1,3356.86
Araçatuba,,Mestre De Pintura (Tratamento De Superfícies),1,4044.05
Pindamonhangaba,,Magarefe,1,2245.3
Araçatuba,,Analista De Planejamento De Materias,1,3773.71
Araçatuba,,Mecânico De Manutenção De Aparelhos De Levantamento,1,3390.42
Araçoiaba da Serra,,Supervisor De Logística,1,3412.19
Araçatuba,,Mecânico De Manutenção De Máquinas Gráficas,1,3807.4
Araçoiaba da Serra,,Cobrador Externo,1,3456.51
Araçatuba,,Eletromecânico De Manutenção De Elevadores,1,3334.38
Araçatuba,,Analista De Projetos Logisticos,1,3424.31
Pindamonhangaba,,Operador De Equipamentos De Preparação De Areia,1,1722.01
Araçatuba,,Ouvidor,1,3601.73
Araçatuba,,Geneticista,1,3709.21
Araçoiaba da Serra,,Professor De Química No Ensino Médio,1,3898.5
Araçoiaba da Serra,,Professor De Matemática No Ensino Médio,1,3545.01
Ibiúna,,Cozinheiro Do Serviço Doméstico,1,1309.21
Araçoiaba da Serra,,Dirigente E Administrador De Organização Da Sociedade Civil Sem Fins Lucrativos,1,4187.13
Charqueada,,Zelador De Edifício,1,1605.18
Araçatuba,,Operador De Motoniveladora (Extração De Minerais Sólidos),1,4299.62
Araçatuba,,Pedreiro (Material Refratário),1,3963.47
Araçoiaba da Serra,,Mestre Serralheiro,1,4439.76
Ibiúna,,Trabalhador No Cultivo De Mudas,1,1541.66
Itapetininga,,Trabalhador Da Pecuária (Bubalinos),1,1195.87
Piedade,,Operador De Trator De Lâmina,1,2567.58
Araçoiaba da Serra,,Engenheiro Químico,1,5943.6
Araçatuba,,Mestre De Caldeiraria,1,6723.68
Itapeva,,"Trabalhador Da Extração De Substâncias Aromáticas, Medicinais E Tóxicas, Em Geral",1,1197.85
Dourado,,Auxiliar De Produção Farmacêutica,1,2072.17
Ibiúna,,Auxiliar De Banco De Sangue,1,1364.35
Itapeva,,Encarregado Geral De Operações De Conservação De Vias Permanentes (Exceto Trilhos),1,1510.75
Ibiúna,,Reparador De Equipamentos De Escritório,1,1300.74
Araçoiaba da Serra,,Engenheiro Civil (Saneamento),1,7688.07
Araçoiaba da Serra,,Encarregado De Equipe De Conservação De Vias Permanentes (Exceto Trilhos),1,7099.33
Araçatuba,,Forjador Prensista,1,0
Pindamonhangaba,,Cabeleireiro,1,1159.71
Araçatuba,,Empregado  Doméstico  Nos Serviços Gerais,1,0
Araçoiaba da Serra,,Administrador De Edifícios,1,3483.95
Dourado,,Trabalhador No Cultivo De Árvores Frutíferas,1,1934.28
Dourado,,Instalador-Reparador De Linhas E Aparelhos De Telecomunicações,1,1469.33
Pindamonhangaba,,Professor De Técnicas De Enfermagem,1,1310.92
Charqueada,,Psicólogo Educacional,1,935.52
Piedade,,Inspetor De Alunos De Escola Privada,1,1397.49
Piedade,,Controlador De Pragas,1,1320.43
Pindamonhangaba,,Governanta De Hotelaria,1,1555.27
Pindamonhangaba,,Operador De Máquinas De Beneficiamento De Produtos Agrícolas,1,1514
Itapeva,,Montador De Equipamentos Eletrônicos (Computadores E Equipamentos Auxiliares),1,1044.07
Pindamonhangaba,,Artista (Artes Visuais),1,1128
Piedade,,Artesão Escultor,1,1283
Pindamonhangaba,,Reparador De Aparelhos Eletrodomésticos (Exceto Imagem E Som),1,1514
Pindamonhangaba,,Chaveiro,1,1530.51
Pindamonhangaba,,Montador De Equipamentos Elétricos,1,1479.27
Pindamonhangaba,,Porteiro (Hotel),1,1313.53
Pindamonhangaba,,Comissário De Trem,1,1513.25
Piedade,,Professor De Geografia No Ensino Médio,1,454.09
Piedade,,Projetista De Móveis,1,1533.33
Pindamonhangaba,,Operador De Subestação,1,1602
Itapetininga,,Ferramenteiro,1,1047.19
Piedade,,Operador De Draga,1,1597.06
Piedade,,Criador De Peixes,1,1460.48
Piedade,,"Produtor Agropecuário, Em Geral",1,1212.38
Cerquilho,,Professor De Sociologia No Ensino Médio,1,1687.05
Pindamonhangaba,,Ajudante De Carvoaria,1,1110.18
Pindamonhangaba,,Pesquisador De Engenharia Civil,1,1130.55
Itapetininga,,Técnico Em Confecções Do Vestuário,1,1200.45
Dourado,,Inspetor De Risco,1,1162.93
Pindamonhangaba,,Arquiteto De Edificações,1,12818.47
Pindamonhangaba,,Analista De Planejamento De Materias,1,10544.2
Piedade,,Supervisor Da Indústria De Bebidas,1,9968.41
Pindamonhangaba,,Professor De Nível Médio No Ensino Profissionalizante,1,360.51
Itapetininga,,Relojoeiro (Reparação),1,1351.77
Araçatuba,,Inspetor De Terraplenagem,1,2136.34
Araçoiaba da Serra,,Mecânico De Manutenção De Empilhadeiras E Outros Veículos De Cargas Leves,1,0
Araçatuba,,Mestre (Indústria De Borracha E Plástico),1,0
Araçoiaba da Serra,,Engenheiro De Equipamentos Em Computação,1,9473.18
Pindamonhangaba,,Operador De Painel De Controle,1,11686.13
Araçoiaba da Serra,,Engenheiro Eletricista De Projetos,1,8818.32
Araçoiaba da Serra,,Pesquisador Em Medicina Veterinária,1,6209.95
Itapeva,,Decapador,1,1404.8
Araçatuba,,Desenhista Projetista De Máquinas,1,7451.04
Araçatuba,,Diretor De Programas De Televisão,1,7064.06
Araçatuba,,Pesquisador Em Saúde Coletiva,1,6643.82
Araçatuba,,Médico Legista,1,5612.56
Pindamonhangaba,,Gerente De Riscos,1,17757.1
Cerquilho,,Jornalista,1,1330.28
Cerquilho,,Topógrafo,1,1437.81
Cerquilho,,Técnico De Seguros,1,1217.18
Araçoiaba da Serra,,Mecânico De Manutenção De Instalações Mecânicas De Edifícios,1,6549.92
Araçoiaba da Serra,,Supervisor De Manutenção De Máquinas Operatrizes E De Usinagem,1,5085.6
Piedade,,Gerente De Marketing,1,10979.96
Araçatuba,,Sanitarista,1,4731.82
Araçoiaba da Serra,,Supervisor De Vigilantes,1,2860.22
Charqueada,,Supervisor De Vendas De Serviços,1,1266.21
Araçoiaba da Serra,,Professor De Nível Superior Do Ensino Fundamental (Primeira A Quarta Série),1,3616.9
Araçatuba,,Pesquisador Em Ciências Da Zootecnia,1,3977.3
Itapeva,,Chefe De Confeitaria,1,1410.06
Charqueada,,Selecionador De Material Reciclável,1,1399.1
Araçoiaba da Serra,,Mecânico De Manutenção De Aparelhos De Levantamento,1,3750
Araçoiaba da Serra,,Técnico De Painel De Controle,1,3910.37
Ibiúna,,Auxiliar De Cartório,1,1235.13
Araçoiaba da Serra,,Cronoanalista,1,4273.28
Araçoiaba da Serra,,Engenheiro De Controle De Qualidade,1,4190.46
Araçatuba,,"Tecelão De Tapetes, A  Máquina",1,1899.45
Pindamonhangaba,,Diretor De Recursos Humanos,1,37247.37
Itapeva,,Publicitário,1,1267.14
Araçatuba,,Gerontólogo,1,2543.15
Araçoiaba da Serra,,Monitor De Dependente Químico,1,2608.54
Itapeva,,Mecânico Montador De Motores De Aeronaves,1,1485
Araçoiaba da Serra,,Professor De Ciências Exatas E Naturais Do Ensino Fundamental,1,2674.6
Araçoiaba da Serra,,Guarda-Civil Municipal,1,2675.16
Ibiúna,,Diretor Financeiro,1,1233.33
Itapetininga,,Professor De Técnicas De Enfermagem,1,4215.93
Araçatuba,,Fiscal De Atividades Urbanas,1,2621.14
Araçoiaba da Serra,,Tecnólogo Em Logística De Transporte,1,2130.39
Araçoiaba da Serra,,Operador De Equipamentos De Preparação De Areia,1,2639.25
Charqueada,,Técnico De Suporte Ao Usuário De Tecnologia Da Informação,1,1264.83
Araçoiaba da Serra,,"Salsicheiro (Fabricação De Lingüiça, Salsicha E Produtos Similares)",1,2389.93
Araçoiaba da Serra,,Magarefe,1,2462.5
Araçoiaba da Serra,,Impressor Flexográfico,1,2268.91
Araçatuba,,Metalizador (Banho Quente),1,2278.83
Ibiúna,,Agente De Saúde Pública,1,1506.57
Charqueada,,Preparador De Estruturas Metálicas,1,1587.29
Piedade,,Psicólogo Educacional,1,820
Araçatuba,,Técnico Em Instrumentação,1,2227.02
Araçatuba,,Extrusor De Fios Ou Fibras De Vidro,1,2792.03
Araçoiaba da Serra,,Supervisor De Crédito E Cobrança,1,2995.28
Itapeva,,"Eletrotécnico Na Fabricação, Montagem E Instalação De Máquinas E Equipamentos",1,2038.58
Araçoiaba da Serra,,Supervisor De Vendas De Serviços,1,2712.77
Araçatuba,,Supervisor De Reparos Linhas Férreas,1,2603.3
Ibiúna,,Trabalhador Da Ovinocultura,1,2216.18
Araçoiaba da Serra,,Técnico Em Administração,1,2128.88
Araçoiaba da Serra,,Instalador De Linhas Elétricas De Alta E Baixa - Tensão (Rede Aérea E Subterrânea),1,2143.92
Araçatuba,,Afiador De Cutelaria,1,2533.84
Itapetininga,,Atleta Profissional De Tênis,1,1736.75
Araçoiaba da Serra,,Impressor De Corte E Vinco,1,2313.53
Cerquilho,,Despachante De Trânsito,1,1579.22
Araçoiaba da Serra,,Caminhoneiro Autônomo (Rotas Regionais E Internacionais),1,2796.99
Araçatuba,,Mecânico De Manutenção De Máquinas Têxteis,1,2333.12
Itapeva,,Soldador A  Oxigás,1,1768.38
Araçatuba,,Criador De Bovinos (Corte),1,3232.36
Araçatuba,,Soldador A  Oxigás,1,3022.97
Araçatuba,,Dirigente E Administrador De Organização Religiosa,1,1906.8
Araçatuba,,Artesão Escultor,1,1650.35
Araçoiaba da Serra,,Professor De Geografia No Ensino Médio,1,1932.82
Ibiúna,,"Lavadeiro, Em Geral",1,1705.41
Cerquilho,,Oleiro (Fabricação De Telhas),1,1541.66
Itapetininga,,Desenhista Técnico (Arquitetura),1,1827.83
Itapetininga,,Desenhista Técnico (Construção Civil),1,1705.97
Itapetininga,,Técnico De Manutenção De Sistemas E Instrumentos,1,1895.97
Itapetininga,,Montador De Veículos (Reparação),1,1933.33
Araçoiaba da Serra,,Desenvolvedor Web (Técnico),1,1806.46
Itapeva,,Designer De Interiores,1,1660.34
Piedade,,Queijeiro Na Fabricação De Laticínio,1,1484.12
Araçatuba,,Oficial General Da Aeronáutica,1,1177.68
Itapetininga,,Operador De Câmera De Televisão,1,1688.5
Araçatuba,,Operador De Refrigeração Com Amônia,1,1624.46
Araçatuba,,Montador De Equipamentos Eletrônicos (Computadores E Equipamentos Auxiliares),1,1489
Charqueada,,Serrador De Madeira,1,1632.88
Piedade,,Tosador De Animais Domésticos,1,1500
Itapeva,,Perfumista,1,2144.22
Araçatuba,,Operador De Plaina Desengrossadeira,1,1804.1
Itapeva,,Auxiliar De Laboratório De Análises Físico-Químicas,1,1672.87
Cerquilho,,Supervisor De Vigilantes,1,1639.03
Araçatuba,,Operador De Guindaste (Fixo),1,1881.53
Araçatuba,,Desenhista Projetista De Eletricidade,1,1870.7
Araçatuba,,Operador De Aparelho De Flotação,1,2091.58
Piedade,,Classificador De Madeira,1,1412.5
Araçatuba,,Operador De Prensa De Material Reciclável,1,1601.54
Piedade,,Lavador De Artefatos De Tapeçaria,1,1433.03
Charqueada,,Caseiro (Agricultura),1,1234.99
Araçoiaba da Serra,,Ferramenteiro,1,1965.99
Itapetininga,,Acabador De Embalagens (Flexíveis E Cartotécnicas),1,1570.79
Araçatuba,,Técnico Em Automobilística,1,1990.81
Ibiúna,,Gerente De Infraestrutura De Tecnologia Da Informação,1,1580.8
Charqueada,,Médico Do Trabalho,1,1258.69
Araçoiaba da Serra,,Operador De Processos Químicos E Petroquímicos,1,2624.77
Araçoiaba da Serra,,Operador De Empilhadeira,1,2368.64
Araçatuba,,"Confeccionador De Bolsas, Sacos E Sacolas E Papel, A Máquina",1,1779.94
Itapetininga,,Condutor De Ambulância,1,2337.68
Ibiúna,,Técnico Em Farmácia,1,1765.1
Araçatuba,,Ferrador De Animais,1,1790.68
Araçatuba,,"Produtor Agropecuário, Em Geral",1,1732.5
Araçatuba,,Seringueiro,1,2068.88
Ibiúna,,Cozinheiro De Hospital,1,2154.14
Itapetininga,,Projetista De Som,1,1704.51
Cerquilho,,Desenhista Projetista De Arquitetura,1,997.33
Ibiúna,,Supervisor De Exploração Pecuária,1,3138.43
Pindamonhangaba,,Inspetor De Serviços De Transportes Rodoviários (Passageiros E Cargas),1,1684.39
Araçatuba,,Finalizador De Filmes,1,1299.65
Itapetininga,,Mestre Carpinteiro,1,2625.58
Pindamonhangaba,,Laboratorista Fotográfico,1,1171.55
Araçatuba,,Técnico De Celulose E Papel,1,1446
Piedade,,Feirante,1,1292.17
Araçoiaba da Serra,,Vistoriador Naval,1,1092.56
Itapetininga,,Impressor De Corte E Vinco,1,3460.88
Piedade,,Governanta De Hotelaria,1,1213.2
Araçatuba,,Lavador De Roupas,1,1373.99
Araçatuba,,Agente De Trânsito,1,1190.14
Ibiúna,,Sinaleiro (Ponte-Rolante),1,3203.57
Itapeva,,Diretor De Operações De Serviços De Transporte,1,2496.66
Pindamonhangaba,,Guia De Turismo,1,1310.92
Itapeva,,Analista De Pcp (Programação E Controle Da Produção),1,2716.98
Piedade,,Impressor De Corte E Vinco,1,1484.85
Araçoiaba da Serra,,Trabalhador No Cultivo De Flores Em Vaso,1,1545.1
Itapeva,,Projetista De Móveis,1,2250.2
Itapetininga,,"Técnico De Utilidade (Produção E Distribuição De Vapor, Gases, Óleos, Combustíveis, Energia)",1,2992.62
Itapetininga,,Tecnólogo Em Gestão Hospitalar,1,2259.65
Araçoiaba da Serra,,"Examinador De Cabos, Linhas Elétricas E Telefônicas",1,1318.11
Pindamonhangaba,,Analista De Crédito (Instituições Financeiras),1,1418.02
Araçoiaba da Serra,,Técnico Eletricista,1,1672.1
Itapetininga,,"Supervisor De Operação Elétrica (Geração, Transmissão E Distribuição De Energia Elétrica)",1,2852.32
Itapetininga,,Impressor (Serigrafia),1,2459.08
Pindamonhangaba,,Mantenedor De Sistemas Eletroeletrônicos De Segurança,1,1363.06
Itapetininga,,Montador De Veículos (Linha De Montagem),1,2339.92
Araçatuba,,Sacristão,1,852.58
Piedade,,Técnico De Saneamento,1,1613.42
Itapetininga,,Técnico Em Nutrição E Dietética,1,1993.58
Ibiúna,,Chefe De Bar,1,2546.23
Ibiúna,,Supervisor De Montagem E Instalação Eletroeletrônica,1,2112.65
Piedade,,Professor De Educação Artística Do Ensino Fundamental,1,1211.57
Piedade,,Professor De Língua Portuguesa,1,1362.27
Ibiúna,,Operador De Guindaste Móvel,1,2274.17
Araçoiaba da Serra,,Arquivista De Documentos,1,965.64
Araçatuba,,Mecânico Montador De Motores De Aeronaves,1,2187.17
Araçatuba,,Marcador De Peças Confeccionadas Para Bordar,1,1010.79
Itapeva,,Técnico Em Óptica E Optometria,1,2902.46
Itapetininga,,Analista De Gestão De Estoque,1,1983
Piedade,,Técnico De Desporto Individual E Coletivo (Exceto Futebol),1,1494.15
Araçoiaba da Serra,,Diretor De Pesquisa E Desenvolvimento (P&D),1,10867.75
Araçoiaba da Serra,,"Diretor De Produção E Operações Da Indústria De Transformação, Extração Mineral E Utilidades",1,14345.64
Itapeva,,Localizador (Cobrador),1,2235.4
Pindamonhangaba,,Psicomotricista,1,1203.79
Ibiúna,,Montador De Equipamentos Elétricos (Instrumentos De Medição),1,2117.82
Macatuba,,Operador De Estação De Tratamento De Água E Efluentes,1,2335.09
Macatuba,,Controlador De Serviços De Máquinas E Veículos,1,0
Ibiúna,,Garagista,1,2339.15
Itapeva,,Mestre (Indústria De Borracha E Plástico),1,2132.92
Macatuba,,"Eletrotécnico Na Fabricação, Montagem E Instalação De Máquinas E Equipamentos",1,4609.43
Macatuba,,Operador De Guilhotina (Corte De Papel),1,2712.14
Ibiúna,,Cozinheiro Industrial,1,2382.67
Macatuba,,Gerente De Suprimentos,1,4651.36
Cerquilho,,Operador De Triagem E Transbordo,1,6509.2
Macatuba,,Supervisor De Manutenção Eletromecânica (Utilidades),1,3241.04
Itapetininga,,Jornalista,1,3119.96
Ibiúna,,Supervisor De Tesouraria,1,2859.94
Cerquilho,,Mestre De Caldeiraria,1,9259.85
Macatuba,,Gerente De Recursos Humanos,1,4309.92
Macatuba,,Médico Neurologista,1,2848.52
Macatuba,,Modelador De Madeira,1,3066.25
Ibiúna,,Representante Comercial Autônomo,1,2700.52
Macatuba,,Masseiro (Massas Alimentícias),1,2327.86
Itapetininga,,Oficial Do Registro Civil De Pessoas Naturais,1,2195.55
Piedade,,Tapeceiro De Autos,1,1545.36
Pindamonhangaba,,Ajustador Mecânico Em Bancada,1,2000.25
Itapeva,,Analista De Folha De Pagamento,1,1977.86
Macatuba,,Professor De Educação Física No Ensino Superior,1,1747.19
Piedade,,Funileiro De Veículos (Reparação),1,1400
Macatuba,,Supervisor Da Manutenção E Reparação De Veículos Leves,1,1849.82
Itapetininga,,Agente De Microcrédito,1,3240.98
Piedade,,Técnico De Manutenção Eletrônica,1,2038.28
Macatuba,,Ajudante De Motorista,1,1500
Cerquilho,,Técnico De Manutenção Elétrica De Máquina,1,10005.88
Ibiúna,,Tecnólogo Em Secretariado Escolar,1,2855.83
Itapeva,,Economista Financeiro,1,3066.27
Piedade,,Retalhador De Carne,1,1997.99
Itapetininga,,Governanta De Hotelaria,1,2770.58
Dourado,,Diretor De Recursos Humanos,1,12671.29
Pindamonhangaba,,Instalador-Reparador De Linhas E Aparelhos De Telecomunicações,1,1742.64
Itapetininga,,Médico Cirurgião Pediátrico,1,2585.62
Macatuba,,Pesquisador Em Química,1,10649.55
Pindamonhangaba,,Auxiliar De Corte (Preparação Da Confecção De Roupas),1,1471.42
Pindamonhangaba,,Encarregado De Costura Na Confecção Do Vestuário,1,1864.91
Boituva,,Chefe De Confeitaria,1,2506.73
Piedade,,Ajudante De Carvoaria,1,1621.23
Boituva,,Operador De Instalação De Ar-Condicionado,1,3459.59
Piedade,,"Bilheteiro (Estações De Metrô, Ferroviárias E Assemelhadas)",1,1769.95
Itapeva,,Professor De Fisioterapia,1,2068.12
Boituva,,Operador De Máquina Copiadora (Exceto Operador De Gráfica Rápida),1,0
Pindamonhangaba,,Limpador De Piscinas,1,1847.66
Boituva,,Montador De Equipamentos Eletrônicos (Aparelhos Médicos),1,5868.62
Boituva,,Mestre De Ferramentaria,1,5244.63
Itapetininga,,Psicólogo Educacional,1,3310.88
Itapetininga,,Especialista Em Pesquisa Operacional,1,3682.86
Boituva,,Químico,1,7517.71
Boituva,,Supervisor De Manutenção Elétrica De Alta Tensão Industrial,1,3614.85
Boituva,,Encarregado De Manutenção Elétrica De Veículos,1,4845.69
Pindamonhangaba,,Administrador De Edifícios,1,2512.86
Boituva,,Impressor Tampográfico,1,4384.89
Boituva,,Psicólogo Do Trabalho,1,4862.86
Boituva,,Dirigente E Administrador De Organização Religiosa,1,4417.81
Boituva,,Assistente Técnico De Seguros,1,2252.96
Piedade,,Arquivista De Documentos,1,1717.99
Pindamonhangaba,,Técnico Em Manutenção De Instrumentos De Medição E Precisão,1,1608.12
Ibiúna,,Enfermeiro Do Trabalho,1,3439.91
Ibiúna,,Operador De Central De Concreto,1,3563.27
Piedade,,Gerente De Produção E Operações Agropecuárias,1,2733.81
Boituva,,Supervisor De Entrevistadores E Recenseadores,1,4701.8
Pindamonhangaba,,Supervisor  (Indústria De Calçados E Artefatos De Couro),1,1933.59
Pindamonhangaba,,Cilindrista (Petroquímica E Afins),1,2589.61
Itapetininga,,"Supervisor De Fabricação De Produtos Cerâmicos, Porcelanatos E Afins",1,3661.45
Itapeva,,Fisioterapeuta  Do Trabalho,1,4077.74
Itapeva,,Técnico Mecânico (Máquinas),1,3219.14
Itapeva,,Funileiro Industrial,1,2380.71
Boituva,,Mecânico De Manutenção De Máquinas Têxteis,1,3663.7
Boituva,,Sacristão,1,2918.39
Boituva,,Professor De Educação Física No Ensino Superior,1,2156.65
Pindamonhangaba,,Operador De Lixadeira (Usinagem De Madeira),1,2252.79
Boituva,,"Mecânico De Manutenção De Aeronaves, Em Geral",1,2893.74
Pindamonhangaba,,Analista De Produtos Bancários,1,2853.56
Boituva,,Técnico Em Óptica E Optometria,1,2089.19
Piedade,,Pintor A Pincel E Rolo (Exceto Obras E Estruturas Metálicas),1,0
Pindamonhangaba,,Soldador Elétrico,1,0
Piedade,,Farmacêutico Hospitalar E Clínico,1,8021.74
Pindamonhangaba,,Engenheiro Ambiental,1,11026.85
Pindamonhangaba,,Tecnólogo Em Gestão Da Tecnologia Da Informação,1,2192.24
Piedade,,"Supervisor De Operação Elétrica (Geração, Transmissão E Distribuição De Energia Elétrica)",1,2103.83
Boituva,,Encarregado Geral De Operações De Conservação De Vias Permanentes (Exceto Trilhos),1,2847.48
Pindamonhangaba,,Supervisor Da Manutenção E Reparação De Veículos Pesados,1,2558.49
Boituva,,Lavador De Peças,1,2149.06
Piedade,,Engenheiro Químico,1,6762.54
Piedade,,Técnico De Contabilidade,1,2305.02
Piedade,,Chefe De Serviços Bancários,1,4629.31
Pindamonhangaba,,Protético Dentário,1,2935.04
Boituva,,Operador De Prensa De Material Reciclável,1,2351.47
Itapeva,,Analista De Câmbio,1,3661.55
Ibiúna,,Gerente De Serviços Culturais,1,3110.98
Pindamonhangaba,,Gerente De Instituição Educacional Da Área Privada,1,2403.92
Pindamonhangaba,,Auxiliar De Serviços De Importação E Exportação,1,4240.5
Itapeva,,Técnico De Enfermagem Do Trabalho,1,2556.16
Pindamonhangaba,,Psicólogo Social,1,2524.58
Pindamonhangaba,,Diretor De Serviços De Saúde,1,4887.68
Boituva,,Entrevistador De Pesquisa De Opinião E Mídia,1,2577.15
Piedade,,Gerente De Riscos,1,3744
Piedade,,Chefe De Contabilidade (Técnico),1,4376.43
Pindamonhangaba,,Técnico Em Estruturas Metálicas,1,3051.59
Pindamonhangaba,,Operador De Fresadora Com Comando Numérico,1,3017.85
Boituva,,Limpador De Vidros,1,1700.91
Piedade,,Tecnólogo Em Metalurgia,1,2925.8
Piedade,,Ajustador Ferramenteiro,1,3732.36
Boituva,,Chefe De Portaria De Hotel,1,1801.15
Piedade,,Cronoanalista,1,3311.12
Pindamonhangaba,,Torneiro (Lavra De Pedra),1,3247.46
Pindamonhangaba,,Diretor De Mídia (Publicidade),1,4833.33
Boituva,,Cozinhador De Frutas E Legumes,1,1492.43
Piedade,,Supervisor De Vendas De Serviços,1,3638.46
Boituva,,Pizzaiolo,1,1692.62
Piedade,,Cobrador Interno,1,4576.17
Boituva,,Afretador,1,1610.95
Pindamonhangaba,,Economista,1,3454.85
Boituva,,Vidraceiro (Edificações),1,1769.06
Itapetininga,,Analista De Compliance,1,2851.95
Piedade,,Analista De Planejamento De Materias,1,4841.07
Itapetininga,,Professor De Geografia No Ensino Médio,1,4194.5
Piedade,,Gerente De Serviços De Saúde,1,4566.59
Pindamonhangaba,,Engenheiro Civil (Saneamento),1,5643.17
Piedade,,Enfermeiro Auditor,1,3802.32
Boituva,,Inspetor De Terraplenagem,1,1749
Pindamonhangaba,,Estenotipista,1,2300.9
Piedade,,Técnico Agropecuário,1,5205.16
Piedade,,"Supervisor De Manutenção De Aparelhos Térmicos, De Climatização E De Refrigeração",1,5939.4
Piedade,,Engenheiro Metalurgista,1,3896.06
Piedade,,Técnico De Controle De Meio Ambiente,1,6530.52
Piedade,,Analista De Informações (Pesquisador De Informações De Rede),1,3528.16
Boituva,,Supervisor Da Aqüicultura,1,1948.01
Boituva,,Cuidador Em Saúde,1,1440.83
Piedade,,Consultor Contábil (Técnico),1,4648.02
Pindamonhangaba,,Economista Ambiental,1,3883.27
Piedade,,Professor De Matemática No Ensino Médio,1,3348.85
Piedade,,Engenheiro Químico (Indústria Química),1,8286.98
Pindamonhangaba,,Aromista,1,6517.14
Pindamonhangaba,,Economista Agroindustrial,1,6867.71
Piedade,,Economista Do Setor Público,1,3680.77
Piedade,,Gerente De Projetos De Tecnologia Da Informação,1,7956.24
Piedade,,Ajustador Mecânico,1,0
Piedade,,Ajustador Mecânico (Usinagem Em Bancada E Em Máquinas-Ferramentas),1,2417.56
Pindamonhangaba,,Operador De Controle Mestre,1,3360.56
Pindamonhangaba,,Coletor De Lixo Domiciliar,1,0
Pindamonhangaba,,Impressor De Ofsete (Plano E Rotativo),1,0
Pindamonhangaba,,Professor De Engenharia,1,1470.26
Boituva,,Guardador De Veículos,1,1572.41
Boituva,,Investigador De Polícia,1,1312
Pindamonhangaba,,Ourives,1,3807.33
Boituva,,"Produtor Agropecuário, Em Geral",1,1515.93
Boituva,,Professor De Língua Espanhola,1,825.05
Boituva,,Biólogo,1,11559.95
Pindamonhangaba,,Operador De Fresadora (Usinagem De Madeira),1,3225.68
Piedade,,Supervisor De Logística,1,3391.99
Boituva,,Diretor Administrativo E Financeiro,1,23611.37
Pindamonhangaba,,Supervisor De Usina De Concreto,1,3297.32
Cabreúva,,Mecânico De Manutenção De Empilhadeiras E Outros Veículos De Cargas Leves,1,0
Cabreúva,,Técnico De Manutenção Eletrônica,1,0
Cabreúva,,Técnico De Fundição Em Siderurgia,1,7252.53
Cabreúva,,Técnico De Painel De Controle,1,6858.91
Cabreúva,,Engenheiro Metalurgista,1,6794.86
Cabreúva,,Supervisor De Controle De Tratamento Térmico,1,6273.51
Cabreúva,,Desenvolvedor Web (Técnico),1,4992.01
Cabreúva,,Mestre De Produção Farmacêutica,1,4160.3
Pindamonhangaba,,Técnico Em Fotônica,1,3863.58
Dourado,,Engenheiro De Controle De Qualidade,1,13257.22
Cabreúva,,Técnico Em Hidrografia,1,4949.32
Cabreúva,,Analista De Planejamento De Manutenção,1,4938.7
Cabreúva,,Mecânico De Manutenção De Aparelhos De Levantamento,1,4668.11
Cabreúva,,Eletricista De Instalações (Cenários),1,3839.66
Cabreúva,,Instrutor De Cursos Livres,1,3290.1
Cabreúva,,Arquiteto De Edificações,1,5687.04
Itapetininga,,Técnico Em Manutenção De Equipamentos E Instrumentos Médico-Hospitalares,1,3904.01
Cabreúva,,Consultor Contábil (Técnico),1,3921.09
Piedade,,Mestre De Usinagem,1,3953.62
Pindamonhangaba,,Mecânico Montador De Motores De Explosão E Diesel,1,3062.5
Cerquilho,,Diretor Administrativo E Financeiro,1,31636.08
Cabreúva,,Desenhista Copista,1,3311.12
Itapeva,,Trabalhador Da Cultura De Milho E Sorgo,1,4476.19
Ibiúna,,Chefe De Serviço De Transporte Rodoviário (Passageiros E Cargas),1,3599.65
Cabreúva,,Técnico De Suporte Ao Usuário De Tecnologia Da Informação,1,3609.58
Cabreúva,,Polidor De Metais,1,3952.41
Cabreúva,,Preparador Físico,1,2109.27
Cabreúva,,Professor De Sociologia No Ensino Médio,1,1925.93
Cabreúva,,Analista De Planejamento De Materias,1,2134.02
Piedade,,Gerente De Instituição Educacional Da Área Privada,1,2591
Cerquilho,,Despachante De Transportes Coletivos (Exceto Trem),1,1847.07
Itapetininga,,Economista Industrial,1,4745.16
Cabreúva,,Técnico De Rede (Telecomunicações),1,2816.66
Piedade,,Diretor Administrativo,1,2645.9
Pindamonhangaba,,Auxiliar De Serviços Jurídicos,1,1935.94
Cabreúva,,Comerciante Atacadista,1,2118.7
Pindamonhangaba,,Corretor De Imóveis,1,2465.1
Cabreúva,,Eletromecânico De Manutenção De Elevadores,1,2396.29
Itapeva,,Analista De Logistica,1,3861.88
Cabreúva,,"Moldador, A  Mão",1,2620.76
Cabreúva,,"Macheiro, A  Máquina",1,2195.77
Cabreúva,,Forneiro No Recozimento De Vidro,1,2359.09
Cabreúva,,Cortador De Vidro,1,1828.29
Pindamonhangaba,,Supervisor Das Artes Gráficas  (Indústria Editorial E Gráfica),1,2060.94
Cerquilho,,Locutor De Mídias Audiovisuais,1,1037.78
Piedade,,Sushiman,1,2567.07
Itapeva,,Professor De Língua Espanhola,1,4769.6
Cerquilho,,Professor De Filosofia No Ensino Médio,1,2567.13
Cabreúva,,Técnico De Manutenção De Sistemas E Instrumentos,1,3120
Dourado,,Chaveiro,1,616.66
Cabreúva,,Operador De Máquinas De Beneficiamento De Produtos Agrícolas,1,2799.2
Dourado,,Caseiro (Agricultura),1,1470
Pindamonhangaba,,Diretor De Marketing,1,2546.82
Itapetininga,,Planejista,1,4379.44
Dourado,,Montador De Máquinas,1,1632.93
Cabreúva,,Professor De Artes No Ensino Médio,1,1623.32
Itapetininga,,Mestre De Pintura (Tratamento De Superfícies),1,5103.13
Cabreúva,,Técnico Em Nutrição E Dietética,1,1671.47
Cabreúva,,Desenhista Técnico (Artes Gráficas),1,1811.48
Cabreúva,,Pedreiro De Edificações,1,1739.65
Ibiúna,,Gerente De Comunicação,1,6029.59
Piedade,,Operador De Usinagem Convencional Por Abrasão,1,2289.6
Cerquilho,,Psicólogo Do Trabalho,1,1112.67
Piedade,,Relações Públicas,1,1856.39
Ibiúna,,Gerente De Turismo,1,5785.51
Cabreúva,,Lavador De Lã,1,1734.2
Piedade,,Administrador De Edifícios,1,2337.75
Cabreúva,,Boiadeiro,1,1819
Dourado,,Desenhista Técnico (Artes Gráficas),1,1512.93
Cabreúva,,Trabalhador No Cultivo De Flores E Folhagens De Corte,1,1896.76
Itapetininga,,Arquiteto De Edificações,1,6433.57
Cabreúva,,Tosador De Animais Domésticos,1,1600
Cerquilho,,Supervisor De Manutenção Elétrica De Alta Tensão Industrial,1,2768.74
Cabreúva,,Cabeleireiro,1,1283.7
Pindamonhangaba,,Montador De Equipamentos Elétricos (Transformadores),1,2161.25
Cabreúva,,Professor De Língua Estrangeira Moderna Do Ensino Fundamental,1,1539.77
Cerquilho,,Pintor De Veículos (Fabricação),1,1530.88
Cerquilho,,"Pintor, A  Pistola (Exceto Obras E Estruturas Metálicas)",1,1485.77
Cabreúva,,Recebedor De Apostas (Loteria),1,1291.8
Cerquilho,,Técnico Em Instalação De Equipamentos De Áudio,1,1348.27
Piedade,,Escarfador,1,2579.27
Cabreúva,,Operador De Triagem E Transbordo,1,1446.27
Piedade,,"Trefilador De Metais, À Máquina",1,3006.78
Itapeva,,Diretor De Planejamento Estratégico,1,6554.15
Itapetininga,,Médico Infectologista,1,3436.76
Itapetininga,,Médico Pneumologista,1,11702.45
Cerquilho,,Gesseiro,1,1506.91
Pindamonhangaba,,Operador De Máquina De Fabricar Papel  (Fase Úmida),1,2390.46
Cabreúva,,Banhista De Animais Domésticos,1,1400
Cerquilho,,Técnico Químico De Petróleo,1,1237.5
Cabreúva,,Montador De Equipamentos Elétricos (Aparelhos Eletrodomésticos),1,1653.44
Cabreúva,,Promotor De Vendas Especializado,1,1534.75
Itapeva,,"Trabalhador Na Olericultura (Raízes, Bulbos E Tubérculos)",1,4447.87
Dourado,,Motorista De Ônibus Rodoviário,1,1600
Cabreúva,,Passadeira De Peças Confeccionadas,1,1133.98
Ibiúna,,Supervisor De Manutenção Eletromecânica,1,9492.09
Itapetininga,,Operador De Triagem E Transbordo,1,4202.1
Cabreúva,,"Pintor De Cerâmica, A  Pincel",1,1282.09
Charqueada,,Publicitário,1,1020.95
Pindamonhangaba,,Supervisor De Exploração Pecuária,1,3065.4
Cerquilho,,Agenciador De Propaganda,1,1600
Cabreúva,,Moleiro De Minérios,1,1289.37
Charqueada,,Trabalhador De Serviços De Limpeza E Conservação De Áreas Públicas,1,1345.03
Cabreúva,,Oleiro (Fabricação De Telhas),1,1498.81
Ibiúna,,Diretor De Serviços De Saúde,1,8236.66
Cabreúva,,Chaveiro,1,1166.66
Itapeva,,Médico Neurologista,1,10087.55
Pindamonhangaba,,Dirigente De Entidade De Trabalhadores,1,1844.53
Cabreúva,,Operador De Banho Metálico De Vidro Por Flutuação,1,720.67
Cabreúva,,"Diretor De Produção E Operações Da Indústria De Transformação, Extração Mineral E Utilidades",1,59826.39
Cabreúva,,Advogado (Direito Público),1,16989.02
Cabreúva,,Engenheiro Eletricista,1,14318.04
Pindamonhangaba,,Salva-Vidas,1,1382.96
Cabreúva,,Profissional De Relações Institucionais E Governamentais,1,10884
Itapetininga,,Lavador De Artefatos De Tapeçaria,1,1027.8
Itapeva,,Montador De Calçados,1,0
Cerquilho,,Técnico De Enfermagem De Terapia Intensiva,1,1160.71
Pindamonhangaba,,Intérprete De Língua De Sinais,1,1470.09
Piedade,,Professor De História Do Ensino Fundamental,1,1823.45
Ibiúna,,Técnico De Desporto Individual E Coletivo (Exceto Futebol),1,1343.28
Pindamonhangaba,,Técnico Em Mecânica De Precisão,1,1876.94
Ibiúna,,Técnico De Contabilidade,1,2325.16
Charqueada,,Trabalhador Da Pecuária (Bovinos Leite),1,1872.75
Itapetininga,,Arquivista Pesquisador (Jornalismo),1,0
Itapeva,,Costureira De Peças Sob Encomenda,1,0
Ibiúna,,"Supervisor De Fabricação De Produtos Cerâmicos, Porcelanatos E Afins",1,1501.78
Ibiúna,,Serrador De Madeira,1,0
Itapetininga,,Trabalhador De Fabricação De Tintas,1,0
Charqueada,,Operador De Cristalização Na Refinação De Açucar,1,3291.98
Itapetininga,,Carpinteiro (Esquadrias),1,1758.35
Itapeva,,Destilador De Produtos Químicos (Exceto Petróleo),1,0
Ibiúna,,Retalhador De Carne,1,0
Itapeva,,Encarregado De Equipe De Conservação De Vias Permanentes (Exceto Trilhos),1,0
Cerquilho,,Produtor De Moda,1,1958.98
Cerquilho,,Costureiro De Roupa De Couro E Pele,1,1601.68
Itapetininga,,Cozinheiro Do Serviço Doméstico,1,0
Itapeva,,Químico,1,0
Itapeva,,Administrador De Redes,1,8607.16
Cerquilho,,Operador De Máquina De Usinagem De Madeira (Produção Em Série),1,1566.64
Itapeva,,Operador De Máquina De Eletroerosão,1,0
Itapeva,,Técnico De Matéria-Prima E Material,1,6815.02
Charqueada,,Técnico Em Borracha,1,2446.04
Itapetininga,,Diretor Financeiro,1,6420.5
Ibiúna,,Engenheiro Civil,1,6343.83
Itapetininga,,Tecnólogo Em Construção Civil,1,7340.73
Itapeva,,Engenheiro De Produção,1,6631.46
Ibiúna,,Técnico De Manutenção De Sistemas E Instrumentos,1,4326.53
Ibiúna,,Ferramenteiro,1,5848.39
Cerquilho,,Montador De Equipamentos Eletrônicos (Aparelhos Médicos),1,1952.23
Itapetininga,,Químico Industrial,1,5167.14
Ibiúna,,Analista De Exportação E Importação,1,6249.65
Cerquilho,,Engenheiro Mecânico Industrial,1,1905.55
Itapetininga,,Tecnólogo Em Meio Ambiente,1,5593.98
Itapetininga,,Gerente De Desenvolvimento De Sistemas,1,6075.61
Itapetininga,,Magarefe,1,0
Itapeva,,Chefe De Serviços Bancários,1,4482.97
Ibiúna,,Diretor De Operações De Serviços De Telecomunicações,1,4144.44
Cerquilho,,Arquiteto Urbanista,1,1900.36
Ibiúna,,Operador De Triagem E Transbordo,1,3495.34
Cerquilho,,Riscador De Estruturas Metálicas,1,2186.9
Itapeva,,Supervisor De Manutenção De Máquinas Industriais Têxteis,1,4930.88
Cerquilho,,Operador De Sonda Rotativa,1,2200
Itapeva,,Inspetor De Serviços De Transportes Rodoviários (Passageiros E Cargas),1,4552.47
Itapeva,,Desenhista Técnico,1,3750
Pindamonhangaba,,Diretor De Programas De Rádio,1,2200.9
Dourado,,Auxiliar De Faturamento,1,1605
Itapeva,,Técnico Em Instalação De Equipamentos De Áudio,1,0
Cerquilho,,Operador De Prensa De Material Reciclável,1,1513.64
Ibiúna,,Corretor De Imóveis,1,0
Ibiúna,,Professor De Dança,1,412.92
Pindamonhangaba,,Despachante Documentalista,1,2047.07
Cerquilho,,Eletricista De Instalações (Edifícios),1,1685.02
Ibiúna,,Estatístico,1,5633.1
Itapetininga,,Diretor De Serviços De Saúde,1,3322.8
Itapeva,,Professor De História Do Ensino Fundamental,1,3495.96
Itapetininga,,Engenheiro De Pesca,1,4300.29
Dourado,,"Eletricista De Instalações (Veículos Automotores E Máquinas Operatrizes, Exceto Aeronaves E Embarcações)",1,1749.66
Pindamonhangaba,,Estampador De Tecido,1,1822.26
Piedade,,Assistente De Laboratório Industrial,1,1625.61
Pindamonhangaba,,"Bobinador Eletricista, À Mão",1,2212.45
Cerquilho,,Consultor Jurídico,1,1600
Itapetininga,,Gerente De Operação De Tecnologia Da Informação,1,2495.16
Itapetininga,,Tesoureiro De Banco,1,4391.28
Itapeva,,Instalador-Reparador De Redes E Cabos Telefônicos,1,3042.54
Pindamonhangaba,,Montador De Fotolito (Analógico E Digital),1,1891.75
Pindamonhangaba,,Salgador De Alimentos,1,1580.4
Itapetininga,,Supervisor De Digitação E Operação,1,2980.13
Itapeva,,Professor De Filosofia No Ensino Médio,1,0
Itapetininga,,Avaliador Físico,1,0
Itapetininga,,Dirigente Do Serviço Público Municipal,1,3266.25
Ibiúna,,Ajustador Ferramenteiro,1,3771.25
Charqueada,,Recepcionista De Hotel,1,1576.86
Itapetininga,,Supervisor De Montagem E Instalação Eletroeletrônica,1,2866.87
Piedade,,Mecânico De Manutenção De Motocicletas,1,1659.1
Cabreúva,,Agente Fiscal De Qualidade,1,15451.05
Cabreúva,,Gerente De Operação De Tecnologia Da Informação,1,14314.04
Itapetininga,,Técnico Em Tratamento De Efluentes,1,3705.13
Cabreúva,,Diretor Financeiro,1,26836.7
Charqueada,,Lubrificador De Veículos Automotores (Exceto Embarcações),1,2193.84
Itapeva,,Supervisor De Logística,1,4241.17
Cabreúva,,Diretor De Suprimentos,1,52560.36
Cabreúva,,Abatedor,1,1100
Itapetininga,,Arquiteto Paisagista,1,2560.82
Cerquilho,,Operador De Ponte Rolante,1,3282.42
Charqueada,,Técnico Em Instrumentação,1,2112.39
Cabreúva,,Montador De Fotolito (Analógico E Digital),1,990.47
Cerquilho,,Controlador De Serviços De Máquinas E Veículos,1,2507.5
Ibiúna,,Diretor De Manutenção,1,2741.78
Cabreúva,,Decorador De Cerâmica,1,1237.15
Piedade,,Foguista (Locomotivas A Vapor),1,2050.71
Cabreúva,,Corretor De Imóveis,1,1312.03
Charqueada,,Controlador De Serviços De Máquinas E Veículos,1,2118.48
Ibiúna,,Médico Infectologista,1,3349.43
Charqueada,,Controlador De Entrada E Saída,1,2017.68
Cabreúva,,Supervisor De Exploração Pecuária,1,1800
Charqueada,,"Pintor, A  Pistola (Exceto Obras E Estruturas Metálicas)",1,3375.84
Cabreúva,,Criador De Bovinos (Leite),1,1888.5
Itapeva,,Técnico Em Laboratório De Farmácia,1,2781.31
Pindamonhangaba,,Bloqueiro (Trabalhador Portuário),1,1918.23
Cerquilho,,Técnico Em Instrumentação,1,2400
Piedade,,Torrador De Café,1,2144.3
Cabreúva,,Reparador De Equipamentos De Escritório,1,2009.15
Charqueada,,Carpinteiro,1,2444.93
Cabreúva,,Catador De Material Reciclável,1,1562.06
Itapeva,,Professor De Geografia Do Ensino Fundamental,1,3234.26
Cabreúva,,Mototaxista,1,2009.16
Itapetininga,,Operador De Turismo,1,2043.89
Charqueada,,"Ferramenteiro De Mandris, Calibradores E Outros Dispositivos",1,2239.37
Cerquilho,,Mecânico De Refrigeração,1,2277.65
Pindamonhangaba,,Técnico Em Métodos Eletrográficos Em Encefalografia,1,1219.82
Charqueada,,Técnico Em Manutenção De Equipamentos De Informática,1,1675.93
Dourado,,Coordenador De Operações De Combate À Poluição No Meio Aquaviário,1,2001.92
Itapeva,,Mecânico De Manutenção De Máquinas De Construção E Terraplenagem,1,2865.25
Cabreúva,,Agente De Viagem,1,1538.84
Itapetininga,,Operador De Controle Mestre,1,2774.69
Piedade,,Telefonista,1,1541.16
Cerquilho,,Redator De Publicidade,1,2253.55
Charqueada,,Diretor De Instituição Educacional Da Área Privada,1,2192.76
Cerquilho,,Terapeuta Holístico,1,3029.01
Dourado,,Cirurgião Dentista - Odontologia Para Pacientes Com Necessidades Especiais,1,2393.93
Cabreúva,,Mestre (Indústria De Madeira E Mobiliário),1,3558.5
Piedade,,Professor De Geografia Do Ensino Fundamental,1,1215.65
Cabreúva,,Trabalhador De Fabricação De Tintas,1,3026.14
Dourado,,Supervisor De Exploração Agrícola,1,4076.56
Dourado,,Desenvolvedor De Sistemas De Tecnologia Da Informação (Técnico),1,4626.11
Piedade,,Cartazeiro,1,1339.21
Charqueada,,Analista De Logistica,1,3728.98
Charqueada,,Gerente De Compras,1,3344.09
Charqueada,,Operador De Torno Com Comando Numérico,1,3576.41
Itapetininga,,Chefe De Serviço De Transporte Rodoviário (Passageiros E Cargas),1,2703.84
Charqueada,,Operador Eletromecânico,1,4975.85
Ibiúna,,Técnico Em Administração,1,2933.92
Cabreúva,,Metalizador A Pistola,1,2586.21
Cerquilho,,Auditor (Contadores E Afins),1,3694.88
Dourado,,Analista De Pesquisa De Mercado,1,2530.17
Cabreúva,,Auxiliar De Serviços De Importação E Exportação,1,2092.45
Dourado,,Fonoaudiólogo Geral,1,3759.14
Itapetininga,,Técnico Em Fotônica,1,2402.26
Dourado,,Arquiteto De Edificações,1,3768.99
Itapeva,,Eletromecânico De Manutenção De Portas Automáticas,1,3638.38
Itapetininga,,Técnico De Apoio Em Pesquisa E Desenvolvimento Agropecuário Florestal,1,3000
Cabreúva,,Analista De Transporte Em Comércio Exterior,1,2706.31
Dourado,,Advogado (Direito Público),1,5164.12
Dourado,,Engenheiro Civil,1,5915.87
Itapetininga,,Operador De Máquina Perfuradora (Minas E Pedreiras),1,2129.51
Charqueada,,Técnico De Planejamento De Produção,1,5805.06
Cabreúva,,Sommelier,1,2384.71
Charqueada,,Supervisor Da Manutenção E Reparação De Veículos Leves,1,5109.24
Itapetininga,,Operador De Retificadora Com Comando Numérico,1,1924
Cerquilho,,Gerente De Produtos Bancários,1,5784.67
Cerquilho,,Advogado De Empresa,1,7624.8
Dourado,,Médico Do Trabalho,1,10170.58
Dourado,,Nutricionista,1,3976.81
Cerquilho,,Auxiliar Geral De Conservação De Vias Permanentes (Exceto Trilhos),1,0
Cerquilho,,Mecânico De Manutenção De Máquinas-Ferramentas (Usinagem De Metais),1,3217.11
Charqueada,,Armador De Estrutura De Concreto Armado,1,1909.6
Ibiúna,,Mecânico De Manutenção De Aparelhos De Levantamento,1,2681.01
Cerquilho,,Trabalhador Da Avicultura De Postura,1,1419.34
Charqueada,,Supervisor Técnico Operacional De Sistemas De Televisão E Produtoras De Vídeo,1,0
Itapeva,,Encarregado De Acabamento De Chapas E Metais  (Têmpera),1,2645.15
Cabreúva,,"Bobinador Eletricista, À Mão",1,2866.64
Ibiúna,,Montador De Equipamentos Elétricos,1,1859.16
Itapeva,,"Operador De Utilidade (Produção E Distribuição De Vapor, Gás, Óleo, Combustível, Energia, Oxigênio)",1,2809.14
Itapetininga,,"Técnico Em Materiais, Produtos Cerâmicos E Vidros",1,2899.91
Itapetininga,,Impressor Digital,1,1902.86
Piedade,,Impressor De Ofsete (Plano E Rotativo),1,1484.98
Itapeva,,Supervisor De Embalagem E Etiquetagem,1,2813.92
Itapetininga,,Filtrador De Cerveja,1,2268.7
Cabreúva,,Diretor De Mídia (Publicidade),1,3381.07
Itapetininga,,Trabalhador Na Apicultura,1,1493.81
Itapeva,,Inseminador,1,2920.38
Itapeva,,"Operador De Forno (Fabricação De Pães, Biscoitos E Similares)",1,1634.49
Cabreúva,,Operador De Guindaste Móvel,1,3657.3
Cabreúva,,Técnico Florestal,1,3348.09
Itapetininga,,Técnico Em Métodos Gráficos Em Cardiologia,1,1735.24
Cabreúva,,Pintor De Veículos (Reparação),1,3555.38
Itapeva,,Técnico Agropecuário,1,1866.68
Itapetininga,,Professor De Literatura Brasileira,1,1703.41
Cabreúva,,Enfermeiro Do Trabalho,1,3886.13
Itapeva,,Sondador De Poços (Exceto De Petróleo E Gás),1,1777.15
Cabreúva,,Tesoureiro De Banco,1,6294.3
Itapeva,,Diretor Geral De Empresa E Organizações (Exceto De Interesse Público),1,1484.44
Itapetininga,,Gerente De Serviços Sociais,1,1795.95
Ibiúna,,Técnico De Rede (Telecomunicações),1,2081.1
Piedade,,Auxiliar Técnico Em Laboratório De Farmácia,1,1540.66
Piedade,,Costureira De Peças Sob Encomenda,1,1433.03
Cabreúva,,Professor De Matemática Do Ensino Fundamental,1,5490.23
Itapetininga,,Conferente-Expedidor De Roupas (Lavanderias),1,1912.31
Itapetininga,,Técnico Em Mecânica De Precisão,1,1688.12
Cabreúva,,Mestre De Fundição,1,5382
Ibiúna,,Carregador (Aeronaves),1,1600.54
Itu,,Professor De Educação Física No Ensino Médio,1,388.01
Itapetininga,,Analista De Cobrança (Instituições Financeiras),1,1885.56
Itapeva,,Auxiliar Técnico Em Laboratório De Farmácia,1,2005.33
Cabreúva,,Chefe De Serviço De Transporte Rodoviário (Passageiros E Cargas),1,6235.29
Cabreúva,,Engenheiro Agrônomo,1,8268.26
Ibiúna,,Mestre De Produção Química,1,2148.05
Cabreúva,,Gerente De Serviços Culturais,1,5430.42
Itupeva,,Aromista,1,7271.27
Ibiúna,,Coletor De Resíduos Sólidos De Serviços De Saúde,1,1907.18
Itapeva,,Operador De Bate-Estacas,1,1794.66
Ibiúna,,Cortador De Laminados De Madeira,1,1728.78
Itapeva,,Operador De Usinagem Convencional Por Abrasão,1,1852.27
Itapeva,,Visual Merchandiser,1,1702.14
Itapetininga,,Técnico Mecânico Na Manutenção De Ferramentas,1,1963.14
Itapetininga,,Agente De Ação Social,1,1548.56
Itapetininga,,Atleta Profissional (Outras Modalidades),1,1339.09
Itapeva,,"Montador De Máquinas, Motores E Acessórios (Montagem Em Série)",1,1526.36
Cabreúva,,Gerente De Serviços Sociais,1,5166.07
Ibiúna,,Aplicador De Asfalto Impermeabilizante (Coberturas),1,2613.58
Itapetininga,,Operador De Laminador,1,1985.3
Itapeva,,Assistente De Laboratório Industrial,1,1633.93
Itapetininga,,Mosaísta,1,1600.81
Cabreúva,,Químico Industrial,1,7541.72
Itapeva,,Diretor Comercial,1,2000
Piedade,,Diretor Geral De Empresa E Organizações (Exceto De Interesse Público),1,1546.37
Itu,,Mestre De Soldagem,1,10489.49
Itapeva,,Cortador De Roupas,1,1812.74
Itapetininga,,Trabalhador De Tratamento Do Leite E Fabricação De Laticínios E Afins,1,1959.09
Itapetininga,,Tecnólogo Em Secretariado Escolar,1,1567.16
Cabreúva,,Técnico Em Tratamento De Efluentes,1,0
Ibiúna,,Monitor De Dependente Químico,1,1343.24
Itapetininga,,Cirurgião Dentista - Protesista,1,1500
Itapetininga,,Treinador Profissional De Futebol,1,1417.69
Cabreúva,,Engenheiro Eletrônico De Projetos,1,9030.92
Cabreúva,,Auxiliar De Veterinário,1,0
Boituva,,Tecnólogo Em Gestão Da Tecnologia Da Informação,1,19793.82
Itapetininga,,Analista De Produtos Bancários,1,1145.72
Boituva,,Diretor De Recursos Humanos,1,37663.4
Ibiúna,,Topógrafo,1,1491.66
Itapetininga,,Oficial Do Registro De Títulos E Documentos,1,1134.83
Itapeva,,Emendador De Cabos Elétricos E Telefônicos (Aéreos E Subterrâneos),1,1562.37
Itapeva,,Operador De Telemarketing Técnico,1,1412
Itapetininga,,Salgador De Alimentos,1,1439.36
Piedade,,Pintor Por Imersão,1,1448.87
Boituva,,Analista De Sistemas De Automação,1,12774.79
Itapeva,,Serrador De Madeira (Serra Circular Múltipla),1,1581.52
Itapeva,,Técnico Em Manutenção De Instrumentos De Medição E Precisão,1,1439.48
Itapetininga,,"Bobinador Eletricista, À Mão",1,1490.27
Itapetininga,,Sommelier,1,1635.75
Boituva,,Engenheiro Químico,1,10070.98
Itapetininga,,Moleiro (Tratamentos Químicos E Afins),1,1401.34
Boituva,,Supervisor De Ensino,1,11927.35
Itapeva,,Gerente De Produção E Operações Da Construção Civil E Obras Públicas,1,3014.52
Itapeva,,Técnico Em Eletromecânica,1,1600
Itapeva,,Ajustador De Instrumentos De Precisão,1,1323.12
Itu,,Gerente De Segurança Da Informação,1,12353.37
Itapeva,,Cortador De Tapeçaria,1,1216.6
Itapeva,,"Bordador, A  Mão",1,1393.07
Itapeva,,Produtor Na Olericultura De Frutos E Sementes,1,1219.77
Boituva,,Instalador-Reparador De Redes E Cabos Telefônicos,1,1487.58
Boituva,,Assistente De Laboratório Industrial,1,1838.34
Itapeva,,Atleta Profissional De Luta,1,851.04
Boituva,,Torneiro Na Usinagem Convencional De Madeira,1,1692.56
Itapeva,,Professor De Música No Ensino Superior,1,998.85
Pindamonhangaba,,Criador De Bovinos (Leite),1,1351.66
Boituva,,Operador De Retorcedeira,1,1554.57
Ibiúna,,Professor De Artes No Ensino Médio,1,993.01
Boituva,,Operador De Máquina De Cortar E Dobrar Papelão,1,1717.43
Itapetininga,,Professor De História No Ensino Médio,1,1291.22
Boituva,,Cortador De Tapeçaria,1,1466.88
Itupeva,,Gerente De Segurança Da Informação,1,22000
Boituva,,Fiscal De Transportes Coletivos (Exceto Trem),1,1440
Itapetininga,,Designer De Vitrines,1,1793.36
Boituva,,Técnico Em Laboratório De Farmácia,1,2143.05
Itapetininga,,Diretor De Produção E Operações Em Empresa Agropecuária,1,25923.81
Boituva,,Inspetor De Sinistros,1,1765.43
Boituva,,Cilindrista (Petroquímica E Afins),1,2082.73
Boituva,,Gravador De Vidro A  Jato De Areia,1,2141.93
Piedade,,Professor De Química No Ensino Médio,1,775.15
Ibiúna,,Técnico De Manutenção Eletrônica,1,16869.46
Itu,,Diretor Teatral,1,23624.65
Itu,,"Supervisor De Operação De Fluidos (Distribuição, Captação, Tratamento De Água, Gases, Vapor)",1,19602.74
Itupeva,,Diretor De Compliance,1,22653.72
Boituva,,Mecânico De Manutenção De Motocicletas,1,2112.44
Boituva,,Mecânico De Manutenção De Sistema Hidráulico De Aeronaves (Serviços De Pista E Hangar),1,2323.17
Ibiúna,,Mestre De Produção Farmacêutica,1,10335.11
Ibiúna,,Diretor De Pesquisa E Desenvolvimento (P&D),1,13447.93
Boituva,,Bombeiro Civil,1,2496.76
Boituva,,Mecânico De Manutenção De Máquinas Agrícolas,1,3357.61
Boituva,,Supervisor De Cobrança,1,3436.54
Boituva,,Economista,1,3194.43
Boituva,,Preparador De Matrizes De Corte E Vinco,1,3611.39
Boituva,,Operador De Equipamento De Secagem De Pintura,1,3097.66
Americana,,Operador De Controle Mestre,1,2085.3
Americana,,Supervisor De Manutenção De Máquinas Gráficas,1,0
Americana,,Operador De Prensa De Enfardamento,1,0
Americana,,Sinaleiro (Ponte-Rolante),1,1778.18
Araçariguama,,Metrologista,1,3256.11
Araçariguama,,Técnico Em Secretariado,1,0
Araçariguama,,Tecelão De Malhas (Máquina Circular),1,0
Americana,,"Carpinteiro De Obras Civis De Arte (Pontes, Túneis, Barragens)",1,1857.06
Americana,,Médico Em Radiologia E Diagnóstico Por Imagem,1,10495.48
Itu,,Especialista Em Calibrações Metrológicas,1,797.3
Boituva,,Calandrista De Borracha,1,2394.69
Araçariguama,,Chefe De Contabilidade (Técnico),1,10071.9
Americana,,Tecnólogo Em Construção Civil,1,9271.65
Boituva,,Técnico Em Pecuária,1,4074.04
Americana,,Arquiteto Paisagista,1,7723.94
Boituva,,Serrador De Madeira (Serra De Fita Múltipla),1,4054.5
Boituva,,Agente De Recrutamento E Seleção,1,4789.38
Americana,,Analista De Produtos Bancários,1,6497.7
Boituva,,Torneiro (Lavra De Pedra),1,4789.15
Americana,,Desenvolvedor De Multimídia,1,4306.97
Americana,,Técnico Em Fotônica,1,6119.49
Boituva,,Técnico Em Soldagem,1,4706.83
Americana,,Piloto Comercial (Exceto Linhas Aéreas),1,5231.11
Americana,,Mecânico De Manutenção De Equipamento De Mineração,1,5283.5
Americana,,Tecnólogo Em Eletricidade,1,5670.32
Boituva,,Modelador De Metais (Fundição),1,5672.17
Araçariguama,,Operador De Centro De Usinagem Com Comando Numérico,1,5202.01
Americana,,Operador De Máquina Extrusora De Varetas E Tubos De Vidro,1,4684.63
Americana,,Operador De Guindaste Móvel,1,4400.42
Boituva,,Confeccionador De Pneumáticos,1,3427.09
Boituva,,Tecnólogo Em Gestão Administrativo- Financeira,1,5619.25
Boituva,,Gerente De Segurança Da Informação,1,6062.51
Americana,,Operador De Fresadora (Usinagem De Madeira),1,4305.06
Boituva,,Gerente De Instituição Educacional Da Área Privada,1,6193.21
Araçariguama,,Agente De Defesa Ambiental,1,4138.88
Pindamonhangaba,,"Técnico Em Materiais, Produtos Cerâmicos E Vidros",1,1038.48
Americana,,Tecelão De Malhas (Máquina Retilínea),1,3713.27
Americana,,Professor De Estatística (No Ensino Superior),1,3641.21
Boituva,,Auxiliar De Corte (Preparação Da Confecção De Roupas),1,0
Americana,,Supervisor De Digitação E Operação,1,3986.63
Americana,,Repórter Fotográfico,1,4107.45
Araçariguama,,Supervisor Da Manutenção E Reparação De Veículos Pesados,1,3779.53
Piedade,,Médico Anestesiologista,1,19064.22
Macatuba,,Gerente De Projetos E Serviços De Manutenção,1,21664.85
Americana,,Supervisor De Operações Portuárias,1,4296.02
Pindamonhangaba,,"Engenheiro Químico (Mineração, Metalurgia, Siderurgia, Cimenteira E Cerâmica)",1,20598.96
Piedade,,Engenheiro De Produção,1,17195.37
Macatuba,,Eletricista De Manutenção Eletroeletrônica,1,1099.39
Araçariguama,,Secretário  Bilíngüe,1,3078.39
Americana,,Leiturista,1,3508.66
Araçariguama,,Oxicortador A Mão E A  Máquina,1,3069.14
Americana,,Mestre (Afiador De Ferramentas),1,3502.82
Americana,,Operador De Carregadeira,1,3031.18
Pindamonhangaba,,Engenheiro Eletrônico De Manutenção,1,16069.9
Americana,,Supervisor De Usina De Concreto,1,4440.5
Araçariguama,,Auxiliar De Laboratório De Análises Clínicas,1,3474.32
Araçariguama,,Supervisor  (Indústria De Calçados E Artefatos De Couro),1,4049.42
Macatuba,,Chapeador,1,1416.92
Americana,,Instalador-Reparador De Equipamentos De Transmissão Em Telefonia,1,3038.68
Araçariguama,,Relações Públicas,1,1961.34
Macatuba,,Mecânico De Manutenção De Motocicletas,1,1514.69
Araçariguama,,Mecânico De Manutenção De Máquinas De Construção E Terraplenagem,1,2948.31
Macatuba,,Professor De Língua Inglesa,1,1254.16
Macatuba,,Técnico Em Saúde Bucal,1,1136.21
Americana,,Analista De Cobrança (Instituições Financeiras),1,2344.72
Araçariguama,,"Montador De Equipamentos Eletrônicos (Estação De Rádio, Tv E Equipamentos De Radar)",1,2120.75
Macatuba,,Técnico De Manutenção Elétrica,1,1943
Americana,,Atendente De Judiciário,1,2655.36
Americana,,Operador De Turismo,1,2409.8
Americana,,Despachante Documentalista,1,2537.51
Americana,,Montador De Máquinas Operatrizes Para Madeira,1,2855.36
Macatuba,,Operador De Máquina De Fabricação De Cosméticos,1,1613.63
Americana,,Desenhista Técnico (Ilustrações Técnicas),1,2486.54
Itupeva,,Preparador De Sucata E Aparas,1,1553.7
Araçariguama,,Assistente Comercial De Seguros,1,5324.76
Macatuba,,Motofretista,1,2049.77
Macatuba,,Estoquista,1,1612.13
Itu,,Fotógrafo,1,1360
Americana,,Administrador De Fundos E Carteiras De Investimento,1,2579.24
Americana,,Maquinista De Cinema E Vídeo,1,2309.49
Americana,,Operador De Sonda De Percussão,1,2899.78
Macatuba,,Supervisor De Exploração Agropecuária,1,2436.17
Americana,,Técnico Em Administração De Comércio Exterior,1,2713.53
Americana,,Técnico Mecânico Na Manutenção De Ferramentas,1,2715.91
Macatuba,,Telefonista,1,2144.13
Araçariguama,,Operador De Máquina De Envasar Líquidos,1,2493.51
Piedade,,Engenheiro De Controle E Automação,1,14268.59
Macatuba,,Moldador De Plástico Por Compressão,1,2382.75
Macatuba,,Afiador De Serras,1,2272.22
Macatuba,,Supervisor De Logística,1,2700
Araçariguama,,Tratador De Animais,1,1638.29
Americana,,Citotécnico,1,1975.93
Americana,,Auxiliar Em Saúde Bucal Da Estratégia De Saúde Da Família,1,1784.47
Americana,,Secretário - Executivo,1,1485.98
Macatuba,,Supervisor De Compras,1,2818.42
Americana,,Astrônomo,1,2086.62
Macatuba,,Biomédico,1,3386.17
Americana,,Tecnólogo Em Gastronomia,1,1556.01
Itu,,Professor De Música No Ensino Superior,1,1472.19
Americana,,Maquiador De Caracterização,1,1990.47
Itupeva,,Professor De Educação Física No Ensino Médio,1,1333.91
Itu,,Professor Da Área De Meio Ambiente,1,1651.37
Araçariguama,,Cobrador Externo,1,1779.4
Americana,,Reparador De Equipamentos De Escritório,1,1710
Macatuba,,Orientador Educacional,1,2157.21
Macatuba,,Economista Do Setor Público,1,3320.16
Americana,,"Trabalhador Na Olericultura (Talos, Folhas E Flores)",1,1744.42
Macatuba,,Borracheiro,1,2677.75
Macatuba,,Encarregado De Costura Na Confecção Do Vestuário,1,2659.23
Americana,,Gerente De Produção E Operações  Aqüícolas,1,2007.69
Araçariguama,,Instalador De Som E Acessórios De Veículos,1,1700
Americana,,Ciclista Mensageiro,1,2148.08
Americana,,Ceramista Modelador,1,1740.94
Itu,,Técnico Agropecuário,1,1867.28
Itupeva,,Criador De Eqüínos,1,2124.11
Macatuba,,Economista Agroindustrial,1,5417.03
Macatuba,,"Supervisor De Manutenção Eletromecânica Industrial, Comercial E Predial",1,8992.27
Araçoiaba da Serra,,Desenhista Industrial Gráfico (Designer Gráfico),1,1749.39
Americana,,Abatedor,1,1514.37
Americana,,Gravador De Matriz Serigráfica,1,1485.03
Americana,,Bate-Folha A  Máquina,1,1511.99
Itu,,Serrador De Madeira (Serra De Fita Múltipla),1,1655.91
Americana,,Operador De Filtro-Prensa (Tratamentos Químicos E Afins),1,1740.21
Americana,,Operador De Chamuscadeira De Tecidos,1,1718.59
Araçatuba,,Diretor De Operações Comerciais (Comércio Atacadista E Varejista),1,42548.51
Araçoiaba da Serra,,Diretor De Suprimentos,1,14432.12
Pindamonhangaba,,Farmacêutico Analista Clínico,1,12962.81
Americana,,Operador De Máquinas De Fabricação De Chocolates E Achocolatados,1,1661.11
Araçatuba,,Médico De Família E Comunidade,1,13494.55
Itupeva,,Copiador De Chapa,1,1663.03
Araçariguama,,Trabalhador Da Pecuária (Bovinos Corte),1,1800
Itupeva,,Assistente Comercial De Seguros,1,1975.84
Americana,,Operador De Trator (Minas E Pedreiras),1,2150
Itupeva,,Operador De Reator De Coque De Petróleo,1,1871.64
Americana,,Trabalhador No Cultivo De Mudas,1,1848.77
Americana,,Restaurador De Instrumentos Musicais (Exceto Cordas Arcadas),1,1259.82
Araçoiaba da Serra,,Auxiliar De Cartório,1,1006.87
Americana,,"Reparador De Rádio, Tv E Som",1,1336.11
Itu,,Operador De Máquina De Lavar Fios E Tecidos,1,1554.54
Americana,,Intérprete De Língua De Sinais,1,2105.53
Itu,,Ajustador De Instrumentos De Precisão,1,1827.05
Araçatuba,,Limpador De Piscinas,1,704.23
Araçariguama,,Auxiliar De Processamento De Fumo,1,1132.96
Itupeva,,Mecânico De Manutenção De Motores Diesel (Exceto De Veículos Automotores),1,2025.59
Araçariguama,,Cartazeiro,1,1180
Araçariguama,,Atendente De Agência,1,1474.56
Itu,,Operador De Caminhão (Minas E Pedreiras),1,1638.72
Itu,,Emendador De Cabos Elétricos E Telefônicos (Aéreos E Subterrâneos),1,1505.97
Araçatuba,,Contramestre De Malharia (Indústria Têxtil),1,1476.26
Americana,,Trabalhador No Cultivo De Espécies Frutíferas Rasteiras,1,1627.11
Itu,,Auxiliar De Estatística,1,1776.47
Araçatuba,,"Bordador, A  Mão",1,1286.71
Itupeva,,Eletricista De Bordo,1,2214.88
Americana,,Carpinteiro (Esquadrias),1,1174
Itu,,Auxiliar Técnico Em Laboratório De Farmácia,1,2103.05
Araçoiaba da Serra,,Tecnólogo Em Meio Ambiente,1,1488.96
Itu,,Reparador De Aparelhos De Telecomunicações Em Laboratório,1,1314.63
Itu,,Reparador De Instrumentos Musicais,1,1909.25
Araçatuba,,Esteticista De Animais Domésticos,1,1516.78
Araçoiaba da Serra,,Operador De Telemarketing Receptivo,1,1503
Araçatuba,,Técnico Em Gravação De Áudio,1,1361.81
Itupeva,,Esteticista De Animais Domésticos,1,1673.87
Araçatuba,,Tecnólogo Em Produção Industrial,1,1755.86
Araçariguama,,Gerente De Produção E Operações Da Construção Civil E Obras Públicas,1,11868
Araçoiaba da Serra,,Supervisor De Telemarketing E Atendimento,1,1728
Araçoiaba da Serra,,Técnico De Alimentos,1,1506.17
Araçoiaba da Serra,,Secador De Madeira,1,2059.98
Americana,,Atleta Profissional (Outras Modalidades),1,376.18
Araçatuba,,Operador De Zincagem (Processo Eletrolítico),1,1874.24
Araçariguama,,Diretor De Instituição Educacional Pública,1,499.55
Americana,,Procurador Do Município,1,21698.14
Araçariguama,,Diretor Administrativo,1,42616.02
Araçatuba,,Classificador De Grãos,1,2034.17
Itu,,Técnico Em Agrimensura,1,1683.88
Araçoiaba da Serra,,Vidraceiro,1,1892.77
Itupeva,,Relações Públicas,1,1511.41
Porto Feliz,,Entrevistador De Pesquisas De Mercado,1,0
Porto Feliz,,Gerente De Serviços Culturais,1,8450.07
Itupeva,,Desenhista Técnico,1,1960.18
Itu,,Supervisor De Coletadores De Apostas E De Jogos,1,1687.74
Porto Feliz,,Mestre De Siderurgia,1,6923.5
Porto Feliz,,Engenheiro Ambiental,1,8809.3
Araçatuba,,Cortador De Artefatos De Couro (Exceto Roupas E Calçados),1,1818.43
Porto Feliz,,Gerente De Crédito E Cobrança,1,7316.33
Porto Feliz,,Cozinheiro Do Serviço Doméstico,1,5813.71
Porto Feliz,,Médico Dermatologista,1,5301.06
Araçatuba,,Agente De Higiene E Segurança,1,1964.77
Araçoiaba da Serra,,Arquiteto Paisagista,1,0
Itu,,Barbeiro,1,1866.83
Araçatuba,,Guia De Turismo,1,0
Araçoiaba da Serra,,Agente De Viagem,1,2214.77
Araçatuba,,Controlador De Tráfego Aéreo,1,7374.64
Araçatuba,,Montador De Equipamentos Elétricos (Elevadores E Equipamentos Similares),1,1757.23
Porto Feliz,,Auxiliar De Radiologia (Revelação Fotográfica),1,5123.53
Porto Feliz,,Diretor De Serviços De Saúde,1,4050.04
Porto Feliz,,Supervisor De Digitação E Operação,1,5234.42
Itupeva,,Inseminador,1,3470.32
Itupeva,,Supervisor De Exploração Agropecuária,1,2236.5
Porto Feliz,,Editor De Revista,1,4111.11
Porto Feliz,,Agente De Pátio,1,2635.55
Araçatuba,,Geólogo,1,0
Itupeva,,Cortador De Roupas,1,2700
Itu,,Supervisor  (Indústria De Calçados E Artefatos De Couro),1,1768.11
Araçoiaba da Serra,,Montador De Máquinas Operatrizes Para Madeira,1,0
Araçatuba,,Engenheiro Cartógrafo,1,7028.81
Porto Feliz,,Dirigente De Entidade De Trabalhadores,1,3426.9
Porto Feliz,,Criador De Bovinos (Leite),1,3256.76
Itupeva,,Especialista Em Calibrações Metrológicas,1,2519.26
Porto Feliz,,Professor De Nível Superior Na Educação Infantil (Quatro A Seis Anos),1,2876.6
Porto Feliz,,Tesoureiro De Banco,1,3194.21
Araçoiaba da Serra,,Gerente De Infraestrutura De Tecnologia Da Informação,1,9169
Porto Feliz,,Operador De Turismo,1,4004.88
Porto Feliz,,Gerente De Turismo,1,2328.46
Araçoiaba da Serra,,Engenheiro Mecânico,1,8818.62
Itupeva,,Pintor A Pincel E Rolo (Exceto Obras E Estruturas Metálicas),1,3387.72
Porto Feliz,,Churrasqueiro,1,2397.57
Araçatuba,,Engenheiro De Controle E Automação,1,6386.58
Itupeva,,Operador De Zincagem (Processo Eletrolítico),1,2218.31
Porto Feliz,,Técnico De Manutenção Eletrônica (Circuitos De Máquinas Com Comando Numérico),1,2319.44
Porto Feliz,,Técnico Em Administração De Comércio Exterior,1,2635.84
Araçatuba,,Engenheiro Florestal,1,5633.31
Araçatuba,,Gerente De Riscos,1,5753.92
Porto Feliz,,Forneiro E Operador (Refino De Metais Não-Ferrosos),1,2462.22
Araçatuba,,Pesquisador De Engenharia Elétrica E Eletrônica,1,7000
Porto Feliz,,Bamburista,1,1981.39
Porto Feliz,,Auxiliar De Serviços Jurídicos,1,2792.91
Araçoiaba da Serra,,Inspetor De Estamparia (Produção Têxtil),1,4842.65
Porto Feliz,,"Bordador, À Máquina",1,2585.22
Araçatuba,,Modelador De Metais (Fundição),1,5575.72
Araçatuba,,Gerente De Crédito Imobiliário,1,2000
Araçatuba,,Técnico Em Pecuária,1,4655.8
Itupeva,,Forneiro E Operador (Alto-Forno),1,2745.9
Araçoiaba da Serra,,Engenheiro Ambiental,1,4004.54
Porto Feliz,,Operador De Máquina Perfuradora (Minas E Pedreiras),1,3466.8
Araçoiaba da Serra,,Agente Comunitário De Saúde,1,1807.23
Itu,,Operador De Centro De Usinagem De Madeira (Cnc),1,2367.94
Itupeva,,Árbitro De Karatê,1,2386.56
Itupeva,,Modelo De Modas,1,2547.38
Porto Feliz,,Zootecnista,1,3221.5
Porto Feliz,,Profissional De Educação Física Na Saúde,1,1891.86
Porto Feliz,,Professor De Ciências Biológicas Do Ensino Superior,1,1885.57
Porto Feliz,,Professor De História No Ensino Médio,1,2026.97
Porto Feliz,,Auxiliar De Biblioteca,1,1418.4
Araçoiaba da Serra,,Diretor Financeiro,1,5447.22
Araçoiaba da Serra,,Editor De Mídia Audiovisual,1,3944.28
Porto Feliz,,Representante Comercial Autônomo,1,1349.1
Itu,,Condutor De Processos Robotizados De Pintura,1,2706.67
Porto Feliz,,Carpinteiro (Esquadrias),1,1499.88
Itu,,Bilheteiro No Serviço De Diversões,1,2028.93
Araçatuba,,Professor De Serviço Social Do Ensino Superior,1,2891.73
Araçatuba,,Técnico De Laboratório De Análises Físico-Químicas (Materiais De Construção),1,3315.15
Araçoiaba da Serra,,Auxiliar De Banco De Sangue,1,2178.19
Araçoiaba da Serra,,Supervisor De Recepcionistas,1,3794.51
Porto Feliz,,Operador De Rameuse,1,2158.32
Itu,,Instalador-Reparador De Redes E Cabos Telefônicos,1,2066.59
Araçatuba,,Supervisor De Operações (Mídias Audiovisuais),1,4286.37
Porto Feliz,,Professor De Física No Ensino Médio,1,1336.35
Porto Feliz,,Desenvolvedor De Multimídia,1,1470.29
Araçatuba,,Operador De Máquinas Operatrizes,1,2497.96
Araçatuba,,Encarregado De Corte Na Confecção Do Vestuário,1,2529
Araçatuba,,Torneiro Na Usinagem Convencional De Madeira,1,3748
Itupeva,,Agente De Higiene E Segurança,1,2559.87
Araçoiaba da Serra,,Técnico Em Mecatrônica - Automação Da Manufatura,1,3120.94
Araçoiaba da Serra,,Pintor De Estruturas Metálicas,1,3637.81
Itupeva,,Trabalhador Da Pecuária (Eqüinos),1,3229.48
Itupeva,,Operador De Máquina Perfuratriz,1,3771.92
Itupeva,,Impressor De Rotativa,1,4388.89
Itu,,Desenhista Industrial De Produto De Moda (Designer De Moda),1,3649.05
Araçatuba,,Técnico De Matéria-Prima E Material,1,3531.47
Araçoiaba da Serra,,Desenhista Técnico Mecânico,1,3416.01
Araçatuba,,Supervisor De Manutenção De Máquinas Industriais Têxteis,1,3043.54
Itu,,Operador De Britador De Mandíbulas,1,3233.61
Araçoiaba da Serra,,Operador De Central De Concreto,1,2494.77
Itupeva,,"Trefilador De Metais, À Máquina",1,3079.74
Porto Feliz,,Operador De Mídia Audiovisual,1,1120
Araçoiaba da Serra,,Operador De Pá Carregadeira,1,2752.42
Porto Feliz,,Lustrador De Peças De Madeira,1,1579.92
Itu,,Analista De Sistemas De Automação,1,3196.82
Araçatuba,,Assistente De Laboratório Industrial,1,2753.62
Itupeva,,Forjador,1,2773.99
Araçoiaba da Serra,,Supervisor Das Artes Gráficas  (Indústria Editorial E Gráfica),1,3602.79
Itupeva,,Montador De Equipamentos Elétricos (Elevadores E Equipamentos Similares),1,2662.65
Itu,,"Operador De Pavimentadora (Asfalto, Concreto E Materiais Similares)",1,3415.63
Itupeva,,"Instalador De Material Isolante, A Mão (Edificações)",1,2828.75
Araçatuba,,Supervisor  (Indústria De Calçados E Artefatos De Couro),1,3488.82
Itu,,Mantenedor De Sistemas Eletroeletrônicos De Segurança,1,5035.81
Itu,,Diretor De Redação,1,2987.27
Itupeva,,"Operador De Pavimentadora (Asfalto, Concreto E Materiais Similares)",1,3520.13
Porto Feliz,,Gerente De Produção E Operações  Florestais,1,26706.65
Araçatuba,,Condutor De Processos Robotizados De Pintura,1,2105.39
Itu,,Diretor De Instituição Educacional Pública,1,4084.41
Itu,,Criador De Eqüínos,1,4521.42
Itu,,Ministro De Culto Religioso,1,4234.15
Araçatuba,,Técnico Em Sonorização,1,3218.16
Porto Feliz,,Diretor Financeiro,1,21708.12
Itu,,Traçador De Pedras,1,4133.1
Itupeva,,Auxiliar De Enfermagem Do Trabalho,1,3845.23
Itupeva,,Pesquisador De Engenharia Elétrica E Eletrônica,1,5274.11
Porto Feliz,,Oficial Do Registro De Distribuições,1,16509.78
Araçoiaba da Serra,,Chefe De Serviço De Transporte Rodoviário (Passageiros E Cargas),1,2934.33
Porto Feliz,,Gerente De Comunicação,1,16003.61
Itu,,Caldeireiro (Chapas De Cobre),1,4961.49
Araçoiaba da Serra,,"Trabalhador Na Olericultura (Talos, Folhas E Flores)",1,2453.46
Itu,,Mecânico De Manutenção De Tratores,1,4066.86
Itu,,Monitor De Teleatendimento,1,4331.5
Porto Feliz,,Supervisor De Orçamento,1,13946.6
Itupeva,,Chefe De Serviços Bancários,1,5470.19
Itu,,Mestre Serralheiro,1,3678.45
Itu,,Geógrafo,1,13688.97
Araçatuba,,Operador De Centro De Usinagem De Madeira (Cnc),1,2632.65
Itupeva,,Ajustador De Instrumentos De Precisão,1,5622.64
Araçatuba,,Bilheteiro De Transportes Coletivos,1,2454.52
Itupeva,,Tecnólogo Em Gestão Administrativo- Financeira,1,6336.91
Araçoiaba da Serra,,Gerente De Serviços Sociais,1,2500
Araçoiaba da Serra,,Advogado,1,2500
Itu,,Técnico Em Soldagem,1,4994.21
Itu,,Economista Ambiental,1,5016.06
Araçoiaba da Serra,,Despachante Documentalista,1,1522.87
Itupeva,,Técnico Em Mecatrônica - Robótica,1,7448.65
Araçatuba,,Operador De Equipamento De Secagem De Pintura,1,1688.08
Itupeva,,Torneiro Na Usinagem Convencional De Madeira,1,6318.76
Itu,,Tecnólogo Em Eletrônica,1,5465.74
Araçatuba,,Oxicortador A Mão E A  Máquina,1,2365.04
Itu,,Engenheiro Químico,1,12162.42
Itupeva,,Gerente De Serviços De Saúde,1,4951.86
Itu,,Engenheiro Florestal,1,8821.29
Itupeva,,Gerente De Câmbio E Comércio Exterior,1,9925.76
Araçoiaba da Serra,,Professor De História No Ensino Médio,1,2921.45
Itupeva,,Economista Ambiental,1,8537.8
Itu,,Técnico Em Estruturas Metálicas,1,8287.92
Araçatuba,,Auxiliar De Enfermagem Do Trabalho,1,2859.4
Itu,,Economista Agroindustrial,1,9345.18
Porto Feliz,,Engenheiro Eletrônico De Projetos,1,11177.34
Itupeva,,Administrador De Banco De Dados,1,6766.81
Itupeva,,Operador De Compressor De Ar,1,7744.01
Araçoiaba da Serra,,Cortador De Pedras,1,2297.69
Itupeva,,Dirigente E Administrador De Organização Da Sociedade Civil Sem Fins Lucrativos,1,8685.58
Itupeva,,Professor De Matemática No Ensino Médio,1,8196.1
Itupeva,,Operador De Máquina De Lavar Fios E Tecidos,1,2415
Itupeva,,Coletor De Lixo Domiciliar,1,0
Itupeva,,Oxicortador A Mão E A  Máquina,1,0
Itupeva,,Técnico Em Caldeiraria,1,4405.89
Itu,,Engenheiro De Tempos E Movimentos,1,6588.45
Itu,,Tecnólogo Em Gestão Administrativo- Financeira,1,1133.33
Cerquilho,,Impressor Flexográfico,1,4345.02
